ID ligne,ID commande,Date de commande,Date d'expédition,Mode d'expédition,ID client,Nom du client,Segment,Pays/région,Ville,État/Province,Région de vente,ID produit,Catégorie,Sous-catégorie,Nom du produit,Montant des ventes,Quantité,Remise,Profit
4,US-2016-108966,10/11/2016,10/18/2016,Tarif normal,SO-20335,Sean O'Donnell,Grand public,États-Unis,Fort Lauderdale,Floride,USCA - Sud,FUR-TA-10000577,Mobilier,Tables,Bretford CR4500 Series Slim Rectangular Table,957.58,5,0.5,-383.03
5,US-2016-108966,10/11/2016,10/18/2016,Tarif normal,SO-20335,Sean O'Donnell,Grand public,États-Unis,Fort Lauderdale,Floride,USCA - Sud,OFF-ST-10000760,Fournitures de bureau,Stockage,Eldon Fold 'N Roll Cart System,22.37,2,0.2,2.52
15,US-2016-118983,11/22/2016,11/26/2016,Tarif normal,HP-14815,Harold Pawlan,Bureau à domicile,États-Unis,Fort Worth,Texas,USCA - Centre,OFF-AP-10002311,Fournitures de bureau,Électroménager,"Holmes Replacement Filter for HEPA Air Cleaner, Very Large Room, HEPA Filter",68.81,5,0.8,-123.86
16,US-2016-118983,11/22/2016,11/26/2016,Tarif normal,HP-14815,Harold Pawlan,Bureau à domicile,États-Unis,Fort Worth,Texas,USCA - Centre,OFF-BI-10000756,Fournitures de bureau,Classeurs,Storex DuraTech Recycled Plastic Frosted Binders,2.54,3,0.8,-3.82
25,US-2016-106320,9/25/2016,9/28/2016,Tarif normal,EB-13870,Emily Burns,Grand public,États-Unis,Orem,Utah,USCA - Ouest,FUR-TA-10000577,Mobilier,Tables,Bretford CR4500 Series Slim Rectangular Table,1044.63,3,0,240.26
28,US-2016-150630,9/17/2016,9/21/2016,Tarif normal,TB-21520,Tracy Blumstein,Grand public,États-Unis,Philadelphia,Pennsylvanie,USCA - Est,FUR-BO-10004834,Mobilier,Bibliothèques,"Riverside Palais Royal Lawyers Bookcase, Royale Cherry Finish",3083.43,7,0.5,-1665.05
29,US-2016-150630,9/17/2016,9/21/2016,Tarif normal,TB-21520,Tracy Blumstein,Grand public,États-Unis,Philadelphia,Pennsylvanie,USCA - Est,OFF-BI-10000474,Fournitures de bureau,Classeurs,Avery Recycled Flexi-View Covers for Binding Systems,9.62,2,0.7,-7.05
30,US-2016-150630,9/17/2016,9/21/2016,Tarif normal,TB-21520,Tracy Blumstein,Grand public,États-Unis,Philadelphia,Pennsylvanie,USCA - Est,FUR-FU-10004848,Mobilier,Meubles,"Howard Miller 13-3/4"" Diameter Brushed Chrome Round Wall Clock",124.2,3,0.2,15.53
31,US-2016-150630,9/17/2016,9/21/2016,Tarif normal,TB-21520,Tracy Blumstein,Grand public,États-Unis,Philadelphia,Pennsylvanie,USCA - Est,OFF-EN-10001509,Fournitures de bureau,Enveloppes,Poly String Tie Envelopes,3.26,2,0.2,1.1
32,US-2016-150630,9/17/2016,9/21/2016,Tarif normal,TB-21520,Tracy Blumstein,Grand public,États-Unis,Philadelphia,Pennsylvanie,USCA - Est,OFF-AR-10004042,Fournitures de bureau,Art,"BOSTON Model 1800 Electric Pencil Sharpeners, Putty/Woodgrain",86.3,6,0.2,9.71
33,US-2016-150630,9/17/2016,9/21/2016,Tarif normal,TB-21520,Tracy Blumstein,Grand public,États-Unis,Philadelphia,Pennsylvanie,USCA - Est,OFF-BI-10001525,Fournitures de bureau,Classeurs,"Acco Pressboard Covers with Storage Hooks, 14 7/8"" x 11"", Executive Red",6.86,6,0.7,-5.72
34,US-2016-150630,9/17/2016,9/21/2016,Tarif normal,TB-21520,Tracy Blumstein,Grand public,États-Unis,Philadelphia,Pennsylvanie,USCA - Est,OFF-AR-10001683,Fournitures de bureau,Art,Lumber Crayons,15.76,2,0.2,3.55
38,US-2016-117415,12/27/2016,12/30/2016,Tarif normal,SN-20710,Steve Nguyen,Bureau à domicile,États-Unis,Houston,Texas,USCA - Centre,OFF-EN-10002986,Fournitures de bureau,Enveloppes,"#10-4 1/8"" x 9 1/2"" Premium Diagonal Seam Envelopes",113.33,9,0.2,35.42
39,US-2016-117415,12/27/2016,12/30/2016,Tarif normal,SN-20710,Steve Nguyen,Bureau à domicile,États-Unis,Houston,Texas,USCA - Centre,FUR-BO-10002545,Mobilier,Bibliothèques,"Atlantic Metals Mobile 3-Shelf Bookcases, Custom Colors",532.4,3,0.3,-46.98
40,US-2016-117415,12/27/2016,12/30/2016,Tarif normal,SN-20710,Steve Nguyen,Bureau à domicile,États-Unis,Houston,Texas,USCA - Centre,FUR-CH-10004218,Mobilier,Chaises,"Global Fabric Manager's Chair, Dark Gray",212.06,3,0.3,-15.15
41,US-2016-117415,12/27/2016,12/30/2016,Tarif normal,SN-20710,Steve Nguyen,Bureau à domicile,États-Unis,Houston,Texas,USCA - Centre,TEC-PH-10000486,Produits technologiques,Téléphones,Plantronics HL10 Handset Lifter,371.17,4,0.2,41.76
50,US-2016-115742,4/18/2016,4/22/2016,Tarif normal,DP-13000,Darren Powers,Grand public,États-Unis,New Albany,Indiana,USCA - Centre,OFF-BI-10004410,Fournitures de bureau,Classeurs,"C-Line Peel & Stick Add-On Filing Pockets, 8-3/4 x 5-1/8, 10/Pack",38.22,6,0,17.96
51,US-2016-115742,4/18/2016,4/22/2016,Tarif normal,DP-13000,Darren Powers,Grand public,États-Unis,New Albany,Indiana,USCA - Centre,OFF-LA-10002762,Fournitures de bureau,Étiquettes,Avery 485,75.18,6,0,35.33
52,US-2016-115742,4/18/2016,4/22/2016,Tarif normal,DP-13000,Darren Powers,Grand public,États-Unis,New Albany,Indiana,USCA - Centre,FUR-FU-10001706,Mobilier,Meubles,Longer-Life Soft White Bulbs,6.16,2,0,2.96
53,US-2016-115742,4/18/2016,4/22/2016,Tarif normal,DP-13000,Darren Powers,Grand public,États-Unis,New Albany,Indiana,USCA - Centre,FUR-CH-10003061,Mobilier,Chaises,"Global Leather Task Chair, Black",89.99,1,0,17.1
63,US-2016-135545,11/24/2016,11/27/2016,Tarif normal,KM-16720,Kunst Miller,Grand public,États-Unis,Los Angeles,Californie,USCA - Ouest,TEC-AC-10004633,Produits technologiques,Accessoires,"Verbatim 25 GB 6x Blu-ray Single Layer Recordable Disc, 3/Pack",13.98,2,0,6.15
64,US-2016-135545,11/24/2016,11/27/2016,Tarif normal,KM-16720,Kunst Miller,Grand public,États-Unis,Los Angeles,Californie,USCA - Ouest,OFF-BI-10001078,Fournitures de bureau,Classeurs,"Acco PRESSTEX Data Binder with Storage Hooks, Dark Blue, 14 7/8"" X 11""",25.82,6,0.2,9.36
65,US-2016-135545,11/24/2016,11/27/2016,Tarif normal,KM-16720,Kunst Miller,Grand public,États-Unis,Los Angeles,Californie,USCA - Ouest,OFF-PA-10003892,Fournitures de bureau,Papier,Xerox 1943,146.73,3,0,68.96
66,US-2016-135545,11/24/2016,11/27/2016,Tarif normal,KM-16720,Kunst Miller,Grand public,États-Unis,Los Angeles,Californie,USCA - Ouest,FUR-FU-10000397,Mobilier,Meubles,Luxo Economy Swing Arm Lamp,79.76,4,0,22.33
67,US-2016-164175,1/21/2016,1/24/2016,Tarif normal,PS-18970,Paul Stevenson,Bureau à domicile,États-Unis,Chicago,Illinois,USCA - Centre,FUR-CH-10001146,Mobilier,Chaises,"Global Value Mid-Back Manager's Chair, Gray",213.12,5,0.3,-15.22
73,US-2016-134026,4/26/2016,5/2/2016,Tarif normal,JE-15745,Joel Eaton,Grand public,États-Unis,Memphis,Tennessee,USCA - Sud,FUR-CH-10000513,Mobilier,Chaises,High-Back Leather Manager's Chair,831.94,8,0.2,-114.39
74,US-2016-134026,4/26/2016,5/2/2016,Tarif normal,JE-15745,Joel Eaton,Grand public,États-Unis,Memphis,Tennessee,USCA - Sud,FUR-FU-10003708,Mobilier,Meubles,"Tenex Traditional Chairmats for Medium Pile Carpet, Standard Lip, 36"" x 48""",97.04,2,0.2,1.21
75,US-2016-134026,4/26/2016,5/2/2016,Tarif normal,JE-15745,Joel Eaton,Grand public,États-Unis,Memphis,Tennessee,USCA - Sud,OFF-ST-10004123,Fournitures de bureau,Stockage,Safco Industrial Wire Shelving System,72.78,1,0.2,-18.2
84,US-2016-149734,9/3/2016,9/8/2016,Tarif normal,JC-16105,Julie Creighton,Entreprise,États-Unis,Durham,Caroline du Nord,USCA - Sud,OFF-EN-10000927,Fournitures de bureau,Enveloppes,Jet-Pak Recycled Peel 'N' Seal Padded Mailers,200.98,7,0.2,62.81
93,US-2016-149587,2/3/2016,2/5/2016,J+2,KB-16315,Karl Braun,Grand public,États-Unis,Minneapolis,Minnesota,USCA - Centre,OFF-PA-10003177,Fournitures de bureau,Papier,Xerox 1999,12.96,2,0,6.22
94,US-2016-149587,2/3/2016,2/5/2016,J+2,KB-16315,Karl Braun,Grand public,États-Unis,Minneapolis,Minnesota,USCA - Centre,FUR-FU-10003799,Mobilier,Meubles,"Seth Thomas 13 1/2"" Wall Clock",53.34,3,0,16.54
95,US-2016-149587,2/3/2016,2/5/2016,J+2,KB-16315,Karl Braun,Grand public,États-Unis,Minneapolis,Minnesota,USCA - Centre,OFF-BI-10002852,Fournitures de bureau,Classeurs,Ibico Standard Transparent Covers,32.96,2,0,16.15
104,US-2016-156867,11/13/2016,11/17/2016,Tarif normal,LC-16870,Lena Cacioppo,Grand public,États-Unis,Aurora,Colorado,USCA - Ouest,TEC-AC-10001552,Produits technologiques,Accessoires,Logitech K350 2.4Ghz Wireless Keyboard,238.9,6,0.2,-26.88
105,US-2016-156867,11/13/2016,11/17/2016,Tarif normal,LC-16870,Lena Cacioppo,Grand public,États-Unis,Aurora,Colorado,USCA - Ouest,FUR-FU-10004006,Mobilier,Meubles,"Deflect-o DuraMat Lighweight, Studded, Beveled Mat for Low Pile Carpeting",102.36,3,0.2,-3.84
106,US-2016-156867,11/13/2016,11/17/2016,Tarif normal,LC-16870,Lena Cacioppo,Grand public,États-Unis,Aurora,Colorado,USCA - Ouest,OFF-BI-10002794,Fournitures de bureau,Classeurs,"Avery Trapezoid Ring Binder, 3"" Capacity, Black, 1040 sheets",36.88,3,0.7,-25.82
110,US-2016-129476,10/15/2016,10/20/2016,Tarif normal,PA-19060,Pete Armstrong,Bureau à domicile,États-Unis,Orland Park,Illinois,USCA - Centre,TEC-AC-10000844,Produits technologiques,Accessoires,Logitech Gaming G510s - Keyboard,339.96,5,0.2,67.99
118,US-2016-110457,3/2/2016,3/6/2016,Tarif normal,DK-13090,Dave Kipp,Grand public,États-Unis,Seattle,Washington,USCA - Ouest,FUR-TA-10001768,Mobilier,Tables,Hon Racetrack Conference Tables,787.53,3,0,165.38
119,US-2016-136476,4/5/2016,4/10/2016,Tarif normal,GG-14650,Greg Guthrie,Entreprise,États-Unis,Bristol,Tennessee,USCA - Sud,OFF-BI-10003650,Fournitures de bureau,Classeurs,GBC DocuBind 300 Electric Binding Machine,157.79,1,0.7,-115.72
146,US-2016-110744,9/7/2016,9/12/2016,Tarif normal,HA-14920,Helen Andreada,Grand public,États-Unis,Pasadena,Californie,USCA - Ouest,OFF-ST-10003656,Fournitures de bureau,Stockage,Safco Industrial Wire Shelving,671.93,7,0,20.16
154,US-2016-124919,2/21/2016,2/24/2016,Prioritaire,SP-20650,Stephanie Phelps,Entreprise,États-Unis,San Jose,Californie,USCA - Ouest,OFF-PA-10001950,Fournitures de bureau,Papier,Southworth 25% Cotton Antique Laid Paper & Envelopes,58.38,7,0,26.27
155,US-2016-124919,2/21/2016,2/24/2016,Prioritaire,SP-20650,Stephanie Phelps,Entreprise,États-Unis,San Jose,Californie,USCA - Ouest,OFF-PA-10002254,Fournitures de bureau,Papier,Xerox 1883,105.52,4,0,48.54
156,US-2016-124919,2/21/2016,2/24/2016,Prioritaire,SP-20650,Stephanie Phelps,Entreprise,États-Unis,San Jose,Californie,USCA - Ouest,OFF-ST-10001590,Fournitures de bureau,Stockage,"Tenex Personal Project File with Scoop Front Design, Black",80.88,6,0,21.03
157,US-2016-118948,5/28/2016,6/3/2016,Tarif normal,NK-18490,Neil Knudson,Bureau à domicile,États-Unis,Seattle,Washington,USCA - Ouest,OFF-AR-10001547,Fournitures de bureau,Art,Newell 311,6.63,3,0,1.79
162,US-2016-119697,12/28/2016,12/31/2016,J+2,EM-13960,Eric Murdock,Grand public,États-Unis,Philadelphia,Pennsylvanie,USCA - Est,TEC-AC-10003657,Produits technologiques,Accessoires,Lenovo 17-Key USB Numeric Keypad,54.38,2,0.2,1.36
178,US-2016-101511,11/21/2016,11/23/2016,J+2,JE-15745,Joel Eaton,Grand public,États-Unis,Newark,Ohio,USCA - Est,FUR-CH-10004698,Mobilier,Chaises,"Padded Folding Chairs, Black, 4/Carton",396.8,7,0.3,-11.34
179,US-2016-101511,11/21/2016,11/23/2016,J+2,JE-15745,Joel Eaton,Grand public,États-Unis,Newark,Ohio,USCA - Est,OFF-SU-10002189,Fournitures de bureau,Fournitures,Acme Rosewood Handle Letter Opener,15.88,5,0.2,-3.77
180,US-2016-137225,12/15/2016,12/19/2016,Tarif normal,JK-15640,Jim Kriz,Bureau à domicile,États-Unis,New York City,New York,USCA - Est,OFF-AR-10001940,Fournitures de bureau,Art,"Sanford Colorific Eraseable Coloring Pencils, 12 Count",3.28,1,0,1.41
190,US-2016-102281,10/12/2016,10/14/2016,Prioritaire,MP-17470,Mark Packer,Bureau à domicile,États-Unis,New York City,New York,USCA - Est,FUR-BO-10002613,Mobilier,Bibliothèques,"Atlantic Metals Mobile 4-Shelf Bookcases, Custom Colors",899.14,4,0.2,112.39
191,US-2016-102281,10/12/2016,10/14/2016,Prioritaire,MP-17470,Mark Packer,Bureau à domicile,États-Unis,New York City,New York,USCA - Est,TEC-PH-10001552,Produits technologiques,Téléphones,I Need's 3d Hello Kitty Hybrid Silicone Case Cover for HTC One X 4g with 3d Hello Kitty Stylus Pen Green/pink,71.76,6,0,20.09
192,US-2016-102281,10/12/2016,10/14/2016,Prioritaire,MP-17470,Mark Packer,Bureau à domicile,États-Unis,New York City,New York,USCA - Est,OFF-PA-10000061,Fournitures de bureau,Papier,Xerox 205,51.84,8,0,24.88
193,US-2016-102281,10/12/2016,10/14/2016,Prioritaire,MP-17470,Mark Packer,Bureau à domicile,États-Unis,New York City,New York,USCA - Est,FUR-BO-10002545,Mobilier,Bibliothèques,"Atlantic Metals Mobile 3-Shelf Bookcases, Custom Colors",626.35,3,0.2,46.98
194,US-2016-102281,10/12/2016,10/14/2016,Prioritaire,MP-17470,Mark Packer,Bureau à domicile,États-Unis,New York City,New York,USCA - Est,OFF-AR-10003514,Fournitures de bureau,Art,4009 Highlighters by Sanford,19.9,5,0,6.57
195,US-2016-131457,7/23/2016,7/26/2016,Tarif normal,MZ-17515,Mary Zewe,Entreprise,États-Unis,Redlands,Californie,USCA - Ouest,OFF-EN-10001509,Fournitures de bureau,Enveloppes,Poly String Tie Envelopes,14.28,7,0,6.71
212,US-2016-101007,2/9/2016,2/13/2016,J+2,MS-17980,Michael Stewart,Entreprise,États-Unis,Dallas,Texas,USCA - Centre,TEC-AC-10001266,Produits technologiques,Accessoires,Memorex Micro Travel Drive 8 GB,20.8,2,0.2,6.5
213,US-2016-146262,1/2/2016,1/9/2016,Tarif normal,VW-21775,Victoria Wilson,Entreprise,États-Unis,Medina,Ohio,USCA - Est,OFF-LA-10004544,Fournitures de bureau,Étiquettes,Avery 505,23.68,2,0.2,8.88
214,US-2016-146262,1/2/2016,1/9/2016,Tarif normal,VW-21775,Victoria Wilson,Entreprise,États-Unis,Medina,Ohio,USCA - Est,FUR-BO-10004695,Mobilier,Bibliothèques,O'Sullivan 2-Door Barrister Bookcase in Odessa Pine,452.45,5,0.5,-244.32
215,US-2016-146262,1/2/2016,1/9/2016,Tarif normal,VW-21775,Victoria Wilson,Entreprise,États-Unis,Medina,Ohio,USCA - Est,TEC-PH-10002844,Produits technologiques,Téléphones,Speck Products Candyshell Flip Case,62.98,3,0.4,-14.7
216,US-2016-146262,1/2/2016,1/9/2016,Tarif normal,VW-21775,Victoria Wilson,Entreprise,États-Unis,Medina,Ohio,USCA - Est,TEC-MA-10000864,Produits technologiques,Machines,Cisco 9971 IP Video Phone Charcoal,1188,9,0.7,-950.4
217,US-2016-146262,1/2/2016,1/9/2016,Tarif normal,VW-21775,Victoria Wilson,Entreprise,États-Unis,Medina,Ohio,USCA - Est,TEC-AC-10000109,Produits technologiques,Accessoires,Sony Micro Vault Click 16 GB USB 2.0 Flash Drive,89.58,2,0.2,4.48
220,US-2016-169397,12/24/2016,12/27/2016,Prioritaire,JB-15925,Joni Blumstein,Grand public,États-Unis,Dublin,Ohio,USCA - Est,OFF-FA-10000585,Fournitures de bureau,Éléments de fixation,OIC Bulk Pack Metal Binder Clips,5.58,2,0.2,1.81
221,US-2016-169397,12/24/2016,12/27/2016,Prioritaire,JB-15925,Joni Blumstein,Grand public,États-Unis,Dublin,Ohio,USCA - Est,OFF-PA-10004000,Fournitures de bureau,Papier,"While You Were Out Pads, 50 per Pad, 4 x 5 1/4, Green Cycle",22.7,6,0.2,8.23
222,US-2016-169397,12/24/2016,12/27/2016,Prioritaire,JB-15925,Joni Blumstein,Grand public,États-Unis,Dublin,Ohio,USCA - Est,OFF-BI-10002852,Fournitures de bureau,Classeurs,Ibico Standard Transparent Covers,19.78,4,0.7,-13.84
223,US-2016-169397,12/24/2016,12/27/2016,Prioritaire,JB-15925,Joni Blumstein,Grand public,États-Unis,Dublin,Ohio,USCA - Est,FUR-FU-10000087,Mobilier,Meubles,"Executive Impressions 14"" Two-Color Numerals Wall Clock",72.7,4,0.2,19.08
224,US-2016-169397,12/24/2016,12/27/2016,Prioritaire,JB-15925,Joni Blumstein,Grand public,États-Unis,Dublin,Ohio,USCA - Est,TEC-MA-10001148,Produits technologiques,Machines,Swingline SM12-08 MicroCut Jam Free Shredder,479.99,4,0.7,-383.99
225,US-2016-169397,12/24/2016,12/27/2016,Prioritaire,JB-15925,Joni Blumstein,Grand public,États-Unis,Dublin,Ohio,USCA - Est,OFF-AR-10001958,Fournitures de bureau,Art,Stanley Bostitch Contemporary Electric Pencil Sharpeners,27.17,2,0.2,2.72
226,US-2016-163055,8/9/2016,8/16/2016,Tarif normal,DS-13180,David Smith,Entreprise,États-Unis,Detroit,Michigan,USCA - Centre,OFF-AR-10001026,Fournitures de bureau,Art,"Sanford Uni-Blazer View Highlighters, Chisel Tip, Yellow",2.2,1,0,0.97
227,US-2016-163055,8/9/2016,8/16/2016,Tarif normal,DS-13180,David Smith,Entreprise,États-Unis,Detroit,Michigan,USCA - Centre,FUR-TA-10003748,Mobilier,Tables,Bevis 36 x 72 Conference Tables,622.45,5,0,136.94
228,US-2016-163055,8/9/2016,8/16/2016,Tarif normal,DS-13180,David Smith,Entreprise,États-Unis,Detroit,Michigan,USCA - Centre,OFF-ST-10002485,Fournitures de bureau,Stockage,Rogers Deluxe File Chest,21.98,1,0,0.22
229,US-2016-145436,2/28/2016,3/4/2016,Tarif normal,VD-21670,Valerie Dominguez,Grand public,États-Unis,Columbia,Tennessee,USCA - Sud,FUR-CH-10004860,Mobilier,Chaises,Global Low Back Tilter Chair,161.57,2,0.2,-28.27
230,US-2016-145436,2/28/2016,3/4/2016,Tarif normal,VD-21670,Valerie Dominguez,Grand public,États-Unis,Columbia,Tennessee,USCA - Sud,FUR-CH-10004477,Mobilier,Chaises,"Global Push Button Manager's Chair, Indigo",389.7,8,0.2,43.84
255,US-2016-159982,11/28/2016,12/4/2016,Tarif normal,DR-12880,Dan Reichenbach,Entreprise,États-Unis,Chicago,Illinois,USCA - Centre,FUR-FU-10002505,Mobilier,Meubles,Eldon 100 Class Desk Accessories,12.13,9,0.6,-8.49
256,US-2016-159982,11/28/2016,12/4/2016,Tarif normal,DR-12880,Dan Reichenbach,Entreprise,États-Unis,Chicago,Illinois,USCA - Centre,OFF-ST-10004804,Fournitures de bureau,Stockage,"Belkin 19"" Vented Equipment Shelf, Black",82.37,2,0.2,-19.56
257,US-2016-159982,11/28/2016,12/4/2016,Tarif normal,DR-12880,Dan Reichenbach,Entreprise,États-Unis,Chicago,Illinois,USCA - Centre,OFF-ST-10001590,Fournitures de bureau,Stockage,"Tenex Personal Project File with Scoop Front Design, Black",53.92,5,0.2,4.04
258,US-2016-159982,11/28/2016,12/4/2016,Tarif normal,DR-12880,Dan Reichenbach,Entreprise,États-Unis,Chicago,Illinois,USCA - Centre,TEC-PH-10001580,Produits technologiques,Téléphones,Logitech Mobile Speakerphone P710e - speaker phone,647.9,6,0.2,56.69
266,US-2016-155040,11/10/2016,11/15/2016,Tarif normal,AH-10210,Alan Hwang,Grand public,États-Unis,Brentwood,Californie,USCA - Ouest,TEC-AC-10004469,Produits technologiques,Accessoires,Microsoft Sculpt Comfort Mouse,79.9,2,0,35.16
272,US-2016-155334,4/21/2016,4/22/2016,Prioritaire,HA-14920,Helen Andreada,Grand public,États-Unis,San Francisco,Californie,USCA - Ouest,TEC-AC-10003628,Produits technologiques,Accessoires,Logitech 910-002974 M325 Wireless Mouse for Web Scrolling,209.93,7,0,92.37
273,US-2016-155334,4/21/2016,4/22/2016,Prioritaire,HA-14920,Helen Andreada,Grand public,États-Unis,San Francisco,Californie,USCA - Ouest,FUR-FU-10003274,Mobilier,Meubles,Regeneration Desk Collection,5.28,3,0,2.32
274,US-2016-155334,4/21/2016,4/22/2016,Prioritaire,HA-14920,Helen Andreada,Grand public,États-Unis,San Francisco,Californie,USCA - Ouest,OFF-BI-10002557,Fournitures de bureau,Classeurs,Presstex Flexible Ring Binders,10.92,3,0.2,4.1
281,US-2016-161991,9/26/2016,9/28/2016,J+2,SC-20725,Steven Cartwright,Grand public,États-Unis,Houston,Texas,USCA - Centre,OFF-BI-10004967,Fournitures de bureau,Classeurs,Round Ring Binders,2.08,5,0.8,-3.43
282,US-2016-161991,9/26/2016,9/28/2016,J+2,SC-20725,Steven Cartwright,Grand public,États-Unis,Houston,Texas,USCA - Centre,TEC-PH-10001760,Produits technologiques,Téléphones,Bose SoundLink Bluetooth Speaker,1114.4,7,0.2,376.11
283,US-2016-130890,11/2/2016,11/6/2016,Tarif normal,JO-15280,Jas O'Carroll,Grand public,États-Unis,Los Angeles,Californie,USCA - Ouest,FUR-TA-10002903,Mobilier,Tables,"Bevis Round Bullnose 29"" High Table Top",1038.84,5,0.2,51.94
284,US-2016-130883,9/26/2016,10/2/2016,Tarif normal,TB-21520,Tracy Blumstein,Grand public,États-Unis,Portland,Oregon,USCA - Ouest,OFF-PA-10000474,Fournitures de bureau,Papier,Easy-staple paper,141.76,5,0.2,47.84
285,US-2016-130883,9/26/2016,10/2/2016,Tarif normal,TB-21520,Tracy Blumstein,Grand public,États-Unis,Portland,Oregon,USCA - Ouest,TEC-AC-10001956,Produits technologiques,Accessoires,Microsoft Arc Touch Mouse,239.8,5,0.2,47.96
286,US-2016-130883,9/26/2016,10/2/2016,Tarif normal,TB-21520,Tracy Blumstein,Grand public,États-Unis,Portland,Oregon,USCA - Ouest,OFF-PA-10004100,Fournitures de bureau,Papier,Xerox 216,31.1,6,0.2,10.89
305,US-2016-144253,5/4/2016,5/9/2016,J+2,AS-10225,Alan Schoenberger,Entreprise,États-Unis,New York City,New York,USCA - Est,FUR-FU-10002671,Mobilier,Meubles,Electrix 20W Halogen Replacement Bulb for Zoom-In Desk Lamp,26.8,2,0,12.86
335,US-2016-137946,9/1/2016,9/4/2016,J+2,DB-13615,Doug Bickford,Grand public,États-Unis,Los Angeles,Californie,USCA - Ouest,OFF-BI-10001922,Fournitures de bureau,Classeurs,Storex Dura Pro Binders,4.75,1,0.2,1.6
336,US-2016-137946,9/1/2016,9/4/2016,J+2,DB-13615,Doug Bickford,Grand public,États-Unis,Los Angeles,Californie,USCA - Ouest,TEC-CO-10001449,Produits technologiques,Photocopieurs,Hewlett Packard LaserJet 3310 Copier,959.98,2,0.2,335.99
337,US-2016-137946,9/1/2016,9/4/2016,J+2,DB-13615,Doug Bickford,Grand public,États-Unis,Los Angeles,Californie,USCA - Ouest,OFF-BI-10004140,Fournitures de bureau,Classeurs,Avery Non-Stick Binders,14.37,4,0.2,4.49
340,US-2016-128167,6/22/2016,6/26/2016,J+2,KL-16645,Ken Lonsdale,Grand public,États-Unis,Layton,Utah,USCA - Ouest,OFF-FA-10000490,Fournitures de bureau,Éléments de fixation,"OIC Binder Clips, Mini, 1/4"" Capacity, Black",4.96,4,0,2.33
345,US-2016-120712,12/20/2016,12/24/2016,Tarif normal,CS-12130,Chad Sievert,Grand public,États-Unis,Austin,Texas,USCA - Centre,OFF-ST-10000107,Fournitures de bureau,Stockage,Fellowes Super Stor/Drawer,88.8,4,0.2,-2.22
379,US-2016-130792,4/28/2016,5/5/2016,Tarif normal,RA-19915,Russell Applegate,Grand public,États-Unis,Houston,Texas,USCA - Centre,OFF-AP-10000696,Fournitures de bureau,Électroménager,Holmes Odor Grabber,8.65,3,0.8,-20.33
380,US-2016-130792,4/28/2016,5/5/2016,Tarif normal,RA-19915,Russell Applegate,Grand public,États-Unis,Houston,Texas,USCA - Centre,OFF-ST-10003327,Fournitures de bureau,Stockage,Akro-Mils 12-Gallon Tote,23.83,3,0.2,2.68
381,US-2016-130792,4/28/2016,5/5/2016,Tarif normal,RA-19915,Russell Applegate,Grand public,États-Unis,Houston,Texas,USCA - Centre,OFF-BI-10000309,Fournitures de bureau,Classeurs,"GBC Twin Loop Wire Binding Elements, 9/16"" Spine, Black",12.18,4,0.8,-18.87
384,US-2016-125395,6/26/2016,6/29/2016,J+2,LA-16780,Laura Armstrong,Entreprise,États-Unis,Taylor,Michigan,USCA - Centre,TEC-AC-10004708,Produits technologiques,Accessoires,Sony 32GB Class 10 Micro SDHC R40 Memory Card,41.9,2,0,8.8
385,US-2016-168935,11/27/2016,12/2/2016,Tarif normal,DO-13435,Denny Ordway,Grand public,États-Unis,Pembroke Pines,Floride,USCA - Sud,FUR-TA-10000617,Mobilier,Tables,"Hon Practical Foundations 30 x 60 Training Table, Light Gray/Charcoal",375.46,3,0.5,-157.01
386,US-2016-168935,11/27/2016,12/2/2016,Tarif normal,DO-13435,Denny Ordway,Grand public,États-Unis,Pembroke Pines,Floride,USCA - Sud,TEC-AC-10002335,Produits technologiques,Accessoires,Logitech Media Keyboard K200,83.98,3,0.2,-1.05
387,US-2016-122756,12/3/2016,12/7/2016,Tarif normal,DK-13225,Dean Katz,Entreprise,États-Unis,Philadelphia,Pennsylvanie,USCA - Est,TEC-MA-10001681,Produits technologiques,Machines,Lexmark MarkNet N8150 Wireless Print Server,482.34,4,0.7,-337.64
388,US-2016-122756,12/3/2016,12/7/2016,Tarif normal,DK-13225,Dean Katz,Entreprise,États-Unis,Philadelphia,Pennsylvanie,USCA - Est,FUR-FU-10001935,Mobilier,Meubles,3M Hangers With Command Adhesive,2.96,1,0.2,0.78
398,US-2016-122259,7/23/2016,7/26/2016,Tarif normal,HP-14815,Harold Pawlan,Bureau à domicile,États-Unis,Jackson,Michigan,USCA - Centre,OFF-SU-10002573,Fournitures de bureau,Fournitures,"Acme 10"" Easy Grip Assistive Scissors",70.12,4,0,21.04
460,US-2016-109638,12/15/2016,12/22/2016,Tarif normal,JH-15985,Joseph Holt,Grand public,États-Unis,Seattle,Washington,USCA - Ouest,OFF-AP-10002472,Fournitures de bureau,Électroménager,3M Office Air Cleaner,103.92,4,0,36.37
461,US-2016-109638,12/15/2016,12/22/2016,Tarif normal,JH-15985,Joseph Holt,Grand public,États-Unis,Seattle,Washington,USCA - Ouest,TEC-AC-10004571,Produits technologiques,Accessoires,Logitech G700s Rechargeable Gaming Mouse,899.91,9,0,377.96
462,US-2016-109638,12/15/2016,12/22/2016,Tarif normal,JH-15985,Joseph Holt,Grand public,États-Unis,Seattle,Washington,USCA - Ouest,OFF-BI-10001098,Fournitures de bureau,Classeurs,Acco D-Ring Binder w/DublLock,51.31,3,0.2,18.6
468,US-2016-101399,1/17/2016,1/24/2016,Tarif normal,JS-15940,Joni Sundaresam,Bureau à domicile,États-Unis,Park Ridge,Illinois,USCA - Centre,FUR-FU-10002918,Mobilier,Meubles,Eldon ClusterMat Chair Mat with Cordless Antistatic Protection,254.74,7,0.6,-312.06
471,US-2016-154144,12/20/2016,12/24/2016,Tarif normal,MH-17785,Maya Herman,Entreprise,États-Unis,Lindenhurst,New York,USCA - Est,OFF-PA-10004071,Fournitures de bureau,Papier,"Eaton Premium Continuous-Feed Paper, 25% Cotton, Letter Size, White, 1000 Shts/Box",55.48,1,0,26.63
496,US-2016-134782,12/27/2016,12/30/2016,Tarif normal,MD-17350,Maribeth Dona,Grand public,États-Unis,Fayetteville,Arkansas,USCA - Sud,OFF-EN-10001434,Fournitures de bureau,Enveloppes,"Strathmore #10 Envelopes, Ultimate White",105.42,2,0,51.66
507,US-2016-145352,3/16/2016,3/22/2016,Tarif normal,CM-12385,Christopher Martinez,Grand public,États-Unis,Atlanta,Géorgie,USCA - Sud,OFF-AR-10001662,Fournitures de bureau,Art,Rogers Handheld Barrel Pencil Sharpener,2.74,1,0,0.74
508,US-2016-145352,3/16/2016,3/22/2016,Tarif normal,CM-12385,Christopher Martinez,Grand public,États-Unis,Atlanta,Géorgie,USCA - Sud,OFF-AR-10003856,Fournitures de bureau,Art,Newell 344,8.34,3,0,2.17
509,US-2016-145352,3/16/2016,3/22/2016,Tarif normal,CM-12385,Christopher Martinez,Grand public,États-Unis,Atlanta,Géorgie,USCA - Sud,OFF-ST-10001228,Fournitures de bureau,Stockage,Personal File Boxes with Fold-Down Carry Handle,46.74,3,0,11.69
510,US-2016-145352,3/16/2016,3/22/2016,Tarif normal,CM-12385,Christopher Martinez,Grand public,États-Unis,Atlanta,Géorgie,USCA - Sud,OFF-BI-10003527,Fournitures de bureau,Classeurs,Fellowes PB500 Electric Punch Plastic Comb Binding Machine with Manual Bind,6354.95,5,0,3177.48
520,US-2016-157812,3/22/2016,3/26/2016,Tarif normal,DB-13210,Dean Braden,Grand public,États-Unis,Houston,Texas,USCA - Centre,TEC-AC-10000171,Produits technologiques,Accessoires,"Verbatim 25 GB 6x Blu-ray Single Layer Recordable Disc, 25/Pack",18.39,1,0.2,5.29
521,US-2016-157812,3/22/2016,3/26/2016,Tarif normal,DB-13210,Dean Braden,Grand public,États-Unis,Houston,Texas,USCA - Centre,OFF-ST-10000736,Fournitures de bureau,Stockage,Carina Double Wide Media Storage Towers in Natural & Black,129.57,2,0.2,-25.91
522,US-2016-157812,3/22/2016,3/26/2016,Tarif normal,DB-13210,Dean Braden,Grand public,États-Unis,Houston,Texas,USCA - Centre,OFF-BI-10000285,Fournitures de bureau,Classeurs,XtraLife ClearVue Slant-D Ring Binders by Cardinal,14.11,9,0.8,-21.17
526,CA-2016-158792,12/26/2016,1/2/2017,Tarif normal,BD-11605,Brian Dahlen,Grand public,Canada,Montréal,Québec,USCA - Est,OFF-FA-10002815,Fournitures de bureau,Éléments de fixation,Staples,22.2,5,0,10.43
529,US-2016-138303,9/3/2016,9/7/2016,Tarif normal,MG-18145,Mike Gockenbach,Grand public,États-Unis,Philadelphia,Pennsylvanie,USCA - Est,OFF-ST-10004963,Fournitures de bureau,Stockage,Eldon Gobal File Keepers,36.34,3,0.2,-7.27
530,US-2016-138303,9/3/2016,9/7/2016,Tarif normal,MG-18145,Mike Gockenbach,Grand public,États-Unis,Philadelphia,Pennsylvanie,USCA - Est,OFF-SU-10002881,Fournitures de bureau,Fournitures,Martin Yale Chadless Opener Electric Letter Opener,666.25,1,0.2,-149.91
531,US-2016-138303,9/3/2016,9/7/2016,Tarif normal,MG-18145,Mike Gockenbach,Grand public,États-Unis,Philadelphia,Pennsylvanie,USCA - Est,OFF-EN-10001335,Fournitures de bureau,Enveloppes,"White Business Envelopes with Contemporary Seam, Recycled White Business Envelopes",52.51,6,0.2,19.69
532,US-2016-102848,11/7/2016,11/9/2016,J+2,KB-16240,Karen Bern,Entreprise,États-Unis,Los Angeles,Californie,USCA - Ouest,FUR-CH-10000595,Mobilier,Chaises,Safco Contoured Stacking Chairs,190.72,1,0.2,11.92
538,US-2016-147851,12/3/2016,12/8/2016,Tarif normal,MP-17470,Mark Packer,Bureau à domicile,États-Unis,New York City,New York,USCA - Est,OFF-BI-10004528,Fournitures de bureau,Classeurs,Cardinal Poly Pocket Divider Pockets for Ring Binders,10.75,4,0.2,3.36
539,US-2016-134894,12/7/2016,12/11/2016,Tarif normal,DK-12985,Darren Koutras,Grand public,États-Unis,Henderson,Kentucky,USCA - Sud,OFF-AP-10001271,Fournitures de bureau,Électroménager,Eureka The Boss Cordless Rechargeable Stick Vac,152.94,3,0,41.29
540,US-2016-134894,12/7/2016,12/11/2016,Tarif normal,DK-12985,Darren Koutras,Grand public,États-Unis,Henderson,Kentucky,USCA - Sud,FUR-CH-10002647,Mobilier,Chaises,"Situations Contoured Folding Chairs, 4/Set",283.92,4,0,70.98
543,US-2016-120161,12/18/2016,12/23/2016,Tarif normal,LM-17065,Liz MacKendrick,Grand public,États-Unis,Springfield,Ohio,USCA - Est,OFF-ST-10001809,Fournitures de bureau,Stockage,Fellowes Officeware Wire Shelving,646.78,9,0.2,-145.52
549,US-2016-113173,11/15/2016,11/17/2016,J+2,DK-13225,Dean Katz,Entreprise,États-Unis,Chicago,Illinois,USCA - Centre,OFF-ST-10000604,Fournitures de bureau,Stockage,Home/Office Personal File Carts,250.27,9,0.2,15.64
550,US-2016-113173,11/15/2016,11/17/2016,J+2,DK-13225,Dean Katz,Entreprise,États-Unis,Chicago,Illinois,USCA - Centre,OFF-BI-10004738,Fournitures de bureau,Classeurs,Flexible Leather- Look Classic Collection Ring Binder,11.36,3,0.8,-17.05
551,US-2016-113173,11/15/2016,11/17/2016,J+2,DK-13225,Dean Katz,Entreprise,États-Unis,Chicago,Illinois,USCA - Centre,OFF-SU-10001935,Fournitures de bureau,Fournitures,Staple remover,8.72,5,0.2,-1.74
564,US-2016-130736,12/7/2016,12/9/2016,Prioritaire,JF-15490,Jeremy Farry,Grand public,États-Unis,Seattle,Washington,USCA - Ouest,OFF-FA-10003467,Fournitures de bureau,Éléments de fixation,"Alliance Big Bands Rubber Bands, 12/Pack",3.96,2,0,0
565,US-2016-130736,12/7/2016,12/9/2016,Prioritaire,JF-15490,Jeremy Farry,Grand public,États-Unis,Seattle,Washington,USCA - Ouest,OFF-LA-10000634,Fournitures de bureau,Étiquettes,Avery 509,2.61,1,0,1.2
576,US-2016-149713,9/18/2016,9/22/2016,J+2,TG-21640,Trudy Glocke,Grand public,États-Unis,Long Beach,Californie,USCA - Ouest,OFF-PA-10004530,Fournitures de bureau,Papier,Personal Creations Ink Jet Cards and Labels,160.72,14,0,78.75
577,US-2016-149713,9/18/2016,9/22/2016,J+2,TG-21640,Trudy Glocke,Grand public,États-Unis,Long Beach,Californie,USCA - Ouest,OFF-PA-10001450,Fournitures de bureau,Papier,Rediform S.O.S. Phone Message Books,19.92,4,0,9.76
578,US-2016-149713,9/18/2016,9/22/2016,J+2,TG-21640,Trudy Glocke,Grand public,États-Unis,Long Beach,Californie,USCA - Ouest,OFF-SU-10001574,Fournitures de bureau,Fournitures,Acme Value Line Scissors,7.3,2,0,2.19
581,US-2016-132906,9/10/2016,9/14/2016,Tarif normal,CC-12145,Charles Crestani,Grand public,États-Unis,Los Angeles,Californie,USCA - Ouest,OFF-SU-10004498,Fournitures de bureau,Fournitures,Martin-Yale Premier Letter Opener,51.52,4,0,1.55
587,US-2016-128139,7/3/2016,7/9/2016,Tarif normal,BD-11725,Bruce Degenhardt,Grand public,États-Unis,Richmond,Kentucky,USCA - Sud,FUR-CH-10003956,Mobilier,Chaises,Novimex High-Tech Fabric Mesh Task Chair,70.98,1,0,4.97
588,US-2016-128139,7/3/2016,7/9/2016,Tarif normal,BD-11725,Bruce Degenhardt,Grand public,États-Unis,Richmond,Kentucky,USCA - Sud,OFF-LA-10003930,Fournitures de bureau,Étiquettes,"Dot Matrix Printer Tape Reel Labels, White, 5000/Box",294.93,3,0,144.52
623,US-2016-138009,11/29/2016,12/3/2016,Tarif normal,SF-20965,Sylvia Foulston,Entreprise,États-Unis,Dearborn,Michigan,USCA - Centre,FUR-CH-10004853,Mobilier,Chaises,"Global Manager's Adjustable Task Chair, Storm",301.96,2,0,87.57
624,US-2016-138009,11/29/2016,12/3/2016,Tarif normal,SF-20965,Sylvia Foulston,Entreprise,États-Unis,Dearborn,Michigan,USCA - Centre,OFF-AP-10000179,Fournitures de bureau,Électroménager,Honeywell Enviracaire Portable HEPA Air Cleaner for up to 10 x 16 Room,555.21,5,0.1,178.9
625,US-2016-138009,11/29/2016,12/3/2016,Tarif normal,SF-20965,Sylvia Foulston,Entreprise,États-Unis,Dearborn,Michigan,USCA - Centre,OFF-ST-10001272,Fournitures de bureau,Stockage,"Mini 13-1/2 Capacity Data Binder Rack, Pearl",523.48,4,0,130.87
626,US-2016-138009,11/29/2016,12/3/2016,Tarif normal,SF-20965,Sylvia Foulston,Entreprise,États-Unis,Dearborn,Michigan,USCA - Centre,OFF-AR-10004042,Fournitures de bureau,Art,"BOSTON Model 1800 Electric Pencil Sharpeners, Putty/Woodgrain",161.82,9,0,46.93
636,US-2016-168004,10/4/2016,10/9/2016,J+2,DJ-13420,Denny Joy,Entreprise,États-Unis,Warner Robins,Géorgie,USCA - Sud,FUR-CH-10001482,Mobilier,Chaises,Office Star - Mesh Screen back chair with Vinyl seat,392.94,3,0,43.22
660,US-2016-146563,8/24/2016,8/28/2016,Tarif normal,CB-12025,Cassandra Brandow,Grand public,États-Unis,Arlington,Texas,USCA - Centre,OFF-ST-10001490,Fournitures de bureau,Stockage,"Hot File 7-Pocket, Floor Stand",999.43,7,0.2,124.93
661,US-2016-146563,8/24/2016,8/28/2016,Tarif normal,CB-12025,Cassandra Brandow,Grand public,États-Unis,Arlington,Texas,USCA - Centre,OFF-ST-10001511,Fournitures de bureau,Stockage,Space Solutions Commercial Steel Shelving,724.08,14,0.2,-135.77
662,US-2016-146563,8/24/2016,8/28/2016,Tarif normal,CB-12025,Cassandra Brandow,Grand public,États-Unis,Arlington,Texas,USCA - Centre,FUR-TA-10001768,Mobilier,Tables,Hon Racetrack Conference Tables,918.79,5,0.3,-118.13
663,US-2016-146563,8/24/2016,8/28/2016,Tarif normal,CB-12025,Cassandra Brandow,Grand public,États-Unis,Arlington,Texas,USCA - Centre,OFF-BI-10003981,Fournitures de bureau,Classeurs,"Avery Durable Plastic 1"" Binders",2.72,3,0.8,-4.22
693,US-2016-131534,3/28/2016,4/2/2016,Tarif normal,AB-10165,Alan Barnes,Grand public,États-Unis,Los Angeles,Californie,USCA - Ouest,TEC-AC-10002253,Produits technologiques,Accessoires,Imation Bio 8GB USB Flash Drive Imation Corp,166.24,1,0,24.94
694,US-2016-131534,3/28/2016,4/2/2016,Tarif normal,AB-10165,Alan Barnes,Grand public,États-Unis,Los Angeles,Californie,USCA - Ouest,OFF-PA-10000743,Fournitures de bureau,Papier,Xerox 1977,33.4,5,0,16.03
695,US-2016-119291,5/14/2016,5/17/2016,Prioritaire,JO-15550,Jesus Ocampo,Bureau à domicile,États-Unis,Chester,Pennsylvanie,USCA - Est,OFF-AR-10003373,Fournitures de bureau,Art,"Boston School Pro Electric Pencil Sharpener, 1670",198.27,8,0.2,17.35
696,US-2016-119291,5/14/2016,5/17/2016,Prioritaire,JO-15550,Jesus Ocampo,Bureau à domicile,États-Unis,Chester,Pennsylvanie,USCA - Est,OFF-LA-10002312,Fournitures de bureau,Étiquettes,Avery 490,47.36,4,0.2,17.76
697,US-2016-119291,5/14/2016,5/17/2016,Prioritaire,JO-15550,Jesus Ocampo,Bureau à domicile,États-Unis,Chester,Pennsylvanie,USCA - Est,OFF-EN-10000927,Fournitures de bureau,Enveloppes,Jet-Pak Recycled Peel 'N' Seal Padded Mailers,200.98,7,0.2,62.81
698,US-2016-119291,5/14/2016,5/17/2016,Prioritaire,JO-15550,Jesus Ocampo,Bureau à domicile,États-Unis,Chester,Pennsylvanie,USCA - Est,OFF-LA-10003510,Fournitures de bureau,Étiquettes,"Avery 4027 File Folder Labels for Dot Matrix Printers, 5000 Labels per Box, White",97.7,4,0.2,31.75
699,US-2016-119291,5/14/2016,5/17/2016,Prioritaire,JO-15550,Jesus Ocampo,Bureau à domicile,États-Unis,Chester,Pennsylvanie,USCA - Est,OFF-AR-10001118,Fournitures de bureau,Art,"Binney & Smith Crayola Metallic Crayons, 16-Color Pack",2.7,1,0.2,0.81
700,US-2016-119291,5/14/2016,5/17/2016,Prioritaire,JO-15550,Jesus Ocampo,Bureau à domicile,États-Unis,Chester,Pennsylvanie,USCA - Est,OFF-BI-10001575,Fournitures de bureau,Classeurs,GBC Linen Binding Covers,18.59,2,0.7,-13.63
701,US-2016-119291,5/14/2016,5/17/2016,Prioritaire,JO-15550,Jesus Ocampo,Bureau à domicile,États-Unis,Chester,Pennsylvanie,USCA - Est,OFF-BI-10001982,Fournitures de bureau,Classeurs,Wilson Jones Custom Binder Spines & Labels,4.9,3,0.7,-3.43
704,US-2016-142027,4/9/2016,4/14/2016,Tarif normal,JK-15370,Jay Kimmel,Grand public,États-Unis,Long Beach,Californie,USCA - Ouest,FUR-TA-10002774,Mobilier,Tables,Laminate Occasional Tables,369.91,3,0.2,-13.87
755,US-2016-135272,12/7/2016,12/12/2016,Tarif normal,MS-17830,Melanie Seite,Grand public,États-Unis,Los Angeles,Californie,USCA - Ouest,FUR-FU-10002759,Mobilier,Meubles,12-1/2 Diameter Round Wall Clock,79.92,4,0,28.77
761,US-2016-112319,5/23/2016,5/23/2016,Tarif normal,AR-10510,Andrew Roberts,Grand public,États-Unis,Los Angeles,Californie,USCA - Ouest,OFF-PA-10003441,Fournitures de bureau,Papier,Xerox 226,58.32,9,0,27.99
763,US-2016-114923,2/8/2016,2/13/2016,Tarif normal,LH-17020,Lisa Hazard,Grand public,États-Unis,Columbus,Ohio,USCA - Est,TEC-PH-10003931,Produits technologiques,Téléphones,JBL Micro Wireless Portable Bluetooth Speaker,107.98,3,0.4,-27
778,US-2016-144267,8/21/2016,8/23/2016,Prioritaire,NZ-18565,Nick Zandusky,Bureau à domicile,États-Unis,San Francisco,Californie,USCA - Ouest,FUR-CH-10002335,Mobilier,Chaises,Hon GuestStacker Chair,544.01,3,0.2,40.8
779,US-2016-144267,8/21/2016,8/23/2016,Prioritaire,NZ-18565,Nick Zandusky,Bureau à domicile,États-Unis,San Francisco,Californie,USCA - Ouest,OFF-PA-10000157,Fournitures de bureau,Papier,Xerox 191,59.94,3,0,28.17
780,US-2016-144267,8/21/2016,8/23/2016,Prioritaire,NZ-18565,Nick Zandusky,Bureau à domicile,États-Unis,San Francisco,Californie,USCA - Ouest,OFF-PA-10001947,Fournitures de bureau,Papier,Xerox 1974,23.92,4,0,11.72
781,US-2016-144267,8/21/2016,8/23/2016,Prioritaire,NZ-18565,Nick Zandusky,Bureau à domicile,États-Unis,San Francisco,Californie,USCA - Ouest,OFF-PA-10003657,Fournitures de bureau,Papier,Xerox 1927,4.28,1,0,1.93
782,US-2016-157014,10/3/2016,10/6/2016,J+2,BM-11785,Bryan Mills,Grand public,États-Unis,Columbus,Ohio,USCA - Est,OFF-BI-10001098,Fournitures de bureau,Classeurs,Acco D-Ring Binder w/DublLock,32.07,5,0.7,-22.45
783,US-2016-157014,10/3/2016,10/6/2016,J+2,BM-11785,Bryan Mills,Grand public,États-Unis,Columbus,Ohio,USCA - Est,TEC-AC-10002167,Produits technologiques,Accessoires,Imation 8gb Micro Traveldrive Usb 2.0 Flash Drive,24,2,0.2,-2.7
784,US-2016-157014,10/3/2016,10/6/2016,J+2,BM-11785,Bryan Mills,Grand public,États-Unis,Columbus,Ohio,USCA - Est,FUR-BO-10004409,Mobilier,Bibliothèques,"Safco Value Mate Series Steel Bookcases, Baked Enamel Finish on Steel, Gray",35.49,1,0.5,-15.62
785,US-2016-157014,10/3/2016,10/6/2016,J+2,BM-11785,Bryan Mills,Grand public,États-Unis,Columbus,Ohio,USCA - Est,TEC-AC-10000057,Produits technologiques,Accessoires,Microsoft Natural Ergonomic Keyboard 4000,47.98,2,0.2,0.6
786,US-2016-154921,5/23/2016,5/28/2016,Tarif normal,EA-14035,Erin Ashbrook,Entreprise,États-Unis,Columbia,Caroline du Sud,USCA - Sud,OFF-EN-10000056,Fournitures de bureau,Enveloppes,Cameo Buff Policy Envelopes,186.69,3,0,87.74
788,US-2016-154620,12/12/2016,12/16/2016,Tarif normal,LT-17110,Liz Thompson,Grand public,États-Unis,Lancaster,Californie,USCA - Ouest,FUR-CH-10004675,Mobilier,Chaises,"Lifetime Advantage Folding Chairs, 4/Carton",348.93,2,0.2,34.89
789,US-2016-115938,6/26/2016,6/26/2016,Tarif normal,SA-20830,Sue Ann Reed,Grand public,États-Unis,Richmond,Virginie,USCA - Sud,OFF-BI-10001543,Fournitures de bureau,Classeurs,GBC VeloBinder Manual Binding System,143.96,4,0,69.1
790,US-2016-115938,6/26/2016,6/26/2016,Tarif normal,SA-20830,Sue Ann Reed,Grand public,États-Unis,Richmond,Virginie,USCA - Sud,OFF-ST-10001321,Fournitures de bureau,Stockage,"Decoflex Hanging Personal Folder File, Blue",15.42,1,0,4.16
791,US-2016-115938,6/26/2016,6/26/2016,Tarif normal,SA-20830,Sue Ann Reed,Grand public,États-Unis,Richmond,Virginie,USCA - Sud,OFF-BI-10001132,Fournitures de bureau,Classeurs,"Acco PRESSTEX Data Binder with Storage Hooks, Dark Blue, 9 1/2"" X 11""",43.04,8,0,21.09
792,US-2016-115938,6/26/2016,6/26/2016,Tarif normal,SA-20830,Sue Ann Reed,Grand public,États-Unis,Richmond,Virginie,USCA - Sud,FUR-CH-10003199,Mobilier,Chaises,Office Star - Contemporary Task Swivel Chair,332.94,3,0,79.91
797,US-2016-124653,12/24/2016,12/26/2016,Prioritaire,DB-13120,David Bremer,Entreprise,États-Unis,Rochester,New York,USCA - Est,OFF-PA-10000176,Fournitures de bureau,Papier,Xerox 1887,132.79,7,0,63.74
798,US-2016-124653,12/24/2016,12/26/2016,Prioritaire,DB-13120,David Bremer,Entreprise,États-Unis,Rochester,New York,USCA - Est,OFF-PA-10002365,Fournitures de bureau,Papier,Xerox 1967,12.96,2,0,6.22
799,US-2016-124653,12/24/2016,12/26/2016,Prioritaire,DB-13120,David Bremer,Entreprise,États-Unis,Rochester,New York,USCA - Est,OFF-LA-10002271,Fournitures de bureau,Étiquettes,Smead Alpha-Z Color-Coded Second Alphabetical Labels and Starter Set,21.56,7,0,10.35
800,US-2016-101910,11/27/2016,12/3/2016,Tarif normal,CD-11920,Carlos Daly,Grand public,États-Unis,Lake Elsinore,Californie,USCA - Ouest,FUR-CH-10002647,Mobilier,Chaises,"Situations Contoured Folding Chairs, 4/Set",283.92,5,0.2,17.75
808,US-2016-140921,2/3/2016,2/5/2016,Prioritaire,AA-10375,Allen Armold,Grand public,États-Unis,Omaha,Nebraska,USCA - Centre,FUR-FU-10003347,Mobilier,Meubles,Coloredge Poster Frame,28.4,2,0,11.08
809,US-2016-140921,2/3/2016,2/5/2016,Prioritaire,AA-10375,Allen Armold,Grand public,États-Unis,Omaha,Nebraska,USCA - Centre,TEC-AC-10004901,Produits technologiques,Accessoires,Kensington SlimBlade Notebook Wireless Mouse with Nano Receiver,149.97,3,0,50.99
816,US-2016-106565,3/20/2016,3/23/2016,Prioritaire,BW-11110,Bart Watters,Entreprise,États-Unis,Milwaukee,Wisconsin,USCA - Centre,OFF-PA-10000061,Fournitures de bureau,Papier,Xerox 205,51.84,8,0,24.88
840,US-2016-100454,11/20/2016,11/25/2016,Tarif normal,BM-11650,Brian Moss,Entreprise,États-Unis,New York City,New York,USCA - Est,OFF-AR-10004648,Fournitures de bureau,Art,Boston 19500 Mighty Mite Electric Pencil Sharpener,60.45,3,0,16.32
841,US-2016-100454,11/20/2016,11/25/2016,Tarif normal,BM-11650,Brian Moss,Entreprise,États-Unis,New York City,New York,USCA - Est,OFF-AR-10002578,Fournitures de bureau,Art,Newell 335,11.52,4,0,3.34
842,US-2016-100454,11/20/2016,11/25/2016,Tarif normal,BM-11650,Brian Moss,Entreprise,États-Unis,New York City,New York,USCA - Est,FUR-BO-10001519,Mobilier,Bibliothèques,O'Sullivan 3-Shelf Heavy-Duty Bookcases,186.05,4,0.2,9.3
847,US-2016-114300,10/13/2016,10/17/2016,Tarif normal,AF-10885,Art Foster,Grand public,États-Unis,Louisville,Kentucky,USCA - Sud,TEC-PH-10001552,Produits technologiques,Téléphones,I Need's 3d Hello Kitty Hybrid Silicone Case Cover for HTC One X 4g with 3d Hello Kitty Stylus Pen Green/pink,83.72,7,0,23.44
848,US-2016-114300,10/13/2016,10/17/2016,Tarif normal,AF-10885,Art Foster,Grand public,États-Unis,Louisville,Kentucky,USCA - Sud,FUR-CH-10001891,Mobilier,Chaises,Global Deluxe Office Fabric Chairs,287.94,3,0,77.74
872,US-2016-131128,10/19/2016,10/20/2016,Prioritaire,TB-21520,Tracy Blumstein,Grand public,États-Unis,Concord,New Hampshire,USCA - Est,OFF-PA-10003591,Fournitures de bureau,Papier,Southworth 100% Cotton The Best Paper,34.44,3,0,17.22
882,US-2016-129098,10/9/2016,10/13/2016,Tarif normal,DK-13090,Dave Kipp,Grand public,États-Unis,Springfield,Virginie,USCA - Sud,OFF-ST-10001321,Fournitures de bureau,Stockage,"Decoflex Hanging Personal Folder File, Blue",30.84,2,0,8.33
886,US-2016-143602,4/25/2016,4/28/2016,J+2,JS-15595,Jill Stevenson,Entreprise,États-Unis,Los Angeles,Californie,USCA - Ouest,OFF-BI-10002071,Fournitures de bureau,Classeurs,Fellowes Black Plastic Comb Bindings,13.94,3,0.2,4.53
913,US-2016-133627,2/21/2016,2/21/2016,Tarif normal,SC-20050,Sample Company A,Bureau à domicile,États-Unis,Norwich,Connecticut,USCA - Est,FUR-FU-10001935,Mobilier,Meubles,3M Hangers With Command Adhesive,22.2,6,0,9.1
922,US-2016-111164,4/11/2016,4/15/2016,Tarif normal,SE-20110,Sanjit Engle,Grand public,États-Unis,New York City,New York,USCA - Est,TEC-AC-10002473,Produits technologiques,Accessoires,Maxell 4.7GB DVD-R,85.14,3,0,34.91
923,US-2016-111164,4/11/2016,4/15/2016,Tarif normal,SE-20110,Sanjit Engle,Grand public,États-Unis,New York City,New York,USCA - Est,TEC-PH-10004531,Produits technologiques,Téléphones,OtterBox Commuter Series Case - iPhone 5 & 5s,21.99,1,0,10.56
924,US-2016-111164,4/11/2016,4/15/2016,Tarif normal,SE-20110,Sanjit Engle,Grand public,États-Unis,New York City,New York,USCA - Est,OFF-AP-10004487,Fournitures de bureau,Électroménager,Kensington 4 Outlet MasterPiece Compact Power Control Center,406.6,5,0,113.85
928,US-2016-115091,10/5/2016,10/9/2016,Tarif normal,JJ-15760,Joel Jenkins,Bureau à domicile,États-Unis,Springfield,Virginie,USCA - Sud,OFF-AR-10000658,Fournitures de bureau,Art,Newell 324,46.2,4,0,12.94
929,US-2016-115091,10/5/2016,10/9/2016,Tarif normal,JJ-15760,Joel Jenkins,Bureau à domicile,États-Unis,Springfield,Virginie,USCA - Sud,OFF-AP-10000696,Fournitures de bureau,Électroménager,Holmes Odor Grabber,28.84,2,0,9.52
939,US-2016-148250,12/13/2016,12/17/2016,Tarif normal,RP-19270,Rachel Payne,Entreprise,États-Unis,Riverside,Californie,USCA - Ouest,OFF-PA-10000289,Fournitures de bureau,Papier,Xerox 213,12.96,2,0,6.22
940,US-2016-148250,12/13/2016,12/17/2016,Tarif normal,RP-19270,Rachel Payne,Entreprise,États-Unis,Riverside,Californie,USCA - Ouest,OFF-AP-10003040,Fournitures de bureau,Électroménager,Fellowes 8 Outlet Superior Workstation Surge Protector w/o Phone/Fax/Modem Protection,134.48,4,0,34.96
944,US-2016-120880,5/29/2016,6/3/2016,Tarif normal,JL-15850,John Lucas,Grand public,États-Unis,Seattle,Washington,USCA - Ouest,OFF-PA-10004101,Fournitures de bureau,Papier,Xerox 1894,32.4,5,0,15.55
945,US-2016-120880,5/29/2016,6/3/2016,Tarif normal,JL-15850,John Lucas,Grand public,États-Unis,Seattle,Washington,USCA - Ouest,OFF-ST-10001496,Fournitures de bureau,Stockage,Standard Rollaway File with Lock,540.57,3,0,140.55
946,US-2016-120880,5/29/2016,6/3/2016,Tarif normal,JL-15850,John Lucas,Grand public,États-Unis,Seattle,Washington,USCA - Ouest,OFF-BI-10002931,Fournitures de bureau,Classeurs,"Avery Trapezoid Extra Heavy Duty 4"" Binders",167.76,5,0.2,62.91
947,US-2016-140200,7/26/2016,7/28/2016,Prioritaire,CA-12775,Cynthia Arntzen,Grand public,États-Unis,Mesa,Arizona,USCA - Ouest,FUR-TA-10002356,Mobilier,Tables,Bevis Boat-Shaped Conference Table,393.17,3,0.5,-204.45
960,US-2016-112571,9/22/2016,9/22/2016,Le même jour,DL-12925,Daniel Lacy,Grand public,États-Unis,Oceanside,Californie,USCA - Ouest,FUR-FU-10004188,Mobilier,Meubles,Luxo Professional Combination Clamp-On Lamps,204.6,2,0,53.2
962,US-2016-160059,11/27/2016,12/1/2016,Tarif normal,TB-21190,Thomas Brumley,Bureau à domicile,États-Unis,Fayetteville,Arkansas,USCA - Sud,OFF-BI-10000145,Fournitures de bureau,Classeurs,Zipper Ring Binder Pockets,6.24,2,0,3.06
980,US-2016-157035,12/9/2016,12/12/2016,Prioritaire,KB-16600,Ken Brennan,Entreprise,États-Unis,Columbus,Indiana,USCA - Centre,OFF-PA-10004156,Fournitures de bureau,Papier,Xerox 188,34.02,3,0,16.67
988,US-2016-146829,3/10/2016,3/10/2016,Le même jour,TS-21340,Toby Swindell,Grand public,États-Unis,Houston,Texas,USCA - Centre,OFF-BI-10004022,Fournitures de bureau,Classeurs,Acco Suede Grain Vinyl Round Ring Binder,1.11,2,0.8,-1.89
991,US-2016-153549,3/29/2016,3/29/2016,J+2,SL-20155,Sara Luxemburg,Bureau à domicile,États-Unis,Jacksonville,Floride,USCA - Sud,FUR-CH-10004086,Mobilier,Chaises,Hon 4070 Series Pagoda Armless Upholstered Stacking Chairs,1166.92,5,0.2,131.28
997,US-2016-162537,10/28/2016,11/3/2016,Tarif normal,RD-19585,Rob Dowd,Grand public,États-Unis,Henderson,Kentucky,USCA - Sud,OFF-EN-10003862,Fournitures de bureau,Enveloppes,Laser & Ink Jet Business Envelopes,10.67,1,0,4.91
998,US-2016-162537,10/28/2016,11/3/2016,Tarif normal,RD-19585,Rob Dowd,Grand public,États-Unis,Henderson,Kentucky,USCA - Sud,OFF-ST-10004258,Fournitures de bureau,Stockage,Portable Personal File Box,36.63,3,0,9.89
999,US-2016-162537,10/28/2016,11/3/2016,Tarif normal,RD-19585,Rob Dowd,Grand public,États-Unis,Henderson,Kentucky,USCA - Sud,FUR-FU-10002885,Mobilier,Meubles,Magna Visual Magnetic Picture Hangers,24.1,5,0,9.16
1000,US-2016-162537,10/28/2016,11/3/2016,Tarif normal,RD-19585,Rob Dowd,Grand public,États-Unis,Henderson,Kentucky,USCA - Sud,FUR-FU-10001918,Mobilier,Meubles,C-Line Cubicle Keepers Polyproplyene Holder With Velcro Backings,33.11,7,0,12.91
1002,US-2016-124891,4/22/2016,4/22/2016,Le même jour,RH-19495,Rick Hansen,Grand public,États-Unis,New York City,New York,USCA - Est,TEC-AC-10003033,Produits technologiques,Accessoires,Plantronics CS510 - Over-the-Head monaural Wireless Headset System,2309.65,7,0,762.18
1003,US-2016-124891,4/22/2016,4/22/2016,Le même jour,RH-19495,Rick Hansen,Grand public,États-Unis,New York City,New York,USCA - Est,FUR-TA-10002903,Mobilier,Tables,"Bevis Round Bullnose 29"" High Table Top",1090.78,7,0.4,-290.88
1004,US-2016-124891,4/22/2016,4/22/2016,Le même jour,RH-19495,Rick Hansen,Grand public,États-Unis,New York City,New York,USCA - Est,OFF-PA-10004621,Fournitures de bureau,Papier,Xerox 212,19.44,3,0,9.33
1005,US-2016-126445,8/27/2016,8/27/2016,Tarif normal,RA-19945,Ryan Akin,Grand public,États-Unis,Murrieta,Californie,USCA - Ouest,OFF-ST-10000046,Fournitures de bureau,Stockage,Fellowes Super Stor/Drawer Files,484.65,3,0,92.08
1006,US-2016-111199,11/13/2016,11/17/2016,Tarif normal,JK-15730,Joe Kamberova,Grand public,États-Unis,Jacksonville,Caroline du Nord,USCA - Sud,OFF-PA-10001790,Fournitures de bureau,Papier,Xerox 1910,115.3,3,0.2,40.35
1007,US-2016-105312,11/6/2016,11/9/2016,Prioritaire,MT-17815,Meg Tillman,Grand public,États-Unis,Scottsdale,Arizona,USCA - Ouest,OFF-EN-10002600,Fournitures de bureau,Enveloppes,"Redi-Strip #10 Envelopes, 4 1/8 x 9 1/2",7.08,3,0.2,2.48
1008,US-2016-105312,11/6/2016,11/9/2016,Prioritaire,MT-17815,Meg Tillman,Grand public,États-Unis,Scottsdale,Arizona,USCA - Ouest,OFF-BI-10002049,Fournitures de bureau,Classeurs,UniKeep View Case Binders,4.4,3,0.7,-3.52
1014,US-2016-126214,12/21/2016,12/24/2016,J+2,JS-15880,John Stevenson,Grand public,États-Unis,Seattle,Washington,USCA - Ouest,FUR-TA-10003748,Mobilier,Tables,Bevis 36 x 72 Conference Tables,1618.37,13,0,356.04
1015,US-2016-126214,12/21/2016,12/24/2016,J+2,JS-15880,John Stevenson,Grand public,États-Unis,Seattle,Washington,USCA - Ouest,TEC-AC-10003198,Produits technologiques,Accessoires,Enermax Acrylux Wireless Keyboard,99.6,1,0,36.85
1016,US-2016-133025,9/17/2016,9/19/2016,J+2,MO-17800,Meg O'Connel,Bureau à domicile,États-Unis,Los Angeles,Californie,USCA - Ouest,OFF-PA-10004100,Fournitures de bureau,Papier,Xerox 216,32.4,5,0,15.55
1017,US-2016-108665,7/6/2016,7/10/2016,Tarif normal,KM-16225,Kalyca Meade,Entreprise,États-Unis,New York City,New York,USCA - Est,FUR-FU-10002191,Mobilier,Meubles,G.E. Halogen Desk Lamp Bulbs,13.96,2,0,6.7
1018,US-2016-108665,7/6/2016,7/10/2016,Tarif normal,KM-16225,Kalyca Meade,Entreprise,États-Unis,New York City,New York,USCA - Est,FUR-FU-10000965,Mobilier,Meubles,"Howard Miller 11-1/2"" Diameter Ridgewood Wall Clock",155.82,3,0,63.89
1019,US-2016-108665,7/6/2016,7/10/2016,Tarif normal,KM-16225,Kalyca Meade,Entreprise,États-Unis,New York City,New York,USCA - Est,TEC-PH-10004188,Produits technologiques,Téléphones,OtterBox Commuter Series Case - Samsung Galaxy S4,124.95,5,0,2.5
1020,US-2016-108665,7/6/2016,7/10/2016,Tarif normal,KM-16225,Kalyca Meade,Entreprise,États-Unis,New York City,New York,USCA - Est,OFF-ST-10001526,Fournitures de bureau,Stockage,Iceberg Mobile Mega Data/Printer Cart,601.65,5,0,156.43
1021,US-2016-124450,4/27/2016,5/3/2016,Tarif normal,GT-14710,Greg Tran,Grand public,États-Unis,Washington,District de Columbia,USCA - Est,OFF-AR-10001166,Fournitures de bureau,Art,Staples in misc. colors,22.74,3,0,8.87
1022,US-2016-124450,4/27/2016,5/3/2016,Tarif normal,GT-14710,Greg Tran,Grand public,États-Unis,Washington,District de Columbia,USCA - Est,FUR-CH-10000309,Mobilier,Chaises,Global Comet Stacking Arm Chair,1267.53,3,0,316.88
1023,US-2016-124450,4/27/2016,5/3/2016,Tarif normal,GT-14710,Greg Tran,Grand public,États-Unis,Washington,DC,USCA - Est,TEC-MA-10004212,Produits technologiques,Machines,Cisco SPA525G2 5-Line IP Phone,1379.92,8,0,648.56
1024,US-2016-167269,6/16/2016,6/20/2016,Tarif normal,PB-19150,Philip Brown,Grand public,États-Unis,Philadelphia,Pennsylvanie,USCA - Est,OFF-EN-10003072,Fournitures de bureau,Enveloppes,Peel & Seel Envelopes,6.21,2,0.2,2.17
1038,US-2016-127418,6/13/2016,6/14/2016,Prioritaire,JJ-15445,Jennifer Jackson,Grand public,États-Unis,Los Angeles,Californie,USCA - Ouest,OFF-BI-10003707,Fournitures de bureau,Classeurs,Aluminum Screw Posts,36.62,3,0.2,13.73
1051,US-2016-153500,7/3/2016,7/5/2016,Prioritaire,DG-13300,Deirdre Greer,Entreprise,États-Unis,Philadelphia,Pennsylvanie,USCA - Est,FUR-FU-10000293,Mobilier,Meubles,Eldon Antistatic Chair Mats for Low to Medium Pile Carpets,168.46,2,0.2,-29.48
1052,US-2016-153500,7/3/2016,7/5/2016,Prioritaire,DG-13300,Deirdre Greer,Entreprise,États-Unis,Philadelphia,Pennsylvanie,USCA - Est,OFF-PA-10001307,Fournitures de bureau,Papier,"Important Message Pads, 50 4-1/4 x 5-1/2 Forms per Pad",6.72,2,0.2,2.44
1053,US-2016-153500,7/3/2016,7/5/2016,Prioritaire,DG-13300,Deirdre Greer,Entreprise,États-Unis,Philadelphia,Pennsylvanie,USCA - Est,FUR-FU-10004460,Mobilier,Meubles,"Howard Miller 12"" Round Wall Clock",282.89,9,0.2,56.58
1054,US-2016-110667,4/4/2016,4/8/2016,Tarif normal,NF-18595,Nicole Fjeld,Bureau à domicile,États-Unis,New York City,New York,USCA - Est,OFF-AR-10000716,Fournitures de bureau,Art,DIXON Ticonderoga Erasable Checking Pencils,11.16,2,0,4.35
1055,US-2016-110667,4/4/2016,4/8/2016,Tarif normal,NF-18595,Nicole Fjeld,Bureau à domicile,États-Unis,New York City,New York,USCA - Est,FUR-FU-10004622,Mobilier,Meubles,Eldon Advantage Foldable Chair Mats for Low Pile Carpets,108.4,2,0,22.76
1056,US-2016-110667,4/4/2016,4/8/2016,Tarif normal,NF-18595,Nicole Fjeld,Bureau à domicile,États-Unis,New York City,New York,USCA - Est,OFF-BI-10002735,Fournitures de bureau,Classeurs,GBC Prestige Therm-A-Bind Covers,82.34,3,0.2,27.79
1057,US-2016-110667,4/4/2016,4/8/2016,Tarif normal,NF-18595,Nicole Fjeld,Bureau à domicile,États-Unis,New York City,New York,USCA - Est,OFF-BI-10003529,Fournitures de bureau,Classeurs,Avery Round Ring Poly Binders,9.09,4,0.2,3.29
1061,US-2016-125374,3/23/2016,3/29/2016,Tarif normal,JD-16060,Julia Dunbar,Grand public,États-Unis,Houston,Texas,USCA - Centre,FUR-CH-10003396,Mobilier,Chaises,Global Deluxe Steno Chair,107.77,2,0.3,-29.25
1062,US-2016-161263,4/16/2016,4/21/2016,Tarif normal,TS-21160,Theresa Swint,Entreprise,États-Unis,Toledo,Ohio,USCA - Est,OFF-AP-10002350,Fournitures de bureau,Électroménager,Belkin F9H710-06 7 Outlet SurgeMaster Surge Protector,45.22,3,0.2,4.52
1063,US-2016-161263,4/16/2016,4/21/2016,Tarif normal,TS-21160,Theresa Swint,Entreprise,États-Unis,Toledo,Ohio,USCA - Est,OFF-FA-10004838,Fournitures de bureau,Éléments de fixation,"Super Bands, 12/Pack",10.42,7,0.2,-2.21
1064,US-2016-161263,4/16/2016,4/21/2016,Tarif normal,TS-21160,Theresa Swint,Entreprise,États-Unis,Toledo,Ohio,USCA - Est,OFF-AR-10004757,Fournitures de bureau,Art,Crayola Colored Pencils,7.87,3,0.2,1.28
1065,US-2016-161263,4/16/2016,4/21/2016,Tarif normal,TS-21160,Theresa Swint,Entreprise,États-Unis,Toledo,Ohio,USCA - Est,TEC-PH-10002115,Produits technologiques,Téléphones,Plantronics 81402,118.78,3,0.4,-27.72
1066,US-2016-161263,4/16/2016,4/21/2016,Tarif normal,TS-21160,Theresa Swint,Entreprise,États-Unis,Toledo,Ohio,USCA - Est,OFF-FA-10003059,Fournitures de bureau,Éléments de fixation,Assorted Color Push Pins,1.45,1,0.2,0.24
1067,US-2016-161263,4/16/2016,4/21/2016,Tarif normal,TS-21160,Theresa Swint,Entreprise,États-Unis,Toledo,Ohio,USCA - Est,OFF-BI-10004330,Fournitures de bureau,Classeurs,"GBC Velobind Prepunched Cover Sets, Regency Series",55.47,5,0.7,-46.23
1070,US-2016-150161,7/25/2016,7/29/2016,Tarif normal,RB-19795,Ross Baird,Bureau à domicile,États-Unis,Philadelphia,Pennsylvanie,USCA - Est,OFF-BI-10001524,Fournitures de bureau,Classeurs,GBC Premium Transparent Covers with Diagonal Lined Pattern,25.18,4,0.7,-18.46
1071,US-2016-144652,11/20/2016,11/26/2016,Tarif normal,SN-20560,Skye Norling,Bureau à domicile,États-Unis,Los Angeles,Californie,USCA - Ouest,OFF-AR-10003732,Fournitures de bureau,Art,Newell 333,19.46,7,0,5.06
1081,US-2016-110016,11/29/2016,12/4/2016,Tarif normal,BT-11395,Bill Tyler,Entreprise,États-Unis,Detroit,Michigan,USCA - Centre,OFF-PA-10000349,Fournitures de bureau,Papier,Easy-staple paper,19.92,4,0,9.36
1082,US-2016-110016,11/29/2016,12/4/2016,Tarif normal,BT-11395,Bill Tyler,Entreprise,États-Unis,Detroit,Michigan,USCA - Centre,FUR-CH-10002880,Mobilier,Chaises,"Global High-Back Leather Tilter, Burgundy",1106.91,9,0,121.76
1092,US-2016-143490,12/6/2016,12/13/2016,Tarif normal,NP-18325,Naresj Patel,Grand public,États-Unis,San Diego,Californie,USCA - Ouest,OFF-AR-10002952,Fournitures de bureau,Art,Stanley Contemporary Battery Pencil Sharpeners,120.15,9,0,33.64
1093,US-2016-143490,12/6/2016,12/13/2016,Tarif normal,NP-18325,Naresj Patel,Grand public,États-Unis,San Diego,Californie,USCA - Ouest,TEC-PH-10000576,Produits technologiques,Téléphones,AT&T 1080 Corded phone,219.18,2,0.2,19.18
1094,US-2016-165085,12/27/2016,12/27/2016,Tarif normal,BT-11485,Brad Thomas,Bureau à domicile,États-Unis,Clinton,Maryland,USCA - Est,OFF-PA-10000605,Fournitures de bureau,Papier,Xerox 1950,28.9,5,0,14.16
1095,US-2016-165085,12/27/2016,1/2/2017,Tarif normal,BT-11485,Brad Thomas,Bureau à domicile,États-Unis,Clinton,Maryland,USCA - Est,OFF-AP-10002518,Fournitures de bureau,Électroménager,Kensington 7 Outlet MasterPiece Power Center,355.96,2,0,103.23
1118,US-2016-142755,9/4/2016,9/8/2016,Tarif normal,CS-12355,Christine Sundaresam,Grand public,États-Unis,Roswell,Géorgie,USCA - Sud,OFF-PA-10001970,Fournitures de bureau,Papier,Xerox 1908,279.9,5,0,137.15
1119,US-2016-142755,9/4/2016,9/8/2016,Tarif normal,CS-12355,Christine Sundaresam,Grand public,États-Unis,Roswell,Géorgie,USCA - Sud,TEC-AC-10002049,Produits technologiques,Accessoires,Logitech G19 Programmable Gaming Keyboard,619.95,5,0,111.59
1120,US-2016-142755,9/4/2016,9/8/2016,Tarif normal,CS-12355,Christine Sundaresam,Grand public,États-Unis,Roswell,Géorgie,USCA - Sud,OFF-PA-10000141,Fournitures de bureau,Papier,"Ampad Evidence Wirebond Steno Books, 6"" x 9""",4.36,2,0,2.05
1121,US-2016-142755,9/4/2016,9/8/2016,Tarif normal,CS-12355,Christine Sundaresam,Grand public,États-Unis,Roswell,Géorgie,USCA - Sud,OFF-EN-10004459,Fournitures de bureau,Enveloppes,Security-Tint Envelopes,15.28,2,0,7.49
1128,US-2016-105970,3/2/2016,3/7/2016,Tarif normal,PA-19060,Pete Armstrong,Bureau à domicile,États-Unis,Richmond,Indiana,USCA - Centre,OFF-AR-10003156,Fournitures de bureau,Art,50 Colored Long Pencils,10.16,1,0,2.64
1129,US-2016-105970,3/2/2016,3/7/2016,Tarif normal,PA-19060,Pete Armstrong,Bureau à domicile,États-Unis,Richmond,Indiana,USCA - Centre,OFF-EN-10001532,Fournitures de bureau,Enveloppes,Brown Kraft Recycled Envelopes,101.88,6,0,50.94
1147,US-2016-112452,4/4/2016,4/4/2016,Le même jour,NC-18340,Nat Carroll,Grand public,États-Unis,Lansing,Michigan,USCA - Centre,OFF-AP-10003849,Fournitures de bureau,Électroménager,Hoover Shoulder Vac Commercial Portable Vacuum,644.08,2,0.1,107.35
1148,US-2016-112452,4/4/2016,4/4/2016,Le même jour,NC-18340,Nat Carroll,Grand public,États-Unis,Lansing,Michigan,USCA - Centre,OFF-FA-10000735,Fournitures de bureau,Éléments de fixation,Staples,5.84,2,0,2.63
1149,US-2016-112452,4/4/2016,4/4/2016,Le même jour,NC-18340,Nat Carroll,Grand public,États-Unis,Lansing,Michigan,USCA - Centre,OFF-BI-10003350,Fournitures de bureau,Classeurs,Acco Expandable Hanging Binders,12.76,2,0,5.87
1150,US-2016-112452,4/4/2016,4/4/2016,Le même jour,NC-18340,Nat Carroll,Grand public,États-Unis,Lansing,Michigan,USCA - Centre,TEC-PH-10000307,Produits technologiques,Téléphones,Shocksock Galaxy S4 Armband,10.95,1,0,0.44
1151,US-2016-112452,4/4/2016,4/4/2016,Le même jour,NC-18340,Nat Carroll,Grand public,États-Unis,Lansing,Michigan,USCA - Centre,TEC-CO-10004202,Produits technologiques,Photocopieurs,Brother DCP1000 Digital 3 in 1 Multifunction Machine,599.98,2,0,209.99
1152,US-2016-113971,5/8/2016,5/14/2016,Tarif normal,CB-12535,Claudia Bergmann,Entreprise,États-Unis,Cuyahoga Falls,Ohio,USCA - Est,FUR-FU-10001852,Mobilier,Meubles,"Eldon Regeneration Recycled Desk Accessories, Smoke",8.35,6,0.2,1.25
1167,US-2016-125416,11/2/2016,11/2/2016,Le même jour,KC-16540,Kelly Collister,Grand public,États-Unis,Seattle,Washington,USCA - Ouest,TEC-AC-10001552,Produits technologiques,Accessoires,Logitech K350 2.4Ghz Wireless Keyboard,447.93,9,0,49.27
1174,US-2016-104430,10/22/2016,10/26/2016,Tarif normal,LT-17110,Liz Thompson,Grand public,États-Unis,Bloomington,Illinois,USCA - Centre,OFF-BI-10000301,Fournitures de bureau,Classeurs,GBC Instant Report Kit,5.18,4,0.8,-7.76
1175,US-2016-132080,8/22/2016,8/25/2016,Prioritaire,DP-13105,Dave Poirier,Entreprise,États-Unis,New York City,New York,USCA - Est,OFF-BI-10003694,Fournitures de bureau,Classeurs,"Avery 3 1/2"" Diskette Storage Pages, 10/Pack",50.11,6,0.2,16.29
1194,US-2016-130519,9/15/2016,9/15/2016,Le même jour,NG-18355,Nat Gilpin,Entreprise,États-Unis,Coral Springs,Floride,USCA - Sud,OFF-PA-10001937,Fournitures de bureau,Papier,Xerox 21,15.55,3,0.2,5.44
1195,US-2016-130519,9/15/2016,9/15/2016,Le même jour,NG-18355,Nat Gilpin,Entreprise,États-Unis,Coral Springs,Floride,USCA - Sud,FUR-FU-10002268,Mobilier,Meubles,Ultra Door Push Plate,15.71,4,0.2,2.55
1196,US-2016-130519,9/15/2016,9/15/2016,Le même jour,NG-18355,Nat Gilpin,Entreprise,États-Unis,Coral Springs,Floride,USCA - Sud,OFF-ST-10001321,Fournitures de bureau,Stockage,"Decoflex Hanging Personal Folder File, Blue",24.67,2,0.2,2.16
1197,US-2016-130519,9/15/2016,9/15/2016,Le même jour,NG-18355,Nat Gilpin,Entreprise,États-Unis,Coral Springs,Floride,USCA - Sud,FUR-FU-10003394,Mobilier,Meubles,"Tenex ""The Solids"" Textured Chair Mats",55.97,1,0.2,-2.1
1232,US-2016-132570,7/23/2016,7/29/2016,J+2,KT-16480,Kean Thornton,Grand public,États-Unis,Buffalo,New York,USCA - Est,OFF-AR-10000369,Fournitures de bureau,Art,Design Ebony Sketching Pencil,2.78,2,0,0.72
1233,US-2016-132570,7/23/2016,7/29/2016,J+2,KT-16480,Kean Thornton,Grand public,États-Unis,Buffalo,New York,USCA - Est,OFF-EN-10003055,Fournitures de bureau,Enveloppes,"Blue String-Tie & Button Interoffice Envelopes, 10 x 13",79.96,2,0,35.98
1253,US-2016-154956,7/4/2016,7/9/2016,Tarif normal,IM-15070,Irene Maddox,Grand public,États-Unis,Milwaukee,Wisconsin,USCA - Centre,TEC-PH-10004165,Produits technologiques,Téléphones,Mitel MiVoice 5330e IP Phone,1099.96,4,0,285.99
1285,US-2016-149692,12/6/2016,12/12/2016,Tarif normal,KW-16435,Katrina Willman,Grand public,États-Unis,Austin,Texas,USCA - Centre,OFF-BI-10002813,Fournitures de bureau,Classeurs,Avery Reinforcements for Hole-Punch Pages,2.77,7,0.8,-4.85
1287,US-2016-124268,7/4/2016,7/8/2016,Tarif normal,AD-10180,Alan Dominguez,Bureau à domicile,États-Unis,New York City,New York,USCA - Est,OFF-AR-10004817,Fournitures de bureau,Art,Colorific Watercolor Pencils,15.48,3,0,4.49
1293,US-2016-101707,8/27/2016,9/1/2016,Tarif normal,PF-19165,Philip Fox,Grand public,États-Unis,San Diego,Californie,USCA - Ouest,OFF-SU-10001218,Fournitures de bureau,Fournitures,Fiskars Softgrip Scissors,32.94,3,0,9.22
1294,US-2016-101707,8/27/2016,9/1/2016,Tarif normal,PF-19165,Philip Fox,Grand public,États-Unis,San Diego,Californie,USCA - Ouest,OFF-PA-10002968,Fournitures de bureau,Papier,Xerox 1973,114.2,5,0,52.53
1295,US-2016-101707,8/27/2016,9/1/2016,Tarif normal,PF-19165,Philip Fox,Grand public,États-Unis,San Diego,Californie,USCA - Ouest,OFF-LA-10000134,Fournitures de bureau,Étiquettes,Avery 511,3.08,1,0,1.48
1296,US-2016-138898,5/25/2016,5/29/2016,Tarif normal,JH-16180,Justin Hirsh,Grand public,États-Unis,Pueblo,Colorado,USCA - Ouest,OFF-AP-10004487,Fournitures de bureau,Électroménager,Kensington 4 Outlet MasterPiece Compact Power Control Center,845.73,13,0.2,84.57
1300,US-2016-121391,10/4/2016,10/7/2016,Prioritaire,AA-10315,Alex Avila,Grand public,États-Unis,San Francisco,Californie,USCA - Ouest,OFF-ST-10001590,Fournitures de bureau,Stockage,"Tenex Personal Project File with Scoop Front Design, Black",26.96,2,0,7.01
1303,US-2016-115847,9/19/2016,9/24/2016,J+2,TC-21535,Tracy Collins,Bureau à domicile,États-Unis,Arlington,Virginie,USCA - Sud,FUR-BO-10003433,Mobilier,Bibliothèques,Sauder Cornerstone Collection Library,61.96,2,0,4.34
1327,US-2016-120439,6/14/2016,6/18/2016,Tarif normal,AD-10180,Alan Dominguez,Bureau à domicile,États-Unis,Philadelphia,Pennsylvanie,USCA - Est,FUR-FU-10001867,Mobilier,Meubles,"Eldon Expressions Punched Metal & Wood Desk Accessories, Pewter & Cherry",51.07,6,0.2,5.11
1344,US-2016-131758,5/28/2016,6/1/2016,Tarif normal,KB-16315,Karl Braun,Grand public,États-Unis,Freeport,New York,USCA - Est,OFF-AR-10000411,Fournitures de bureau,Art,Boston 16701 Slimline Battery Pencil Sharpener,47.82,3,0,14.35
1345,US-2016-131758,5/28/2016,6/1/2016,Tarif normal,KB-16315,Karl Braun,Grand public,États-Unis,Freeport,New York,USCA - Est,OFF-LA-10000262,Fournitures de bureau,Étiquettes,Avery 494,13.05,5,0,6
1370,US-2016-103471,12/24/2016,12/28/2016,Tarif normal,JR-15670,Jim Radford,Grand public,États-Unis,Colorado Springs,Colorado,USCA - Ouest,FUR-BO-10002613,Mobilier,Bibliothèques,"Atlantic Metals Mobile 4-Shelf Bookcases, Custom Colors",590.06,7,0.7,-786.74
1371,US-2016-103471,12/24/2016,12/28/2016,Tarif normal,JR-15670,Jim Radford,Grand public,États-Unis,Colorado Springs,Colorado,USCA - Ouest,OFF-AR-10003405,Fournitures de bureau,Art,"Dixon My First Ticonderoga Pencil, #2",14.04,3,0.2,1.58
1375,US-2016-120362,9/14/2016,9/19/2016,Tarif normal,CA-12265,Christina Anderson,Grand public,États-Unis,Provo,Utah,USCA - Ouest,FUR-TA-10003008,Mobilier,Tables,"Lesro Round Back Collection Coffee Table, End Table",912.75,5,0,118.66
1417,US-2016-126697,9/21/2016,9/24/2016,Prioritaire,SV-20815,Stuart Van,Entreprise,États-Unis,Houston,Texas,USCA - Centre,TEC-PH-10002922,Produits technologiques,Téléphones,ShoreTel ShorePhone IP 230 VoIP phone,946.34,7,0.2,118.29
1418,US-2016-126697,9/21/2016,9/24/2016,Prioritaire,SV-20815,Stuart Van,Entreprise,États-Unis,Houston,Texas,USCA - Centre,TEC-AC-10004353,Produits technologiques,Accessoires,Hypercom P1300 Pinpad,151.2,3,0.2,32.13
1419,US-2016-126697,9/21/2016,9/24/2016,Prioritaire,SV-20815,Stuart Van,Entreprise,États-Unis,Houston,Texas,USCA - Centre,FUR-FU-10001706,Mobilier,Meubles,Longer-Life Soft White Bulbs,4.93,4,0.6,-1.48
1420,US-2016-124800,9/26/2016,10/2/2016,Tarif normal,RW-19540,Rick Wilson,Entreprise,États-Unis,Mesa,Arizona,USCA - Ouest,OFF-PA-10000501,Fournitures de bureau,Papier,Petty Cash Envelope,86.27,4,0.2,31.27
1421,US-2016-124800,9/26/2016,10/2/2016,Tarif normal,RW-19540,Rick Wilson,Entreprise,États-Unis,Mesa,Arizona,USCA - Ouest,OFF-BI-10000778,Fournitures de bureau,Classeurs,GBC VeloBinder Electric Binding Machine,72.59,2,0.7,-48.39
1422,US-2016-124800,9/26/2016,10/2/2016,Tarif normal,RW-19540,Rick Wilson,Entreprise,États-Unis,Mesa,Arizona,USCA - Ouest,OFF-AP-10004980,Fournitures de bureau,Électroménager,3M Replacement Filter for Office Air Cleaner for 20' x 33' Room,60.67,2,0.2,14.41
1423,US-2016-124800,9/26/2016,10/2/2016,Tarif normal,RW-19540,Rick Wilson,Entreprise,États-Unis,Mesa,Arizona,USCA - Ouest,OFF-BI-10003984,Fournitures de bureau,Classeurs,Lock-Up Easel 'Spel-Binder',77.03,9,0.7,-59.06
1424,US-2016-124800,9/26/2016,10/2/2016,Tarif normal,RW-19540,Rick Wilson,Entreprise,États-Unis,Mesa,Arizona,USCA - Ouest,OFF-ST-10000798,Fournitures de bureau,Stockage,2300 Heavy-Duty Transfer File Systems by Perma,119.9,6,0.2,-1.5
1425,US-2016-124800,9/26/2016,10/2/2016,Tarif normal,RW-19540,Rick Wilson,Entreprise,États-Unis,Mesa,Arizona,USCA - Ouest,TEC-PH-10001750,Produits technologiques,Téléphones,Samsung Rugby III,263.96,5,0.2,23.1
1426,US-2016-124800,9/26/2016,10/2/2016,Tarif normal,RW-19540,Rick Wilson,Entreprise,États-Unis,Mesa,Arizona,USCA - Ouest,OFF-ST-10002743,Fournitures de bureau,Stockage,SAFCO Boltless Steel Shelving,363.65,4,0.2,-86.37
1427,US-2016-164448,7/23/2016,7/29/2016,J+2,DK-12835,Damala Kotsonis,Entreprise,États-Unis,Salinas,Californie,USCA - Ouest,OFF-BI-10002949,Fournitures de bureau,Classeurs,Prestige Round Ring Binders,9.73,2,0.2,3.28
1428,US-2016-164448,7/23/2016,7/29/2016,J+2,DK-12835,Damala Kotsonis,Entreprise,États-Unis,Salinas,Californie,USCA - Ouest,OFF-EN-10002600,Fournitures de bureau,Enveloppes,"Redi-Strip #10 Envelopes, 4 1/8 x 9 1/2",14.75,5,0,7.08
1429,US-2016-164448,7/23/2016,7/29/2016,J+2,DK-12835,Damala Kotsonis,Entreprise,États-Unis,Salinas,Californie,USCA - Ouest,OFF-BI-10003708,Fournitures de bureau,Classeurs,"Acco Four Pocket Poly Ring Binder with Label Holder, Smoke, 1""",29.8,5,0.2,9.31
1430,US-2016-164448,7/23/2016,7/29/2016,J+2,DK-12835,Damala Kotsonis,Entreprise,États-Unis,Salinas,Californie,USCA - Ouest,OFF-LA-10003510,Fournitures de bureau,Étiquettes,"Avery 4027 File Folder Labels for Dot Matrix Printers, 5000 Labels per Box, White",427.42,14,0,196.61
1438,US-2016-139731,10/15/2016,10/15/2016,Le même jour,JE-15745,Joel Eaton,Grand public,États-Unis,Amarillo,Texas,USCA - Centre,TEC-AC-10004975,Produits technologiques,Accessoires,Plantronics Audio 995 Wireless Stereo Headset,263.88,3,0.2,42.88
1439,US-2016-139731,10/15/2016,10/15/2016,Le même jour,JE-15745,Joel Eaton,Grand public,États-Unis,Amarillo,Texas,USCA - Centre,FUR-CH-10002024,Mobilier,Chaises,HON 5400 Series Task Chairs for Big and Tall,2453.43,5,0.3,-350.49
1444,US-2016-166135,10/1/2016,10/6/2016,Tarif normal,SC-20440,Shaun Chance,Entreprise,États-Unis,Aurora,Colorado,USCA - Ouest,OFF-ST-10002974,Fournitures de bureau,Stockage,"Trav-L-File Heavy-Duty Shuttle II, Black",139.42,4,0.2,17.43
1450,US-2016-145821,5/1/2016,5/7/2016,Tarif normal,JB-15400,Jennifer Braxton,Entreprise,États-Unis,Los Angeles,Californie,USCA - Ouest,TEC-PH-10004348,Produits technologiques,Téléphones,OtterBox Defender Series Case - iPhone 5c,88.75,3,0.2,11.09
1451,US-2016-160150,7/19/2016,7/20/2016,Prioritaire,TS-21085,Thais Sissman,Grand public,États-Unis,Phoenix,Arizona,USCA - Ouest,OFF-BI-10004352,Fournitures de bureau,Classeurs,Wilson Jones DublLock D-Ring Binders,2.03,1,0.7,-1.35
1458,US-2016-111297,8/17/2016,8/21/2016,Tarif normal,SC-20440,Shaun Chance,Entreprise,États-Unis,New Bedford,Massachusetts,USCA - Est,OFF-BI-10002412,Fournitures de bureau,Classeurs,Wilson Jones “Snap” Scratch Pad Binder Tool for Ring Binders,52.2,9,0,23.49
1461,US-2016-119907,12/1/2016,12/8/2016,Tarif normal,LC-17140,Logan Currie,Grand public,États-Unis,Seattle,Washington,USCA - Ouest,OFF-BI-10001765,Fournitures de bureau,Classeurs,Wilson Jones Heavy-Duty Casebound Ring Binders with Metal Hinges,55.42,2,0.2,19.4
1468,US-2016-100769,5/16/2016,5/16/2016,Le même jour,TH-21550,Tracy Hopkins,Bureau à domicile,États-Unis,Jacksonville,Floride,USCA - Sud,TEC-AC-10002402,Produits technologiques,Accessoires,Razer Kraken PRO Over Ear PC and Music Headset,255.97,4,0.2,32
1472,US-2016-161466,9/24/2016,9/27/2016,J+2,ON-18715,Odella Nelson,Entreprise,États-Unis,Philadelphia,Pennsylvanie,USCA - Est,OFF-AR-10000634,Fournitures de bureau,Art,Newell 320,6.85,2,0.2,0.6
1474,US-2016-105676,12/1/2016,12/2/2016,Le même jour,NM-18520,Neoma Murray,Grand public,États-Unis,Houston,Texas,USCA - Centre,FUR-FU-10004270,Mobilier,Meubles,"Eldon Image Series Desk Accessories, Burgundy",6.69,4,0.6,-4.01
1487,US-2016-140410,11/3/2016,11/7/2016,Tarif normal,CM-12655,Corinna Mitchell,Bureau à domicile,États-Unis,Los Angeles,Californie,USCA - Ouest,TEC-PH-10003580,Produits technologiques,Téléphones,Cisco IP Phone 7961G-GE VoIP phone,1212.85,7,0.2,106.12
1488,US-2016-140410,11/3/2016,11/7/2016,Tarif normal,CM-12655,Corinna Mitchell,Bureau à domicile,États-Unis,Los Angeles,Californie,USCA - Ouest,TEC-AC-10001109,Produits technologiques,Accessoires,Logitech Trackman Marble Mouse,89.97,3,0,37.79
1489,US-2016-140410,11/3/2016,11/7/2016,Tarif normal,CM-12655,Corinna Mitchell,Bureau à domicile,États-Unis,Los Angeles,Californie,USCA - Ouest,FUR-FU-10003347,Mobilier,Meubles,Coloredge Poster Frame,42.6,3,0,16.61
1505,US-2016-153388,8/1/2016,8/7/2016,Tarif normal,PC-19000,Pauline Chand,Bureau à domicile,États-Unis,Los Angeles,Californie,USCA - Ouest,OFF-AR-10001868,Fournitures de bureau,Art,Prang Dustless Chalk Sticks,6.72,4,0,3.36
1506,US-2016-153388,8/1/2016,8/7/2016,Tarif normal,PC-19000,Pauline Chand,Bureau à domicile,États-Unis,Los Angeles,Californie,USCA - Ouest,FUR-TA-10003715,Mobilier,Tables,Hon 2111 Invitation Series Corner Table,1004.98,6,0.2,-175.87
1522,US-2016-144806,12/6/2016,12/11/2016,Tarif normal,GH-14425,Gary Hwang,Grand public,États-Unis,Tucson,Arizona,USCA - Ouest,FUR-FU-10002253,Mobilier,Meubles,"Howard Miller 13"" Diameter Pewter Finish Round Wall Clock",206.11,6,0.2,48.95
1523,US-2016-144806,12/6/2016,12/11/2016,Tarif normal,GH-14425,Gary Hwang,Grand public,États-Unis,Tucson,Arizona,USCA - Ouest,OFF-PA-10002586,Fournitures de bureau,Papier,Xerox 1970,19.92,5,0.2,6.72
1524,US-2016-144806,12/6/2016,12/11/2016,Tarif normal,GH-14425,Gary Hwang,Grand public,États-Unis,Tucson,Arizona,USCA - Ouest,OFF-PA-10003039,Fournitures de bureau,Papier,Xerox 1960,198.27,8,0.2,61.96
1525,US-2016-144806,12/6/2016,12/11/2016,Tarif normal,GH-14425,Gary Hwang,Grand public,États-Unis,Tucson,Arizona,USCA - Ouest,OFF-ST-10004804,Fournitures de bureau,Stockage,"Belkin 19"" Vented Equipment Shelf, Black",247.1,6,0.2,-58.69
1526,US-2016-144806,12/6/2016,12/11/2016,Tarif normal,GH-14425,Gary Hwang,Grand public,États-Unis,Tucson,Arizona,USCA - Ouest,OFF-AR-10004042,Fournitures de bureau,Art,"BOSTON Model 1800 Electric Pencil Sharpeners, Putty/Woodgrain",86.3,6,0.2,9.71
1529,US-2016-148432,11/7/2016,11/10/2016,J+2,MC-18130,Mike Caudle,Entreprise,États-Unis,Newark,Delaware,USCA - Est,OFF-FA-10004968,Fournitures de bureau,Éléments de fixation,Rubber Band Ball,26.18,7,0,0.52
1530,US-2016-148432,11/7/2016,11/10/2016,J+2,MC-18130,Mike Caudle,Entreprise,États-Unis,Newark,Delaware,USCA - Est,OFF-PA-10001274,Fournitures de bureau,Papier,Loose Memo Sheets,7.3,2,0,3.43
1531,US-2016-103793,3/26/2016,4/1/2016,Tarif normal,BV-11245,Benjamin Venier,Entreprise,États-Unis,Miami,Floride,USCA - Sud,OFF-PA-10001125,Fournitures de bureau,Papier,Xerox 1988,74.35,3,0.2,23.24
1547,US-2016-111395,11/23/2016,11/27/2016,Tarif normal,VB-21745,Victoria Brennan,Entreprise,États-Unis,San Antonio,Texas,USCA - Centre,OFF-PA-10000994,Fournitures de bureau,Papier,Xerox 1915,335.52,4,0.2,117.43
1548,US-2016-111395,11/23/2016,11/27/2016,Tarif normal,VB-21745,Victoria Brennan,Entreprise,États-Unis,San Antonio,Texas,USCA - Centre,OFF-BI-10002867,Fournitures de bureau,Classeurs,GBC Recycled Regency Composition Covers,23.91,2,0.8,-40.65
1549,US-2016-111395,11/23/2016,11/27/2016,Tarif normal,VB-21745,Victoria Brennan,Entreprise,États-Unis,San Antonio,Texas,USCA - Centre,OFF-ST-10001291,Fournitures de bureau,Stockage,"Tenex Personal Self-Stacking Standard File Box, Black/Gray",27.06,2,0.2,2.37
1555,US-2016-111507,2/6/2016,2/13/2016,Tarif normal,VW-21775,Victoria Wilson,Entreprise,États-Unis,Bellevue,Washington,USCA - Ouest,OFF-AR-10001315,Fournitures de bureau,Art,Newell 310,5.28,3,0,1.53
1559,US-2016-112116,3/16/2016,3/18/2016,J+2,JE-15475,Jeremy Ellison,Grand public,États-Unis,Seattle,Washington,USCA - Ouest,FUR-TA-10001039,Mobilier,Tables,KI Adjustable-Height Table,171.96,2,0,44.71
1564,US-2016-158554,11/9/2016,11/9/2016,Le même jour,CM-12190,Charlotte Melton,Grand public,États-Unis,Philadelphia,Pennsylvanie,USCA - Est,OFF-PA-10004000,Fournitures de bureau,Papier,"While You Were Out Pads, 50 per Pad, 4 x 5 1/4, Green Cycle",11.35,3,0.2,4.12
1566,US-2016-132101,3/19/2016,3/25/2016,Tarif normal,JO-15550,Jesus Ocampo,Bureau à domicile,États-Unis,Seattle,Washington,USCA - Ouest,TEC-PH-10004539,Produits technologiques,Téléphones,Wireless Extenders zBoost YX545 SOHO Signal Booster,453.58,3,0.2,39.69
1567,US-2016-129112,11/29/2016,12/5/2016,Prioritaire,AW-10840,Anthony Witt,Grand public,États-Unis,Allen,Texas,USCA - Centre,TEC-AC-10003038,Produits technologiques,Accessoires,Kingston Digital DataTraveler 16GB USB 2.0,21.48,3,0.2,-0.27
1568,US-2016-129112,11/29/2016,12/5/2016,Prioritaire,AW-10840,Anthony Witt,Grand public,États-Unis,Allen,Texas,USCA - Centre,OFF-BI-10000088,Fournitures de bureau,Classeurs,GBC Imprintable Covers,8.78,4,0.8,-13.62
1580,US-2016-131338,8/9/2016,8/12/2016,Prioritaire,NP-18325,Naresj Patel,Grand public,États-Unis,New York City,New York,USCA - Est,TEC-PH-10003012,Produits technologiques,Téléphones,Nortel Meridian M3904 Professional Digital phone,307.98,2,0,89.31
1581,US-2016-131338,8/9/2016,8/12/2016,Prioritaire,NP-18325,Naresj Patel,Grand public,États-Unis,New York City,New York,USCA - Est,FUR-TA-10002607,Mobilier,Tables,KI Conference Tables,382.81,9,0.4,-153.12
1582,US-2016-131338,8/9/2016,8/12/2016,Prioritaire,NP-18325,Naresj Patel,Grand public,États-Unis,New York City,New York,USCA - Est,OFF-ST-10000642,Fournitures de bureau,Stockage,"Tennsco Lockers, Gray",41.96,2,0,2.94
1583,US-2016-131338,8/9/2016,8/12/2016,Prioritaire,NP-18325,Naresj Patel,Grand public,États-Unis,New York City,New York,USCA - Est,OFF-BI-10000545,Fournitures de bureau,Classeurs,GBC Ibimaster 500 Manual ProClick Binding System,1217.57,2,0.2,456.59
1584,US-2016-131338,8/9/2016,8/12/2016,Prioritaire,NP-18325,Naresj Patel,Grand public,États-Unis,New York City,New York,USCA - Est,FUR-FU-10002157,Mobilier,Meubles,Artistic Insta-Plaque,47.04,3,0,18.35
1585,US-2016-131338,8/9/2016,8/12/2016,Prioritaire,NP-18325,Naresj Patel,Grand public,États-Unis,New York City,New York,USCA - Est,FUR-FU-10001706,Mobilier,Meubles,Longer-Life Soft White Bulbs,6.16,2,0,2.96
1586,US-2016-131338,8/9/2016,8/12/2016,Prioritaire,NP-18325,Naresj Patel,Grand public,États-Unis,New York City,New York,USCA - Est,TEC-PH-10000984,Produits technologiques,Téléphones,Panasonic KX-TG9471B,979.95,5,0,274.39
1587,US-2016-131338,8/9/2016,8/12/2016,Prioritaire,NP-18325,Naresj Patel,Grand public,États-Unis,New York City,New York,USCA - Est,OFF-PA-10001357,Fournitures de bureau,Papier,Xerox 1886,143.7,3,0,68.98
1588,US-2016-131338,8/9/2016,8/12/2016,Prioritaire,NP-18325,Naresj Patel,Grand public,États-Unis,New York City,New York,USCA - Est,OFF-FA-10000992,Fournitures de bureau,Éléments de fixation,"Acco Clips to Go Binder Clips, 24 Clips in Two Sizes",10.65,3,0,5.01
1589,US-2016-131338,8/9/2016,8/12/2016,Prioritaire,NP-18325,Naresj Patel,Grand public,États-Unis,New York City,New York,USCA - Est,TEC-AC-10002600,Produits technologiques,Accessoires,Belkin QODE FastFit Bluetooth Keyboard,247.8,4,0,34.69
1593,US-2016-122826,6/23/2016,6/25/2016,J+2,RD-19480,Rick Duston,Grand public,États-Unis,Olympia,Washington,USCA - Ouest,TEC-PH-10004830,Produits technologiques,Téléphones,Pyle PRT45 Retro Home Telephone,201.57,4,0.2,22.68
1595,US-2016-118423,3/24/2016,3/27/2016,Prioritaire,DP-13390,Dennis Pardue,Bureau à domicile,États-Unis,Peoria,Illinois,USCA - Centre,FUR-BO-10000362,Mobilier,Bibliothèques,Sauder Inglewood Library Bookcases,359.06,3,0.3,-35.91
1616,US-2016-130022,8/10/2016,8/16/2016,Tarif normal,JK-16120,Julie Kriz,Bureau à domicile,États-Unis,Eagan,Minnesota,USCA - Centre,OFF-LA-10002787,Fournitures de bureau,Étiquettes,Avery 480,3.75,1,0,1.8
1617,US-2016-130022,8/10/2016,8/16/2016,Tarif normal,JK-16120,Julie Kriz,Bureau à domicile,États-Unis,Eagan,Minnesota,USCA - Centre,OFF-LA-10002043,Fournitures de bureau,Étiquettes,Avery 489,41.4,4,0,19.87
1618,US-2016-130022,8/10/2016,8/16/2016,Tarif normal,JK-16120,Julie Kriz,Bureau à domicile,États-Unis,Eagan,Minnesota,USCA - Centre,OFF-AR-10001915,Fournitures de bureau,Art,Peel-Off China Markers,29.79,3,0,12.51
1625,US-2016-157084,12/19/2016,12/24/2016,Tarif normal,JG-15160,James Galang,Grand public,États-Unis,Los Angeles,Californie,USCA - Ouest,TEC-PH-10002922,Produits technologiques,Téléphones,ShoreTel ShorePhone IP 230 VoIP phone,675.96,5,0.2,84.49
1626,US-2016-157084,12/19/2016,12/24/2016,Tarif normal,JG-15160,James Galang,Grand public,États-Unis,Los Angeles,Californie,USCA - Ouest,TEC-AC-10002049,Produits technologiques,Accessoires,Plantronics Savi W720 Multi-Device Wireless Headset System,1265.85,3,0,556.97
1627,US-2016-164539,11/16/2016,11/22/2016,Tarif normal,PO-19180,Philisse Overcash,Bureau à domicile,États-Unis,New York City,New York,USCA - Est,OFF-AP-10002457,Fournitures de bureau,Électroménager,"Eureka The Boss Plus 12-Amp Hard Box Upright Vacuum, Red",523.25,5,0,141.28
1628,US-2016-143119,9/24/2016,9/30/2016,Tarif normal,MC-17275,Marc Crier,Grand public,États-Unis,Lafayette,Louisiane,USCA - Sud,FUR-CH-10001270,Mobilier,Chaises,Harbour Creations Steel Folding Chair,517.5,6,0,155.25
1644,US-2016-111829,3/19/2016,3/20/2016,Prioritaire,FH-14365,Fred Hopkins,Entreprise,États-Unis,Seattle,Washington,USCA - Ouest,OFF-ST-10000142,Fournitures de bureau,Stockage,Deluxe Rollaway Locking File with Drawer,1247.64,3,0,349.34
1645,US-2016-111829,3/19/2016,3/20/2016,Prioritaire,FH-14365,Fred Hopkins,Entreprise,États-Unis,Seattle,Washington,USCA - Ouest,TEC-CO-10001766,Produits technologiques,Photocopieurs,Canon PC940 Copier,3149.93,7,0,1480.47
1646,US-2016-111829,3/19/2016,3/20/2016,Prioritaire,FH-14365,Fred Hopkins,Entreprise,États-Unis,Seattle,Washington,USCA - Ouest,OFF-PA-10004359,Fournitures de bureau,Papier,Multicolor Computer Printout Paper,209.7,2,0,100.66
1647,US-2016-105221,11/1/2016,11/3/2016,Prioritaire,VM-21685,Valerie Mitchum,Bureau à domicile,États-Unis,Philadelphia,Pennsylvanie,USCA - Est,TEC-AC-10002323,Produits technologiques,Accessoires,SanDisk Ultra 32 GB MicroSDHC Class 10 Memory Card,35.36,2,0.2,-3.09
1648,US-2016-105221,11/1/2016,11/3/2016,Prioritaire,VM-21685,Valerie Mitchum,Bureau à domicile,États-Unis,Philadelphia,Pennsylvanie,USCA - Est,OFF-FA-10001135,Fournitures de bureau,Éléments de fixation,"Brites Rubber Bands, 1 1/2 oz. Box",3.17,2,0.2,-0.71
1649,US-2016-120341,9/26/2016,9/29/2016,J+2,SF-20200,Sarah Foster,Grand public,États-Unis,Philadelphia,Pennsylvanie,USCA - Est,OFF-BI-10004224,Fournitures de bureau,Classeurs,Catalog Binders with Expanding Posts,121.1,6,0.7,-100.92
1650,US-2016-120341,9/26/2016,9/29/2016,J+2,SF-20200,Sarah Foster,Grand public,États-Unis,Philadelphia,Pennsylvanie,USCA - Est,TEC-PH-10003357,Produits technologiques,Téléphones,Grandstream GXP2100 Mainstream Business Phone,45.89,1,0.4,-9.18
1670,US-2016-157154,1/10/2016,1/15/2016,Tarif normal,MM-17920,Michael Moore,Grand public,États-Unis,New York City,New York,USCA - Est,FUR-TA-10001889,Mobilier,Tables,Bush Advantage Collection Racetrack Conference Table,1018.1,4,0.4,-373.3
1674,US-2016-150560,12/11/2016,12/12/2016,Prioritaire,SW-20455,Shaun Weien,Grand public,États-Unis,Suffolk,Virginie,USCA - Sud,OFF-LA-10003930,Fournitures de bureau,Étiquettes,"Dot Matrix Printer Tape Reel Labels, White, 5000/Box",196.62,2,0,96.34
1675,US-2016-143077,9/17/2016,9/21/2016,Tarif normal,SF-20965,Sylvia Foulston,Entreprise,États-Unis,Houston,Texas,USCA - Centre,FUR-FU-10003535,Mobilier,Meubles,Howard Miller Distant Time Traveler Alarm Clock,21.94,2,0.6,-10.42
1676,US-2016-143077,9/17/2016,9/21/2016,Tarif normal,SF-20965,Sylvia Foulston,Entreprise,États-Unis,Houston,Texas,USCA - Centre,OFF-BI-10000088,Fournitures de bureau,Classeurs,GBC Imprintable Covers,6.59,3,0.8,-10.21
1695,US-2016-156335,9/25/2016,9/28/2016,J+2,PO-19195,Phillina Ober,Bureau à domicile,États-Unis,Bayonne,New Jersey,USCA - Est,TEC-AC-10002006,Produits technologiques,Accessoires,Memorex Micro Travel Drive 16 GB,63.96,4,0,19.83
1696,US-2016-156335,9/25/2016,9/28/2016,J+2,PO-19195,Phillina Ober,Bureau à domicile,États-Unis,Bayonne,New Jersey,USCA - Est,OFF-BI-10003314,Fournitures de bureau,Classeurs,Tuff Stuff Recycled Round Ring Binders,14.46,3,0,7.09
1697,US-2016-156335,9/25/2016,9/28/2016,J+2,PO-19195,Phillina Ober,Bureau à domicile,États-Unis,Bayonne,New Jersey,USCA - Est,TEC-PH-10002726,Produits technologiques,Téléphones,netTALK DUO VoIP Telephone Service,104.98,2,0,52.49
1698,US-2016-148376,12/27/2016,1/2/2017,Tarif normal,AG-10900,Arthur Gainer,Grand public,États-Unis,Los Angeles,Californie,USCA - Ouest,OFF-AP-10000240,Fournitures de bureau,Électroménager,Belkin F9G930V10-GRY 9 Outlet Surge,106.96,2,0,31.02
1699,US-2016-148376,12/27/2016,1/2/2017,Tarif normal,AG-10900,Arthur Gainer,Grand public,États-Unis,Los Angeles,Californie,USCA - Ouest,OFF-LA-10002381,Fournitures de bureau,Étiquettes,Avery 497,21.56,7,0,10.35
1701,US-2016-114069,7/13/2016,7/15/2016,J+2,ND-18370,Natalie DeCherney,Grand public,États-Unis,New York City,New York,USCA - Est,OFF-BI-10000320,Fournitures de bureau,Classeurs,GBC Plastic Binding Combs,11.81,2,0.2,4.28
1702,US-2016-114069,7/13/2016,7/15/2016,J+2,ND-18370,Natalie DeCherney,Grand public,États-Unis,New York City,New York,USCA - Est,FUR-CH-10000595,Mobilier,Chaises,Safco Contoured Stacking Chairs,1931.04,9,0.1,321.84
1703,US-2016-114069,7/13/2016,7/15/2016,J+2,ND-18370,Natalie DeCherney,Grand public,États-Unis,New York City,New York,USCA - Est,OFF-PA-10000349,Fournitures de bureau,Papier,Easy-staple paper,9.96,2,0,4.68
1706,US-2016-100545,11/22/2016,11/26/2016,Tarif normal,IM-15070,Irene Maddox,Grand public,États-Unis,Philadelphia,Pennsylvanie,USCA - Est,OFF-BI-10003638,Fournitures de bureau,Classeurs,GBC Durable Plastic Covers,11.61,2,0.7,-9.29
1713,US-2016-145401,2/2/2016,2/4/2016,Tarif normal,JP-15520,Jeremy Pistek,Grand public,États-Unis,Houston,Texas,USCA - Centre,OFF-PA-10004405,Fournitures de bureau,Papier,Rediform Voice Mail Log Books,14.3,6,0.2,5.01
1722,US-2016-123218,12/20/2016,12/25/2016,Tarif normal,KD-16345,Katherine Ducich,Grand public,États-Unis,Chicago,Illinois,USCA - Centre,TEC-PH-10001061,Produits technologiques,Téléphones,Apple iPhone 5C,159.98,2,0.2,12
1723,US-2016-123218,12/20/2016,12/25/2016,Tarif normal,KD-16345,Katherine Ducich,Grand public,États-Unis,Chicago,Illinois,USCA - Centre,TEC-AC-10000736,Produits technologiques,Accessoires,Logitech G600 MMO Gaming Mouse,255.97,4,0.2,51.19
1724,US-2016-123218,12/20/2016,12/25/2016,Tarif normal,KD-16345,Katherine Ducich,Grand public,États-Unis,Chicago,Illinois,USCA - Centre,FUR-BO-10003966,Mobilier,Bibliothèques,"Sauder Facets Collection Library, Sky Alder Finish",359.06,3,0.3,-71.81
1725,US-2016-127453,12/19/2016,12/20/2016,Prioritaire,JK-15370,Jay Kimmel,Grand public,États-Unis,Philadelphia,Pennsylvanie,USCA - Est,OFF-AP-10000828,Fournitures de bureau,Électroménager,Avanti 4.4 Cu. Ft. Refrigerator,434.35,3,0.2,43.44
1726,US-2016-127453,12/19/2016,12/20/2016,Prioritaire,JK-15370,Jay Kimmel,Grand public,États-Unis,Philadelphia,Pennsylvanie,USCA - Est,OFF-AP-10002906,Fournitures de bureau,Électroménager,Hoover Replacement Belt for Commercial Guardsman Heavy-Duty Upright Vacuum,3.55,2,0.2,0.44
1727,US-2016-127453,12/19/2016,12/20/2016,Prioritaire,JK-15370,Jay Kimmel,Grand public,États-Unis,Philadelphia,Pennsylvanie,USCA - Est,OFF-AP-10003860,Fournitures de bureau,Électroménager,Fellowes Advanced 8 Outlet Surge Suppressor with Phone/Fax Protection,88.83,4,0.2,7.77
1738,US-2016-130204,9/3/2016,9/9/2016,Tarif normal,DB-13120,David Bremer,Entreprise,États-Unis,San Francisco,Californie,USCA - Ouest,OFF-ST-10001325,Fournitures de bureau,Stockage,Sterilite Officeware Hinged File Box,31.44,3,0,8.49
1739,US-2016-130204,9/3/2016,9/9/2016,Tarif normal,DB-13120,David Bremer,Entreprise,États-Unis,San Francisco,Californie,USCA - Ouest,TEC-AC-10003038,Produits technologiques,Accessoires,Kingston Digital DataTraveler 16GB USB 2.0,17.9,2,0,3.4
1740,US-2016-130204,9/3/2016,9/9/2016,Tarif normal,DB-13120,David Bremer,Entreprise,États-Unis,San Francisco,Californie,USCA - Ouest,TEC-AC-10003590,Produits technologiques,Accessoires,"TRENDnet 56K USB 2.0 Phone, Internet and Fax Modem",129.45,5,0,46.6
1751,US-2016-139094,11/22/2016,11/27/2016,Tarif normal,MO-17800,Meg O'Connel,Bureau à domicile,États-Unis,San Antonio,Texas,USCA - Centre,FUR-TA-10004607,Mobilier,Tables,Hon 2111 Invitation Series Straight Table,206.96,2,0.3,-32.52
1756,US-2016-135622,12/8/2016,12/11/2016,J+2,TT-21460,Tonja Turnell,Bureau à domicile,États-Unis,Fort Worth,Texas,USCA - Centre,OFF-PA-10000100,Fournitures de bureau,Papier,Xerox 1945,360.71,11,0.2,130.76
1757,US-2016-135622,12/8/2016,12/11/2016,J+2,TT-21460,Tonja Turnell,Bureau à domicile,États-Unis,Fort Worth,Texas,USCA - Centre,TEC-PH-10001817,Produits technologiques,Téléphones,Wilson Electronics DB Pro Signal Booster,1718.4,6,0.2,150.36
1758,US-2016-107349,7/13/2016,7/15/2016,Prioritaire,SL-20155,Sara Luxemburg,Bureau à domicile,États-Unis,Houston,Texas,USCA - Centre,OFF-BI-10001765,Fournitures de bureau,Classeurs,Wilson Jones Heavy-Duty Casebound Ring Binders with Metal Hinges,41.57,6,0.8,-66.51
1761,US-2016-130785,9/5/2016,9/9/2016,Tarif normal,AG-10900,Arthur Gainer,Grand public,États-Unis,San Diego,Californie,USCA - Ouest,FUR-BO-10000330,Mobilier,Bibliothèques,"Sauder Camden County Barrister Bookcase, Planked Cherry Finish",411.33,4,0.2,-4.84
1762,US-2016-130785,9/5/2016,9/9/2016,Tarif normal,AG-10900,Arthur Gainer,Grand public,États-Unis,San Diego,Californie,USCA - Ouest,OFF-BI-10001900,Fournitures de bureau,Classeurs,"DXL Angle-View Binders with Locking Rings, Black",28.75,6,0.2,9.7
1763,US-2016-130785,9/5/2016,9/9/2016,Tarif normal,AG-10900,Arthur Gainer,Grand public,États-Unis,San Diego,Californie,USCA - Ouest,FUR-BO-10003159,Mobilier,Bibliothèques,"Sauder Camden County Collection Libraries, Planked Cherry Finish",293.2,3,0.2,-20.7
1778,US-2016-105347,11/24/2016,11/28/2016,Tarif normal,DP-13000,Darren Powers,Grand public,États-Unis,Los Angeles,Californie,USCA - Ouest,OFF-PA-10000675,Fournitures de bureau,Papier,Xerox 1919,368.91,9,0,180.77
1779,US-2016-105347,11/24/2016,11/28/2016,Tarif normal,DP-13000,Darren Powers,Grand public,États-Unis,Los Angeles,Californie,USCA - Ouest,OFF-AR-10003045,Fournitures de bureau,Art,Prang Colored Pencils,14.7,5,0,6.62
1782,US-2016-111094,7/9/2016,7/13/2016,Tarif normal,CB-12535,Claudia Bergmann,Entreprise,États-Unis,Franklin,Massachusetts,USCA - Est,OFF-PA-10001609,Fournitures de bureau,Papier,Tops Wirebound Message Log Books,6.58,2,0,3.03
1783,US-2016-111094,7/9/2016,7/13/2016,Tarif normal,CB-12535,Claudia Bergmann,Entreprise,États-Unis,Franklin,Massachusetts,USCA - Est,OFF-BI-10001597,Fournitures de bureau,Classeurs,"Wilson Jones Ledger-Size, Piano-Hinge Binder, 2"", Blue",122.94,3,0,59.01
1788,US-2016-154326,2/15/2016,2/19/2016,Tarif normal,RP-19855,Roy Phan,Entreprise,États-Unis,Kenosha,Wisconsin,USCA - Centre,TEC-PH-10001819,Produits technologiques,Téléphones,Innergie mMini Combo Duo USB Travel Charging Kit,134.97,3,0,64.79
1789,US-2016-154326,2/15/2016,2/19/2016,Tarif normal,RP-19855,Roy Phan,Entreprise,États-Unis,Kenosha,Wisconsin,USCA - Centre,TEC-PH-10000560,Produits technologiques,Téléphones,Samsung Galaxy S III - 16GB - pebble blue (T-Mobile),699.98,2,0,195.99
1790,US-2016-154326,2/15/2016,2/19/2016,Tarif normal,RP-19855,Roy Phan,Entreprise,États-Unis,Kenosha,Wisconsin,USCA - Centre,TEC-AC-10004568,Produits technologiques,Accessoires,Maxell LTO Ultrium - 800 GB,139.95,5,0,26.59
1815,US-2016-131597,9/14/2016,9/18/2016,Tarif normal,SP-20620,Stefania Perrino,Entreprise,États-Unis,Los Angeles,Californie,USCA - Ouest,FUR-TA-10002607,Mobilier,Tables,KI Conference Tables,170.14,3,0.2,-8.51
1816,US-2016-164833,6/4/2016,6/4/2016,Le même jour,LL-16840,Lauren Leatherbury,Grand public,États-Unis,Seattle,Washington,USCA - Ouest,OFF-LA-10000443,Fournitures de bureau,Étiquettes,Avery 501,7.38,2,0,3.47
1817,US-2016-164833,6/4/2016,6/4/2016,Le même jour,LL-16840,Lauren Leatherbury,Grand public,États-Unis,Seattle,Washington,USCA - Ouest,OFF-AR-10004685,Fournitures de bureau,Art,"Binney & Smith Crayola Metallic Colored Pencils, 8-Color Set",9.26,2,0,3.06
1818,US-2016-125423,12/13/2016,12/15/2016,J+2,MC-17575,Matt Collins,Grand public,États-Unis,Los Angeles,Californie,USCA - Ouest,OFF-LA-10001771,Fournitures de bureau,Étiquettes,Avery 513,9.96,2,0,4.58
1829,US-2016-140851,7/13/2016,7/15/2016,J+2,ND-18460,Neil Ducich,Entreprise,États-Unis,Macon,Géorgie,USCA - Sud,OFF-PA-10000019,Fournitures de bureau,Papier,Xerox 1931,38.88,6,0,18.66
1833,US-2016-131422,11/5/2016,11/9/2016,Tarif normal,GB-14530,George Bell,Entreprise,États-Unis,Monroe,Caroline du Nord,USCA - Sud,FUR-CH-10001270,Mobilier,Chaises,Harbour Creations Steel Folding Chair,207,3,0.2,25.88
1843,US-2016-135391,2/9/2016,2/11/2016,J+2,FA-14230,Frank Atkinson,Entreprise,États-Unis,San Antonio,Texas,USCA - Centre,OFF-LA-10001074,Fournitures de bureau,Étiquettes,Round Specialty Laser Printer Labels,40.1,4,0.2,13.53
1844,US-2016-135391,2/9/2016,2/11/2016,J+2,FA-14230,Frank Atkinson,Entreprise,États-Unis,San Antonio,Texas,USCA - Centre,FUR-FU-10001986,Mobilier,Meubles,"Dana Fluorescent Magnifying Lamp, White, 36""",40.78,2,0.6,-30.59
1850,US-2016-160472,7/20/2016,7/25/2016,J+2,RK-19300,Ralph Kennedy,Grand public,États-Unis,South Bend,Indiana,USCA - Centre,OFF-ST-10000464,Fournitures de bureau,Stockage,"Multi-Use Personal File Cart and Caster Set, Three Stacking Bins",34.76,1,0,9.73
1851,US-2016-160472,7/20/2016,7/25/2016,J+2,RK-19300,Ralph Kennedy,Grand public,États-Unis,South Bend,Indiana,USCA - Centre,TEC-AC-10002253,Produits technologiques,Accessoires,Imation Bio 8GB USB Flash Drive Imation Corp,831.2,5,0,124.68
1852,US-2016-160472,7/20/2016,7/25/2016,J+2,RK-19300,Ralph Kennedy,Grand public,États-Unis,South Bend,Indiana,USCA - Centre,OFF-PA-10000528,Fournitures de bureau,Papier,Xerox 1981,26.4,5,0,11.88
1853,US-2016-160472,7/20/2016,7/25/2016,J+2,RK-19300,Ralph Kennedy,Grand public,États-Unis,South Bend,Indiana,USCA - Centre,OFF-EN-10000483,Fournitures de bureau,Enveloppes,"White Envelopes, White Envelopes with Clear Poly Window",106.75,7,0,49.11
1854,US-2016-160472,7/20/2016,7/25/2016,J+2,RK-19300,Ralph Kennedy,Grand public,États-Unis,South Bend,Indiana,USCA - Centre,OFF-PA-10003129,Fournitures de bureau,Papier,Tops White Computer Printout Paper,97.82,2,0,45.98
1855,US-2016-160472,7/20/2016,7/25/2016,J+2,RK-19300,Ralph Kennedy,Grand public,États-Unis,South Bend,Indiana,USCA - Centre,OFF-ST-10003442,Fournitures de bureau,Stockage,Eldon Portable Mobile Manager,141.4,5,0,38.18
1859,US-2016-121608,9/3/2016,9/5/2016,Prioritaire,JB-15400,Jennifer Braxton,Entreprise,États-Unis,Bristol,Connecticut,USCA - Est,OFF-AP-10002311,Fournitures de bureau,Électroménager,"Holmes Replacement Filter for HEPA Air Cleaner, Very Large Room, HEPA Filter",137.62,2,0,60.55
1860,US-2016-121608,9/3/2016,9/5/2016,Prioritaire,JB-15400,Jennifer Braxton,Entreprise,États-Unis,Bristol,Connecticut,USCA - Est,TEC-PH-10004959,Produits technologiques,Téléphones,Classic Ivory Antique Telephone ZL1810,100.49,1,0,25.12
1868,US-2016-127110,6/25/2016,7/1/2016,Tarif normal,CH-12070,Cathy Hwang,Bureau à domicile,États-Unis,Philadelphia,Pennsylvanie,USCA - Est,OFF-PA-10003309,Fournitures de bureau,Papier,Xerox 211,31.1,6,0.2,10.89
1869,US-2016-127110,6/25/2016,7/1/2016,Tarif normal,CH-12070,Cathy Hwang,Bureau à domicile,États-Unis,Philadelphia,Pennsylvanie,USCA - Est,OFF-ST-10002554,Fournitures de bureau,Stockage,Tennsco Industrial Shelving,78.26,2,0.2,-17.61
1881,US-2016-109512,3/5/2016,3/5/2016,Le même jour,LF-17185,Luke Foster,Grand public,États-Unis,New York City,New York,USCA - Est,OFF-EN-10002621,Fournitures de bureau,Enveloppes,Staple envelope,29.34,3,0,14.67
1882,US-2016-109512,3/5/2016,3/5/2016,Le même jour,LF-17185,Luke Foster,Grand public,États-Unis,New York City,New York,USCA - Est,FUR-CH-10001146,Mobilier,Chaises,"Global Value Mid-Back Manager's Chair, Gray",383.61,7,0.1,63.93
1883,US-2016-109512,3/5/2016,3/5/2016,Le même jour,LF-17185,Luke Foster,Grand public,États-Unis,New York City,New York,USCA - Est,OFF-ST-10000689,Fournitures de bureau,Stockage,"Fellowes Strictly Business Drawer File, Letter/Legal Size",563.4,4,0,67.61
1896,US-2016-109197,9/22/2016,9/26/2016,Tarif normal,JO-15280,Jas O'Carroll,Grand public,États-Unis,Missoula,Montana,USCA - Ouest,OFF-BI-10004632,Fournitures de bureau,Classeurs,Ibico Hi-Tech Manual Binding System,487.98,2,0.2,152.5
1909,US-2016-157959,2/3/2016,2/4/2016,Prioritaire,RW-19540,Rick Wilson,Entreprise,États-Unis,Los Angeles,Californie,USCA - Ouest,FUR-FU-10004093,Mobilier,Meubles,Hand-Finished Solid Wood Document Frame,136.92,4,0,41.08
1918,US-2016-105634,11/8/2016,11/14/2016,Tarif normal,HA-14905,Helen Abelman,Grand public,États-Unis,Franklin,Massachusetts,USCA - Est,OFF-AR-10001573,Fournitures de bureau,Art,American Pencil,11.65,5,0,3.38
1919,US-2016-123673,7/22/2016,7/26/2016,J+2,CH-12070,Cathy Hwang,Bureau à domicile,États-Unis,Detroit,Michigan,USCA - Centre,TEC-PH-10001809,Produits technologiques,Téléphones,Panasonic KX T7736-B Digital phone,299.9,2,0,74.98
1922,US-2016-125178,10/3/2016,10/9/2016,Tarif normal,MZ-17515,Mary Zewe,Entreprise,États-Unis,Reading,Pennsylvanie,USCA - Est,OFF-ST-10002562,Fournitures de bureau,Stockage,Staple magnet,15.01,2,0.2,1.5
1937,US-2016-141768,5/25/2016,5/27/2016,J+2,NP-18685,Nora Pelletier,Bureau à domicile,États-Unis,San Francisco,Californie,USCA - Ouest,FUR-FU-10002268,Mobilier,Meubles,Ultra Door Push Plate,14.73,3,0,4.86
1979,US-2016-109939,5/8/2016,5/12/2016,Tarif normal,AA-10375,Allen Armold,Grand public,États-Unis,Salem,Oregon,USCA - Ouest,OFF-AR-10000127,Fournitures de bureau,Art,Newell 321,5.25,2,0.2,0.59
1982,US-2016-119592,12/14/2016,12/16/2016,J+2,MM-18280,Muhammed MacIntyre,Entreprise,États-Unis,Columbus,Géorgie,USCA - Sud,OFF-BI-10004187,Fournitures de bureau,Classeurs,3-ring staple pack,3.76,2,0,1.8
1988,US-2016-127509,11/9/2016,11/13/2016,Tarif normal,AS-10090,Adam Shillingsburg,Grand public,États-Unis,Springfield,Missouri,USCA - Centre,OFF-BI-10002393,Fournitures de bureau,Classeurs,Binder Posts,17.22,3,0,7.92
1989,US-2016-127509,11/9/2016,11/13/2016,Tarif normal,AS-10090,Adam Shillingsburg,Grand public,États-Unis,Springfield,Missouri,USCA - Centre,FUR-TA-10002855,Mobilier,Tables,Bevis Round Conference Table Top & Single Column Base,1024.38,7,0,215.12
1990,US-2016-127509,11/9/2016,11/13/2016,Tarif normal,AS-10090,Adam Shillingsburg,Grand public,États-Unis,Springfield,Missouri,USCA - Centre,OFF-EN-10000781,Fournitures de bureau,Enveloppes,"#10- 4 1/8"" x 9 1/2"" Recycled Envelopes",26.22,3,0,12.32
1991,US-2016-127509,11/9/2016,11/13/2016,Tarif normal,AS-10090,Adam Shillingsburg,Grand public,États-Unis,Springfield,Missouri,USCA - Centre,OFF-PA-10002160,Fournitures de bureau,Papier,Xerox 1978,17.34,3,0,8.5
2012,US-2016-155761,12/11/2016,12/11/2016,Le même jour,SC-20800,Stuart Calhoun,Grand public,États-Unis,Houston,Texas,USCA - Centre,TEC-AC-10001606,Produits technologiques,Accessoires,Logitech Wireless Performance Mouse MX for PC and Mac,159.98,2,0.2,36
2013,US-2016-155761,12/11/2016,12/11/2016,Le même jour,SC-20800,Stuart Calhoun,Grand public,États-Unis,Houston,Texas,USCA - Centre,OFF-ST-10000943,Fournitures de bureau,Stockage,Eldon ProFile File 'N Store Portable File Tub Letter/Legal Size Black,46.34,3,0.2,4.63
2017,US-2016-113110,3/19/2016,3/23/2016,Tarif normal,BK-11260,Berenike Kampe,Grand public,États-Unis,San Bernardino,Californie,USCA - Ouest,OFF-BI-10000088,Fournitures de bureau,Classeurs,GBC Imprintable Covers,17.57,2,0.2,6.37
2018,US-2016-113110,3/19/2016,3/23/2016,Tarif normal,BK-11260,Berenike Kampe,Grand public,États-Unis,San Bernardino,Californie,USCA - Ouest,OFF-LA-10000240,Fournitures de bureau,Étiquettes,Self-Adhesive Address Labels for Typewriters by Universal,14.62,2,0,6.87
2019,US-2016-113110,3/19/2016,3/23/2016,Tarif normal,BK-11260,Berenike Kampe,Grand public,États-Unis,San Bernardino,Californie,USCA - Ouest,OFF-SU-10001165,Fournitures de bureau,Fournitures,Acme Elite Stainless Steel Scissors,33.36,4,0,8.67
2020,US-2016-113110,3/19/2016,3/23/2016,Tarif normal,BK-11260,Berenike Kampe,Grand public,États-Unis,San Bernardino,Californie,USCA - Ouest,OFF-PA-10002749,Fournitures de bureau,Papier,"Wirebound Message Books, 5-1/2 x 4 Forms, 2 or 4 Forms per Page",40.14,6,0,19.67
2026,US-2016-114237,3/13/2016,3/15/2016,Prioritaire,MC-17275,Marc Crier,Grand public,États-Unis,Seattle,Washington,USCA - Ouest,FUR-BO-10004409,Mobilier,Bibliothèques,"Safco Value Mate Series Steel Bookcases, Baked Enamel Finish on Steel, Gray",141.96,2,0,39.75
2029,US-2016-117961,11/26/2016,11/30/2016,Tarif normal,GP-14740,Guy Phonely,Entreprise,États-Unis,Leominster,Massachusetts,USCA - Est,OFF-BI-10000343,Fournitures de bureau,Classeurs,"Pressboard Covers with Storage Hooks, 9 1/2"" x 11"", Light Blue",14.73,3,0,6.92
2030,US-2016-117961,11/26/2016,11/30/2016,Tarif normal,GP-14740,Guy Phonely,Entreprise,États-Unis,Leominster,Massachusetts,USCA - Est,OFF-ST-10001172,Fournitures de bureau,Stockage,"Tennsco Lockers, Sand",104.9,5,0,25.18
2031,US-2016-117961,11/26/2016,11/30/2016,Tarif normal,GP-14740,Guy Phonely,Entreprise,États-Unis,Leominster,Massachusetts,USCA - Est,OFF-BI-10003707,Fournitures de bureau,Classeurs,Aluminum Screw Posts,61.04,4,0,30.52
2032,US-2016-117961,11/26/2016,11/30/2016,Tarif normal,GP-14740,Guy Phonely,Entreprise,États-Unis,Leominster,Massachusetts,USCA - Est,OFF-PA-10001274,Fournitures de bureau,Papier,Loose Memo Sheets,10.95,3,0,5.15
2037,US-2016-119214,1/23/2016,1/27/2016,Tarif normal,CW-11905,Carl Weiss,Bureau à domicile,États-Unis,Bozeman,Montana,USCA - Ouest,OFF-PA-10002893,Fournitures de bureau,Papier,"Wirebound Service Call Books, 5 1/2"" x 4""",29.04,3,0,13.94
2038,US-2016-119214,1/23/2016,1/27/2016,Tarif normal,CW-11905,Carl Weiss,Bureau à domicile,États-Unis,Bozeman,Montana,USCA - Ouest,OFF-LA-10003077,Fournitures de bureau,Étiquettes,Avery 500,14.62,2,0,6.87
2039,US-2016-122287,6/18/2016,6/23/2016,Tarif normal,SN-20560,Skye Norling,Bureau à domicile,États-Unis,Peoria,Arizona,USCA - Ouest,OFF-PA-10001661,Fournitures de bureau,Papier,Xerox 1922,11.95,3,0.2,4.33
2040,US-2016-122287,6/18/2016,6/23/2016,Tarif normal,SN-20560,Skye Norling,Bureau à domicile,États-Unis,Peoria,Arizona,USCA - Ouest,OFF-BI-10004656,Fournitures de bureau,Classeurs,Peel & Stick Add-On Corner Pockets,4.54,7,0.7,-3.33
2041,US-2016-122287,6/18/2016,6/23/2016,Tarif normal,SN-20560,Skye Norling,Bureau à domicile,États-Unis,Peoria,Arizona,USCA - Ouest,OFF-BI-10003707,Fournitures de bureau,Classeurs,Aluminum Screw Posts,9.16,2,0.7,-6.1
2042,US-2016-122287,6/18/2016,6/23/2016,Tarif normal,SN-20560,Skye Norling,Bureau à domicile,États-Unis,Peoria,Arizona,USCA - Ouest,FUR-FU-10004973,Mobilier,Meubles,Flat Face Poster Frame,75.36,5,0.2,20.72
2043,US-2016-104493,10/2/2016,10/8/2016,Tarif normal,EB-13705,Ed Braxton,Entreprise,États-Unis,San Diego,Californie,USCA - Ouest,OFF-BI-10004817,Fournitures de bureau,Classeurs,GBC Personal VeloBind Strips,57.5,6,0.2,20.13
2049,US-2016-142237,7/11/2016,7/13/2016,Prioritaire,CK-12595,Clytie Kelty,Grand public,États-Unis,Philadelphia,Pennsylvanie,USCA - Est,FUR-FU-10004848,Mobilier,Meubles,"Howard Miller 13-3/4"" Diameter Brushed Chrome Round Wall Clock",289.8,7,0.2,36.23
2050,US-2016-142237,7/11/2016,7/13/2016,Prioritaire,CK-12595,Clytie Kelty,Grand public,États-Unis,Philadelphia,Pennsylvanie,USCA - Est,OFF-BI-10004022,Fournitures de bureau,Classeurs,Acco Suede Grain Vinyl Round Ring Binder,2.5,3,0.7,-2
2051,US-2016-142237,7/11/2016,7/13/2016,Prioritaire,CK-12595,Clytie Kelty,Grand public,États-Unis,Philadelphia,Pennsylvanie,USCA - Est,OFF-BI-10003669,Fournitures de bureau,Classeurs,3M Organizer Strips,6.48,4,0.7,-4.75
2052,US-2016-142237,7/11/2016,7/13/2016,Prioritaire,CK-12595,Clytie Kelty,Grand public,États-Unis,Philadelphia,Pennsylvanie,USCA - Est,FUR-CH-10003833,Mobilier,Chaises,Novimex Fabric Task Chair,341.49,8,0.3,-73.18
2053,US-2016-142237,7/11/2016,7/13/2016,Prioritaire,CK-12595,Clytie Kelty,Grand public,États-Unis,Philadelphia,Pennsylvanie,USCA - Est,OFF-AR-10003732,Fournitures de bureau,Art,Newell 333,11.12,5,0.2,0.83
2054,US-2016-142237,7/11/2016,7/13/2016,Prioritaire,CK-12595,Clytie Kelty,Grand public,États-Unis,Philadelphia,Pennsylvanie,USCA - Est,FUR-FU-10003142,Mobilier,Meubles,"Master Big Foot Doorstop, Beige",25.34,6,0.2,3.48
2069,US-2016-133452,4/13/2016,4/19/2016,Tarif normal,ZC-21910,Zuschuss Carroll,Grand public,États-Unis,Pomona,Californie,USCA - Ouest,TEC-AC-10002800,Produits technologiques,Accessoires,Plantronics Audio 478 Stereo USB Headset,199.96,4,0,69.99
2070,US-2016-133452,4/13/2016,4/19/2016,Tarif normal,ZC-21910,Zuschuss Carroll,Grand public,États-Unis,Pomona,Californie,USCA - Ouest,FUR-TA-10003954,Mobilier,Tables,Hon 94000 Series Round Tables,710.83,3,0.2,-97.74
2080,US-2016-120103,12/24/2016,12/29/2016,Tarif normal,MS-17365,Maribeth Schnelling,Grand public,États-Unis,Phoenix,Arizona,USCA - Ouest,OFF-PA-10001295,Fournitures de bureau,Papier,Computer Printout Paper with Letter-Trim Perforations,106.23,7,0.2,37.18
2081,US-2016-120103,12/24/2016,12/29/2016,Tarif normal,MS-17365,Maribeth Schnelling,Grand public,États-Unis,Phoenix,Arizona,USCA - Ouest,TEC-PH-10002170,Produits technologiques,Téléphones,ClearSounds CSC500 Amplified Spirit Phone Corded phone,111.98,2,0.2,11.2
2082,US-2016-120103,12/24/2016,12/29/2016,Tarif normal,MS-17365,Maribeth Schnelling,Grand public,États-Unis,Phoenix,Arizona,USCA - Ouest,FUR-FU-10002885,Mobilier,Meubles,Magna Visual Magnetic Picture Hangers,7.71,2,0.2,1.74
2090,US-2016-139290,10/26/2016,10/30/2016,Tarif normal,MY-17380,Maribeth Yedwab,Entreprise,États-Unis,Rancho Cucamonga,Californie,USCA - Ouest,OFF-LA-10004008,Fournitures de bureau,Étiquettes,Avery 507,5.76,2,0,2.65
2094,US-2016-149678,4/13/2016,4/15/2016,J+2,AW-10840,Anthony Witt,Grand public,États-Unis,Farmington,Nouveau-Mexique,USCA - Ouest,OFF-SU-10004498,Fournitures de bureau,Fournitures,Martin-Yale Premier Letter Opener,12.88,1,0,0.39
2095,US-2016-164357,11/25/2016,11/29/2016,Tarif normal,SF-20065,Sandra Flanagan,Grand public,États-Unis,Wilmington,Caroline du Nord,USCA - Sud,OFF-AR-10001177,Fournitures de bureau,Art,Newell 349,13.12,5,0.2,1.48
2108,US-2016-164882,7/23/2016,7/23/2016,Le même jour,SG-20080,Sandra Glassco,Grand public,États-Unis,Redlands,Californie,USCA - Ouest,OFF-PA-10000157,Fournitures de bureau,Papier,Xerox 191,19.98,1,0,9.39
2109,US-2016-164882,7/23/2016,7/23/2016,Le même jour,SG-20080,Sandra Glassco,Grand public,États-Unis,Redlands,Californie,USCA - Ouest,OFF-BI-10004519,Fournitures de bureau,Classeurs,GBC DocuBind P100 Manual Binding Machine,398.35,3,0.2,124.49
2110,US-2016-164882,7/23/2016,7/23/2016,Le même jour,SG-20080,Sandra Glassco,Grand public,États-Unis,Redlands,Californie,USCA - Ouest,OFF-AR-10004272,Fournitures de bureau,Art,Newell 308,5.04,3,0,1.26
2111,US-2016-164882,7/23/2016,7/23/2016,Le même jour,SG-20080,Sandra Glassco,Grand public,États-Unis,Redlands,Californie,USCA - Ouest,OFF-FA-10000585,Fournitures de bureau,Éléments de fixation,OIC Bulk Pack Metal Binder Clips,17.45,5,0,8.03
2112,US-2016-164882,7/23/2016,7/23/2016,Le même jour,SG-20080,Sandra Glassco,Grand public,États-Unis,Redlands,Californie,USCA - Ouest,FUR-CH-10004218,Mobilier,Chaises,"Global Fabric Manager's Chair, Dark Gray",323.14,4,0.2,20.2
2113,US-2016-164882,7/23/2016,7/23/2016,Le même jour,SG-20080,Sandra Glassco,Grand public,États-Unis,Redlands,Californie,USCA - Ouest,OFF-SU-10004231,Fournitures de bureau,Fournitures,Acme Tagit Stainless Steel Antibacterial Scissors,29.7,3,0,8.02
2114,US-2016-164882,7/23/2016,7/23/2016,Le même jour,SG-20080,Sandra Glassco,Grand public,États-Unis,Redlands,Californie,USCA - Ouest,TEC-PH-10001578,Produits technologiques,Téléphones,Polycom SoundStation2 EX Conference phone,1295.84,4,0.2,145.78
2115,US-2016-164882,7/23/2016,7/23/2016,Le même jour,SG-20080,Sandra Glassco,Grand public,États-Unis,Redlands,Californie,USCA - Ouest,OFF-ST-10003638,Fournitures de bureau,Stockage,Mobile Personal File Cube,46.84,2,0,12.65
2116,US-2016-164882,7/23/2016,7/23/2016,Le même jour,SG-20080,Sandra Glassco,Grand public,États-Unis,Redlands,Californie,USCA - Ouest,FUR-BO-10002213,Mobilier,Bibliothèques,DMI Eclipse Executive Suite Bookcases,425.83,1,0.2,20.04
2117,US-2016-159786,10/12/2016,10/17/2016,J+2,RK-19300,Ralph Kennedy,Grand public,États-Unis,Rochester,New York,USCA - Est,FUR-TA-10001307,Mobilier,Tables,"SAFCO PlanMaster Heigh-Adjustable Drafting Table Base, 43w x 30d x 30-37h, Black",209.67,1,0.4,-13.98
2128,US-2016-134859,10/4/2016,10/9/2016,Tarif normal,JK-16120,Julie Kriz,Bureau à domicile,États-Unis,Philadelphia,Pennsylvanie,USCA - Est,FUR-FU-10003623,Mobilier,Meubles,"DataProducts Ampli Magnifier Task Lamp, Black,",64.94,3,0.2,6.49
2129,US-2016-134859,10/4/2016,10/9/2016,Tarif normal,JK-16120,Julie Kriz,Bureau à domicile,États-Unis,Philadelphia,Pennsylvanie,USCA - Est,OFF-PA-10001293,Fournitures de bureau,Papier,Xerox 1946,20.74,4,0.2,7.26
2133,US-2016-156524,11/20/2016,11/26/2016,Tarif normal,DL-12865,Dan Lawera,Grand public,États-Unis,New York City,New York,USCA - Est,OFF-PA-10003883,Fournitures de bureau,Papier,"Message Book, Phone, Wirebound Standard Line Memo, 2 3/4"" X 5""",19.65,3,0,9.04
2134,US-2016-122210,8/22/2016,8/26/2016,Tarif normal,WB-21850,William Brown,Grand public,États-Unis,Philadelphia,Pennsylvanie,USCA - Est,OFF-BI-10003656,Fournitures de bureau,Classeurs,Fellowes PB200 Plastic Comb Binding Machine,152.99,3,0.7,-122.39
2135,US-2016-122210,8/22/2016,8/26/2016,Tarif normal,WB-21850,William Brown,Grand public,États-Unis,Philadelphia,Pennsylvanie,USCA - Est,OFF-FA-10000053,Fournitures de bureau,Éléments de fixation,Revere Boxed Rubber Bands by Revere,10.58,7,0.2,-2.38
2136,US-2016-122210,8/22/2016,8/26/2016,Tarif normal,WB-21850,William Brown,Grand public,États-Unis,Philadelphia,Pennsylvanie,USCA - Est,TEC-PH-10002807,Produits technologiques,Téléphones,Motorla HX550 Universal Bluetooth Headset,94.92,4,0.4,15.82
2137,US-2016-156377,9/22/2016,9/26/2016,Tarif normal,TB-21625,Trudy Brown,Grand public,États-Unis,Grand Prairie,Texas,USCA - Centre,FUR-FU-10002364,Mobilier,Meubles,"Eldon Expressions Wood Desk Accessories, Oak",14.76,5,0.6,-11.44
2138,US-2016-156377,9/22/2016,9/26/2016,Tarif normal,TB-21625,Trudy Brown,Grand public,États-Unis,Grand Prairie,Texas,USCA - Centre,OFF-BI-10002954,Fournitures de bureau,Classeurs,Newell 3-Hole Punched Plastic Slotted Magazine Holders for Binders,3.66,4,0.8,-5.85
2153,US-2016-123505,11/22/2016,11/26/2016,Tarif normal,AR-10540,Andy Reiter,Grand public,États-Unis,Quincy,Massachusetts,USCA - Est,OFF-PA-10002586,Fournitures de bureau,Papier,Xerox 1970,14.94,3,0,7.02
2175,US-2016-132507,4/21/2016,4/25/2016,J+2,CC-12610,Corey Catlett,Entreprise,États-Unis,Houston,Texas,USCA - Centre,OFF-ST-10000943,Fournitures de bureau,Stockage,Eldon ProFile File 'N Store Portable File Tub Letter/Legal Size Black,61.79,4,0.2,6.18
2199,US-2016-135363,3/28/2016,4/2/2016,Tarif normal,CK-12205,Chloris Kastensmidt,Grand public,États-Unis,Philadelphia,Pennsylvanie,USCA - Est,OFF-PA-10003177,Fournitures de bureau,Papier,Xerox 1999,15.55,3,0.2,5.44
2200,US-2016-135363,3/28/2016,4/2/2016,Tarif normal,CK-12205,Chloris Kastensmidt,Grand public,États-Unis,Philadelphia,Pennsylvanie,USCA - Est,OFF-PA-10000533,Fournitures de bureau,Papier,Southworth Parchment Paper & Envelopes,5.23,1,0.2,1.7
2203,US-2016-138002,9/6/2016,9/12/2016,Tarif normal,BT-11305,Beth Thompson,Bureau à domicile,États-Unis,Seattle,Washington,USCA - Ouest,OFF-BI-10002160,Fournitures de bureau,Classeurs,Acco Hanging Data Binders,6.1,2,0.2,2.13
2204,US-2016-138002,9/6/2016,9/12/2016,Tarif normal,BT-11305,Beth Thompson,Bureau à domicile,États-Unis,Seattle,Washington,USCA - Ouest,FUR-FU-10004748,Mobilier,Meubles,"Howard Miller 16"" Diameter Gallery Wall Clock",191.82,3,0,74.81
2205,US-2016-128860,6/29/2016,7/5/2016,Tarif normal,SC-20725,Steven Cartwright,Grand public,États-Unis,Lancaster,Pennsylvanie,USCA - Est,FUR-FU-10001473,Mobilier,Meubles,"Eldon Executive Woodline II Desk Accessories, Mahogany",20.1,1,0.2,1.76
2209,US-2016-129854,8/22/2016,8/26/2016,Tarif normal,RB-19705,Roger Barcio,Bureau à domicile,États-Unis,New York City,New York,USCA - Est,OFF-AR-10000390,Fournitures de bureau,Art,Newell Chalk Holder,16.52,4,0,7.6
2222,US-2016-131884,12/6/2016,12/6/2016,Le même jour,DK-13375,Dennis Kane,Grand public,États-Unis,Marion,Ohio,USCA - Est,TEC-PH-10001578,Produits technologiques,Téléphones,Polycom SoundStation2 EX Conference phone,485.94,2,0.4,-89.09
2223,US-2016-131884,12/6/2016,12/6/2016,Le même jour,DK-13375,Dennis Kane,Grand public,États-Unis,Marion,Ohio,USCA - Est,OFF-AR-10004078,Fournitures de bureau,Art,Newell 312,37.38,8,0.2,4.67
2224,US-2016-131884,12/6/2016,12/6/2016,Le même jour,DK-13375,Dennis Kane,Grand public,États-Unis,Marion,Ohio,USCA - Est,FUR-CH-10004860,Mobilier,Chaises,Global Low Back Tilter Chair,70.69,1,0.3,-24.24
2234,US-2016-123232,12/14/2016,12/16/2016,J+2,DJ-13630,Doug Jacobs,Grand public,États-Unis,Portland,Oregon,USCA - Ouest,TEC-PH-10001051,Produits technologiques,Téléphones,HTC One,319.97,4,0.2,36
2236,US-2016-145849,9/15/2016,9/17/2016,J+2,CT-11995,Carol Triggs,Grand public,États-Unis,Indianapolis,Indiana,USCA - Centre,OFF-ST-10000025,Fournitures de bureau,Stockage,Fellowes Stor/Drawer Steel Plus Storage Drawers,190.86,2,0,11.45
2237,US-2016-145849,9/15/2016,9/17/2016,J+2,CT-11995,Carol Triggs,Grand public,États-Unis,Indianapolis,Indiana,USCA - Centre,OFF-AR-10000817,Fournitures de bureau,Art,Manco Dry-Lighter Erasable Highlighter,24.32,8,0,8.27
2248,US-2016-116092,2/15/2016,2/18/2016,J+2,JM-16195,Justin MacKendrick,Grand public,États-Unis,Los Angeles,Californie,USCA - Ouest,OFF-PA-10004285,Fournitures de bureau,Papier,Xerox 1959,13.36,2,0,6.41
2249,US-2016-116092,2/15/2016,2/18/2016,J+2,JM-16195,Justin MacKendrick,Grand public,États-Unis,Los Angeles,Californie,USCA - Ouest,OFF-BI-10001628,Fournitures de bureau,Classeurs,"Acco Data Flex Cable Posts For Top & Bottom Load Binders, 6"" Capacity",41.72,5,0.2,13.04
2250,US-2016-116092,2/15/2016,2/18/2016,J+2,JM-16195,Justin MacKendrick,Grand public,États-Unis,Los Angeles,Californie,USCA - Ouest,OFF-BI-10000546,Fournitures de bureau,Classeurs,Avery Durable Binders,11.52,5,0.2,4.18
2251,US-2016-116092,2/15/2016,2/18/2016,J+2,JM-16195,Justin MacKendrick,Grand public,États-Unis,Los Angeles,Californie,USCA - Ouest,OFF-AP-10001391,Fournitures de bureau,Électroménager,Kensington 6 Outlet MasterPiece HOMEOFFICE Power Control Center,541.44,6,0,157.02
2252,US-2016-116092,2/15/2016,2/18/2016,J+2,JM-16195,Justin MacKendrick,Grand public,États-Unis,Los Angeles,Californie,USCA - Ouest,OFF-PA-10000477,Fournitures de bureau,Papier,Xerox 22,19.44,3,0,9.33
2254,US-2016-169201,9/28/2016,10/1/2016,Prioritaire,HG-14965,Henry Goldwyn,Entreprise,États-Unis,San Francisco,Californie,USCA - Ouest,OFF-AP-10000696,Fournitures de bureau,Électroménager,Holmes Odor Grabber,43.26,3,0,14.28
2255,US-2016-169201,9/28/2016,10/1/2016,Prioritaire,HG-14965,Henry Goldwyn,Entreprise,États-Unis,San Francisco,Californie,USCA - Ouest,OFF-AP-10002082,Fournitures de bureau,Électroménager,Holmes HEPA Air Purifier,43.56,2,0,15.25
2260,US-2016-117611,11/8/2016,11/10/2016,J+2,MZ-17335,Maria Zettner,Bureau à domicile,États-Unis,San Diego,Californie,USCA - Ouest,OFF-FA-10002280,Fournitures de bureau,Éléments de fixation,Advantus Plastic Paper Clips,5,1,0,2.4
2261,US-2016-117611,11/8/2016,11/10/2016,J+2,MZ-17335,Maria Zettner,Bureau à domicile,États-Unis,San Diego,Californie,USCA - Ouest,TEC-AC-10002049,Produits technologiques,Accessoires,Logitech G19 Programmable Gaming Keyboard,371.97,3,0,66.95
2262,US-2016-137960,12/18/2016,12/18/2016,Le même jour,MW-18220,Mitch Webber,Grand public,États-Unis,New York City,New York,USCA - Est,TEC-AC-10002253,Produits technologiques,Accessoires,Imation Bio 8GB USB Flash Drive Imation Corp,166.24,1,0,24.94
2272,US-2016-102036,9/21/2016,9/27/2016,Tarif normal,CS-12130,Chad Sievert,Grand public,États-Unis,Seattle,Washington,USCA - Ouest,OFF-ST-10003123,Fournitures de bureau,Stockage,Fellowes Bases and Tops For Staxonsteel/High-Stak Systems,199.74,6,0,47.94
2273,US-2016-142944,3/6/2016,3/11/2016,Tarif normal,JL-15850,John Lucas,Grand public,États-Unis,San Francisco,Californie,USCA - Ouest,FUR-FU-10000308,Mobilier,Meubles,Deflect-o Glass Clear Studded Chair Mats,435.26,7,0,95.76
2274,US-2016-142944,3/6/2016,3/11/2016,Tarif normal,JL-15850,John Lucas,Grand public,États-Unis,San Francisco,Californie,USCA - Ouest,TEC-CO-10003763,Produits technologiques,Photocopieurs,Canon PC1060 Personal Laser Copier,1119.98,2,0.2,377.99
2284,US-2016-153108,3/5/2016,3/9/2016,Tarif normal,SF-20200,Sarah Foster,Grand public,États-Unis,New Castle,Indiana,USCA - Centre,TEC-PH-10001552,Produits technologiques,Téléphones,I Need's 3d Hello Kitty Hybrid Silicone Case Cover for HTC One X 4g with 3d Hello Kitty Stylus Pen Green/pink,23.92,2,0,6.7
2285,US-2016-153108,3/5/2016,3/9/2016,Tarif normal,SF-20200,Sarah Foster,Grand public,États-Unis,New Castle,Indiana,USCA - Centre,OFF-AP-10002222,Fournitures de bureau,Électroménager,Staple holder,60.69,7,0,16.39
2291,US-2016-149342,4/20/2016,4/25/2016,Tarif normal,TS-21160,Theresa Swint,Entreprise,États-Unis,Columbus,Géorgie,USCA - Sud,TEC-PH-10001557,Produits technologiques,Téléphones,Pyle PMP37LED,287.97,3,0,77.75
2292,US-2016-149342,4/20/2016,4/25/2016,Tarif normal,TS-21160,Theresa Swint,Entreprise,États-Unis,Columbus,Géorgie,USCA - Sud,FUR-FU-10002937,Mobilier,Meubles,"GE 48"" Fluorescent Tube, Cool White Energy Saver, 34 Watts, 30/Box",595.38,6,0,297.69
2293,US-2016-149342,4/20/2016,4/25/2016,Tarif normal,TS-21160,Theresa Swint,Entreprise,États-Unis,Columbus,Géorgie,USCA - Sud,OFF-PA-10001166,Fournitures de bureau,Papier,Xerox 2,12.96,2,0,6.22
2294,US-2016-130995,11/1/2016,11/6/2016,Tarif normal,QJ-19255,Quincy Jones,Entreprise,États-Unis,New York City,New York,USCA - Est,TEC-PH-10000347,Produits technologiques,Téléphones,Cush Cases Heavy Duty Rugged Cover Case for Samsung Galaxy S5 - Purple,4.95,1,0,1.34
2296,US-2016-113145,11/1/2016,11/5/2016,Tarif normal,VD-21670,Valerie Dominguez,Grand public,États-Unis,New York City,New York,USCA - Est,OFF-PA-10002659,Fournitures de bureau,Papier,Avoid Verbal Orders Carbonless Minifold Book,13.52,4,0,6.22
2297,US-2016-113145,11/1/2016,11/5/2016,Tarif normal,VD-21670,Valerie Dominguez,Grand public,États-Unis,New York City,New York,USCA - Est,FUR-FU-10000965,Mobilier,Meubles,"Howard Miller 11-1/2"" Diameter Ridgewood Wall Clock",259.7,5,0,106.48
2298,US-2016-113145,11/1/2016,11/5/2016,Tarif normal,VD-21670,Valerie Dominguez,Grand public,États-Unis,New York City,New York,USCA - Est,TEC-PH-10001527,Produits technologiques,Téléphones,Plantronics MX500i Earset,42.95,1,0,1.29
2299,US-2016-113145,11/1/2016,11/5/2016,Tarif normal,VD-21670,Valerie Dominguez,Grand public,États-Unis,New York City,New York,USCA - Est,TEC-AC-10001838,Produits technologiques,Accessoires,Razer Tiamat Over Ear 7.1 Surround Sound PC Gaming Headset,1399.93,7,0,601.97
2300,US-2016-113145,11/1/2016,11/5/2016,Tarif normal,VD-21670,Valerie Dominguez,Grand public,États-Unis,New York City,New York,USCA - Est,TEC-PH-10002597,Produits technologiques,Téléphones,Xblue XB-1670-86 X16 Small Office Telephone - Titanium,503.96,4,0,125.99
2307,US-2016-160794,8/6/2016,8/8/2016,Prioritaire,MS-17980,Michael Stewart,Entreprise,États-Unis,Houston,Texas,USCA - Centre,OFF-PA-10004156,Fournitures de bureau,Papier,Xerox 188,27.22,3,0.2,9.87
2320,US-2016-117828,12/23/2016,12/26/2016,Prioritaire,BD-11500,Bradley Drucker,Grand public,États-Unis,Richmond,Virginie,USCA - Sud,OFF-AP-10001563,Fournitures de bureau,Électroménager,Belkin Premiere Surge Master II 8-outlet surge protector,194.32,4,0,56.35
2322,US-2016-109470,9/22/2016,9/26/2016,J+2,KC-16255,Karen Carlisle,Entreprise,États-Unis,Henderson,Kentucky,USCA - Sud,OFF-BI-10004492,Fournitures de bureau,Classeurs,Tuf-Vin Binders,94.74,3,0,44.53
2323,US-2016-109470,9/22/2016,9/26/2016,J+2,KC-16255,Karen Carlisle,Entreprise,États-Unis,Henderson,Kentucky,USCA - Sud,OFF-BI-10001072,Fournitures de bureau,Classeurs,"GBC Clear Cover, 8-1/2 x 11, unpunched, 25 covers per pack",60.64,4,0,27.89
2324,US-2016-109470,9/22/2016,9/26/2016,J+2,KC-16255,Karen Carlisle,Entreprise,États-Unis,Henderson,Kentucky,USCA - Sud,OFF-BI-10003707,Fournitures de bureau,Classeurs,Aluminum Screw Posts,76.3,5,0,38.15
2325,US-2016-109470,9/22/2016,9/26/2016,J+2,KC-16255,Karen Carlisle,Entreprise,États-Unis,Henderson,Kentucky,USCA - Sud,OFF-BI-10000977,Fournitures de bureau,Classeurs,Ibico Plastic Spiral Binding Combs,364.8,12,0,167.81
2326,US-2016-105102,9/15/2016,9/19/2016,J+2,BM-11575,Brendan Murry,Entreprise,États-Unis,New York City,New York,USCA - Est,OFF-BI-10002082,Fournitures de bureau,Classeurs,GBC Twin Loop Wire Binding Elements,79.87,3,0.2,29.95
2327,US-2016-105102,9/15/2016,9/19/2016,J+2,BM-11575,Brendan Murry,Entreprise,États-Unis,New York City,New York,USCA - Est,FUR-BO-10004709,Mobilier,Bibliothèques,"Bush Westfield Collection Bookcases, Medium Cherry Finish",46.38,1,0.2,1.16
2328,US-2016-105102,9/15/2016,9/19/2016,J+2,BM-11575,Brendan Murry,Entreprise,États-Unis,New York City,New York,USCA - Est,OFF-PA-10002365,Fournitures de bureau,Papier,Xerox 1967,12.96,2,0,6.22
2330,US-2016-147739,12/25/2016,12/29/2016,Tarif normal,JD-16150,Justin Deggeller,Entreprise,États-Unis,Philadelphia,Pennsylvanie,USCA - Est,FUR-FU-10001468,Mobilier,Meubles,Tenex Antistatic Computer Chair Mats,547.14,4,0.2,-68.39
2354,US-2016-111514,5/23/2016,5/27/2016,Prioritaire,SC-20260,Scott Cohen,Entreprise,États-Unis,San Francisco,Californie,USCA - Ouest,FUR-BO-10002545,Mobilier,Bibliothèques,"Atlantic Metals Mobile 3-Shelf Bookcases, Custom Colors",1552.83,7,0.2,200.95
2355,US-2016-111514,5/23/2016,5/27/2016,Prioritaire,SC-20260,Scott Cohen,Entreprise,États-Unis,San Francisco,Californie,USCA - Ouest,OFF-BI-10002735,Fournitures de bureau,Classeurs,GBC Prestige Therm-A-Bind Covers,137.24,5,0.2,46.32
2356,US-2016-111514,5/23/2016,5/27/2016,Prioritaire,SC-20260,Scott Cohen,Entreprise,États-Unis,San Francisco,Californie,USCA - Ouest,TEC-AC-10004864,Produits technologiques,Accessoires,Memorex Micro Travel Drive 32 GB,36.51,1,0,15.7
2357,US-2016-111514,5/23/2016,5/27/2016,Prioritaire,SC-20260,Scott Cohen,Entreprise,États-Unis,San Francisco,Californie,USCA - Ouest,TEC-MA-10000597,Produits technologiques,Machines,Lexmark S315 Color Inkjet Printer,239.98,3,0.2,80.99
2379,US-2016-148628,12/6/2016,12/11/2016,Tarif normal,KM-16375,Katherine Murray,Bureau à domicile,États-Unis,Thousand Oaks,Californie,USCA - Ouest,OFF-PA-10003883,Fournitures de bureau,Papier,"Message Book, Phone, Wirebound Standard Line Memo, 2 3/4"" X 5""",32.75,5,0,15.07
2388,US-2016-145065,12/12/2016,12/15/2016,Prioritaire,DK-13375,Dennis Kane,Grand public,États-Unis,San Diego,Californie,USCA - Ouest,OFF-FA-10001229,Fournitures de bureau,Éléments de fixation,Staples,7.86,2,0,3.62
2389,US-2016-145065,12/12/2016,12/15/2016,Prioritaire,DK-13375,Dennis Kane,Grand public,États-Unis,San Diego,Californie,USCA - Ouest,OFF-BI-10002437,Fournitures de bureau,Classeurs,Recycled Premium Regency Composition Covers,24.45,2,0.2,8.86
2390,US-2016-127040,12/6/2016,12/10/2016,Tarif normal,SG-20605,Speros Goranitis,Grand public,États-Unis,New York City,New York,USCA - Est,OFF-PA-10004255,Fournitures de bureau,Papier,Xerox 219,6.48,1,0,3.11
2391,US-2016-127040,12/6/2016,12/10/2016,Tarif normal,SG-20605,Speros Goranitis,Grand public,États-Unis,New York City,New York,USCA - Est,OFF-PA-10001184,Fournitures de bureau,Papier,Xerox 1903,41.86,7,0,20.51
2392,US-2016-127040,12/6/2016,12/10/2016,Tarif normal,SG-20605,Speros Goranitis,Grand public,États-Unis,New York City,New York,USCA - Est,TEC-AC-10002637,Produits technologiques,Accessoires,Logitech VX Revolution Cordless Laser Mouse for Notebooks (Black),1619.91,9,0,97.19
2393,US-2016-127040,12/6/2016,12/10/2016,Tarif normal,SG-20605,Speros Goranitis,Grand public,États-Unis,New York City,New York,USCA - Est,FUR-FU-10002878,Mobilier,Meubles,"Seth Thomas 14"" Day/Date Wall Clock",113.92,4,0,42.15
2395,US-2016-137897,11/14/2016,11/19/2016,Tarif normal,PJ-18835,Patrick Jones,Entreprise,États-Unis,New York City,New York,USCA - Est,TEC-AC-10002217,Produits technologiques,Accessoires,Imation Clip USB flash drive - 8 GB,37.6,2,0,2.26
2396,US-2016-137897,11/14/2016,11/19/2016,Tarif normal,PJ-18835,Patrick Jones,Entreprise,États-Unis,New York City,New York,USCA - Est,TEC-AC-10001267,Produits technologiques,Accessoires,Imation 32GB Pocket Pro USB 3.0 Flash Drive - 32 GB - Black - 1 P ...,59.9,2,0,23.96
2397,US-2016-137897,11/14/2016,11/19/2016,Tarif normal,PJ-18835,Patrick Jones,Entreprise,États-Unis,New York City,New York,USCA - Est,OFF-PA-10004041,Fournitures de bureau,Papier,"It's Hot Message Books with Stickers, 2 3/4"" x 5""",37,5,0,16.65
2412,US-2016-142041,6/7/2016,6/9/2016,J+2,EM-13810,Eleni McCrary,Entreprise,États-Unis,Los Angeles,Californie,USCA - Ouest,OFF-BI-10004187,Fournitures de bureau,Classeurs,3-ring staple pack,7.52,5,0.2,2.63
2416,US-2016-146087,7/6/2016,7/11/2016,Tarif normal,PP-18955,Paul Prost,Bureau à domicile,États-Unis,Holyoke,Massachusetts,USCA - Est,FUR-BO-10002824,Mobilier,Bibliothèques,Bush Mission Pointe Library,301.96,2,0,60.39
2435,US-2016-154746,11/14/2016,11/17/2016,Prioritaire,PJ-18835,Patrick Jones,Entreprise,États-Unis,Springfield,Virginie,USCA - Sud,OFF-EN-10001532,Fournitures de bureau,Enveloppes,Brown Kraft Recycled Envelopes,33.96,2,0,16.98
2436,US-2016-154746,11/14/2016,11/17/2016,Prioritaire,PJ-18835,Patrick Jones,Entreprise,États-Unis,Springfield,Virginie,USCA - Sud,OFF-AP-10003057,Fournitures de bureau,Électroménager,Honeywell Enviracaire Portable HEPA Air Cleaner for 16' x 20' Room,826.11,3,0,322.18
2447,US-2016-100573,9/25/2016,10/1/2016,Tarif normal,AM-10705,Anne McFarland,Grand public,États-Unis,Los Angeles,Californie,USCA - Ouest,OFF-EN-10000461,Fournitures de bureau,Enveloppes,"#10- 4 1/8"" x 9 1/2"" Recycled Envelopes",17.48,2,0,8.22
2449,US-2016-128027,9/14/2016,9/17/2016,J+2,CM-12385,Christopher Martinez,Grand public,États-Unis,North Charleston,Caroline du Sud,USCA - Sud,OFF-ST-10001809,Fournitures de bureau,Stockage,Fellowes Officeware Wire Shelving,269.49,3,0,5.39
2461,US-2016-142419,7/11/2016,7/13/2016,J+2,SC-20380,Shahid Collister,Grand public,États-Unis,Seattle,Washington,USCA - Ouest,OFF-PA-10001763,Fournitures de bureau,Papier,Xerox 1896,29.97,3,0,13.49
2462,US-2016-142419,7/11/2016,7/13/2016,J+2,SC-20380,Shahid Collister,Grand public,États-Unis,Seattle,Washington,USCA - Ouest,OFF-BI-10001597,Fournitures de bureau,Classeurs,"Wilson Jones Ledger-Size, Piano-Hinge Binder, 2"", Blue",98.35,3,0.2,34.42
2487,US-2016-104514,1/2/2016,1/4/2016,J+2,CB-12535,Claudia Bergmann,Entreprise,États-Unis,Newark,Delaware,USCA - Est,OFF-ST-10001837,Fournitures de bureau,Stockage,"SAFCO Mobile Desk Side File, Wire Frame",85.52,2,0,22.24
2488,US-2016-104514,1/2/2016,1/4/2016,J+2,CB-12535,Claudia Bergmann,Entreprise,États-Unis,Newark,Delaware,USCA - Est,OFF-AR-10001473,Fournitures de bureau,Art,Newell 313,9.84,3,0,2.66
2489,US-2016-104514,1/2/2016,1/4/2016,J+2,CB-12535,Claudia Bergmann,Entreprise,États-Unis,Newark,Delaware,USCA - Est,OFF-PA-10004285,Fournitures de bureau,Papier,Xerox 1959,20.04,3,0,9.62
2490,US-2016-141040,10/9/2016,10/13/2016,J+2,TB-21250,Tim Brockman,Grand public,États-Unis,New York City,New York,USCA - Est,TEC-PH-10001835,Produits technologiques,Téléphones,Jawbone JAMBOX Wireless Bluetooth Speaker,631.96,4,0,303.34
2491,US-2016-141040,10/9/2016,10/13/2016,J+2,TB-21250,Tim Brockman,Grand public,États-Unis,New York City,New York,USCA - Est,OFF-PA-10002245,Fournitures de bureau,Papier,Xerox 1895,23.92,4,0,10.76
2497,US-2016-122371,9/26/2016,10/1/2016,Tarif normal,BS-11800,Bryan Spruell,Bureau à domicile,États-Unis,San Diego,Californie,USCA - Ouest,OFF-ST-10002370,Fournitures de bureau,Stockage,"Sortfiler Multipurpose Personal File Organizer, Black",64.17,3,0,18.61
2498,US-2016-122371,9/26/2016,10/1/2016,Tarif normal,BS-11800,Bryan Spruell,Bureau à domicile,États-Unis,San Diego,Californie,USCA - Ouest,OFF-EN-10000056,Fournitures de bureau,Enveloppes,Cameo Buff Policy Envelopes,124.46,2,0,58.5
2508,US-2016-120397,7/2/2016,7/2/2016,Le même jour,RB-19435,Richard Bierner,Grand public,États-Unis,Houston,Texas,USCA - Centre,OFF-AP-10001293,Fournitures de bureau,Électroménager,Belkin 8 Outlet Surge Protector,32.78,4,0.8,-85.24
2512,US-2016-102722,4/18/2016,4/19/2016,Prioritaire,KW-16570,Kelly Williams,Grand public,États-Unis,Monroe,Louisiane,USCA - Sud,TEC-AC-10003116,Produits technologiques,Accessoires,Memorex Froggy Flash Drive 8 GB,106.5,6,0,41.54
2525,US-2016-124541,4/6/2016,4/10/2016,Tarif normal,TT-21220,Thomas Thornton,Grand public,États-Unis,Houston,Texas,USCA - Centre,OFF-AR-10004078,Fournitures de bureau,Art,Newell 312,42.05,9,0.2,5.26
2526,US-2016-124541,4/6/2016,4/10/2016,Tarif normal,TT-21220,Thomas Thornton,Grand public,États-Unis,Houston,Texas,USCA - Centre,TEC-AC-10002550,Produits technologiques,Accessoires,Maxell 4.7GB DVD-RW 3/Pack,25.49,2,0.2,4.46
2527,US-2016-124541,4/6/2016,4/10/2016,Tarif normal,TT-21220,Thomas Thornton,Grand public,États-Unis,Houston,Texas,USCA - Centre,OFF-BI-10004965,Fournitures de bureau,Classeurs,Ibico Covers for Plastic or Wire Binding Elements,6.9,3,0.8,-12.08
2528,US-2016-124541,4/6/2016,4/10/2016,Tarif normal,TT-21220,Thomas Thornton,Grand public,États-Unis,Houston,Texas,USCA - Centre,OFF-BI-10004209,Fournitures de bureau,Classeurs,"Fellowes Twister Kit, Gray/Clear, 3/pkg",9.65,6,0.8,-16.88
2529,US-2016-124541,4/6/2016,4/10/2016,Tarif normal,TT-21220,Thomas Thornton,Grand public,États-Unis,Houston,Texas,USCA - Centre,OFF-PA-10001526,Fournitures de bureau,Papier,Xerox 1949,7.97,2,0.2,2.89
2536,US-2016-143238,9/6/2016,9/8/2016,Prioritaire,LO-17170,Lori Olson,Entreprise,États-Unis,La Quinta,Californie,USCA - Ouest,TEC-AC-10003499,Produits technologiques,Accessoires,Memorex Mini Travel Drive 8 GB USB 2.0 Flash Drive,46.32,4,0,18.06
2537,US-2016-168746,1/27/2016,1/29/2016,J+2,SV-20365,Seth Vernon,Grand public,États-Unis,Cleveland,Ohio,USCA - Est,FUR-CH-10000513,Mobilier,Chaises,High-Back Leather Manager's Chair,181.99,2,0.3,-54.6
2538,US-2016-168746,1/27/2016,1/29/2016,J+2,SV-20365,Seth Vernon,Grand public,États-Unis,Cleveland,Ohio,USCA - Est,TEC-PH-10000895,Produits technologiques,Téléphones,Polycom VVX 310 VoIP phone,431.98,4,0.4,-100.79
2539,US-2016-168746,1/27/2016,1/29/2016,J+2,SV-20365,Seth Vernon,Grand public,États-Unis,Cleveland,Ohio,USCA - Est,TEC-PH-10002555,Produits technologiques,Téléphones,Nortel Meridian M5316 Digital phone,155.37,1,0.4,-36.25
2540,US-2016-113404,7/16/2016,7/16/2016,Le même jour,EM-13810,Eleni McCrary,Entreprise,États-Unis,San Francisco,Californie,USCA - Ouest,FUR-CH-10003312,Mobilier,Chaises,Hon 2090 “Pillow Soft” Series Mid Back Swivel/Tilt Chairs,1348.7,6,0.2,-219.16
2541,US-2016-113404,7/16/2016,7/16/2016,Le même jour,EM-13810,Eleni McCrary,Entreprise,États-Unis,San Francisco,Californie,USCA - Ouest,FUR-CH-10004086,Mobilier,Chaises,Hon 4070 Series Pagoda Armless Upholstered Stacking Chairs,700.15,3,0.2,78.77
2548,US-2016-128090,8/16/2016,8/22/2016,Tarif normal,JM-15865,John Murray,Grand public,États-Unis,Phoenix,Arizona,USCA - Ouest,OFF-AR-10002255,Fournitures de bureau,Art,Newell 346,2.3,1,0.2,0.26
2549,US-2016-128090,8/16/2016,8/22/2016,Tarif normal,JM-15865,John Murray,Grand public,États-Unis,Phoenix,Arizona,USCA - Ouest,TEC-PH-10002624,Produits technologiques,Téléphones,Samsung Galaxy S4 Mini,1879.96,5,0.2,211.5
2550,US-2016-128090,8/16/2016,8/22/2016,Tarif normal,JM-15865,John Murray,Grand public,États-Unis,Phoenix,Arizona,USCA - Ouest,OFF-PA-10001878,Fournitures de bureau,Papier,Xerox 1891,313.02,8,0.2,105.65
2551,US-2016-128090,8/16/2016,8/22/2016,Tarif normal,JM-15865,John Murray,Grand public,États-Unis,Phoenix,Arizona,USCA - Ouest,OFF-LA-10000452,Fournitures de bureau,Étiquettes,Avery 488,5.04,2,0.2,1.76
2556,US-2016-111458,9/26/2016,9/30/2016,Tarif normal,PF-19165,Philip Fox,Grand public,États-Unis,New York City,New York,USCA - Est,TEC-AC-10001590,Produits technologiques,Accessoires,Dell Slim USB Multimedia Keyboard,50,2,0,12
2558,US-2016-112508,3/24/2016,3/28/2016,Tarif normal,BP-11185,Ben Peterman,Entreprise,États-Unis,Coral Springs,Floride,USCA - Sud,OFF-AP-10002287,Fournitures de bureau,Électroménager,"Eureka Sanitaire  Multi-Pro Heavy-Duty Upright, Disposable Bags",6.99,2,0.2,0.52
2559,US-2016-147788,2/21/2016,2/25/2016,Tarif normal,TM-21010,Tamara Manning,Grand public,États-Unis,Orem,Utah,USCA - Ouest,FUR-BO-10004357,Mobilier,Bibliothèques,O'Sullivan Living Dimensions 3-Shelf Bookcases,1406.86,7,0,140.69
2560,US-2016-147788,2/21/2016,2/25/2016,Tarif normal,TM-21010,Tamara Manning,Grand public,États-Unis,Orem,Utah,USCA - Ouest,OFF-LA-10003766,Fournitures de bureau,Étiquettes,Self-Adhesive Removable Labels,15.75,5,0,7.56
2561,US-2016-147788,2/21/2016,2/25/2016,Tarif normal,TM-21010,Tamara Manning,Grand public,États-Unis,Orem,Utah,USCA - Ouest,OFF-ST-10000046,Fournitures de bureau,Stockage,Fellowes Super Stor/Drawer Files,323.1,2,0,61.39
2562,US-2016-144288,12/25/2016,12/29/2016,Tarif normal,MB-17305,Maria Bertelson,Grand public,États-Unis,Nashville,Tennessee,USCA - Sud,OFF-LA-10003190,Fournitures de bureau,Étiquettes,Avery 474,9.22,4,0.2,3.34
2563,US-2016-144288,12/25/2016,12/29/2016,Tarif normal,MB-17305,Maria Bertelson,Grand public,États-Unis,Nashville,Tennessee,USCA - Sud,OFF-PA-10002787,Fournitures de bureau,Papier,Xerox 227,10.37,2,0.2,3.63
2564,US-2016-110632,3/17/2016,3/22/2016,J+2,HR-14830,Harold Ryan,Entreprise,États-Unis,New York City,New York,USCA - Est,TEC-AC-10000387,Produits technologiques,Accessoires,KeyTronic KT800P2 - Keyboard - Black,15.02,1,0,2.7
2565,US-2016-110632,3/17/2016,3/22/2016,J+2,HR-14830,Harold Ryan,Entreprise,États-Unis,New York City,New York,USCA - Est,OFF-ST-10001291,Fournitures de bureau,Stockage,"Tenex Personal Self-Stacking Standard File Box, Black/Gray",33.82,2,0,9.13
2586,US-2016-121041,11/3/2016,11/10/2016,Tarif normal,CS-12250,Chris Selesnick,Entreprise,États-Unis,Haltom City,Texas,USCA - Centre,OFF-EN-10001137,Fournitures de bureau,Enveloppes,"#10 Gummed Flap White Envelopes, 100/Box",6.61,2,0.2,2.15
2631,US-2016-168186,9/10/2016,9/15/2016,Tarif normal,AB-10150,Aimee Bixby,Grand public,États-Unis,Tulsa,Oklahoma,USCA - Centre,OFF-PA-10000477,Fournitures de bureau,Papier,Xerox 1952,14.94,3,0,7.02
2635,US-2016-116750,7/5/2016,7/10/2016,J+2,BF-10975,Barbara Fisher,Entreprise,États-Unis,Fayetteville,Caroline du Nord,USCA - Sud,FUR-FU-10003829,Mobilier,Meubles,Stackable Trays,4.93,2,0.2,0.74
2636,US-2016-116750,7/5/2016,7/10/2016,J+2,BF-10975,Barbara Fisher,Entreprise,États-Unis,Fayetteville,Caroline du Nord,USCA - Sud,OFF-BI-10004728,Fournitures de bureau,Classeurs,Wilson Jones Turn Tabs Binder Tool for Ring Binders,7.23,5,0.7,-5.78
2637,US-2016-162369,8/15/2016,8/19/2016,Tarif normal,TT-21265,Tim Taslimi,Entreprise,États-Unis,Los Angeles,Californie,USCA - Ouest,OFF-ST-10000046,Fournitures de bureau,Stockage,Fellowes Super Stor/Drawer Files,323.1,2,0,61.39
2642,US-2016-169740,2/20/2016,2/25/2016,Tarif normal,LM-17065,Liz MacKendrick,Grand public,États-Unis,Hot Springs,Arkansas,USCA - Sud,TEC-AC-10000927,Produits technologiques,Accessoires,Anker Ultrathin Bluetooth Wireless Keyboard Aluminum Cover with Stand,29.99,1,0,3
2660,US-2016-135538,12/24/2016,12/28/2016,Tarif normal,HR-14830,Harold Ryan,Entreprise,États-Unis,Gilbert,Arizona,USCA - Ouest,FUR-CH-10004287,Mobilier,Chaises,SAFCO Arco Folding Chair,883.84,4,0.2,99.43
2669,US-2016-139759,8/25/2016,8/29/2016,Tarif normal,NL-18310,Nancy Lomonaco,Bureau à domicile,États-Unis,Los Angeles,Californie,USCA - Ouest,FUR-CH-10002774,Mobilier,Chaises,"Global Deluxe Stacking Chair, Gray",40.78,1,0.2,4.59
2670,US-2016-139759,8/25/2016,8/29/2016,Tarif normal,NL-18310,Nancy Lomonaco,Bureau à domicile,États-Unis,Los Angeles,Californie,USCA - Ouest,OFF-AP-10002765,Fournitures de bureau,Électroménager,Fellowes Advanced Computer Series Surge Protectors,105.96,4,0,29.67
2689,US-2016-153220,11/12/2016,11/14/2016,Prioritaire,YC-21895,Yoseph Carroll,Entreprise,États-Unis,Los Angeles,Californie,USCA - Ouest,OFF-PA-10003016,Fournitures de bureau,Papier,"Adams ""While You Were Out"" Message Pads",15.7,5,0,7.07
2709,US-2016-121797,2/4/2016,2/6/2016,Tarif normal,CC-12145,Charles Crestani,Grand public,États-Unis,Los Angeles,Californie,USCA - Ouest,FUR-FU-10001876,Mobilier,Meubles,"Computer Room Manger, 14""",227.36,7,0,81.85
2710,US-2016-121797,2/4/2016,2/6/2016,Tarif normal,CC-12145,Charles Crestani,Grand public,États-Unis,Los Angeles,Californie,USCA - Ouest,TEC-MA-10000488,Produits technologiques,Machines,Bady BDG101FRU Card Printer,1919.98,3,0.2,216
2711,US-2016-120572,12/11/2016,12/15/2016,Tarif normal,GH-14425,Gary Hwang,Grand public,États-Unis,Jacksonville,Floride,USCA - Sud,OFF-BI-10001098,Fournitures de bureau,Classeurs,Acco D-Ring Binder w/DublLock,12.83,2,0.7,-8.98
2715,US-2016-103723,12/1/2016,12/6/2016,Tarif normal,BT-11305,Beth Thompson,Bureau à domicile,États-Unis,Seattle,Washington,USCA - Ouest,OFF-AR-10003251,Fournitures de bureau,Art,Prang Drawing Pencil Set,13.9,5,0,5.56
2735,US-2016-129770,2/21/2016,2/23/2016,J+2,JE-15715,Joe Elijah,Grand public,États-Unis,Las Cruces,Nouveau-Mexique,USCA - Ouest,OFF-PA-10000249,Fournitures de bureau,Papier,Easy-staple paper,49.12,4,0,23.09
2736,US-2016-115798,11/13/2016,11/19/2016,Tarif normal,KL-16645,Ken Lonsdale,Grand public,États-Unis,Newark,Delaware,USCA - Est,TEC-PH-10003691,Produits technologiques,Téléphones,BlackBerry Q10,377.97,3,0,94.49
2737,US-2016-115798,11/13/2016,11/19/2016,Tarif normal,KL-16645,Ken Lonsdale,Grand public,États-Unis,Newark,Delaware,USCA - Est,OFF-PA-10001560,Fournitures de bureau,Papier,"Adams Telephone Message Books, 5 1/4” x 11”",42.28,7,0,19.87
2738,US-2016-115798,11/13/2016,11/19/2016,Tarif normal,KL-16645,Ken Lonsdale,Grand public,États-Unis,Newark,Delaware,USCA - Est,FUR-BO-10004467,Mobilier,Bibliothèques,Bestar Classic Bookcase,299.97,3,0,56.99
2739,US-2016-115798,11/13/2016,11/19/2016,Tarif normal,KL-16645,Ken Lonsdale,Grand public,États-Unis,Newark,Delaware,USCA - Est,TEC-PH-10001819,Produits technologiques,Téléphones,Innergie mMini Combo Duo USB Travel Charging Kit,89.98,2,0,43.19
2744,US-2016-140144,6/20/2016,6/25/2016,J+2,SC-20770,Stewart Carmichael,Entreprise,États-Unis,San Francisco,Californie,USCA - Ouest,FUR-FU-10002253,Mobilier,Meubles,"Howard Miller 13"" Diameter Pewter Finish Round Wall Clock",257.64,6,0,100.48
2745,US-2016-140144,6/20/2016,6/25/2016,J+2,SC-20770,Stewart Carmichael,Entreprise,États-Unis,San Francisco,Californie,USCA - Ouest,TEC-PH-10002726,Produits technologiques,Téléphones,netTALK DUO VoIP Telephone Service,125.98,3,0.2,47.24
2748,US-2016-165449,11/22/2016,11/26/2016,Tarif normal,AP-10720,Anne Pryor,Bureau à domicile,États-Unis,Frisco,Texas,USCA - Centre,TEC-AC-10004127,Produits technologiques,Accessoires,SanDisk Cruzer 8 GB USB Flash Drive,27.17,4,0.2,-1.36
2749,US-2016-110247,12/4/2016,12/8/2016,Tarif normal,RH-19555,Ritsa Hightower,Grand public,États-Unis,Tallahassee,Floride,USCA - Sud,OFF-BI-10001553,Fournitures de bureau,Classeurs,SpineVue Locking Slant-D Ring Binders by Cardinal,8.23,3,0.7,-6.03
2753,US-2016-155306,4/17/2016,4/21/2016,Tarif normal,GA-14515,George Ashbrook,Grand public,États-Unis,San Francisco,Californie,USCA - Ouest,OFF-AR-10003251,Fournitures de bureau,Art,Prang Drawing Pencil Set,5.56,2,0,2.22
2754,US-2016-155306,4/17/2016,4/21/2016,Tarif normal,GA-14515,George Ashbrook,Grand public,États-Unis,San Francisco,Californie,USCA - Ouest,TEC-AC-10003174,Produits technologiques,Accessoires,Plantronics S12 Corded Telephone Headset System,323.37,3,0,129.35
2755,US-2016-155306,4/17/2016,4/21/2016,Tarif normal,GA-14515,George Ashbrook,Grand public,États-Unis,San Francisco,Californie,USCA - Ouest,TEC-PH-10002310,Produits technologiques,Téléphones,Plantronics Calisto P620-M USB Wireless Speakerphone System,783.96,5,0.2,68.6
2756,US-2016-155306,4/17/2016,4/21/2016,Tarif normal,GA-14515,George Ashbrook,Grand public,États-Unis,San Francisco,Californie,USCA - Ouest,OFF-AP-10002651,Fournitures de bureau,Électroménager,Hoover Upright Vacuum With Dirt Cup,1447.65,5,0,419.82
2757,US-2016-155306,4/17/2016,4/21/2016,Tarif normal,GA-14515,George Ashbrook,Grand public,États-Unis,San Francisco,Californie,USCA - Ouest,OFF-PA-10001184,Fournitures de bureau,Papier,Xerox 1903,11.96,2,0,5.86
2769,US-2016-122140,4/2/2016,4/7/2016,Tarif normal,MO-17950,Michael Oakman,Grand public,États-Unis,Dallas,Texas,USCA - Centre,OFF-AP-10001242,Fournitures de bureau,Électroménager,APC 7 Outlet Network SurgeArrest Surge Protector,32.19,2,0.8,-80.48
2770,US-2016-122140,4/2/2016,4/7/2016,Tarif normal,MO-17950,Michael Oakman,Grand public,États-Unis,Dallas,Texas,USCA - Centre,TEC-AC-10003038,Produits technologiques,Accessoires,Kingston Digital DataTraveler 16GB USB 2.0,50.12,7,0.2,-0.63
2771,US-2016-122140,4/2/2016,4/7/2016,Tarif normal,MO-17950,Michael Oakman,Grand public,États-Unis,Dallas,Texas,USCA - Centre,TEC-AC-10003289,Produits technologiques,Accessoires,Anker Ultra-Slim Mini Bluetooth 3.0 Wireless Keyboard,47.98,3,0.2,1.8
2777,US-2016-127019,12/21/2016,12/25/2016,Tarif normal,ER-13855,Elpida Rittenbach,Entreprise,États-Unis,Colorado Springs,Colorado,USCA - Ouest,OFF-AP-10003971,Fournitures de bureau,Électroménager,Belkin 6 Outlet Metallic Surge Strip,60.98,7,0.2,4.57
2778,US-2016-138534,7/17/2016,7/19/2016,J+2,JM-15535,Jessica Myrick,Grand public,États-Unis,Bakersfield,Californie,USCA - Ouest,FUR-BO-10003159,Mobilier,Bibliothèques,"Sauder Camden County Collection Libraries, Planked Cherry Finish",195.47,2,0.2,-13.8
2786,US-2016-149972,9/21/2016,9/23/2016,Prioritaire,CD-12790,Cynthia Delaney,Bureau à domicile,États-Unis,Los Angeles,Californie,USCA - Ouest,FUR-CH-10004997,Mobilier,Chaises,Hon Every-Day Series Multi-Task Chairs,601.54,4,0.2,0
2787,US-2016-149972,9/21/2016,9/23/2016,Prioritaire,CD-12790,Cynthia Delaney,Bureau à domicile,États-Unis,Los Angeles,Californie,USCA - Ouest,OFF-FA-10002763,Fournitures de bureau,Éléments de fixation,Advantus Map Pennant Flags and Round Head Tacks,7.9,2,0,2.53
2802,US-2016-110163,11/1/2016,11/4/2016,Prioritaire,GA-14725,Guy Armstrong,Grand public,États-Unis,Salem,Oregon,USCA - Ouest,OFF-AR-10001683,Fournitures de bureau,Art,Lumber Crayons,7.88,1,0.2,1.77
2804,US-2016-159380,5/12/2016,5/16/2016,Tarif normal,CS-12505,Cindy Stewart,Grand public,États-Unis,San Francisco,Californie,USCA - Ouest,OFF-PA-10003893,Fournitures de bureau,Papier,Xerox 1962,12.84,3,0,5.78
2805,US-2016-159380,5/12/2016,5/16/2016,Tarif normal,CS-12505,Cindy Stewart,Grand public,États-Unis,San Francisco,Californie,USCA - Ouest,OFF-PA-10004239,Fournitures de bureau,Papier,Xerox 1953,25.68,6,0,11.56
2806,US-2016-122623,9/7/2016,9/11/2016,Tarif normal,CC-12145,Charles Crestani,Grand public,États-Unis,El Paso,Texas,USCA - Centre,FUR-CH-10000553,Mobilier,Chaises,"Metal Folding Chairs, Beige, 4/Carton",47.52,2,0.3,-2.04
2807,US-2016-148635,7/25/2016,7/27/2016,J+2,MH-18025,Michelle Huthwaite,Grand public,États-Unis,Seattle,Washington,USCA - Ouest,OFF-FA-10004395,Fournitures de bureau,Éléments de fixation,Plymouth Boxed Rubber Bands by Plymouth,9.42,2,0,0.47
2808,US-2016-148635,7/25/2016,7/27/2016,J+2,MH-18025,Michelle Huthwaite,Grand public,États-Unis,Seattle,Washington,USCA - Ouest,OFF-PA-10004782,Fournitures de bureau,Papier,Xerox 228,12.96,2,0,6.22
2809,US-2016-148635,7/25/2016,7/27/2016,J+2,MH-18025,Michelle Huthwaite,Grand public,États-Unis,Seattle,Washington,USCA - Ouest,FUR-BO-10002213,Mobilier,Bibliothèques,"Sauder Forest Hills Library, Woodland Oak Finish",704.9,5,0,56.39
2810,US-2016-148635,7/25/2016,7/27/2016,J+2,MH-18025,Michelle Huthwaite,Grand public,États-Unis,Seattle,Washington,USCA - Ouest,FUR-CH-10001854,Mobilier,Chaises,Office Star - Professional Matrix Back Chair with 2-to-1 Synchro Tilt and Mesh Fabric Seat,561.57,2,0.2,28.08
2811,US-2016-135685,11/16/2016,11/18/2016,J+2,MP-18175,Mike Pelletier,Bureau à domicile,États-Unis,Milwaukee,Wisconsin,USCA - Centre,OFF-PA-10000157,Fournitures de bureau,Papier,Xerox 191,179.82,9,0,84.52
2812,US-2016-135685,11/16/2016,11/18/2016,J+2,MP-18175,Mike Pelletier,Bureau à domicile,États-Unis,Milwaukee,Wisconsin,USCA - Centre,FUR-FU-10001185,Mobilier,Meubles,"Advantus Employee of the Month Certificate Frame, 11 x 13-1/2",185.58,6,0,76.09
2813,US-2016-135685,11/16/2016,11/18/2016,J+2,MP-18175,Mike Pelletier,Bureau à domicile,États-Unis,Milwaukee,Wisconsin,USCA - Centre,FUR-TA-10001520,Mobilier,Tables,"Lesro Sheffield Collection Coffee Table, End Table, Center Table, Corner Table",214.11,3,0,36.4
2814,US-2016-135685,11/16/2016,11/18/2016,J+2,MP-18175,Mike Pelletier,Bureau à domicile,États-Unis,Milwaukee,Wisconsin,USCA - Centre,TEC-AC-10004145,Produits technologiques,Accessoires,Logitech diNovo Edge Keyboard,999.96,4,0,229.99
2815,US-2016-135685,11/16/2016,11/18/2016,J+2,MP-18175,Mike Pelletier,Bureau à domicile,États-Unis,Milwaukee,Wisconsin,USCA - Centre,FUR-TA-10000688,Mobilier,Tables,"Chromcraft Bull-Nose Wood Round Conference Table Top, Wood Base",653.55,3,0,111.1
2816,US-2016-104626,9/1/2016,9/8/2016,Tarif normal,DR-12940,Daniel Raglin,Bureau à domicile,États-Unis,Franklin,Massachusetts,USCA - Est,OFF-BI-10001510,Fournitures de bureau,Classeurs,Deluxe Heavy-Duty Vinyl Round Ring Binder,114.6,5,0,51.57
2817,US-2016-104626,9/1/2016,9/8/2016,Tarif normal,DR-12940,Daniel Raglin,Bureau à domicile,États-Unis,Franklin,Massachusetts,USCA - Est,FUR-CH-10003817,Mobilier,Chaises,"Global Value Steno Chair, Gray",60.74,1,0,15.19
2818,US-2016-104626,9/1/2016,9/8/2016,Tarif normal,DR-12940,Daniel Raglin,Bureau à domicile,États-Unis,Franklin,Massachusetts,USCA - Est,FUR-FU-10000308,Mobilier,Meubles,Deflect-o Glass Clear Studded Chair Mats,124.36,2,0,27.36
2819,US-2016-104626,9/1/2016,9/8/2016,Tarif normal,DR-12940,Daniel Raglin,Bureau à domicile,États-Unis,Franklin,Massachusetts,USCA - Est,OFF-ST-10003208,Fournitures de bureau,Stockage,Adjustable Depth Letter/Legal Cart,1088.76,6,0,315.74
2840,US-2016-104185,9/3/2016,9/8/2016,J+2,JB-15400,Jennifer Braxton,Entreprise,États-Unis,New York City,New York,USCA - Est,OFF-ST-10001526,Fournitures de bureau,Stockage,Iceberg Mobile Mega Data/Printer Cart,120.33,1,0,31.29
2899,US-2016-114839,4/26/2016,4/30/2016,Tarif normal,PW-19240,Pierre Wener,Grand public,États-Unis,Houston,Texas,USCA - Centre,FUR-CH-10004086,Mobilier,Chaises,Hon 4070 Series Pagoda Armless Upholstered Stacking Chairs,408.42,2,0.3,-5.83
2900,US-2016-166464,9/12/2016,9/17/2016,Tarif normal,PG-18895,Paul Gonzalez,Grand public,États-Unis,New York City,New York,USCA - Est,TEC-CO-10000971,Produits technologiques,Photocopieurs,Hewlett Packard 310 Color Digital Copier,479.98,2,0.2,60
2901,US-2016-166464,9/12/2016,9/17/2016,Tarif normal,PG-18895,Paul Gonzalez,Grand public,États-Unis,New York City,New York,USCA - Est,OFF-LA-10001317,Fournitures de bureau,Étiquettes,Avery 520,12.6,4,0,6.05
2911,US-2016-118444,11/5/2016,11/9/2016,Tarif normal,VD-21670,Valerie Dominguez,Grand public,États-Unis,Coral Springs,Floride,USCA - Sud,OFF-AP-10000576,Fournitures de bureau,Électroménager,"Belkin 325VA UPS Surge Protector, 6'",387.14,4,0.2,24.2
2915,US-2016-134747,10/12/2016,10/17/2016,J+2,DL-12925,Daniel Lacy,Grand public,États-Unis,Noblesville,Indiana,USCA - Centre,TEC-PH-10002890,Produits technologiques,Téléphones,AT&T 17929 Lendline Telephone,135.72,3,0,35.29
2916,US-2016-134747,10/12/2016,10/17/2016,J+2,DL-12925,Daniel Lacy,Grand public,États-Unis,Noblesville,Indiana,USCA - Centre,OFF-BI-10001308,Fournitures de bureau,Classeurs,GBC Standard Plastic Binding Systems' Combs,12.56,2,0,5.65
2917,US-2016-134747,10/12/2016,10/17/2016,J+2,DL-12925,Daniel Lacy,Grand public,États-Unis,Noblesville,Indiana,USCA - Centre,TEC-PH-10001750,Produits technologiques,Téléphones,Samsung Rugby III,263.96,4,0,71.27
2923,US-2016-141453,8/22/2016,8/26/2016,J+2,DB-13270,Deborah Brumfield,Bureau à domicile,États-Unis,Austin,Texas,USCA - Centre,OFF-BI-10000301,Fournitures de bureau,Classeurs,GBC Instant Report Kit,3.88,3,0.8,-5.82
2931,US-2016-168564,8/8/2016,8/8/2016,Le même jour,TT-21220,Thomas Thornton,Grand public,États-Unis,San Francisco,Californie,USCA - Ouest,OFF-BI-10004970,Fournitures de bureau,Classeurs,"ACCOHIDE 3-Ring Binder, Blue, 1""",6.61,2,0.2,2.23
2932,US-2016-168564,8/8/2016,8/8/2016,Le même jour,TT-21220,Thomas Thornton,Grand public,États-Unis,San Francisco,Californie,USCA - Ouest,OFF-BI-10002557,Fournitures de bureau,Classeurs,Presstex Flexible Ring Binders,7.28,2,0.2,2.73
2933,US-2016-168564,8/8/2016,8/8/2016,Le même jour,TT-21220,Thomas Thornton,Grand public,États-Unis,San Francisco,Californie,USCA - Ouest,FUR-CH-10000785,Mobilier,Chaises,Global Ergonomic Managers Chair,144.78,1,0.2,10.86
2959,US-2016-158456,12/24/2016,12/29/2016,Tarif normal,KT-16465,Kean Takahito,Grand public,États-Unis,Los Angeles,Californie,USCA - Ouest,OFF-BI-10001097,Fournitures de bureau,Classeurs,Avery Hole Reinforcements,19.94,4,0.2,7.23
2960,US-2016-158456,12/24/2016,12/29/2016,Tarif normal,KT-16465,Kean Takahito,Grand public,États-Unis,Los Angeles,Californie,USCA - Ouest,OFF-FA-10004854,Fournitures de bureau,Éléments de fixation,"Vinyl Coated Wire Paper Clips in Organizer Box, 800/Box",45.92,4,0,21.58
2975,US-2016-137512,5/7/2016,5/12/2016,Tarif normal,AG-10675,Anna Gayman,Grand public,États-Unis,Allen,Texas,USCA - Centre,FUR-TA-10001095,Mobilier,Tables,Chromcraft Round Conference Tables,244.01,2,0.3,-31.37
2976,US-2016-137512,5/7/2016,5/12/2016,Tarif normal,AG-10675,Anna Gayman,Grand public,États-Unis,Allen,Texas,USCA - Centre,OFF-PA-10000213,Fournitures de bureau,Papier,Xerox 198,15.94,4,0.2,5.38
2980,US-2016-139850,6/12/2016,6/17/2016,Tarif normal,GB-14575,Giulietta Baptist,Grand public,États-Unis,Philadelphia,Pennsylvanie,USCA - Est,OFF-PA-10003848,Fournitures de bureau,Papier,Xerox 1997,20.74,4,0.2,7.26
2981,US-2016-139850,6/12/2016,6/17/2016,Tarif normal,GB-14575,Giulietta Baptist,Grand public,États-Unis,Philadelphia,Pennsylvanie,USCA - Est,FUR-FU-10003623,Mobilier,Meubles,"DataProducts Ampli Magnifier Task Lamp, Black,",43.3,2,0.2,4.33
3003,US-2016-130610,7/5/2016,7/10/2016,Tarif normal,VP-21730,Victor Preis,Bureau à domicile,États-Unis,Sterling Heights,Michigan,USCA - Centre,OFF-BI-10003655,Fournitures de bureau,Classeurs,Durable Pressboard Binders,19,5,0,8.93
3016,US-2016-138919,9/17/2016,9/21/2016,Tarif normal,LS-16975,Lindsay Shagiari,Bureau à domicile,États-Unis,New York City,New York,USCA - Est,FUR-TA-10004154,Mobilier,Tables,"Riverside Furniture Oval Coffee Table, Oval End Table, End Table with Drawer",344.22,2,0.4,-103.27
3020,US-2016-123568,11/8/2016,11/14/2016,Tarif normal,SC-20095,Sanjit Chand,Grand public,États-Unis,West Jordan,Utah,USCA - Ouest,OFF-FA-10002701,Fournitures de bureau,Éléments de fixation,Alliance Rubber Bands,5.04,3,0,0.2
3021,US-2016-123568,11/8/2016,11/14/2016,Tarif normal,SC-20095,Sanjit Chand,Grand public,États-Unis,West Jordan,Utah,USCA - Ouest,OFF-PA-10001125,Fournitures de bureau,Papier,Xerox 1988,92.94,3,0,41.82
3022,US-2016-123568,11/8/2016,11/14/2016,Tarif normal,SC-20095,Sanjit Chand,Grand public,États-Unis,West Jordan,Utah,USCA - Ouest,FUR-FU-10004090,Mobilier,Meubles,"Executive Impressions 14"" Contract Wall Clock",66.69,3,0,22.01
3023,US-2016-123568,11/8/2016,11/14/2016,Tarif normal,SC-20095,Sanjit Chand,Grand public,États-Unis,West Jordan,Utah,USCA - Ouest,OFF-BI-10001510,Fournitures de bureau,Classeurs,Deluxe Heavy-Duty Vinyl Round Ring Binder,91.68,5,0.2,28.65
3025,US-2016-164441,11/8/2016,11/13/2016,Tarif normal,AC-10450,Amy Cox,Grand public,États-Unis,New York City,New York,USCA - Est,OFF-BI-10001922,Fournitures de bureau,Classeurs,Storex Dura Pro Binders,52.27,11,0.2,17.64
3026,US-2016-164441,11/8/2016,11/13/2016,Tarif normal,AC-10450,Amy Cox,Grand public,États-Unis,New York City,New York,USCA - Est,OFF-PA-10001667,Fournitures de bureau,Papier,Great White Multi-Use Recycled Paper (20Lb. and 84 Bright),17.94,3,0,8.07
3031,US-2016-168480,9/21/2016,9/27/2016,Tarif normal,DM-12955,Dario Medina,Entreprise,États-Unis,Lincoln Park,Michigan,USCA - Centre,FUR-BO-10000468,Mobilier,Bibliothèques,O'Sullivan 2-Shelf Heavy-Duty Bookcases,194.32,4,0,31.09
3032,US-2016-168480,9/21/2016,9/27/2016,Tarif normal,DM-12955,Dario Medina,Entreprise,États-Unis,Lincoln Park,Michigan,USCA - Centre,OFF-AR-10001044,Fournitures de bureau,Art,"BOSTON Ranger #55 Pencil Sharpener, Black",25.99,1,0,7.54
3035,US-2016-123960,6/11/2016,6/16/2016,Tarif normal,BD-11605,Brian Dahlen,Grand public,États-Unis,Monroe,Louisiane,USCA - Sud,TEC-AC-10003038,Produits technologiques,Accessoires,Kingston Digital DataTraveler 16GB USB 2.0,53.7,6,0,10.2
3036,US-2016-123960,6/11/2016,6/16/2016,Tarif normal,BD-11605,Brian Dahlen,Grand public,États-Unis,Monroe,Louisiane,USCA - Sud,OFF-BI-10002799,Fournitures de bureau,Classeurs,"SlimView Poly Binder, 3/8""",36.26,7,0,16.68
3037,US-2016-123960,6/11/2016,6/16/2016,Tarif normal,BD-11605,Brian Dahlen,Grand public,États-Unis,Monroe,Louisiane,USCA - Sud,OFF-AR-10003582,Fournitures de bureau,Art,"Boston Electric Pencil Sharpener, Model 1818, Charcoal Black",56.3,2,0,15.76
3038,US-2016-123960,6/11/2016,6/16/2016,Tarif normal,BD-11605,Brian Dahlen,Grand public,États-Unis,Monroe,Louisiane,USCA - Sud,OFF-PA-10004451,Fournitures de bureau,Papier,Xerox 222,32.4,5,0,15.55
3039,US-2016-123960,6/11/2016,6/16/2016,Tarif normal,BD-11605,Brian Dahlen,Grand public,États-Unis,Monroe,Louisiane,USCA - Sud,FUR-FU-10004666,Mobilier,Meubles,DAX Clear Channel Poster Frame,29.16,2,0,10.79
3045,US-2016-135174,1/21/2016,1/25/2016,J+2,BP-11230,Benjamin Patterson,Grand public,États-Unis,Troy,Ohio,USCA - Est,TEC-PH-10001530,Produits technologiques,Téléphones,Cisco Unified IP Phone 7945G VoIP phone,1022.97,5,0.4,-255.74
3056,US-2016-100377,8/28/2016,9/1/2016,Tarif normal,TS-21370,Todd Sumrall,Entreprise,États-Unis,Chicago,Illinois,USCA - Centre,TEC-CO-10001046,Produits technologiques,Photocopieurs,Canon Imageclass D680 Copier / Fax,2799.96,5,0.2,874.99
3063,US-2016-145184,11/27/2016,11/29/2016,Prioritaire,JD-16150,Justin Deggeller,Entreprise,États-Unis,Newark,Delaware,USCA - Est,TEC-PH-10002350,Produits technologiques,Téléphones,Apple EarPods with Remote and Mic,83.97,3,0,23.51
3064,US-2016-145184,11/27/2016,11/29/2016,Prioritaire,JD-16150,Justin Deggeller,Entreprise,États-Unis,Newark,Delaware,USCA - Est,TEC-AC-10000397,Produits technologiques,Accessoires,"Perixx PERIBOARD-512B, Ergonomic Split Keyboard",104.97,3,0,7.35
3075,US-2016-126137,10/3/2016,10/8/2016,Tarif normal,BS-11755,Bruce Stewart,Grand public,États-Unis,Los Angeles,Californie,USCA - Ouest,FUR-BO-10004409,Mobilier,Bibliothèques,"Safco Value Mate Series Steel Bookcases, Baked Enamel Finish on Steel, Gray",120.67,2,0.2,18.45
3094,US-2016-114468,8/23/2016,8/23/2016,Le même jour,TD-20995,Tamara Dahlen,Grand public,États-Unis,Bolingbrook,Illinois,USCA - Centre,OFF-SU-10004231,Fournitures de bureau,Fournitures,Acme Tagit Stainless Steel Antibacterial Scissors,31.68,4,0.2,2.77
3095,US-2016-114468,8/23/2016,8/23/2016,Le même jour,TD-20995,Tamara Dahlen,Grand public,États-Unis,Bolingbrook,Illinois,USCA - Centre,OFF-PA-10000809,Fournitures de bureau,Papier,Xerox 206,10.37,2,0.2,3.63
3096,US-2016-114468,8/23/2016,8/23/2016,Le même jour,TD-20995,Tamara Dahlen,Grand public,États-Unis,Bolingbrook,Illinois,USCA - Centre,OFF-FA-10003021,Fournitures de bureau,Éléments de fixation,Staples,12.03,8,0.2,2.26
3097,US-2016-114468,8/23/2016,8/23/2016,Le même jour,TD-20995,Tamara Dahlen,Grand public,États-Unis,Bolingbrook,Illinois,USCA - Centre,OFF-AP-10000696,Fournitures de bureau,Électroménager,Holmes Odor Grabber,5.77,2,0.8,-13.55
3119,US-2016-121720,6/11/2016,6/12/2016,Prioritaire,JE-15610,Jim Epp,Entreprise,États-Unis,Lakeland,Floride,USCA - Sud,FUR-CH-10003312,Mobilier,Chaises,Hon 2090 “Pillow Soft” Series Mid Back Swivel/Tilt Chairs,1123.92,5,0.2,-182.64
3120,US-2016-121720,6/11/2016,6/12/2016,Prioritaire,JE-15610,Jim Epp,Entreprise,États-Unis,Lakeland,Floride,USCA - Sud,TEC-PH-10002496,Produits technologiques,Téléphones,Cisco SPA301,249.58,2,0.2,31.2
3121,US-2016-121720,6/11/2016,6/12/2016,Prioritaire,JE-15610,Jim Epp,Entreprise,États-Unis,Lakeland,Floride,USCA - Sud,FUR-FU-10003464,Mobilier,Meubles,"Seth Thomas 8 1/2"" Cubicle Clock",48.67,3,0.2,7.3
3122,US-2016-121720,6/11/2016,6/12/2016,Prioritaire,JE-15610,Jim Epp,Entreprise,États-Unis,Lakeland,Floride,USCA - Sud,OFF-AR-10000380,Fournitures de bureau,Art,"Hunt PowerHouse Electric Pencil Sharpener, Blue",60.77,2,0.2,7.6
3123,US-2016-121720,6/11/2016,6/12/2016,Prioritaire,JE-15610,Jim Epp,Entreprise,États-Unis,Lakeland,Floride,USCA - Sud,OFF-BI-10004593,Fournitures de bureau,Classeurs,Ibico Laser Imprintable Binding System Covers,78.6,5,0.7,-62.88
3124,US-2016-121720,6/11/2016,6/12/2016,Prioritaire,JE-15610,Jim Epp,Entreprise,États-Unis,Lakeland,Floride,USCA - Sud,OFF-BI-10001308,Fournitures de bureau,Classeurs,GBC Standard Plastic Binding Systems' Combs,3.77,2,0.7,-3.14
3125,US-2016-121720,6/11/2016,6/12/2016,Prioritaire,JE-15610,Jim Epp,Entreprise,États-Unis,Lakeland,Floride,USCA - Sud,OFF-ST-10001780,Fournitures de bureau,Stockage,Tennsco 16-Compartment Lockers with Coat Rack,1036.62,2,0.2,51.83
3126,US-2016-121720,6/11/2016,6/12/2016,Prioritaire,JE-15610,Jim Epp,Entreprise,États-Unis,Lakeland,Floride,USCA - Sud,OFF-ST-10003816,Fournitures de bureau,Stockage,Fellowes High-Stak Drawer Files,563.81,4,0.2,21.14
3141,US-2016-112557,4/25/2016,4/28/2016,Prioritaire,JL-15850,John Lucas,Grand public,États-Unis,New York City,New York,USCA - Est,OFF-AP-10002311,Fournitures de bureau,Électroménager,"Holmes Replacement Filter for HEPA Air Cleaner, Very Large Room, HEPA Filter",206.43,3,0,90.83
3151,US-2016-147830,12/15/2016,12/18/2016,Prioritaire,NF-18385,Natalie Fritzler,Grand public,États-Unis,Newark,Ohio,USCA - Est,TEC-AC-10002049,Produits technologiques,Accessoires,Plantronics Savi W720 Multi-Device Wireless Headset System,2025.36,6,0.2,607.61
3152,US-2016-147830,12/15/2016,12/18/2016,Prioritaire,NF-18385,Natalie Fritzler,Grand public,États-Unis,Newark,Ohio,USCA - Est,TEC-MA-10000418,Produits technologiques,Machines,Cubify CubeX 3D Printer Double Head Print,1799.99,2,0.7,-2639.99
3153,US-2016-147830,12/15/2016,12/18/2016,Prioritaire,NF-18385,Natalie Fritzler,Grand public,États-Unis,Newark,Ohio,USCA - Est,TEC-PH-10004908,Produits technologiques,Téléphones,Panasonic KX TS3282W Corded phone,101.99,2,0.4,-17
3154,US-2016-147830,12/15/2016,12/18/2016,Prioritaire,NF-18385,Natalie Fritzler,Grand public,États-Unis,Newark,Ohio,USCA - Est,FUR-FU-10004091,Mobilier,Meubles,"Howard Miller 13"" Diameter Goldtone Round Wall Clock",262.86,7,0.2,69
3157,US-2016-139584,8/24/2016,8/28/2016,Tarif normal,EM-13810,Eleni McCrary,Entreprise,États-Unis,New York City,New York,USCA - Est,FUR-TA-10001539,Mobilier,Tables,Chromcraft Rectangular Conference Tables,284.36,2,0.4,-75.83
3158,US-2016-139584,8/24/2016,8/28/2016,Tarif normal,EM-13810,Eleni McCrary,Entreprise,États-Unis,New York City,New York,USCA - Est,TEC-AC-10001266,Produits technologiques,Accessoires,Memorex Micro Travel Drive 8 GB,26,2,0,11.7
3191,US-2016-163783,12/27/2016,1/1/2017,Tarif normal,DR-12940,Daniel Raglin,Bureau à domicile,États-Unis,Chicago,Illinois,USCA - Centre,OFF-ST-10002957,Fournitures de bureau,Stockage,Sterilite Show Offs Storage Containers,12.67,3,0.2,-3.17
3198,US-2016-149384,7/10/2016,7/10/2016,Le même jour,EH-13945,Eric Hoffmann,Grand public,États-Unis,Tempe,Arizona,USCA - Ouest,OFF-BI-10003196,Fournitures de bureau,Classeurs,Accohide Poly Flexible Ring Binders,3.37,3,0.7,-2.24
3220,US-2016-137008,10/2/2016,10/8/2016,Tarif normal,JP-15460,Jennifer Patt,Entreprise,États-Unis,Lakewood,New Jersey,USCA - Est,OFF-PA-10001295,Fournitures de bureau,Papier,Computer Printout Paper with Letter-Trim Perforations,94.85,5,0,45.53
3221,US-2016-137008,10/2/2016,10/8/2016,Tarif normal,JP-15460,Jennifer Patt,Entreprise,États-Unis,Lakewood,New Jersey,USCA - Est,OFF-EN-10002500,Fournitures de bureau,Enveloppes,Globe Weis Peel & Seel First Class Envelopes,51.12,4,0,23
3222,US-2016-137008,10/2/2016,10/8/2016,Tarif normal,JP-15460,Jennifer Patt,Entreprise,États-Unis,Lakewood,New Jersey,USCA - Est,TEC-AC-10000892,Produits technologiques,Accessoires,NETGEAR N750 Dual Band Wi-Fi Gigabit Router,90,1,0,32.4
3257,US-2016-155453,8/9/2016,8/14/2016,Tarif normal,RA-19885,Ruben Ausman,Entreprise,États-Unis,Jacksonville,Floride,USCA - Sud,OFF-LA-10001613,Fournitures de bureau,Étiquettes,Avery File Folder Labels,4.61,2,0.2,1.67
3272,US-2016-155145,12/27/2016,12/29/2016,J+2,KN-16450,Kean Nguyen,Entreprise,États-Unis,Visalia,Californie,USCA - Ouest,TEC-AC-10003709,Produits technologiques,Accessoires,Maxell 4.7GB DVD-R 5/Pack,7.92,8,0,3.48
3273,US-2016-146038,2/9/2016,2/16/2016,Tarif normal,SJ-20215,Sarah Jordon,Grand public,États-Unis,Los Angeles,Californie,USCA - Ouest,FUR-CH-10002774,Mobilier,Chaises,"Global Deluxe Stacking Chair, Gray",203.92,5,0.2,22.94
3288,US-2016-157770,12/13/2016,12/15/2016,Prioritaire,RD-19585,Rob Dowd,Grand public,États-Unis,Temecula,Californie,USCA - Ouest,TEC-PH-10001530,Produits technologiques,Téléphones,Plantronics Voyager Pro Legend,494.38,3,0.2,49.44
3289,US-2016-157770,12/13/2016,12/15/2016,Prioritaire,RD-19585,Rob Dowd,Grand public,États-Unis,Temecula,Californie,USCA - Ouest,OFF-BI-10000050,Fournitures de bureau,Classeurs,"Angle-D Binders with Locking Rings, Label Holders",29.2,5,0.2,9.86
3290,US-2016-157770,12/13/2016,12/15/2016,Prioritaire,RD-19585,Rob Dowd,Grand public,États-Unis,Temecula,Californie,USCA - Ouest,TEC-AC-10001552,Produits technologiques,Accessoires,Logitech K350 2.4Ghz Wireless Keyboard,248.85,5,0,27.37
3291,US-2016-157770,12/13/2016,12/15/2016,Prioritaire,RD-19585,Rob Dowd,Grand public,États-Unis,Temecula,Californie,USCA - Ouest,TEC-AC-10003399,Produits technologiques,Accessoires,Memorex Mini Travel Drive 64 GB USB 2.0 Flash Drive,36.24,1,0,15.22
3297,US-2016-110569,5/23/2016,5/24/2016,Tarif normal,EB-13870,Emily Burns,Grand public,États-Unis,Phoenix,Arizona,USCA - Ouest,OFF-BI-10001036,Fournitures de bureau,Classeurs,Cardinal EasyOpen D-Ring Binders,19.19,7,0.7,-12.8
3298,US-2016-110569,5/23/2016,5/24/2016,Tarif normal,EB-13870,Emily Burns,Grand public,États-Unis,Phoenix,Arizona,USCA - Ouest,OFF-AP-10004708,Fournitures de bureau,Électroménager,Fellowes Superior 10 Outlet Split Surge Protector,121.79,4,0.2,13.7
3310,US-2016-144386,11/5/2016,11/11/2016,Tarif normal,GT-14635,Grant Thornton,Entreprise,États-Unis,New York City,New York,USCA - Est,OFF-BI-10001116,Fournitures de bureau,Classeurs,"Wilson Jones 1"" Hanging DublLock Ring Binders",25.34,6,0.2,8.87
3318,US-2016-165057,9/11/2016,9/15/2016,Tarif normal,SC-20725,Steven Cartwright,Grand public,États-Unis,Redlands,Californie,USCA - Ouest,OFF-AR-10004648,Fournitures de bureau,Art,Boston 19500 Mighty Mite Electric Pencil Sharpener,181.35,9,0,48.96
3319,US-2016-165057,9/11/2016,9/15/2016,Tarif normal,SC-20725,Steven Cartwright,Grand public,États-Unis,Redlands,Californie,USCA - Ouest,OFF-LA-10003190,Fournitures de bureau,Étiquettes,Avery 474,8.64,3,0,4.23
3323,US-2016-120810,7/23/2016,7/27/2016,Tarif normal,TH-21550,Tracy Hopkins,Bureau à domicile,États-Unis,New York City,New York,USCA - Est,OFF-AP-10002892,Fournitures de bureau,Électroménager,Belkin F5C206VTEL 6 Outlet Surge,68.94,3,0,20.68
3324,US-2016-120810,7/23/2016,7/27/2016,Tarif normal,TH-21550,Tracy Hopkins,Bureau à domicile,États-Unis,New York City,New York,USCA - Est,FUR-FU-10002253,Mobilier,Meubles,"Howard Miller 13"" Diameter Pewter Finish Round Wall Clock",128.82,3,0,50.24
3348,US-2016-112014,8/13/2016,8/20/2016,Tarif normal,ON-18715,Odella Nelson,Entreprise,États-Unis,Yucaipa,Californie,USCA - Ouest,OFF-AR-10003156,Fournitures de bureau,Art,50 Colored Long Pencils,50.8,5,0,13.21
3361,US-2016-142020,6/4/2016,6/8/2016,J+2,TC-21535,Tracy Collins,Bureau à domicile,États-Unis,New York City,New York,USCA - Est,OFF-PA-10004569,Fournitures de bureau,Papier,"Wirebound Message Books, Two 4 1/4"" x 5"" Forms per Page",30.44,4,0,14.31
3362,US-2016-142020,6/4/2016,6/8/2016,J+2,TC-21535,Tracy Collins,Bureau à domicile,États-Unis,New York City,New York,USCA - Est,FUR-FU-10000672,Mobilier,Meubles,"Executive Impressions 10"" Spectator Wall Clock",35.28,3,0,12
3363,US-2016-139962,12/13/2016,12/20/2016,Tarif normal,Dp-13240,Dean percer,Bureau à domicile,États-Unis,Revere,Massachusetts,USCA - Est,OFF-PA-10004451,Fournitures de bureau,Papier,Xerox 222,19.44,3,0,9.33
3364,US-2016-139962,12/13/2016,12/20/2016,Tarif normal,Dp-13240,Dean percer,Bureau à domicile,États-Unis,Revere,Massachusetts,USCA - Est,OFF-BI-10004738,Fournitures de bureau,Classeurs,Flexible Leather- Look Classic Collection Ring Binder,37.88,2,0,18.94
3369,US-2016-115511,11/21/2016,11/25/2016,Tarif normal,NW-18400,Natalie Webber,Grand public,États-Unis,Las Vegas,Nevada,USCA - Ouest,FUR-BO-10002598,Mobilier,Bibliothèques,"Hon Metal Bookcases, Putty",141.96,2,0,41.17
3370,US-2016-115511,11/21/2016,11/25/2016,Tarif normal,NW-18400,Natalie Webber,Grand public,États-Unis,Las Vegas,Nevada,USCA - Ouest,OFF-BI-10002225,Fournitures de bureau,Classeurs,"Square Ring Data Binders, Rigid 75 Pt. Covers, 11"" x 14-7/8""",66.05,4,0.2,23.12
3374,US-2016-161718,12/4/2016,12/10/2016,Tarif normal,SO-20335,Sean O'Donnell,Grand public,États-Unis,Hempstead,New York,USCA - Est,FUR-FU-10002445,Mobilier,Meubles,"DAX Two-Tone Rosewood/Black Document Frame, Desktop, 5 x 7",28.44,3,0,11.38
3375,US-2016-161718,12/4/2016,12/10/2016,Tarif normal,SO-20335,Sean O'Donnell,Grand public,États-Unis,Hempstead,New York,USCA - Est,FUR-CH-10002372,Mobilier,Chaises,Office Star - Ergonomically Designed Knee Chair,364.41,5,0.1,8.1
3376,US-2016-161718,12/4/2016,12/10/2016,Tarif normal,SO-20335,Sean O'Donnell,Grand public,États-Unis,Hempstead,New York,USCA - Est,TEC-PH-10000376,Produits technologiques,Téléphones,Square Credit Card Reader,39.96,4,0,10.39
3377,US-2016-161718,12/4/2016,12/10/2016,Tarif normal,SO-20335,Sean O'Donnell,Grand public,États-Unis,Hempstead,New York,USCA - Est,FUR-CH-10002965,Mobilier,Chaises,"Global Leather Highback Executive Chair with Pneumatic Height Adjustment, Black",361.76,2,0.1,68.33
3383,US-2016-130659,12/4/2016,12/9/2016,J+2,MS-17365,Maribeth Schnelling,Grand public,États-Unis,New York City,New York,USCA - Est,OFF-EN-10004147,Fournitures de bureau,Enveloppes,Wausau Papers Astrobrights Colored Envelopes,17.94,3,0,8.79
3384,US-2016-130659,12/4/2016,12/9/2016,J+2,MS-17365,Maribeth Schnelling,Grand public,États-Unis,New York City,New York,USCA - Est,FUR-CH-10003535,Mobilier,Chaises,"Global Armless Task Chair, Royal Blue",384.17,7,0.1,29.88
3385,US-2016-130659,12/4/2016,12/9/2016,J+2,MS-17365,Maribeth Schnelling,Grand public,États-Unis,New York City,New York,USCA - Est,TEC-PH-10004586,Produits technologiques,Téléphones,Wilson SignalBoost 841262 DB PRO Amplifier Kit,1799.75,5,0,539.93
3403,US-2016-129700,5/4/2016,5/5/2016,Prioritaire,LA-16780,Laura Armstrong,Entreprise,États-Unis,Tinley Park,Illinois,USCA - Centre,FUR-FU-10001940,Mobilier,Meubles,Staple-based wall hangings,22.29,7,0.6,-8.92
3405,US-2016-152527,10/17/2016,10/17/2016,Le même jour,CM-12190,Charlotte Melton,Grand public,États-Unis,Los Angeles,Californie,USCA - Ouest,OFF-ST-10003479,Fournitures de bureau,Stockage,"Eldon Base for stackable storage shelf, platinum",77.88,2,0,3.89
3418,US-2016-151841,4/27/2016,5/2/2016,Tarif normal,TC-21475,Tony Chapman,Bureau à domicile,États-Unis,Aurora,Colorado,USCA - Ouest,OFF-AP-10003971,Fournitures de bureau,Électroménager,Belkin 6 Outlet Metallic Surge Strip,43.56,5,0.2,3.27
3419,US-2016-151841,4/27/2016,5/2/2016,Tarif normal,TC-21475,Tony Chapman,Bureau à domicile,États-Unis,Aurora,Colorado,USCA - Ouest,OFF-SU-10001574,Fournitures de bureau,Fournitures,Acme Value Line Scissors,5.84,2,0.2,0.73
3420,US-2016-150791,9/6/2016,9/13/2016,Tarif normal,CC-12430,Chuck Clark,Bureau à domicile,États-Unis,New York City,New York,USCA - Est,FUR-CH-10000665,Mobilier,Chaises,"Global Airflow Leather Mesh Back Chair, Black",271.76,2,0.1,60.39
3426,US-2016-153381,9/24/2016,9/28/2016,Tarif normal,DE-13255,Deanra Eno,Bureau à domicile,États-Unis,Dubuque,Iowa,USCA - Centre,OFF-BI-10001525,Fournitures de bureau,Classeurs,"Acco Pressboard Covers with Storage Hooks, 14 7/8"" x 11"", Executive Red",15.24,4,0,6.86
3427,US-2016-153381,9/24/2016,9/28/2016,Tarif normal,DE-13255,Deanra Eno,Bureau à domicile,États-Unis,Dubuque,Iowa,USCA - Centre,FUR-CH-10000988,Mobilier,Chaises,Hon Olson Stacker Stools,1408.1,10,0,394.27
3436,US-2016-100531,9/27/2016,9/29/2016,Prioritaire,NM-18520,Neoma Murray,Grand public,États-Unis,Chicago,Illinois,USCA - Centre,OFF-BI-10001670,Fournitures de bureau,Classeurs,Vinyl Sectional Post Binders,15.08,2,0.8,-22.62
3437,US-2016-100531,9/27/2016,9/29/2016,Prioritaire,NM-18520,Neoma Murray,Grand public,États-Unis,Chicago,Illinois,USCA - Centre,FUR-FU-10003849,Mobilier,Meubles,"DAX Metal Frame, Desktop, Stepped-Edge",24.29,3,0.6,-12.75
3441,US-2016-144099,11/29/2016,11/30/2016,Le même jour,PO-19195,Phillina Ober,Bureau à domicile,États-Unis,San Francisco,Californie,USCA - Ouest,OFF-BI-10001078,Fournitures de bureau,Classeurs,"Acco PRESSTEX Data Binder with Storage Hooks, Dark Blue, 14 7/8"" X 11""",4.3,1,0.2,1.56
3446,US-2016-131779,6/12/2016,6/17/2016,Tarif normal,LE-16810,Laurel Elliston,Grand public,États-Unis,Newark,Delaware,USCA - Est,OFF-ST-10001505,Fournitures de bureau,Stockage,"Perma STOR-ALL Hanging File Box, 13 1/8""W x 12 1/4""D x 10 1/2""H",29.9,5,0,5.08
3454,US-2016-153325,3/1/2016,3/2/2016,J+2,ST-20530,Shui Tom,Grand public,États-Unis,Macon,Géorgie,USCA - Sud,OFF-BI-10004236,Fournitures de bureau,Classeurs,"XtraLife ClearVue Slant-D Ring Binder, White, 3""",58.72,4,0,27.01
3455,US-2016-153626,7/9/2016,7/14/2016,Tarif normal,EB-13870,Emily Burns,Grand public,États-Unis,Nashville,Tennessee,USCA - Sud,OFF-AR-10000657,Fournitures de bureau,Art,"Binney & Smith inkTank Desk Highlighter, Chisel Tip, Yellow, 12/Box",5.16,3,0.2,0.84
3463,US-2016-152611,2/20/2016,2/23/2016,J+2,KA-16525,Kelly Andreada,Grand public,États-Unis,Perth Amboy,New Jersey,USCA - Est,OFF-AR-10003903,Fournitures de bureau,Art,Sanford 52201 APSCO Electric Pencil Sharpener,286.79,7,0,74.57
3466,US-2016-147242,9/10/2016,9/14/2016,Tarif normal,EH-13765,Edward Hooks,Entreprise,États-Unis,Revere,Massachusetts,USCA - Est,OFF-AP-10003842,Fournitures de bureau,Électroménager,Euro-Pro Shark Turbo Vacuum,61.96,2,0,16.11
3467,US-2016-147242,9/10/2016,9/14/2016,Tarif normal,EH-13765,Edward Hooks,Entreprise,États-Unis,Revere,Massachusetts,USCA - Est,FUR-BO-10004695,Mobilier,Bibliothèques,O'Sullivan 2-Door Barrister Bookcase in Odessa Pine,361.96,2,0,83.25
3468,US-2016-147242,9/10/2016,9/14/2016,Tarif normal,EH-13765,Edward Hooks,Entreprise,États-Unis,Revere,Massachusetts,USCA - Est,OFF-PA-10003039,Fournitures de bureau,Papier,Xerox 1960,278.82,9,0,125.47
3470,US-2016-100888,4/6/2016,4/10/2016,Tarif normal,MH-17455,Mark Hamilton,Grand public,États-Unis,Jacksonville,Caroline du Nord,USCA - Sud,OFF-PA-10001019,Fournitures de bureau,Papier,Xerox 1884,47.95,3,0.2,16.18
3489,US-2016-157322,7/2/2016,7/6/2016,Tarif normal,RH-19600,Rob Haberlin,Grand public,États-Unis,Carol Stream,Illinois,USCA - Centre,FUR-CH-10004086,Mobilier,Chaises,Hon 4070 Series Pagoda Armless Upholstered Stacking Chairs,408.42,2,0.3,-5.83
3490,US-2016-157322,7/2/2016,7/6/2016,Tarif normal,RH-19600,Rob Haberlin,Grand public,États-Unis,Carol Stream,Illinois,USCA - Centre,FUR-CH-10003774,Mobilier,Chaises,"Global Wood Trimmed Manager's Task Chair, Khaki",382.12,6,0.3,-92.8
3491,US-2016-157322,7/2/2016,7/6/2016,Tarif normal,RH-19600,Rob Haberlin,Grand public,États-Unis,Carol Stream,Illinois,USCA - Centre,OFF-ST-10004507,Fournitures de bureau,Stockage,Advantus Rolling Storage Box,68.6,5,0.2,6
3492,US-2016-157322,7/2/2016,7/6/2016,Tarif normal,RH-19600,Rob Haberlin,Grand public,États-Unis,Carol Stream,Illinois,USCA - Centre,OFF-ST-10003208,Fournitures de bureau,Stockage,Adjustable Depth Letter/Legal Cart,435.5,3,0.2,48.99
3493,US-2016-157322,7/2/2016,7/6/2016,Tarif normal,RH-19600,Rob Haberlin,Grand public,États-Unis,Carol Stream,Illinois,USCA - Centre,OFF-PA-10000659,Fournitures de bureau,Papier,"Adams Phone Message Book, Professional, 400 Message Capacity, 5 3/6” x 11”",11.17,2,0.2,3.77
3520,US-2016-124975,6/22/2016,6/25/2016,Prioritaire,MG-17875,Michael Grace,Bureau à domicile,États-Unis,Aurora,Illinois,USCA - Centre,FUR-TA-10002645,Mobilier,Tables,Hon Rectangular Conference Tables,796.43,7,0.5,-525.64
3521,US-2016-168767,4/10/2016,4/15/2016,Tarif normal,DM-12955,Dario Medina,Entreprise,États-Unis,Sacramento,Californie,USCA - Ouest,OFF-BI-10000773,Fournitures de bureau,Classeurs,Insertable Tab Post Binder Dividers,12.83,2,0.2,4.33
3530,US-2016-141145,9/17/2016,9/23/2016,Tarif normal,DB-13405,Denny Blanton,Grand public,États-Unis,Orlando,Floride,USCA - Sud,TEC-AC-10001465,Produits technologiques,Accessoires,SanDisk Cruzer 64 GB USB Flash Drive,87.17,3,0.2,10.9
3576,US-2016-143532,3/19/2016,3/24/2016,Tarif normal,DC-12850,Dan Campbell,Grand public,États-Unis,North Miami,Floride,USCA - Sud,OFF-PA-10001560,Fournitures de bureau,Papier,"Adams Telephone Message Books, 5 1/4” x 11”",14.5,3,0.2,4.89
3583,US-2016-121650,12/10/2016,12/16/2016,Tarif normal,KD-16495,Keith Dawkins,Entreprise,États-Unis,Jackson,Michigan,USCA - Centre,OFF-AR-10001149,Fournitures de bureau,Art,"Avery Hi-Liter Comfort Grip Fluorescent Highlighter, Yellow Ink",3.9,2,0,1.52
3584,US-2016-121650,12/10/2016,12/16/2016,Tarif normal,KD-16495,Keith Dawkins,Entreprise,États-Unis,Jackson,Michigan,USCA - Centre,FUR-TA-10003569,Mobilier,Tables,Bretford CR8500 Series Meeting Room Furniture,801.96,2,0,200.49
3585,US-2016-121650,12/10/2016,12/16/2016,Tarif normal,KD-16495,Keith Dawkins,Entreprise,États-Unis,Jackson,Michigan,USCA - Centre,FUR-CH-10004289,Mobilier,Chaises,Global Super Steno Chair,191.96,2,0,32.63
3586,US-2016-121650,12/10/2016,12/16/2016,Tarif normal,KD-16495,Keith Dawkins,Entreprise,États-Unis,Jackson,Michigan,USCA - Centre,OFF-LA-10001045,Fournitures de bureau,Étiquettes,Permanent Self-Adhesive File Folder Labels for Typewriters by Universal,2.61,1,0,1.2
3613,US-2016-110093,12/3/2016,12/8/2016,Tarif normal,AB-10255,Alejandro Ballentine,Bureau à domicile,États-Unis,Philadelphia,Pennsylvanie,USCA - Est,OFF-PA-10000174,Fournitures de bureau,Papier,"Message Book, Wirebound, Four 5 1/2"" X 4"" Forms/Pg., 200 Dupl. Sets/Book",16.45,2,0.2,5.55
3614,US-2016-110093,12/3/2016,12/8/2016,Tarif normal,AB-10255,Alejandro Ballentine,Bureau à domicile,États-Unis,Philadelphia,Pennsylvanie,USCA - Est,TEC-AC-10000171,Produits technologiques,Accessoires,"Verbatim 25 GB 6x Blu-ray Single Layer Recordable Disc, 25/Pack",36.78,2,0.2,10.58
3649,US-2016-168459,11/22/2016,11/27/2016,Tarif normal,MC-17275,Marc Crier,Grand public,États-Unis,Memphis,Tennessee,USCA - Sud,OFF-BI-10003712,Fournitures de bureau,Classeurs,"Acco Pressboard Covers with Storage Hooks, 14 7/8"" x 11"", Light Blue",2.95,2,0.7,-2.06
3650,US-2016-168459,11/22/2016,11/27/2016,Tarif normal,MC-17275,Marc Crier,Grand public,États-Unis,Memphis,Tennessee,USCA - Sud,OFF-FA-10004854,Fournitures de bureau,Éléments de fixation,"Vinyl Coated Wire Paper Clips in Organizer Box, 800/Box",55.1,6,0.2,18.6
3658,US-2016-128083,3/12/2016,3/17/2016,Tarif normal,EB-13750,Edward Becker,Entreprise,États-Unis,Plantation,Floride,USCA - Sud,OFF-EN-10004030,Fournitures de bureau,Enveloppes,Convenience Packs of Business Envelopes,8.69,3,0.2,2.93
3659,US-2016-128083,3/12/2016,3/17/2016,Tarif normal,EB-13750,Edward Becker,Entreprise,États-Unis,Plantation,Floride,USCA - Sud,FUR-FU-10003194,Mobilier,Meubles,"Eldon Expressions Desk Accessory, Wood Pencil Holder, Oak",30.88,4,0.2,3.86
3660,US-2016-128083,3/12/2016,3/17/2016,Tarif normal,EB-13750,Edward Becker,Entreprise,États-Unis,Plantation,Floride,USCA - Sud,FUR-FU-10001731,Mobilier,Meubles,Acrylic Self-Standing Desk Frames,6.41,3,0.2,1.44
3677,US-2016-156440,12/5/2016,12/9/2016,Tarif normal,MH-17620,Matt Hagelstein,Entreprise,États-Unis,San Diego,Californie,USCA - Ouest,FUR-FU-10004090,Mobilier,Meubles,"Executive Impressions 14"" Contract Wall Clock",44.46,2,0,14.67
3678,US-2016-132626,7/9/2016,7/14/2016,Tarif normal,BT-11680,Brian Thompson,Grand public,États-Unis,Clinton,Maryland,USCA - Est,OFF-FA-10002763,Fournitures de bureau,Éléments de fixation,Advantus Map Pennant Flags and Round Head Tacks,15.8,4,0,5.06
3679,US-2016-132626,7/9/2016,7/14/2016,Tarif normal,BT-11680,Brian Thompson,Grand public,États-Unis,Clinton,Maryland,USCA - Est,TEC-MA-10002428,Produits technologiques,Machines,Fellowes Powershred HS-440 4-Sheet High Security Shredder,464.97,3,0,209.24
3680,US-2016-132626,7/9/2016,7/14/2016,Tarif normal,BT-11680,Brian Thompson,Grand public,États-Unis,Clinton,Maryland,USCA - Est,FUR-FU-10002918,Mobilier,Meubles,Eldon ClusterMat Chair Mat with Cordless Antistatic Protection,181.96,2,0,20.02
3681,US-2016-132626,7/9/2016,7/14/2016,Tarif normal,BT-11680,Brian Thompson,Grand public,États-Unis,Clinton,Maryland,USCA - Est,OFF-LA-10000476,Fournitures de bureau,Étiquettes,"Avery 05222 Permanent Self-Adhesive File Folder Labels for Typewriters, on Rolls, White, 250/Roll",12.39,3,0,5.7
3682,US-2016-132626,7/9/2016,7/14/2016,Tarif normal,BT-11680,Brian Thompson,Grand public,États-Unis,Clinton,Maryland,USCA - Est,OFF-BI-10002854,Fournitures de bureau,Classeurs,"Performers Binder/Pad Holder, Black",84.09,3,0,42.05
3683,US-2016-132626,7/9/2016,7/14/2016,Tarif normal,BT-11680,Brian Thompson,Grand public,États-Unis,Clinton,Maryland,USCA - Est,OFF-AR-10002987,Fournitures de bureau,Art,Prismacolor Color Pencil Set,79.36,4,0,32.54
3684,US-2016-132626,7/9/2016,7/14/2016,Tarif normal,BT-11680,Brian Thompson,Grand public,États-Unis,Clinton,Maryland,USCA - Est,OFF-BI-10004001,Fournitures de bureau,Classeurs,GBC Recycled VeloBinder Covers,153.36,9,0,70.55
3685,US-2016-132626,7/9/2016,7/14/2016,Tarif normal,BT-11680,Brian Thompson,Grand public,États-Unis,Clinton,Maryland,USCA - Est,OFF-BI-10001634,Fournitures de bureau,Classeurs,Wilson Jones Active Use Binders,43.68,6,0,21.4
3686,US-2016-132626,7/9/2016,7/14/2016,Tarif normal,BT-11680,Brian Thompson,Grand public,États-Unis,Clinton,Maryland,USCA - Est,OFF-ST-10003722,Fournitures de bureau,Stockage,Project Tote Personal File,98.21,7,0,28.48
3691,US-2016-131359,7/22/2016,7/23/2016,J+2,FA-14230,Frank Atkinson,Entreprise,États-Unis,Denver,Colorado,USCA - Ouest,TEC-MA-10000597,Produits technologiques,Machines,Lexmark S315 Color Inkjet Printer,59.99,2,0.7,-46
3692,US-2016-131359,7/22/2016,7/23/2016,J+2,FA-14230,Frank Atkinson,Entreprise,États-Unis,Denver,Colorado,USCA - Ouest,TEC-CO-10001571,Produits technologiques,Photocopieurs,Sharp 1540cs Digital Laser Copier,439.99,1,0.2,165
3693,US-2016-131359,7/22/2016,7/23/2016,J+2,FA-14230,Frank Atkinson,Entreprise,États-Unis,Denver,Colorado,USCA - Ouest,TEC-PH-10004531,Produits technologiques,Téléphones,OtterBox Commuter Series Case - iPhone 5 & 5s,87.96,5,0.2,30.79
3694,US-2016-131359,7/22/2016,7/23/2016,J+2,FA-14230,Frank Atkinson,Entreprise,États-Unis,Denver,Colorado,USCA - Ouest,FUR-FU-10003026,Mobilier,Meubles,"Eldon Regeneration Recycled Desk Accessories, Black",15.49,4,0.2,3.68
3698,US-2016-151680,11/19/2016,11/21/2016,J+2,TC-21475,Tony Chapman,Bureau à domicile,États-Unis,Seattle,Washington,USCA - Ouest,FUR-FU-10000305,Mobilier,Meubles,"Tenex V2T-RE Standard Weight Series Chair Mat, 45"" x 53"", Lip 25"" x 12""",141.96,2,0,22.71
3703,US-2016-104941,6/13/2016,6/19/2016,Tarif normal,DH-13075,Dave Hallsten,Entreprise,États-Unis,Decatur,Alabama,USCA - Sud,OFF-AR-10004269,Fournitures de bureau,Art,Newell 31,24.78,6,0,6.94
3704,US-2016-104941,6/13/2016,6/19/2016,Tarif normal,DH-13075,Dave Hallsten,Entreprise,États-Unis,Decatur,Alabama,USCA - Sud,OFF-BI-10001249,Fournitures de bureau,Classeurs,Avery Heavy-Duty EZD View Binder with Locking Rings,19.14,3,0,8.8
3705,US-2016-104941,6/13/2016,6/19/2016,Tarif normal,DH-13075,Dave Hallsten,Entreprise,États-Unis,Decatur,Alabama,USCA - Sud,TEC-CO-10004202,Produits technologiques,Photocopieurs,Brother DCP1000 Digital 3 in 1 Multifunction Machine,899.97,3,0,314.99
3706,US-2016-104941,6/13/2016,6/19/2016,Tarif normal,DH-13075,Dave Hallsten,Entreprise,États-Unis,Decatur,Alabama,USCA - Sud,OFF-PA-10003363,Fournitures de bureau,Papier,Xerox 204,32.4,5,0,15.55
3730,US-2016-109575,9/18/2016,9/23/2016,Tarif normal,KH-16630,Ken Heidel,Entreprise,États-Unis,Clinton,Maryland,USCA - Est,OFF-ST-10004950,Fournitures de bureau,Stockage,Acco Perma 3000 Stacking Storage Drawers,41.96,2,0,7.97
3731,US-2016-109575,9/18/2016,9/23/2016,Tarif normal,KH-16630,Ken Heidel,Entreprise,États-Unis,Clinton,Maryland,USCA - Est,OFF-ST-10004123,Fournitures de bureau,Stockage,Safco Industrial Wire Shelving System,636.86,7,0,0
3732,US-2016-109575,9/18/2016,9/23/2016,Tarif normal,KH-16630,Ken Heidel,Entreprise,États-Unis,Clinton,Maryland,USCA - Est,TEC-PH-10000730,Produits technologiques,Téléphones,Samsung Galaxy S4 Active,499.99,1,0,130
3733,US-2016-109575,9/18/2016,9/23/2016,Tarif normal,KH-16630,Ken Heidel,Entreprise,États-Unis,Clinton,Maryland,USCA - Est,TEC-PH-10000895,Produits technologiques,Téléphones,Polycom VVX 310 VoIP phone,1259.93,7,0,327.58
3734,US-2016-109575,9/18/2016,9/23/2016,Tarif normal,KH-16630,Ken Heidel,Entreprise,États-Unis,Clinton,Maryland,USCA - Est,OFF-BI-10000962,Fournitures de bureau,Classeurs,"Acco Flexible ACCOHIDE Square Ring Data Binder, Dark Blue, 11 1/2"" X 14"" 7/8""",65.08,4,0,31.89
3759,US-2016-167745,9/18/2016,9/23/2016,Tarif normal,GB-14530,George Bell,Entreprise,États-Unis,Los Angeles,Californie,USCA - Ouest,OFF-AR-10003602,Fournitures de bureau,Art,"Quartet Omega Colored Chalk, 12/Pack",11.68,2,0,5.49
3760,US-2016-167745,9/18/2016,9/23/2016,Tarif normal,GB-14530,George Bell,Entreprise,États-Unis,Los Angeles,Californie,USCA - Ouest,OFF-SU-10004782,Fournitures de bureau,Fournitures,"Elite 5"" Scissors",16.9,2,0,5.07
3761,US-2016-167745,9/18/2016,9/23/2016,Tarif normal,GB-14530,George Bell,Entreprise,États-Unis,Los Angeles,Californie,USCA - Ouest,FUR-FU-10001591,Mobilier,Meubles,Advantus Panel Wall Certificate Holder - 8.5x11,24.4,2,0,10.25
3768,US-2016-103205,12/8/2016,12/10/2016,J+2,JJ-15760,Joel Jenkins,Bureau à domicile,États-Unis,Houston,Texas,USCA - Centre,TEC-PH-10004896,Produits technologiques,Téléphones,Nokia Lumia 521 (T-Mobile),119.96,5,0.2,12
3778,US-2016-107937,5/3/2016,5/8/2016,Tarif normal,JB-16045,Julia Barnett,Bureau à domicile,États-Unis,Chula Vista,Californie,USCA - Ouest,FUR-FU-10002298,Mobilier,Meubles,"Rubbermaid ClusterMat Chairmats, Mat Size- 66"" x 60"", Lip 20"" x 11"" -90 Degree Angle",665.88,6,0,106.54
3782,US-2016-135314,7/9/2016,7/14/2016,J+2,MC-17575,Matt Collins,Grand public,États-Unis,Philadelphia,Pennsylvanie,USCA - Est,TEC-PH-10003072,Produits technologiques,Téléphones,Panasonic KX-TG9541B DECT 6.0 Digital 2-Line Expandable Cordless Phone With Digital Answering System,269.98,3,0.4,40.5
3792,US-2016-111325,2/27/2016,2/28/2016,Prioritaire,BT-11395,Bill Tyler,Entreprise,États-Unis,Altoona,Pennsylvanie,USCA - Est,OFF-BI-10000343,Fournitures de bureau,Classeurs,"Pressboard Covers with Storage Hooks, 9 1/2"" x 11"", Light Blue",4.42,3,0.7,-3.39
3793,US-2016-111325,2/27/2016,2/28/2016,Prioritaire,BT-11395,Bill Tyler,Entreprise,États-Unis,Altoona,Pennsylvanie,USCA - Est,OFF-AR-10002257,Fournitures de bureau,Art,"Eldon Spacemaker Box, Quick-Snap Lid, Clear",16.03,6,0.2,2.2
3794,US-2016-163762,11/27/2016,12/1/2016,Tarif normal,JE-15475,Jeremy Ellison,Grand public,États-Unis,New York City,New York,USCA - Est,OFF-AR-10001915,Fournitures de bureau,Art,Peel-Off China Markers,29.79,3,0,12.51
3807,US-2016-113628,11/12/2016,11/19/2016,Tarif normal,AH-10690,Anna Häberlin,Entreprise,États-Unis,Plantation,Floride,USCA - Sud,OFF-AR-10001246,Fournitures de bureau,Art,Newell 317,11.76,5,0.2,1.32
3808,US-2016-113628,11/12/2016,11/19/2016,Tarif normal,AH-10690,Anna Häberlin,Entreprise,États-Unis,Plantation,Floride,USCA - Sud,OFF-BI-10003291,Fournitures de bureau,Classeurs,Wilson Jones Leather-Like Binders with DublLock Round Rings,5.24,2,0.7,-4.02
3809,US-2016-113628,11/12/2016,11/19/2016,Tarif normal,AH-10690,Anna Häberlin,Entreprise,États-Unis,Plantation,Floride,USCA - Sud,OFF-BI-10002799,Fournitures de bureau,Classeurs,"SlimView Poly Binder, 3/8""",4.66,3,0.7,-3.73
3810,US-2016-113628,11/12/2016,11/19/2016,Tarif normal,AH-10690,Anna Häberlin,Entreprise,États-Unis,Plantation,Floride,USCA - Sud,FUR-CH-10003298,Mobilier,Chaises,"Office Star - Contemporary Task Swivel chair with Loop Arms, Charcoal",523.92,5,0.2,-72.04
3811,US-2016-113628,11/12/2016,11/19/2016,Tarif normal,AH-10690,Anna Häberlin,Entreprise,États-Unis,Plantation,Floride,USCA - Sud,TEC-PH-10000441,Produits technologiques,Téléphones,VTech DS6151,100.79,1,0.2,10.08
3812,US-2016-113628,11/12/2016,11/19/2016,Tarif normal,AH-10690,Anna Häberlin,Entreprise,États-Unis,Plantation,Floride,USCA - Sud,FUR-CH-10004477,Mobilier,Chaises,"Global Push Button Manager's Chair, Indigo",146.14,3,0.2,16.44
3814,US-2016-103961,11/5/2016,11/9/2016,Tarif normal,NG-18430,Nathan Gelder,Grand public,États-Unis,Quincy,Illinois,USCA - Centre,OFF-LA-10004484,Fournitures de bureau,Étiquettes,Avery 476,19.82,6,0.2,6.44
3817,US-2016-102582,9/15/2016,9/19/2016,Tarif normal,NW-18400,Natalie Webber,Grand public,États-Unis,Mobile,Alabama,USCA - Sud,FUR-TA-10003569,Mobilier,Tables,Bretford CR8500 Series Meeting Room Furniture,801.96,2,0,200.49
3818,US-2016-102582,9/15/2016,9/19/2016,Tarif normal,NW-18400,Natalie Webber,Grand public,États-Unis,Mobile,Alabama,USCA - Sud,TEC-PH-10003187,Produits technologiques,Téléphones,Anker Astro Mini 3000mAh Ultra-Compact Portable Charger,59.97,3,0,0
3819,US-2016-102582,9/15/2016,9/19/2016,Tarif normal,NW-18400,Natalie Webber,Grand public,États-Unis,Mobile,Alabama,USCA - Sud,FUR-CH-10004853,Mobilier,Chaises,"Global Manager's Adjustable Task Chair, Storm",1056.86,7,0,306.49
3824,US-2016-140984,9/14/2016,9/18/2016,Tarif normal,CC-12685,Craig Carroll,Grand public,États-Unis,New York City,New York,USCA - Est,OFF-ST-10000585,Fournitures de bureau,Stockage,Economy Rollaway Files,991.2,6,0,257.71
3825,US-2016-140984,9/14/2016,9/18/2016,Tarif normal,CC-12685,Craig Carroll,Grand public,États-Unis,New York City,New York,USCA - Est,TEC-CO-10001571,Produits technologiques,Photocopieurs,Sharp 1540cs Digital Laser Copier,879.98,2,0.2,329.99
3826,US-2016-140984,9/14/2016,9/18/2016,Tarif normal,CC-12685,Craig Carroll,Grand public,États-Unis,New York City,New York,USCA - Est,OFF-BI-10002012,Fournitures de bureau,Classeurs,Wilson Jones Easy Flow II Sheet Lifters,12.96,9,0.2,4.54
3832,US-2016-111927,11/14/2016,11/19/2016,Tarif normal,LS-17230,Lycoris Saunders,Grand public,États-Unis,Dover,Delaware,USCA - Est,FUR-FU-10004017,Mobilier,Meubles,"Executive Impressions 13"" Chairman Wall Clock",76.14,3,0,26.65
3833,US-2016-111927,11/14/2016,11/19/2016,Tarif normal,LS-17230,Lycoris Saunders,Grand public,États-Unis,Dover,Delaware,USCA - Est,OFF-BI-10002571,Fournitures de bureau,Classeurs,"Avery Framed View Binder, EZD Ring (Locking), Navy, 1 1/2""",19.96,2,0,9.38
3851,US-2016-142377,12/4/2016,12/9/2016,Tarif normal,MS-17980,Michael Stewart,Entreprise,États-Unis,Springfield,Missouri,USCA - Centre,OFF-PA-10001970,Fournitures de bureau,Papier,Xerox 1881,85.96,7,0,40.4
3852,US-2016-127593,9/21/2016,9/21/2016,Le même jour,DH-13675,Duane Huffman,Bureau à domicile,États-Unis,Quincy,Massachusetts,USCA - Est,FUR-FU-10004006,Mobilier,Meubles,"Deflect-o DuraMat Lighweight, Studded, Beveled Mat for Low Pile Carpeting",85.3,2,0,14.5
3865,US-2016-157133,11/28/2016,12/3/2016,Tarif normal,LC-16885,Lena Creighton,Grand public,États-Unis,Champaign,Illinois,USCA - Centre,FUR-FU-10004904,Mobilier,Meubles,"Eldon ""L"" Workstation Diamond Chairmat",151.96,5,0.6,-182.35
3868,US-2016-132486,10/23/2016,10/27/2016,J+2,JF-15355,Jay Fein,Grand public,États-Unis,San Diego,Californie,USCA - Ouest,TEC-AC-10000710,Produits technologiques,Accessoires,Maxell DVD-RAM Discs,148.32,9,0,63.78
3869,US-2016-132486,10/23/2016,10/27/2016,J+2,JF-15355,Jay Fein,Grand public,États-Unis,San Diego,Californie,USCA - Ouest,FUR-CH-10004495,Mobilier,Chaises,"Global Leather and Oak Executive Chair, Black",240.78,1,0.2,27.09
3870,US-2016-132486,10/23/2016,10/27/2016,J+2,JF-15355,Jay Fein,Grand public,États-Unis,San Diego,Californie,USCA - Ouest,FUR-CH-10004540,Mobilier,Chaises,Global Chrome Stack Chair,191.97,7,0.2,16.8
3871,US-2016-132486,10/23/2016,10/27/2016,J+2,JF-15355,Jay Fein,Grand public,États-Unis,San Diego,Californie,USCA - Ouest,OFF-PA-10004971,Fournitures de bureau,Papier,Xerox 196,11.56,2,0,5.66
3872,US-2016-132486,10/23/2016,10/27/2016,J+2,JF-15355,Jay Fein,Grand public,États-Unis,San Diego,Californie,USCA - Ouest,OFF-EN-10002600,Fournitures de bureau,Enveloppes,"Redi-Strip #10 Envelopes, 4 1/8 x 9 1/2",11.8,4,0,5.66
3873,US-2016-132486,10/23/2016,10/27/2016,J+2,JF-15355,Jay Fein,Grand public,États-Unis,San Diego,Californie,USCA - Ouest,FUR-CH-10001854,Mobilier,Chaises,Office Star - Professional Matrix Back Chair with 2-to-1 Synchro Tilt and Mesh Fabric Seat,842.35,3,0.2,42.12
3881,US-2016-129896,6/15/2016,6/20/2016,Tarif normal,PF-19120,Peter Fuller,Grand public,États-Unis,Gilbert,Arizona,USCA - Ouest,OFF-PA-10002245,Fournitures de bureau,Papier,Xerox 1895,9.57,2,0.2,2.99
3882,US-2016-129896,6/15/2016,6/20/2016,Tarif normal,PF-19120,Peter Fuller,Grand public,États-Unis,Gilbert,Arizona,USCA - Ouest,OFF-ST-10004804,Fournitures de bureau,Stockage,"Belkin 19"" Vented Equipment Shelf, Black",82.37,2,0.2,-19.56
3883,US-2016-129896,6/15/2016,6/20/2016,Tarif normal,PF-19120,Peter Fuller,Grand public,États-Unis,Gilbert,Arizona,USCA - Ouest,FUR-FU-10004904,Mobilier,Meubles,"Eldon ""L"" Workstation Diamond Chairmat",364.7,6,0.2,-36.47
3884,US-2016-129896,6/15/2016,6/20/2016,Tarif normal,PF-19120,Peter Fuller,Grand public,États-Unis,Gilbert,Arizona,USCA - Ouest,FUR-FU-10002396,Mobilier,Meubles,"DAX Copper Panel Document Frame, 5 x 7 Size",40.26,4,0.2,11.07
3901,US-2016-121097,1/3/2016,1/8/2016,Tarif normal,SF-20965,Sylvia Foulston,Entreprise,États-Unis,Baytown,Texas,USCA - Centre,OFF-PA-10001937,Fournitures de bureau,Papier,Xerox 21,10.37,2,0.2,3.63
3902,US-2016-151043,11/14/2016,11/20/2016,Tarif normal,MG-17680,Maureen Gastineau,Bureau à domicile,États-Unis,Philadelphia,Pennsylvanie,USCA - Est,TEC-AC-10001090,Produits technologiques,Accessoires,Micro Innovations Wireless Classic Keyboard with Mouse,47.98,2,0.2,-1.2
3903,US-2016-119312,10/2/2016,10/7/2016,J+2,CS-12400,Christopher Schild,Bureau à domicile,États-Unis,Los Angeles,Californie,USCA - Ouest,OFF-ST-10000943,Fournitures de bureau,Stockage,Eldon ProFile File 'N Store Portable File Tub Letter/Legal Size Black,270.34,14,0,75.7
3904,US-2016-167010,4/5/2016,4/10/2016,Tarif normal,VT-21700,Valerie Takahito,Bureau à domicile,États-Unis,Philadelphia,Pennsylvanie,USCA - Est,OFF-AP-10004036,Fournitures de bureau,Électroménager,Bionaire 99.97% HEPA Air Cleaner,98.11,7,0.2,18.4
3905,US-2016-167010,4/5/2016,4/10/2016,Tarif normal,VT-21700,Valerie Takahito,Bureau à domicile,États-Unis,Philadelphia,Pennsylvanie,USCA - Est,OFF-ST-10003816,Fournitures de bureau,Stockage,Fellowes High-Stak Drawer Files,563.81,4,0.2,21.14
3906,US-2016-167010,4/5/2016,4/10/2016,Tarif normal,VT-21700,Valerie Takahito,Bureau à domicile,États-Unis,Philadelphia,Pennsylvanie,USCA - Est,OFF-BI-10002072,Fournitures de bureau,Classeurs,Cardinal Slant-D Ring Binders,10.43,4,0.7,-6.95
3907,US-2016-167010,4/5/2016,4/10/2016,Tarif normal,VT-21700,Valerie Takahito,Bureau à domicile,États-Unis,Philadelphia,Pennsylvanie,USCA - Est,FUR-FU-10001468,Mobilier,Meubles,Tenex Antistatic Computer Chair Mats,547.14,4,0.2,-68.39
3908,US-2016-167010,4/5/2016,4/10/2016,Tarif normal,VT-21700,Valerie Takahito,Bureau à domicile,États-Unis,Philadelphia,Pennsylvanie,USCA - Est,TEC-PH-10000347,Produits technologiques,Téléphones,Cush Cases Heavy Duty Rugged Cover Case for Samsung Galaxy S5 - Purple,14.85,5,0.4,-3.22
3909,US-2016-167010,4/5/2016,4/10/2016,Tarif normal,VT-21700,Valerie Takahito,Bureau à domicile,États-Unis,Philadelphia,Pennsylvanie,USCA - Est,TEC-PH-10002844,Produits technologiques,Téléphones,Speck Products Candyshell Flip Case,41.99,2,0.4,-9.8
3910,US-2016-167010,4/5/2016,4/10/2016,Tarif normal,VT-21700,Valerie Takahito,Bureau à domicile,États-Unis,Philadelphia,Pennsylvanie,USCA - Est,FUR-FU-10001037,Mobilier,Meubles,"DAX Charcoal/Nickel-Tone Document Frame, 5 x 7",7.58,1,0.2,2.37
3911,US-2016-167010,4/5/2016,4/10/2016,Tarif normal,VT-21700,Valerie Takahito,Bureau à domicile,États-Unis,Philadelphia,Pennsylvanie,USCA - Est,FUR-BO-10004218,Mobilier,Bibliothèques,"Bush Heritage Pine Collection 5-Shelf Bookcase, Albany Pine Finish, *Special Order",352.45,5,0.5,-211.47
3920,US-2016-148817,12/1/2016,12/7/2016,Tarif normal,KD-16495,Keith Dawkins,Entreprise,États-Unis,Chesapeake,Virginie,USCA - Sud,OFF-ST-10001321,Fournitures de bureau,Stockage,"Decoflex Hanging Personal Folder File, Blue",61.68,4,0,16.65
3921,US-2016-148817,12/1/2016,12/7/2016,Tarif normal,KD-16495,Keith Dawkins,Entreprise,États-Unis,Chesapeake,Virginie,USCA - Sud,OFF-BI-10004233,Fournitures de bureau,Classeurs,"GBC Pre-Punched Binding Paper, Plastic, White, 8-1/2"" x 11""",63.96,4,0,30.7
3937,US-2016-118955,6/16/2016,6/20/2016,Tarif normal,LS-17230,Lycoris Saunders,Grand public,États-Unis,Grand Prairie,Texas,USCA - Centre,OFF-EN-10001028,Fournitures de bureau,Enveloppes,Staple envelope,28.75,3,0.2,9.34
3938,US-2016-118955,6/16/2016,6/20/2016,Tarif normal,LS-17230,Lycoris Saunders,Grand public,États-Unis,Grand Prairie,Texas,USCA - Centre,OFF-PA-10004156,Fournitures de bureau,Papier,Xerox 188,27.22,3,0.2,9.87
3939,US-2016-118955,6/16/2016,6/20/2016,Tarif normal,LS-17230,Lycoris Saunders,Grand public,États-Unis,Grand Prairie,Texas,USCA - Centre,FUR-CH-10001708,Mobilier,Chaises,Office Star - Contemporary Swivel Chair with Padded Adjustable Arms and Flex Back,197.37,2,0.3,-25.38
3961,US-2016-113901,10/19/2016,10/24/2016,Tarif normal,NH-18610,Nicole Hansen,Entreprise,États-Unis,Detroit,Michigan,USCA - Centre,OFF-BI-10001249,Fournitures de bureau,Classeurs,Avery Heavy-Duty EZD View Binder with Locking Rings,38.28,6,0,17.61
3962,US-2016-113901,10/19/2016,10/24/2016,Tarif normal,NH-18610,Nicole Hansen,Entreprise,États-Unis,Detroit,Michigan,USCA - Centre,TEC-PH-10002564,Produits technologiques,Téléphones,OtterBox Defender Series Case - Samsung Galaxy S4,149.95,5,0,44.99
3969,US-2016-163685,6/1/2016,6/5/2016,Tarif normal,KE-16420,Katrina Edelman,Entreprise,États-Unis,San Antonio,Texas,USCA - Centre,OFF-BI-10001890,Fournitures de bureau,Classeurs,Avery Poly Binder Pockets,5.73,8,0.8,-9.16
3970,US-2016-163685,6/1/2016,6/5/2016,Tarif normal,KE-16420,Katrina Edelman,Entreprise,États-Unis,San Antonio,Texas,USCA - Centre,OFF-PA-10002606,Fournitures de bureau,Papier,Xerox 1928,42.24,10,0.2,13.2
3972,US-2016-132374,2/22/2016,2/24/2016,J+2,PS-19045,Penelope Sewall,Bureau à domicile,États-Unis,Sterling Heights,Michigan,USCA - Centre,OFF-AR-10001615,Fournitures de bureau,Art,Newell 34,79.36,4,0,20.63
3992,US-2016-161998,5/1/2016,5/5/2016,Tarif normal,DB-13120,David Bremer,Entreprise,États-Unis,Tampa,Floride,USCA - Sud,FUR-FU-10001095,Mobilier,Meubles,DAX Black Cherry Wood-Tone Poster Frame,63.55,3,0.2,14.3
3993,US-2016-161998,5/1/2016,5/5/2016,Tarif normal,DB-13120,David Bremer,Entreprise,États-Unis,Tampa,Floride,USCA - Sud,OFF-SU-10004261,Fournitures de bureau,Fournitures,"Fiskars 8"" Scissors, 2/Pack",41.38,3,0.2,4.65
3994,US-2016-161998,5/1/2016,5/5/2016,Tarif normal,DB-13120,David Bremer,Entreprise,États-Unis,Tampa,Floride,USCA - Sud,OFF-AR-10004022,Fournitures de bureau,Art,Panasonic KP-380BK Classic Electric Pencil Sharpener,172.7,6,0.2,10.79
3995,US-2016-105627,3/8/2016,3/12/2016,Tarif normal,DK-12895,Dana Kaydos,Grand public,États-Unis,Kenosha,Wisconsin,USCA - Centre,FUR-BO-10002916,Mobilier,Bibliothèques,"Rush Hierlooms Collection 1"" Thick Stackable Bookcases",512.94,3,0,97.46
3996,US-2016-105627,3/8/2016,3/12/2016,Tarif normal,DK-12895,Dana Kaydos,Grand public,États-Unis,Kenosha,Wisconsin,USCA - Centre,FUR-CH-10002084,Mobilier,Chaises,Hon Mobius Operator's Chair,860.93,7,0,189.4
3997,US-2016-105627,3/8/2016,3/12/2016,Tarif normal,DK-12895,Dana Kaydos,Grand public,États-Unis,Kenosha,Wisconsin,USCA - Centre,TEC-PH-10003012,Produits technologiques,Téléphones,Nortel Meridian M3904 Professional Digital phone,769.95,5,0,223.29
3998,US-2016-105627,3/8/2016,3/12/2016,Tarif normal,DK-12895,Dana Kaydos,Grand public,États-Unis,Kenosha,Wisconsin,USCA - Centre,OFF-AR-10002704,Fournitures de bureau,Art,Boston 1900 Electric Pencil Sharpener,14.98,1,0,4.49
3999,US-2016-105627,3/8/2016,3/12/2016,Tarif normal,DK-12895,Dana Kaydos,Grand public,États-Unis,Kenosha,Wisconsin,USCA - Centre,FUR-FU-10000308,Mobilier,Meubles,Deflect-o Glass Clear Studded Chair Mats,373.08,6,0,82.08
4000,US-2016-149629,7/17/2016,7/20/2016,J+2,MP-17965,Michael Paige,Entreprise,États-Unis,Port Saint Lucie,Floride,USCA - Sud,FUR-BO-10004709,Mobilier,Bibliothèques,"Bush Westfield Collection Bookcases, Medium Cherry Finish",231.92,5,0.2,5.8
4006,US-2016-168732,12/10/2016,12/16/2016,Tarif normal,KM-16660,Khloe Miller,Grand public,États-Unis,Roswell,Géorgie,USCA - Sud,OFF-AR-10003087,Fournitures de bureau,Art,Staples in misc. colors,1.78,1,0,0.5
4007,US-2016-168732,12/10/2016,12/16/2016,Tarif normal,KM-16660,Khloe Miller,Grand public,États-Unis,Roswell,Géorgie,USCA - Sud,OFF-PA-10000520,Fournitures de bureau,Papier,Xerox 201,25.92,4,0,12.44
4008,US-2016-168732,12/10/2016,12/16/2016,Tarif normal,KM-16660,Khloe Miller,Grand public,États-Unis,Roswell,Géorgie,USCA - Sud,TEC-AC-10001553,Produits technologiques,Accessoires,"Memorex 25GB 6X Branded Blu-Ray Recordable Disc, 15/Pack",101.94,6,0,21.41
4009,US-2016-107468,12/18/2016,12/22/2016,Tarif normal,MK-17905,Michael Kennedy,Entreprise,États-Unis,Louisville,Colorado,USCA - Ouest,OFF-AR-10000634,Fournitures de bureau,Art,Newell 320,6.85,2,0.2,0.6
4013,US-2016-153612,12/22/2016,12/27/2016,Tarif normal,BT-11305,Beth Thompson,Bureau à domicile,États-Unis,Superior,Wisconsin,USCA - Centre,OFF-AR-10000203,Fournitures de bureau,Art,Newell 336,17.12,4,0,4.96
4014,US-2016-165624,8/23/2016,8/28/2016,Tarif normal,FH-14350,Fred Harton,Grand public,États-Unis,Atlanta,Géorgie,USCA - Sud,OFF-AP-10000828,Fournitures de bureau,Électroménager,Avanti 4.4 Cu. Ft. Refrigerator,542.94,3,0,152.02
4015,US-2016-165624,8/23/2016,8/28/2016,Tarif normal,FH-14350,Fred Harton,Grand public,États-Unis,Atlanta,Géorgie,USCA - Sud,OFF-LA-10003190,Fournitures de bureau,Étiquettes,Avery 474,8.64,3,0,4.23
4016,US-2016-165624,8/23/2016,8/28/2016,Tarif normal,FH-14350,Fred Harton,Grand public,États-Unis,Atlanta,Géorgie,USCA - Sud,OFF-PA-10002319,Fournitures de bureau,Papier,Xerox 1944,193.8,5,0,94.96
4017,US-2016-165624,8/23/2016,8/28/2016,Tarif normal,FH-14350,Fred Harton,Grand public,États-Unis,Atlanta,Géorgie,USCA - Sud,OFF-PA-10003893,Fournitures de bureau,Papier,Xerox 1962,21.4,5,0,9.63
4018,US-2016-165624,8/23/2016,8/28/2016,Tarif normal,FH-14350,Fred Harton,Grand public,États-Unis,Atlanta,Géorgie,USCA - Sud,OFF-PA-10002499,Fournitures de bureau,Papier,Xerox 1890,97.88,2,0,48.94
4019,US-2016-165624,8/23/2016,8/28/2016,Tarif normal,FH-14350,Fred Harton,Grand public,États-Unis,Atlanta,Géorgie,USCA - Sud,TEC-AC-10004568,Produits technologiques,Accessoires,Maxell LTO Ultrium - 800 GB,251.91,9,0,47.86
4020,US-2016-165624,8/23/2016,8/28/2016,Tarif normal,FH-14350,Fred Harton,Grand public,États-Unis,Atlanta,Géorgie,USCA - Sud,OFF-AP-10001492,Fournitures de bureau,Électroménager,"Acco Six-Outlet Power Strip, 4' Cord Length",25.86,3,0,6.72
4037,US-2016-148859,12/28/2016,1/1/2017,Tarif normal,FH-14350,Fred Harton,Grand public,États-Unis,Chicago,Illinois,USCA - Centre,OFF-ST-10004950,Fournitures de bureau,Stockage,"Tenex Personal Filing Tote With Secure Closure Lid, Black/Frost",24.82,2,0.2,1.55
4045,US-2016-137750,6/25/2016,6/26/2016,Tarif normal,JF-15565,Jill Fjeld,Grand public,États-Unis,San Francisco,Californie,USCA - Ouest,FUR-FU-10001979,Mobilier,Meubles,Dana Halogen Swing-Arm Architect Lamp,204.85,5,0,57.36
4046,US-2016-136378,4/2/2016,4/7/2016,Tarif normal,CS-11845,Cari Sayre,Entreprise,États-Unis,Houston,Texas,USCA - Centre,OFF-BI-10003707,Fournitures de bureau,Classeurs,Aluminum Screw Posts,9.16,3,0.8,-13.73
4048,US-2016-166520,7/16/2016,7/19/2016,Prioritaire,KE-16420,Katrina Edelman,Entreprise,États-Unis,New York City,New York,USCA - Est,OFF-PA-10000501,Fournitures de bureau,Papier,Petty Cash Envelope,80.88,3,0,39.63
4049,US-2016-166520,7/16/2016,7/19/2016,Prioritaire,KE-16420,Katrina Edelman,Entreprise,États-Unis,New York City,New York,USCA - Est,TEC-AC-10001990,Produits technologiques,Accessoires,Kensington Orbit Wireless Mobile Trackball for PC and Mac,599.9,10,0,191.97
4059,US-2016-124058,11/20/2016,11/24/2016,Tarif normal,LC-16885,Lena Creighton,Grand public,États-Unis,Oakland,Californie,USCA - Ouest,TEC-PH-10004774,Produits technologiques,Téléphones,Gear Head AU3700S Headset,72.74,7,0.2,-15.46
4060,US-2016-124058,11/20/2016,11/24/2016,Tarif normal,LC-16885,Lena Creighton,Grand public,États-Unis,Oakland,Californie,USCA - Ouest,FUR-CH-10000595,Mobilier,Chaises,Safco Contoured Stacking Chairs,572.16,3,0.2,35.76
4062,US-2016-138716,9/17/2016,9/20/2016,Prioritaire,CS-11845,Cari Sayre,Entreprise,États-Unis,Seattle,Washington,USCA - Ouest,OFF-BI-10001628,Fournitures de bureau,Classeurs,"Acco Data Flex Cable Posts For Top & Bottom Load Binders, 6"" Capacity",25.03,3,0.2,7.82
4073,US-2016-156104,12/6/2016,12/8/2016,J+2,NP-18685,Nora Pelletier,Bureau à domicile,États-Unis,Indianapolis,Indiana,USCA - Centre,TEC-CO-10002095,Produits technologiques,Photocopieurs,Hewlett Packard 610 Color Digital Copier / Printer,999.98,2,0,449.99
4074,US-2016-164308,9/24/2016,9/27/2016,Prioritaire,SC-20680,Steve Carroll,Bureau à domicile,États-Unis,Broken Arrow,Oklahoma,USCA - Centre,TEC-PH-10004120,Produits technologiques,Téléphones,AT&T 1080 Phone,821.94,6,0,213.7
4077,US-2016-100685,12/19/2016,12/21/2016,J+2,SM-20950,Suzanne McNair,Entreprise,États-Unis,Omaha,Nebraska,USCA - Centre,OFF-BI-10003094,Fournitures de bureau,Classeurs,Self-Adhesive Ring Binder Labels,7.04,2,0,3.31
4078,US-2016-100685,12/19/2016,12/21/2016,J+2,SM-20950,Suzanne McNair,Entreprise,États-Unis,Omaha,Nebraska,USCA - Centre,OFF-FA-10003472,Fournitures de bureau,Éléments de fixation,Bagged Rubber Bands,5.04,4,0,0.2
4079,US-2016-100685,12/19/2016,12/21/2016,J+2,SM-20950,Suzanne McNair,Entreprise,États-Unis,Omaha,Nebraska,USCA - Centre,OFF-PA-10001289,Fournitures de bureau,Papier,White Computer Printout Paper by Universal,116.28,3,0,56.98
4080,US-2016-165414,12/21/2016,12/24/2016,Prioritaire,LS-17245,Lynn Smith,Grand public,États-Unis,Jacksonville,Caroline du Nord,USCA - Sud,TEC-PH-10002293,Produits technologiques,Téléphones,Anker 36W 4-Port USB Wall Charger Travel Power Adapter for iPhone 5s 5c 5,47.98,3,0.2,4.8
4094,US-2016-102491,8/24/2016,8/28/2016,Tarif normal,KW-16435,Katrina Willman,Grand public,États-Unis,Florence,Kentucky,USCA - Sud,TEC-MA-10000864,Produits technologiques,Machines,Cisco 9971 IP Video Phone Charcoal,3080,7,0,1416.8
4095,US-2016-102491,8/24/2016,8/28/2016,Tarif normal,KW-16435,Katrina Willman,Grand public,États-Unis,Florence,Kentucky,USCA - Sud,TEC-AC-10003289,Produits technologiques,Accessoires,Anker Ultra-Slim Mini Bluetooth 3.0 Wireless Keyboard,79.96,4,0,18.39
4096,US-2016-102491,8/24/2016,8/28/2016,Tarif normal,KW-16435,Katrina Willman,Grand public,États-Unis,Florence,Kentucky,USCA - Sud,TEC-PH-10001619,Produits technologiques,Téléphones,LG G3,587.97,3,0,170.51
4108,US-2016-105599,9/7/2016,9/7/2016,Le même jour,MC-17275,Marc Crier,Grand public,États-Unis,New York City,New York,USCA - Est,OFF-ST-10002486,Fournitures de bureau,Stockage,Eldon Shelf Savers Cubes and Bins,13.96,2,0,0.28
4109,US-2016-105599,9/7/2016,9/7/2016,Le même jour,MC-17275,Marc Crier,Grand public,États-Unis,New York City,New York,USCA - Est,FUR-TA-10003837,Mobilier,Tables,Anderson Hickey Conga Table Tops & Accessories,27.41,3,0.4,-14.16
4110,US-2016-153717,12/25/2016,1/1/2017,Tarif normal,DL-13495,Dionis Lloyd,Entreprise,États-Unis,Detroit,Michigan,USCA - Centre,TEC-PH-10002923,Produits technologiques,Téléphones,"Logitech B530 USB Headset - headset - Full size, Binaural",73.98,2,0,19.97
4111,US-2016-153717,12/25/2016,1/1/2017,Tarif normal,DL-13495,Dionis Lloyd,Entreprise,États-Unis,Detroit,Michigan,USCA - Centre,FUR-BO-10004360,Mobilier,Bibliothèques,Rush Hierlooms Collection Rich Wood Bookcases,160.98,1,0,20.93
4112,US-2016-153717,12/25/2016,1/1/2017,Tarif normal,DL-13495,Dionis Lloyd,Entreprise,États-Unis,Detroit,Michigan,USCA - Centre,OFF-PA-10002160,Fournitures de bureau,Papier,Xerox 1978,17.34,3,0,8.5
4113,US-2016-153717,12/25/2016,1/1/2017,Tarif normal,DL-13495,Dionis Lloyd,Entreprise,États-Unis,Detroit,Michigan,USCA - Centre,OFF-AR-10002375,Fournitures de bureau,Art,Newell 351,3.28,1,0,0.95
4114,US-2016-116687,5/2/2016,5/7/2016,Tarif normal,NC-18625,Noah Childs,Entreprise,États-Unis,Houston,Texas,USCA - Centre,OFF-LA-10000443,Fournitures de bureau,Étiquettes,Avery 501,8.86,3,0.2,2.99
4115,US-2016-116687,5/2/2016,5/7/2016,Tarif normal,NC-18625,Noah Childs,Entreprise,États-Unis,Houston,Texas,USCA - Centre,TEC-PH-10001750,Produits technologiques,Téléphones,Samsung Rugby III,158.38,3,0.2,13.86
4117,US-2016-153416,11/24/2016,11/29/2016,Tarif normal,TS-21340,Toby Swindell,Grand public,États-Unis,Los Angeles,Californie,USCA - Ouest,OFF-BI-10002813,Fournitures de bureau,Classeurs,Avery Reinforcements for Hole-Punch Pages,3.17,2,0.2,0.99
4118,US-2016-153416,11/24/2016,11/29/2016,Tarif normal,TS-21340,Toby Swindell,Grand public,États-Unis,Los Angeles,Californie,USCA - Ouest,OFF-PA-10002005,Fournitures de bureau,Papier,Xerox 225,19.44,3,0,9.33
4119,US-2016-153416,11/24/2016,11/29/2016,Tarif normal,TS-21340,Toby Swindell,Grand public,États-Unis,Los Angeles,Californie,USCA - Ouest,OFF-ST-10000060,Fournitures de bureau,Stockage,Fellowes Bankers Box Staxonsteel Drawer File/Stacking System,454.86,7,0,54.58
4120,US-2016-153416,11/24/2016,11/29/2016,Tarif normal,TS-21340,Toby Swindell,Grand public,États-Unis,Los Angeles,Californie,USCA - Ouest,OFF-BI-10002706,Fournitures de bureau,Classeurs,Avery Premier Heavy-Duty Binder with Round Locking Rings,91.39,8,0.2,29.7
4130,US-2016-121272,3/29/2016,4/4/2016,Tarif normal,DO-13435,Denny Ordway,Grand public,États-Unis,Seattle,Washington,USCA - Ouest,OFF-AP-10001947,Fournitures de bureau,Électroménager,Acco 6 Outlet Guardian Premium Plus Surge Suppressor,73.28,4,0,21.25
4132,US-2016-111703,7/2/2016,7/9/2016,Tarif normal,KB-16315,Karl Braun,Grand public,États-Unis,Hollywood,Floride,USCA - Sud,OFF-PA-10000349,Fournitures de bureau,Papier,Easy-staple paper,11.95,3,0.2,4.03
4133,US-2016-111703,7/2/2016,7/9/2016,Tarif normal,KB-16315,Karl Braun,Grand public,États-Unis,Hollywood,Floride,USCA - Sud,OFF-PA-10003349,Fournitures de bureau,Papier,Xerox 1957,15.55,3,0.2,5.64
4147,US-2016-136196,11/28/2016,12/4/2016,Tarif normal,TP-21415,Tom Prescott,Grand public,États-Unis,Freeport,New York,USCA - Est,FUR-FU-10004017,Mobilier,Meubles,"Tenex Contemporary Contur Chairmats for Low and Medium Pile Carpet, Computer, 39"" x 49""",322.59,3,0,64.52
4157,US-2016-101091,12/5/2016,12/9/2016,J+2,SW-20245,Scot Wooten,Grand public,États-Unis,Philadelphia,Pennsylvanie,USCA - Est,TEC-AC-10003280,Produits technologiques,Accessoires,Belkin F8E887 USB Wired Ergonomic Keyboard,47.98,2,0.2,0.6
4158,US-2016-101091,12/5/2016,12/9/2016,J+2,SW-20245,Scot Wooten,Grand public,États-Unis,Philadelphia,Pennsylvanie,USCA - Est,OFF-BI-10001107,Fournitures de bureau,Classeurs,"GBC White Gloss Covers, Plain Front",26.06,6,0.7,-19.98
4163,US-2016-163587,3/14/2016,3/18/2016,Tarif normal,EP-13915,Emily Phan,Grand public,États-Unis,Dover,New Hampshire,USCA - Est,OFF-LA-10004484,Fournitures de bureau,Étiquettes,Avery 476,16.52,4,0,7.6
4164,US-2016-163587,3/14/2016,3/18/2016,Tarif normal,EP-13915,Emily Phan,Grand public,États-Unis,Dover,New Hampshire,USCA - Est,OFF-BI-10003091,Fournitures de bureau,Classeurs,GBC DocuBind TL200 Manual Binding Machine,671.94,3,0,315.81
4167,US-2016-160213,3/8/2016,3/13/2016,Tarif normal,AR-10825,Anthony Rawles,Entreprise,États-Unis,Long Beach,New York,USCA - Est,OFF-PA-10003848,Fournitures de bureau,Papier,Xerox 1997,19.44,3,0,9.33
4170,US-2016-100216,4/13/2016,4/14/2016,Prioritaire,HJ-14875,Heather Jas,Bureau à domicile,États-Unis,Mesa,Arizona,USCA - Ouest,OFF-PA-10000788,Fournitures de bureau,Papier,Xerox 210,31.1,6,0.2,10.89
4171,US-2016-100216,4/13/2016,4/14/2016,Prioritaire,HJ-14875,Heather Jas,Bureau à domicile,États-Unis,Mesa,Arizona,USCA - Ouest,OFF-PA-10002968,Fournitures de bureau,Papier,Xerox 1973,54.82,3,0.2,17.82
4176,US-2016-154340,11/29/2016,11/30/2016,Prioritaire,EK-13795,Eileen Kiefer,Bureau à domicile,États-Unis,Santa Ana,Californie,USCA - Ouest,OFF-AR-10003582,Fournitures de bureau,Art,"Boston Electric Pencil Sharpener, Model 1818, Charcoal Black",56.3,2,0,15.76
4192,US-2016-129392,7/8/2016,7/8/2016,Le même jour,DM-13015,Darrin Martin,Grand public,États-Unis,Houston,Texas,USCA - Centre,OFF-PA-10004248,Fournitures de bureau,Papier,Xerox 1990,21.12,5,0.2,6.6
4193,US-2016-150875,11/16/2016,11/20/2016,Tarif normal,HK-14890,Heather Kirkland,Entreprise,États-Unis,Boise,Idaho,USCA - Ouest,FUR-TA-10000577,Mobilier,Tables,Bretford CR4500 Series Slim Rectangular Table,696.42,2,0,160.18
4194,US-2016-150875,11/16/2016,11/20/2016,Tarif normal,HK-14890,Heather Kirkland,Entreprise,États-Unis,Boise,Idaho,USCA - Ouest,TEC-PH-10001254,Produits technologiques,Téléphones,Jabra BIZ 2300 Duo QD Duo Corded Headset,304.78,3,0.2,22.86
4195,US-2016-154200,6/18/2016,6/22/2016,Tarif normal,BG-11740,Bruce Geld,Grand public,États-Unis,San Diego,Californie,USCA - Ouest,OFF-AR-10001044,Fournitures de bureau,Art,"BOSTON Ranger #55 Pencil Sharpener, Black",51.98,2,0,15.07
4197,US-2016-134271,4/18/2016,4/23/2016,J+2,RF-19735,Roland Fjeld,Grand public,États-Unis,New York City,New York,USCA - Est,OFF-LA-10004093,Fournitures de bureau,Étiquettes,Avery 486,21.93,3,0,10.31
4200,US-2016-143105,12/10/2016,12/10/2016,Le même jour,MA-17560,Matt Abelman,Bureau à domicile,États-Unis,New York City,New York,USCA - Est,OFF-LA-10004093,Fournitures de bureau,Étiquettes,Avery 486,7.31,1,0,3.44
4201,US-2016-143105,12/10/2016,12/10/2016,Le même jour,MA-17560,Matt Abelman,Bureau à domicile,États-Unis,New York City,New York,USCA - Est,TEC-CO-10002095,Produits technologiques,Photocopieurs,Hewlett Packard 610 Color Digital Copier / Printer,799.98,2,0.2,250
4202,US-2016-143105,12/10/2016,12/10/2016,Le même jour,MA-17560,Matt Abelman,Bureau à domicile,États-Unis,New York City,New York,USCA - Est,OFF-PA-10002713,Fournitures de bureau,Papier,"Adams Phone Message Book, 200 Message Capacity, 8 1/16” x 11”",41.28,6,0,18.99
4203,US-2016-143105,12/10/2016,12/10/2016,Le même jour,MA-17560,Matt Abelman,Bureau à domicile,États-Unis,New York City,New York,USCA - Est,OFF-PA-10002254,Fournitures de bureau,Papier,Xerox 1883,184.66,7,0,84.94
4217,US-2016-111234,2/18/2016,2/22/2016,Tarif normal,AB-10600,Ann Blume,Entreprise,États-Unis,Los Angeles,Californie,USCA - Ouest,OFF-LA-10002271,Fournitures de bureau,Étiquettes,Smead Alpha-Z Color-Coded Second Alphabetical Labels and Starter Set,9.24,3,0,4.44
4228,US-2016-154970,1/5/2016,1/10/2016,Tarif normal,SR-20740,Steven Roelle,Bureau à domicile,États-Unis,Seattle,Washington,USCA - Ouest,FUR-CH-10003396,Mobilier,Chaises,Global Deluxe Steno Chair,61.58,1,0.2,-6.93
4252,US-2016-155068,10/23/2016,10/23/2016,Le même jour,RA-19285,Ralph Arnett,Grand public,États-Unis,Lakeland,Floride,USCA - Sud,TEC-PH-10004897,Produits technologiques,Téléphones,Mediabridge Sport Armband iPhone 5s,55.94,7,0.2,-13.29
4253,US-2016-155068,10/23/2016,10/23/2016,Le même jour,RA-19285,Ralph Arnett,Grand public,États-Unis,Lakeland,Floride,USCA - Sud,OFF-AR-10002656,Fournitures de bureau,Art,Sanford Liquid Accent Highlighters,10.69,2,0.2,2.27
4254,US-2016-155068,10/23/2016,10/23/2016,Le même jour,RA-19285,Ralph Arnett,Grand public,États-Unis,Lakeland,Floride,USCA - Sud,TEC-PH-10004924,Produits technologiques,Téléphones,"SKILCRAFT Telephone Shoulder Rest, 2"" x 6.5"" x 2.5"", Black",11.82,2,0.2,1.03
4258,US-2016-101924,9/4/2016,9/9/2016,Tarif normal,KB-16585,Ken Black,Entreprise,États-Unis,Medford,Oregon,USCA - Ouest,OFF-BI-10000962,Fournitures de bureau,Classeurs,"Acco Flexible ACCOHIDE Square Ring Data Binder, Dark Blue, 11 1/2"" X 14"" 7/8""",9.76,2,0.7,-6.83
4271,US-2016-166975,11/26/2016,11/27/2016,Tarif normal,SH-20635,Stefanie Holloman,Entreprise,États-Unis,Jackson,Tennessee,USCA - Sud,FUR-FU-10003930,Mobilier,Meubles,Howard Miller 12-3/4 Diameter Accuwave DS  Wall Clock,692.47,11,0.2,190.43
4275,US-2016-142692,10/23/2016,10/28/2016,Tarif normal,AG-10495,Andrew Gjertsen,Entreprise,États-Unis,Seattle,Washington,USCA - Ouest,OFF-BI-10004140,Fournitures de bureau,Classeurs,Avery Non-Stick Binders,3.59,1,0.2,1.12
4276,US-2016-123456,7/9/2016,7/13/2016,Tarif normal,KN-16450,Kean Nguyen,Entreprise,États-Unis,Dallas,Texas,USCA - Centre,OFF-AP-10002684,Fournitures de bureau,Électroménager,"Acco 7-Outlet Masterpiece Power Center, Wihtout Fax/Phone Line Protection",48.63,2,0.8,-121.58
4285,US-2016-105690,11/21/2016,11/26/2016,J+2,CA-11965,Carol Adams,Entreprise,États-Unis,Port Arthur,Texas,USCA - Centre,FUR-BO-10003965,Mobilier,Bibliothèques,O'Sullivan Manor Hill 2-Door Library in Brianna Oak,246.13,2,0.3,-76.01
4286,US-2016-105690,11/21/2016,11/26/2016,J+2,CA-11965,Carol Adams,Entreprise,États-Unis,Port Arthur,Texas,USCA - Centre,OFF-LA-10000240,Fournitures de bureau,Étiquettes,Self-Adhesive Address Labels for Typewriters by Universal,11.7,2,0.2,3.95
4287,US-2016-105690,11/21/2016,11/26/2016,J+2,CA-11965,Carol Adams,Entreprise,États-Unis,Port Arthur,Texas,USCA - Centre,TEC-CO-10001571,Produits technologiques,Photocopieurs,Sharp 1540cs Digital Laser Copier,439.99,1,0.2,165
4289,US-2016-117184,5/17/2016,5/21/2016,Tarif normal,ON-18715,Odella Nelson,Entreprise,États-Unis,Houston,Texas,USCA - Centre,OFF-BI-10002082,Fournitures de bureau,Classeurs,GBC Twin Loop Wire Binding Elements,33.28,5,0.8,-49.92
4290,US-2016-117184,5/17/2016,5/21/2016,Tarif normal,ON-18715,Odella Nelson,Entreprise,États-Unis,Houston,Texas,USCA - Centre,OFF-PA-10002250,Fournitures de bureau,Papier,Things To Do Today Pad,14.09,3,0.2,4.93
4315,US-2016-115945,6/25/2016,7/1/2016,Tarif normal,AB-10165,Alan Barnes,Grand public,États-Unis,Los Angeles,Californie,USCA - Ouest,OFF-AR-10004062,Fournitures de bureau,Art,Staples in misc. colors,20.96,2,0,5.24
4316,US-2016-115945,6/25/2016,7/1/2016,Tarif normal,AB-10165,Alan Barnes,Grand public,États-Unis,Los Angeles,Californie,USCA - Ouest,OFF-BI-10004330,Fournitures de bureau,Classeurs,"GBC Velobind Prepunched Cover Sets, Regency Series",88.75,3,0.2,27.74
4317,US-2016-115945,6/25/2016,7/1/2016,Tarif normal,AB-10165,Alan Barnes,Grand public,États-Unis,Los Angeles,Californie,USCA - Ouest,OFF-ST-10001963,Fournitures de bureau,Stockage,Tennsco Regal Shelving Units,304.23,3,0,9.13
4318,US-2016-136735,7/26/2016,8/2/2016,Tarif normal,HA-14920,Helen Andreada,Grand public,États-Unis,San Francisco,Californie,USCA - Ouest,OFF-EN-10002230,Fournitures de bureau,Enveloppes,Airmail Envelopes,167.86,2,0,78.89
4322,US-2016-147662,2/14/2016,2/19/2016,Tarif normal,KB-16315,Karl Braun,Grand public,États-Unis,Akron,Ohio,USCA - Est,OFF-BI-10001658,Fournitures de bureau,Classeurs,GBC Standard Therm-A-Bind Covers,14.95,2,0.7,-11.96
4323,US-2016-147662,2/14/2016,2/19/2016,Tarif normal,KB-16315,Karl Braun,Grand public,États-Unis,Akron,Ohio,USCA - Est,TEC-PH-10002834,Produits technologiques,Téléphones,Google Nexus 5,323.98,3,0.4,-81
4324,US-2016-147662,2/14/2016,2/19/2016,Tarif normal,KB-16315,Karl Braun,Grand public,États-Unis,Akron,Ohio,USCA - Est,OFF-BI-10002160,Fournitures de bureau,Classeurs,Acco Hanging Data Binders,2.29,2,0.7,-1.68
4325,US-2016-147662,2/14/2016,2/19/2016,Tarif normal,KB-16315,Karl Braun,Grand public,États-Unis,Akron,Ohio,USCA - Est,OFF-AR-10004999,Fournitures de bureau,Art,Newell 315,14.35,3,0.2,0.9
4326,US-2016-147662,2/14/2016,2/19/2016,Tarif normal,KB-16315,Karl Braun,Grand public,États-Unis,Akron,Ohio,USCA - Est,TEC-AC-10003280,Produits technologiques,Accessoires,Belkin F8E887 USB Wired Ergonomic Keyboard,71.98,3,0.2,0.9
4334,US-2016-112375,12/21/2016,12/27/2016,Tarif normal,RD-19720,Roger Demir,Grand public,États-Unis,Daytona Beach,Floride,USCA - Sud,TEC-AC-10003237,Produits technologiques,Accessoires,Memorex Micro Travel Drive 4 GB,50.88,6,0.2,14.63
4335,US-2016-112375,12/21/2016,12/27/2016,Tarif normal,RD-19720,Roger Demir,Grand public,États-Unis,Daytona Beach,Floride,USCA - Sud,OFF-EN-10003798,Fournitures de bureau,Enveloppes,"Recycled Interoffice Envelopes with Re-Use-A-Seal Closure, 10 x 13",27.31,2,0.2,9.22
4336,US-2016-154795,12/20/2016,12/24/2016,Tarif normal,GZ-14470,Gary Zandusky,Grand public,États-Unis,Bullhead City,Arizona,USCA - Ouest,OFF-EN-10003068,Fournitures de bureau,Enveloppes,#6 3/4 Gummed Flap White Envelopes,7.92,1,0.2,2.77
4337,US-2016-154795,12/20/2016,12/24/2016,Tarif normal,GZ-14470,Gary Zandusky,Grand public,États-Unis,Bullhead City,Arizona,USCA - Ouest,FUR-FU-10002088,Mobilier,Meubles,Nu-Dell Float Frame 11 x 14 1/2,14.37,2,0.2,3.95
4338,US-2016-125234,11/27/2016,12/1/2016,Tarif normal,SN-20710,Steve Nguyen,Bureau à domicile,États-Unis,Los Angeles,Californie,USCA - Ouest,TEC-AC-10000158,Produits technologiques,Accessoires,Sony 64GB Class 10 Micro SDHC R40 Memory Card,107.97,3,0,22.67
4339,US-2016-125234,11/27/2016,12/1/2016,Tarif normal,SN-20710,Steve Nguyen,Bureau à domicile,États-Unis,Los Angeles,Californie,USCA - Ouest,OFF-PA-10000482,Fournitures de bureau,Papier,"Snap-A-Way Black Print Carbonless Ruled Speed Letter, Triplicate",113.82,3,0,53.5
4356,US-2016-155600,12/4/2016,12/7/2016,J+2,RO-19780,Rose O'Brian,Grand public,États-Unis,Clarksville,Tennessee,USCA - Sud,OFF-BI-10000545,Fournitures de bureau,Classeurs,GBC Ibimaster 500 Manual ProClick Binding System,1598.06,7,0.7,-1065.37
4357,US-2016-155600,12/4/2016,12/7/2016,J+2,RO-19780,Rose O'Brian,Grand public,États-Unis,Clarksville,Tennessee,USCA - Sud,OFF-AR-10003752,Fournitures de bureau,Art,Deluxe Chalkboard Eraser Cleaner,36.96,4,0.2,12.01
4379,US-2016-140830,8/22/2016,8/23/2016,J+2,PS-18970,Paul Stevenson,Bureau à domicile,États-Unis,Henderson,Kentucky,USCA - Sud,OFF-EN-10000461,Fournitures de bureau,Enveloppes,"#10- 4 1/8"" x 9 1/2"" Recycled Envelopes",17.48,2,0,8.22
4380,US-2016-140830,8/22/2016,8/23/2016,J+2,PS-18970,Paul Stevenson,Bureau à domicile,États-Unis,Henderson,Kentucky,USCA - Sud,OFF-EN-10002831,Fournitures de bureau,Enveloppes,"Tyvek  Top-Opening Peel & Seel  Envelopes, Gray",71.88,2,0,32.35
4381,US-2016-152891,10/25/2016,10/26/2016,Tarif normal,TB-21625,Trudy Brown,Grand public,États-Unis,San Francisco,Californie,USCA - Ouest,OFF-AR-10004648,Fournitures de bureau,Art,Boston 19500 Mighty Mite Electric Pencil Sharpener,60.45,3,0,16.32
4382,US-2016-152891,10/25/2016,10/26/2016,Tarif normal,TB-21625,Trudy Brown,Grand public,États-Unis,San Francisco,Californie,USCA - Ouest,FUR-TA-10001857,Mobilier,Tables,Balt Solid Wood Rectangular Table,253.18,3,0.2,-31.65
4383,US-2016-122784,7/20/2016,7/27/2016,Tarif normal,RA-19915,Russell Applegate,Grand public,États-Unis,Highland Park,Illinois,USCA - Centre,OFF-BI-10000546,Fournitures de bureau,Classeurs,Avery Durable Binders,2.88,5,0.8,-4.46
4384,US-2016-122784,7/20/2016,7/27/2016,Tarif normal,RA-19915,Russell Applegate,Grand public,États-Unis,Highland Park,Illinois,USCA - Centre,FUR-BO-10004690,Mobilier,Bibliothèques,O'Sullivan Cherrywood Estates Traditional Barrister Bookcase,384.94,4,0.3,-126.48
4385,US-2016-122784,7/20/2016,7/27/2016,Tarif normal,RA-19915,Russell Applegate,Grand public,États-Unis,Highland Park,Illinois,USCA - Centre,TEC-PH-10001557,Produits technologiques,Téléphones,Pyle PMP37LED,153.58,2,0.2,13.44
4386,US-2016-122784,7/20/2016,7/27/2016,Tarif normal,RA-19915,Russell Applegate,Grand public,États-Unis,Highland Park,Illinois,USCA - Centre,FUR-BO-10002545,Mobilier,Bibliothèques,"Atlantic Metals Mobile 3-Shelf Bookcases, Custom Colors",913.43,5,0.3,-52.2
4405,US-2016-164336,7/5/2016,7/10/2016,Tarif normal,MW-18220,Mitch Webber,Grand public,États-Unis,Philadelphia,Pennsylvanie,USCA - Est,TEC-AC-10002345,Produits technologiques,Accessoires,HP Standard 104 key PS/2 Keyboard,34.8,3,0.2,2.18
4406,US-2016-164336,7/5/2016,7/10/2016,Tarif normal,MW-18220,Mitch Webber,Grand public,États-Unis,Philadelphia,Pennsylvanie,USCA - Est,OFF-ST-10001558,Fournitures de bureau,Stockage,Acco Perma 4000 Stacking Storage Drawers,38.98,3,0.2,-2.44
4421,US-2016-163090,11/17/2016,11/21/2016,J+2,GH-14665,Greg Hansen,Grand public,États-Unis,Chicago,Illinois,USCA - Centre,OFF-SU-10002537,Fournitures de bureau,Fournitures,Acme Box Cutter Scissors,40.92,5,0.2,3.07
4449,US-2016-121965,6/19/2016,6/23/2016,Tarif normal,LH-17155,Logan Haushalter,Grand public,États-Unis,Los Angeles,Californie,USCA - Ouest,FUR-FU-10000732,Mobilier,Meubles,Eldon 200 Class Desk Accessories,12.56,2,0,4.02
4450,US-2016-121965,6/19/2016,6/23/2016,Tarif normal,LH-17155,Logan Haushalter,Grand public,États-Unis,Los Angeles,Californie,USCA - Ouest,OFF-PA-10004355,Fournitures de bureau,Papier,Xerox 231,6.48,1,0,3.11
4451,US-2016-121965,6/19/2016,6/23/2016,Tarif normal,LH-17155,Logan Haushalter,Grand public,États-Unis,Los Angeles,Californie,USCA - Ouest,OFF-EN-10000056,Fournitures de bureau,Enveloppes,Cameo Buff Policy Envelopes,186.69,3,0,87.74
4456,US-2016-146745,9/3/2016,9/8/2016,Tarif normal,AS-10630,Ann Steele,Bureau à domicile,États-Unis,San Francisco,Californie,USCA - Ouest,FUR-CH-10002372,Mobilier,Chaises,Office Star - Ergonomically Designed Knee Chair,129.57,2,0.2,-12.96
4457,US-2016-146745,9/3/2016,9/8/2016,Tarif normal,AS-10630,Ann Steele,Bureau à domicile,États-Unis,San Francisco,Californie,USCA - Ouest,OFF-BI-10003274,Fournitures de bureau,Classeurs,"Avery Durable Slant Ring Binders, No Labels",6.37,2,0.2,2.15
4466,US-2016-163895,8/7/2016,8/11/2016,Tarif normal,NS-18640,Noel Staavos,Entreprise,États-Unis,Boise,Idaho,USCA - Ouest,OFF-BI-10004970,Fournitures de bureau,Classeurs,"ACCOHIDE 3-Ring Binder, Blue, 1""",3.3,1,0.2,1.12
4488,US-2016-162621,9/5/2016,9/11/2016,Tarif normal,CA-12055,Cathy Armstrong,Bureau à domicile,États-Unis,Houston,Texas,USCA - Centre,OFF-BI-10000962,Fournitures de bureau,Classeurs,"Acco Flexible ACCOHIDE Square Ring Data Binder, Dark Blue, 11 1/2"" X 14"" 7/8""",16.27,5,0.8,-25.22
4489,US-2016-162621,9/5/2016,9/11/2016,Tarif normal,CA-12055,Cathy Armstrong,Bureau à domicile,États-Unis,Houston,Texas,USCA - Centre,OFF-SU-10003567,Fournitures de bureau,Fournitures,Stiletto Hand Letter Openers,69.12,9,0.2,-14.69
4490,US-2016-162621,9/5/2016,9/11/2016,Tarif normal,CA-12055,Cathy Armstrong,Bureau à domicile,États-Unis,Houston,Texas,USCA - Centre,OFF-BI-10003708,Fournitures de bureau,Classeurs,"Acco Four Pocket Poly Ring Binder with Label Holder, Smoke, 1""",4.47,3,0.8,-7.82
4535,US-2016-163104,3/19/2016,3/26/2016,Tarif normal,MC-18130,Mike Caudle,Entreprise,États-Unis,Los Angeles,Californie,USCA - Ouest,OFF-PA-10001947,Fournitures de bureau,Papier,Xerox 1974,11.96,2,0,5.86
4540,US-2016-104129,2/27/2016,3/2/2016,Tarif normal,ES-14080,Erin Smith,Entreprise,États-Unis,Providence,Rhode Island,USCA - Est,TEC-PH-10003800,Produits technologiques,Téléphones,i.Sound Portable Power - 8000 mAh,105.98,2,0,1.06
4541,US-2016-104129,2/27/2016,3/2/2016,Tarif normal,ES-14080,Erin Smith,Entreprise,États-Unis,Providence,Rhode Island,USCA - Est,FUR-TA-10004152,Mobilier,Tables,"Barricks 18"" x 48"" Non-Folding Utility Table with Bottom Storage Shelf",493.92,7,0.3,-28.22
4544,US-2016-126557,7/12/2016,7/17/2016,J+2,RL-19615,Rob Lucas,Grand public,États-Unis,Chicago,Illinois,USCA - Centre,FUR-CH-10004477,Mobilier,Chaises,"Global Push Button Manager's Chair, Indigo",383.61,9,0.3,-5.48
4545,US-2016-126557,7/12/2016,7/17/2016,J+2,RL-19615,Rob Lucas,Grand public,États-Unis,Chicago,Illinois,USCA - Centre,TEC-PH-10003505,Produits technologiques,Téléphones,Geemarc AmpliPOWER60,148.48,2,0.2,16.7
4546,US-2016-126557,7/12/2016,7/17/2016,J+2,RL-19615,Rob Lucas,Grand public,États-Unis,Chicago,Illinois,USCA - Centre,TEC-PH-10000526,Produits technologiques,Téléphones,Vtech CS6719,537.54,7,0.2,53.75
4547,US-2016-126557,7/12/2016,7/17/2016,J+2,RL-19615,Rob Lucas,Grand public,États-Unis,Chicago,Illinois,USCA - Centre,OFF-BI-10003314,Fournitures de bureau,Classeurs,Tuff Stuff Recycled Round Ring Binders,1.93,2,0.8,-2.99
4548,US-2016-126557,7/12/2016,7/17/2016,J+2,RL-19615,Rob Lucas,Grand public,États-Unis,Chicago,Illinois,USCA - Centre,OFF-AR-10003190,Fournitures de bureau,Art,Newell 32,6.91,3,0.2,0.69
4549,US-2016-126557,7/12/2016,7/17/2016,J+2,RL-19615,Rob Lucas,Grand public,États-Unis,Chicago,Illinois,USCA - Centre,FUR-FU-10001861,Mobilier,Meubles,"Floodlight Indoor Halogen Bulbs, 1 Bulb per Pack, 60 Watts",7.76,1,0.6,-2.13
4550,US-2016-126557,7/12/2016,7/17/2016,J+2,RL-19615,Rob Lucas,Grand public,États-Unis,Chicago,Illinois,USCA - Centre,TEC-PH-10003963,Produits technologiques,Téléphones,GE 2-Jack Phone Line Splitter,659.17,4,0.2,49.44
4556,US-2016-130218,3/23/2016,3/26/2016,Prioritaire,SG-20470,Sheri Gordon,Grand public,États-Unis,Florence,Caroline du Sud,USCA - Sud,OFF-FA-10003112,Fournitures de bureau,Éléments de fixation,Staples,31.56,4,0,14.2
4557,US-2016-130218,3/23/2016,3/26/2016,Prioritaire,SG-20470,Sheri Gordon,Grand public,États-Unis,Florence,Caroline du Sud,USCA - Sud,OFF-ST-10002486,Fournitures de bureau,Stockage,Eldon Shelf Savers Cubes and Bins,27.92,4,0,0.56
4561,US-2016-118871,12/4/2016,12/9/2016,J+2,HM-14860,Harry Marie,Entreprise,États-Unis,Los Angeles,Californie,USCA - Ouest,OFF-EN-10003296,Fournitures de bureau,Enveloppes,Tyvek Side-Opening Peel & Seel Expanding Envelopes,271.44,3,0,122.15
4562,US-2016-118871,12/4/2016,12/9/2016,J+2,HM-14860,Harry Marie,Entreprise,États-Unis,Los Angeles,Californie,USCA - Ouest,TEC-PH-10000193,Produits technologiques,Téléphones,Jensen SMPS-640 - speaker phone,110.35,3,0.2,8.28
4563,US-2016-118871,12/4/2016,12/9/2016,J+2,HM-14860,Harry Marie,Entreprise,États-Unis,Los Angeles,Californie,USCA - Ouest,FUR-FU-10002111,Mobilier,Meubles,"Master Caster Door Stop, Large Brown",36.4,5,0,13.83
4569,US-2016-111990,11/8/2016,11/13/2016,Tarif normal,DB-13660,Duane Benoit,Grand public,États-Unis,Houston,Texas,USCA - Centre,OFF-BI-10003291,Fournitures de bureau,Classeurs,Wilson Jones Leather-Like Binders with DublLock Round Rings,10.48,6,0.8,-17.29
4571,US-2016-152128,5/25/2016,5/27/2016,J+2,NM-18445,Nathan Mautz,Bureau à domicile,États-Unis,Wichita,Kansas,USCA - Centre,OFF-AR-10002445,Fournitures de bureau,Art,SANFORD Major Accent Highlighters,21.24,3,0,8.07
4572,US-2016-152128,5/25/2016,5/27/2016,J+2,NM-18445,Nathan Mautz,Bureau à domicile,États-Unis,Wichita,Kansas,USCA - Centre,OFF-BI-10001718,Fournitures de bureau,Classeurs,GBC DocuBind P50 Personal Binding Machine,127.96,2,0,60.14
4579,US-2016-110947,6/9/2016,6/15/2016,Tarif normal,AG-10765,Anthony Garverick,Bureau à domicile,États-Unis,Hampton,Virginie,USCA - Sud,OFF-BI-10001670,Fournitures de bureau,Classeurs,Vinyl Sectional Post Binders,113.1,3,0,56.55
4581,US-2016-164427,4/22/2016,4/23/2016,Tarif normal,AR-10405,Allen Rosenblatt,Entreprise,États-Unis,Hattiesburg,Mississippi,USCA - Sud,TEC-AC-10004469,Produits technologiques,Accessoires,Microsoft Sculpt Comfort Mouse,239.7,6,0,105.47
4600,US-2016-146948,7/16/2016,7/20/2016,Tarif normal,MG-17890,Michael Granlund,Bureau à domicile,États-Unis,Baltimore,Maryland,USCA - Est,FUR-CH-10004853,Mobilier,Chaises,"Global Manager's Adjustable Task Chair, Storm",150.98,1,0,43.78
4601,US-2016-146948,7/16/2016,7/20/2016,Tarif normal,MG-17890,Michael Granlund,Bureau à domicile,États-Unis,Baltimore,Maryland,USCA - Est,OFF-EN-10000483,Fournitures de bureau,Enveloppes,"White Envelopes, White Envelopes with Clear Poly Window",137.25,9,0,63.14
4602,US-2016-146948,7/16/2016,7/20/2016,Tarif normal,MG-17890,Michael Granlund,Bureau à domicile,États-Unis,Baltimore,Maryland,USCA - Est,OFF-FA-10001332,Fournitures de bureau,Éléments de fixation,"Acco Banker's Clasps, 5 3/4""-Long",11.52,4,0,5.41
4603,US-2016-113327,5/26/2016,5/29/2016,J+2,BF-11170,Ben Ferrer,Bureau à domicile,États-Unis,Jacksonville,Caroline du Nord,USCA - Sud,OFF-PA-10003790,Fournitures de bureau,Papier,Xerox 1991,18.27,1,0.2,5.94
4604,US-2016-113327,5/26/2016,5/29/2016,J+2,BF-11170,Ben Ferrer,Bureau à domicile,États-Unis,Jacksonville,Caroline du Nord,USCA - Sud,OFF-PA-10003134,Fournitures de bureau,Papier,Xerox 1937,153.73,4,0.2,53.8
4605,US-2016-113327,5/26/2016,5/29/2016,J+2,BF-11170,Ben Ferrer,Bureau à domicile,États-Unis,Jacksonville,Caroline du Nord,USCA - Sud,OFF-EN-10004459,Fournitures de bureau,Enveloppes,Security-Tint Envelopes,12.22,2,0.2,4.43
4606,US-2016-113327,5/26/2016,5/29/2016,J+2,BF-11170,Ben Ferrer,Bureau à domicile,États-Unis,Jacksonville,Caroline du Nord,USCA - Sud,TEC-AC-10003628,Produits technologiques,Accessoires,Logitech 910-002974 M325 Wireless Mouse for Web Scrolling,167.94,7,0.2,50.38
4607,US-2016-135020,5/28/2016,6/2/2016,Tarif normal,MS-17770,Maxwell Schwartz,Grand public,États-Unis,Rochester,New York,USCA - Est,TEC-PH-10004093,Produits technologiques,Téléphones,Panasonic Kx-TS550,45.99,1,0,13.34
4608,US-2016-135020,5/28/2016,6/2/2016,Tarif normal,MS-17770,Maxwell Schwartz,Grand public,États-Unis,Rochester,New York,USCA - Est,OFF-ST-10001490,Fournitures de bureau,Stockage,"Hot File 7-Pocket, Floor Stand",535.41,3,0,160.62
4609,US-2016-135020,5/28/2016,6/2/2016,Tarif normal,MS-17770,Maxwell Schwartz,Grand public,États-Unis,Rochester,New York,USCA - Est,OFF-BI-10000605,Fournitures de bureau,Classeurs,"Acco Pressboard Covers with Storage Hooks, 9 1/2"" x 11"", Executive Red",6.1,2,0.2,2.06
4610,US-2016-135020,5/28/2016,6/2/2016,Tarif normal,MS-17770,Maxwell Schwartz,Grand public,États-Unis,Rochester,New York,USCA - Est,OFF-PA-10004255,Fournitures de bureau,Papier,Xerox 219,45.36,7,0,21.77
4617,US-2016-159863,9/4/2016,9/7/2016,J+2,DS-13180,David Smith,Entreprise,États-Unis,Houston,Texas,USCA - Centre,TEC-AC-10000109,Produits technologiques,Accessoires,Sony Micro Vault Click 16 GB USB 2.0 Flash Drive,134.38,3,0.2,6.72
4618,US-2016-117800,9/21/2016,9/26/2016,Tarif normal,TH-21550,Tracy Hopkins,Bureau à domicile,États-Unis,Everett,Massachusetts,USCA - Est,TEC-PH-10002415,Produits technologiques,Téléphones,Polycom VoiceStation 500 Conference phone,589.9,2,0,147.48
4619,US-2016-117800,9/21/2016,9/26/2016,Tarif normal,TH-21550,Tracy Hopkins,Bureau à domicile,États-Unis,Everett,Massachusetts,USCA - Est,FUR-CH-10000785,Mobilier,Chaises,Global Ergonomic Managers Chair,542.94,3,0,141.16
4622,US-2016-161214,10/5/2016,10/8/2016,J+2,SF-20965,Sylvia Foulston,Entreprise,États-Unis,Wilmington,Delaware,USCA - Est,OFF-ST-10001328,Fournitures de bureau,Stockage,"Personal Filing Tote with Lid, Black/Gray",77.55,5,0,21.71
4631,US-2016-126235,10/15/2016,10/15/2016,Le même jour,GA-14725,Guy Armstrong,Grand public,États-Unis,Mount Pleasant,Michigan,USCA - Centre,FUR-FU-10000719,Mobilier,Meubles,"DAX Cubicle Frames, 8-1/2 x 11",17.14,2,0,6.17
4634,US-2016-130456,8/21/2016,8/26/2016,Tarif normal,DS-13180,David Smith,Entreprise,États-Unis,San Francisco,Californie,USCA - Ouest,FUR-BO-10003893,Mobilier,Bibliothèques,Sauder Camden County Collection Library,586.4,6,0.2,34.49
4635,US-2016-130456,8/21/2016,8/26/2016,Tarif normal,DS-13180,David Smith,Entreprise,États-Unis,San Francisco,Californie,USCA - Ouest,OFF-ST-10000736,Fournitures de bureau,Stockage,Carina Double Wide Media Storage Towers in Natural & Black,80.98,1,0,3.24
4644,US-2016-147501,8/2/2016,8/6/2016,Tarif normal,Co-12640,Corey-Lock,Grand public,États-Unis,Seattle,Washington,USCA - Ouest,OFF-BI-10002003,Fournitures de bureau,Classeurs,Ibico Presentation Index for Binding Systems,6.37,2,0.2,2.15
4645,US-2016-147501,8/2/2016,8/6/2016,Tarif normal,Co-12640,Corey-Lock,Grand public,États-Unis,Seattle,Washington,USCA - Ouest,TEC-MA-10001972,Produits technologiques,Machines,Okidata C331dn Printer,558.4,2,0.2,41.88
4657,US-2016-112130,5/3/2016,5/7/2016,Tarif normal,SV-20785,Stewart Visinsky,Grand public,États-Unis,Philadelphia,Pennsylvanie,USCA - Est,OFF-AR-10001468,Fournitures de bureau,Art,"Sanford Prismacolor Professional Thick Lead Art Pencils, 36-Color Set",59.9,2,0.2,14.23
4658,US-2016-112130,5/3/2016,5/7/2016,Tarif normal,SV-20785,Stewart Visinsky,Grand public,États-Unis,Philadelphia,Pennsylvanie,USCA - Est,OFF-AP-10003266,Fournitures de bureau,Électroménager,"Holmes Replacement Filter for HEPA Air Cleaner, Large Room",23.7,2,0.2,6.52
4659,US-2016-112130,5/3/2016,5/7/2016,Tarif normal,SV-20785,Stewart Visinsky,Grand public,États-Unis,Philadelphia,Pennsylvanie,USCA - Est,OFF-PA-10002230,Fournitures de bureau,Papier,Xerox 1897,7.97,2,0.2,2.89
4660,US-2016-112130,5/3/2016,5/7/2016,Tarif normal,SV-20785,Stewart Visinsky,Grand public,États-Unis,Philadelphia,Pennsylvanie,USCA - Est,OFF-AP-10003622,Fournitures de bureau,Électroménager,"Bravo II Megaboss 12-Amp Hard Body Upright, Replacement Belts, 2 Belts per Pack",18.2,7,0.2,2.05
4661,US-2016-112130,5/3/2016,5/7/2016,Tarif normal,SV-20785,Stewart Visinsky,Grand public,États-Unis,Philadelphia,Pennsylvanie,USCA - Est,TEC-AC-10001542,Produits technologiques,Accessoires,SanDisk Cruzer 16 GB USB Flash Drive,27.55,3,0.2,-0.34
4662,US-2016-112130,5/3/2016,5/7/2016,Tarif normal,SV-20785,Stewart Visinsky,Grand public,États-Unis,Philadelphia,Pennsylvanie,USCA - Est,FUR-CH-10002965,Mobilier,Chaises,"Global Leather Highback Executive Chair with Pneumatic Height Adjustment, Black",844.12,6,0.3,-36.18
4663,US-2016-112130,5/3/2016,5/7/2016,Tarif normal,SV-20785,Stewart Visinsky,Grand public,États-Unis,Philadelphia,Pennsylvanie,USCA - Est,OFF-ST-10000563,Fournitures de bureau,Stockage,Fellowes Bankers Box Stor/Drawer Steel Plus,76.75,3,0.2,-9.59
4695,US-2016-138121,12/17/2016,12/17/2016,Le même jour,JL-15835,John Lee,Grand public,États-Unis,Detroit,Michigan,USCA - Centre,OFF-BI-10000320,Fournitures de bureau,Classeurs,GBC Plastic Binding Combs,29.52,4,0,14.46
4696,US-2016-138121,12/17/2016,12/17/2016,Le même jour,JL-15835,John Lee,Grand public,États-Unis,Detroit,Michigan,USCA - Centre,FUR-CH-10003846,Mobilier,Chaises,Hon Valutask Swivel Chairs,302.94,3,0,48.47
4697,US-2016-138121,12/17/2016,12/17/2016,Le même jour,JL-15835,John Lee,Grand public,États-Unis,Detroit,Michigan,USCA - Centre,FUR-CH-10004875,Mobilier,Chaises,Harbour Creations 67200 Series Stacking Chairs,142.36,2,0,38.44
4698,US-2016-138121,12/17/2016,12/17/2016,Le même jour,JL-15835,John Lee,Grand public,États-Unis,Detroit,Michigan,USCA - Centre,FUR-CH-10003817,Mobilier,Chaises,"Global Value Steno Chair, Gray",546.66,9,0,136.67
4699,US-2016-138121,12/17/2016,12/17/2016,Le même jour,JL-15835,John Lee,Grand public,États-Unis,Detroit,Michigan,USCA - Centre,FUR-FU-10002116,Mobilier,Meubles,"Tenex Carpeted, Granite-Look or Clear Contemporary Contour Shape Chair Mats",212.13,3,0,14.85
4716,US-2016-122910,5/12/2016,5/16/2016,Tarif normal,LT-16765,Larry Tron,Grand public,États-Unis,Louisville,Colorado,USCA - Ouest,TEC-PH-10000441,Produits technologiques,Téléphones,VTech DS6151,201.58,2,0.2,20.16
4718,US-2016-129042,12/12/2016,12/17/2016,Tarif normal,EM-13960,Eric Murdock,Grand public,États-Unis,Baltimore,Maryland,USCA - Est,OFF-AR-10001662,Fournitures de bureau,Art,Rogers Handheld Barrel Pencil Sharpener,8.22,3,0,2.22
4719,US-2016-109736,10/10/2016,10/11/2016,Prioritaire,DJ-13420,Denny Joy,Entreprise,États-Unis,San Francisco,Californie,USCA - Ouest,OFF-PA-10004101,Fournitures de bureau,Papier,Xerox 1894,45.36,7,0,21.77
4720,US-2016-142601,4/18/2016,4/20/2016,J+2,DE-13255,Deanra Eno,Bureau à domicile,États-Unis,Los Angeles,Californie,USCA - Ouest,OFF-ST-10002756,Fournitures de bureau,Stockage,"Tennsco Stur-D-Stor Boltless Shelving, 5 Shelves, 24"" Deep, Sand",947.17,7,0,9.47
4721,US-2016-142601,4/18/2016,4/20/2016,J+2,DE-13255,Deanra Eno,Bureau à domicile,États-Unis,Los Angeles,Californie,USCA - Ouest,OFF-PA-10000483,Fournitures de bureau,Papier,Xerox 19,61.96,2,0,27.88
4731,US-2016-103996,3/29/2016,3/30/2016,J+2,RB-19435,Richard Bierner,Grand public,États-Unis,San Diego,Californie,USCA - Ouest,OFF-PA-10001736,Fournitures de bureau,Papier,Xerox 1880,212.64,6,0,99.94
4732,US-2016-103996,3/29/2016,3/30/2016,J+2,RB-19435,Richard Bierner,Grand public,États-Unis,San Diego,Californie,USCA - Ouest,OFF-PA-10001609,Fournitures de bureau,Papier,Tops Wirebound Message Log Books,9.87,3,0,4.54
4733,US-2016-103996,3/29/2016,3/30/2016,J+2,RB-19435,Richard Bierner,Grand public,États-Unis,San Diego,Californie,USCA - Ouest,TEC-AC-10003116,Produits technologiques,Accessoires,Memorex Froggy Flash Drive 8 GB,53.25,3,0,20.77
4734,US-2016-103996,3/29/2016,3/30/2016,J+2,RB-19435,Richard Bierner,Grand public,États-Unis,San Diego,Californie,USCA - Ouest,FUR-FU-10004586,Mobilier,Meubles,G.E. Longer-Life Indoor Recessed Floodlight Bulbs,19.92,3,0,9.56
4736,US-2016-155054,6/13/2016,6/19/2016,Tarif normal,PS-19045,Penelope Sewall,Bureau à domicile,États-Unis,Lewiston,Maine,USCA - Est,OFF-BI-10004970,Fournitures de bureau,Classeurs,"ACCOHIDE 3-Ring Binder, Blue, 1""",8.26,2,0,3.88
4737,US-2016-155054,6/13/2016,6/19/2016,Tarif normal,PS-19045,Penelope Sewall,Bureau à domicile,États-Unis,Lewiston,Maine,USCA - Est,OFF-BI-10002824,Fournitures de bureau,Classeurs,Recycled Easel Ring Binders,29.84,2,0,13.43
4738,US-2016-155054,6/13/2016,6/19/2016,Tarif normal,PS-19045,Penelope Sewall,Bureau à domicile,États-Unis,Lewiston,Maine,USCA - Est,TEC-AC-10003657,Produits technologiques,Accessoires,Lenovo 17-Key USB Numeric Keypad,67.98,2,0,14.96
4739,US-2016-105725,2/18/2016,2/24/2016,Tarif normal,GT-14755,Guy Thornton,Grand public,États-Unis,Long Beach,Californie,USCA - Ouest,OFF-LA-10003510,Fournitures de bureau,Étiquettes,"Avery 4027 File Folder Labels for Dot Matrix Printers, 5000 Labels per Box, White",61.06,2,0,28.09
4740,US-2016-105725,2/18/2016,2/24/2016,Tarif normal,GT-14755,Guy Thornton,Grand public,États-Unis,Long Beach,Californie,USCA - Ouest,FUR-TA-10001676,Mobilier,Tables,Hon 61000 Series Interactive Training Tables,35.54,1,0.2,-0.89
4754,US-2016-167220,12/12/2016,12/16/2016,Tarif normal,JB-15925,Joni Blumstein,Grand public,États-Unis,Austin,Texas,USCA - Centre,TEC-AC-10002018,Produits technologiques,Accessoires,AmazonBasics 3-Button USB Wired Mouse,22.37,4,0.2,6.43
4766,US-2016-118227,4/24/2016,4/28/2016,Tarif normal,DB-13270,Deborah Brumfield,Bureau à domicile,États-Unis,New York City,New York,USCA - Est,OFF-AR-10001044,Fournitures de bureau,Art,"BOSTON Ranger #55 Pencil Sharpener, Black",25.99,1,0,7.54
4767,US-2016-123155,3/9/2016,3/12/2016,Prioritaire,NS-18640,Noel Staavos,Entreprise,États-Unis,San Antonio,Texas,USCA - Centre,TEC-AC-10002473,Produits technologiques,Accessoires,Maxell 4.7GB DVD-R,113.52,5,0.2,29.8
4768,US-2016-123155,3/9/2016,3/12/2016,Prioritaire,NS-18640,Noel Staavos,Entreprise,États-Unis,San Antonio,Texas,USCA - Centre,TEC-PH-10001809,Produits technologiques,Téléphones,Panasonic KX T7736-B Digital phone,359.88,3,0.2,22.49
4785,US-2016-104346,12/11/2016,12/16/2016,Tarif normal,IM-15070,Irene Maddox,Grand public,États-Unis,Colorado Springs,Colorado,USCA - Ouest,OFF-AR-10001473,Fournitures de bureau,Art,Newell 313,13.12,5,0.2,1.15
4786,US-2016-104346,12/11/2016,12/16/2016,Tarif normal,IM-15070,Irene Maddox,Grand public,États-Unis,Colorado Springs,Colorado,USCA - Ouest,FUR-BO-10003450,Mobilier,Bibliothèques,"Bush Westfield Collection Bookcases, Dark Cherry Finish",69.58,4,0.7,-143.79
4787,US-2016-104346,12/11/2016,12/16/2016,Tarif normal,IM-15070,Irene Maddox,Grand public,États-Unis,Colorado Springs,Colorado,USCA - Ouest,OFF-AR-10001545,Fournitures de bureau,Art,Newell 326,4.22,3,0.2,0.48
4788,US-2016-104346,12/11/2016,12/16/2016,Tarif normal,IM-15070,Irene Maddox,Grand public,États-Unis,Colorado Springs,Colorado,USCA - Ouest,TEC-AC-10004396,Produits technologiques,Accessoires,Logitech Keyboard K120,58.08,4,0.2,-6.53
4789,US-2016-104346,12/11/2016,12/16/2016,Tarif normal,IM-15070,Irene Maddox,Grand public,États-Unis,Colorado Springs,Colorado,USCA - Ouest,FUR-FU-10002456,Mobilier,Meubles,"Master Caster Door Stop, Large Neon Orange",52.42,9,0.2,15.07
4790,US-2016-104346,12/11/2016,12/16/2016,Tarif normal,IM-15070,Irene Maddox,Grand public,États-Unis,Colorado Springs,Colorado,USCA - Ouest,FUR-FU-10001473,Mobilier,Meubles,DAX Wood Document Frame,54.92,5,0.2,10.98
4791,US-2016-104346,12/11/2016,12/16/2016,Tarif normal,IM-15070,Irene Maddox,Grand public,États-Unis,Colorado Springs,Colorado,USCA - Ouest,FUR-TA-10000849,Mobilier,Tables,Bevis Rectangular Conference Tables,364.95,5,0.5,-248.17
4792,US-2016-104346,12/11/2016,12/16/2016,Tarif normal,IM-15070,Irene Maddox,Grand public,États-Unis,Colorado Springs,Colorado,USCA - Ouest,OFF-PA-10001166,Fournitures de bureau,Papier,Xerox 1932,85.06,3,0.2,28.71
4793,US-2016-104346,12/11/2016,12/16/2016,Tarif normal,IM-15070,Irene Maddox,Grand public,États-Unis,Colorado Springs,Colorado,USCA - Ouest,OFF-PA-10003256,Fournitures de bureau,Papier,Avery Personal Creations Heavyweight Cards,27.7,3,0.2,9.69
4794,US-2016-141684,6/29/2016,7/4/2016,Tarif normal,MM-18055,Michelle Moray,Grand public,États-Unis,New York City,New York,USCA - Est,OFF-PA-10002870,Fournitures de bureau,Papier,"Ampad Phone Message Book, Recycled, 400 Message Capacity, 5 ¾” x 11”",24.96,4,0,11.23
4795,US-2016-144722,3/16/2016,3/23/2016,Tarif normal,MF-18250,Monica Federle,Entreprise,États-Unis,Los Angeles,Californie,USCA - Ouest,FUR-FU-10001215,Mobilier,Meubles,"Howard Miller 11-1/2"" Diameter Brentwood Wall Clock",43.13,1,0,18.11
4796,US-2016-120516,8/13/2016,8/17/2016,Tarif normal,CK-12595,Clytie Kelty,Grand public,États-Unis,Marietta,Géorgie,USCA - Sud,OFF-BI-10004187,Fournitures de bureau,Classeurs,3-ring staple pack,5.64,3,0,2.71
4806,US-2016-137708,11/22/2016,11/25/2016,J+2,NG-18430,Nathan Gelder,Grand public,États-Unis,Los Angeles,Californie,USCA - Ouest,OFF-PA-10000176,Fournitures de bureau,Papier,Xerox 1887,37.94,2,0,18.21
4807,US-2016-137708,11/22/2016,11/25/2016,J+2,NG-18430,Nathan Gelder,Grand public,États-Unis,Los Angeles,Californie,USCA - Ouest,OFF-PA-10000327,Fournitures de bureau,Papier,Xerox 1971,42.8,10,0,19.26
4808,US-2016-137708,11/22/2016,11/25/2016,J+2,NG-18430,Nathan Gelder,Grand public,États-Unis,Los Angeles,Californie,USCA - Ouest,OFF-ST-10004634,Fournitures de bureau,Stockage,"Personal Folder Holder, Ebony",33.63,3,0,10.09
4810,US-2016-151589,12/27/2016,12/28/2016,Prioritaire,RE-19450,Richard Eichhorn,Grand public,États-Unis,Eau Claire,Wisconsin,USCA - Centre,OFF-PA-10003228,Fournitures de bureau,Papier,Xerox 1917,195.64,4,0,91.95
4811,US-2016-151589,12/27/2016,12/28/2016,Prioritaire,RE-19450,Richard Eichhorn,Grand public,États-Unis,Eau Claire,Wisconsin,USCA - Centre,TEC-PH-10004345,Produits technologiques,Téléphones,Cisco SPA 502G IP Phone,239.9,2,0,71.97
4821,US-2016-140025,4/7/2016,4/11/2016,Tarif normal,PF-19120,Peter Fuller,Grand public,États-Unis,San Antonio,Texas,USCA - Centre,OFF-AP-10002651,Fournitures de bureau,Électroménager,Hoover Upright Vacuum With Dirt Cup,463.25,8,0.8,-1181.28
4822,US-2016-140025,4/7/2016,4/11/2016,Tarif normal,PF-19120,Peter Fuller,Grand public,États-Unis,San Antonio,Texas,USCA - Centre,TEC-AC-10002402,Produits technologiques,Accessoires,Razer Kraken PRO Over Ear PC and Music Headset,383.95,6,0.2,47.99
4846,US-2016-124044,7/23/2016,7/26/2016,J+2,MS-17830,Melanie Seite,Grand public,États-Unis,Rochester,New York,USCA - Est,OFF-BI-10003460,Fournitures de bureau,Classeurs,Acco 3-Hole Punch,10.51,3,0.2,3.68
4857,US-2016-137526,1/13/2016,1/17/2016,Tarif normal,PB-19150,Philip Brown,Grand public,États-Unis,Los Angeles,Californie,USCA - Ouest,OFF-BI-10003364,Fournitures de bureau,Classeurs,Binding Machine Supplies,70.01,3,0.2,24.5
4858,US-2016-137526,1/13/2016,1/17/2016,Tarif normal,PB-19150,Philip Brown,Grand public,États-Unis,Los Angeles,Californie,USCA - Ouest,FUR-FU-10001861,Mobilier,Meubles,"Floodlight Indoor Halogen Bulbs, 1 Bulb per Pack, 60 Watts",77.6,4,0,38.02
4859,US-2016-137526,1/13/2016,1/17/2016,Tarif normal,PB-19150,Philip Brown,Grand public,États-Unis,Los Angeles,Californie,USCA - Ouest,FUR-FU-10004845,Mobilier,Meubles,"Deflect-o EconoMat Nonstudded, No Bevel Mat",464.85,9,0,92.97
4915,US-2016-161830,9/24/2016,9/26/2016,J+2,ME-17725,Max Engle,Grand public,États-Unis,Seattle,Washington,USCA - Ouest,OFF-AR-10004042,Fournitures de bureau,Art,"BOSTON Model 1800 Electric Pencil Sharpeners, Putty/Woodgrain",35.96,2,0,10.43
4916,US-2016-161830,9/24/2016,9/26/2016,J+2,ME-17725,Max Engle,Grand public,États-Unis,Seattle,Washington,USCA - Ouest,OFF-BI-10001097,Fournitures de bureau,Classeurs,Avery Hole Reinforcements,14.95,3,0.2,5.42
4933,US-2016-106978,9/28/2016,10/4/2016,Tarif normal,ZC-21910,Zuschuss Carroll,Grand public,États-Unis,Aurora,Colorado,USCA - Ouest,OFF-EN-10004483,Fournitures de bureau,Enveloppes,"#10 White Business Envelopes,4 1/8 x 9 1/2",12.54,1,0.2,4.23
4934,US-2016-106978,9/28/2016,10/4/2016,Tarif normal,ZC-21910,Zuschuss Carroll,Grand public,États-Unis,Aurora,Colorado,USCA - Ouest,OFF-BI-10002012,Fournitures de bureau,Classeurs,Wilson Jones Easy Flow II Sheet Lifters,1.08,2,0.7,-0.79
4935,US-2016-106978,9/28/2016,10/4/2016,Tarif normal,ZC-21910,Zuschuss Carroll,Grand public,États-Unis,Aurora,Colorado,USCA - Ouest,OFF-FA-10003021,Fournitures de bureau,Éléments de fixation,Staples,4.51,3,0.2,0.85
4936,US-2016-155124,3/15/2016,3/21/2016,Tarif normal,KS-16300,Karen Seio,Entreprise,États-Unis,Lehi,Utah,USCA - Ouest,TEC-PH-10003356,Produits technologiques,Téléphones,"SmartStand Mobile Device Holder, Assorted Colors",16.78,3,0.2,1.68
4941,US-2016-156482,2/6/2016,2/13/2016,Tarif normal,IL-15100,Ivan Liston,Grand public,États-Unis,Wilmington,Delaware,USCA - Est,FUR-CH-10001708,Mobilier,Chaises,Office Star - Contemporary Swivel Chair with Padded Adjustable Arms and Flex Back,1268.82,9,0,266.45
4942,US-2016-156482,2/6/2016,2/13/2016,Tarif normal,IL-15100,Ivan Liston,Grand public,États-Unis,Wilmington,Delaware,USCA - Est,FUR-BO-10002598,Mobilier,Bibliothèques,"Hon Metal Bookcases, Putty",283.92,4,0,82.34
4943,US-2016-156482,2/6/2016,2/13/2016,Tarif normal,IL-15100,Ivan Liston,Grand public,États-Unis,Wilmington,Delaware,USCA - Est,OFF-AR-10001022,Fournitures de bureau,Art,SANFORD Liquid Accent Tank-Style Highlighters,5.68,2,0,1.76
4952,US-2016-144190,6/9/2016,6/13/2016,Tarif normal,NC-18415,Nathan Cano,Grand public,États-Unis,Royal Oak,Michigan,USCA - Centre,OFF-PA-10000304,Fournitures de bureau,Papier,Xerox 1995,12.96,2,0,6.22
4954,US-2016-153906,3/16/2016,3/20/2016,Tarif normal,MS-17980,Michael Stewart,Entreprise,États-Unis,New York City,New York,USCA - Est,TEC-PH-10001527,Produits technologiques,Téléphones,Plantronics MX500i Earset,85.9,2,0,2.58
4958,US-2016-127607,3/20/2016,3/26/2016,Tarif normal,JK-15730,Joe Kamberova,Grand public,États-Unis,Carrollton,Texas,USCA - Centre,OFF-BI-10001308,Fournitures de bureau,Classeurs,GBC Standard Plastic Binding Systems' Combs,2.51,2,0.8,-4.4
4959,US-2016-127607,3/20/2016,3/26/2016,Tarif normal,JK-15730,Joe Kamberova,Grand public,États-Unis,Carrollton,Texas,USCA - Centre,OFF-FA-10003485,Fournitures de bureau,Éléments de fixation,Staples,18.86,9,0.2,6.13
4966,US-2016-109708,5/25/2016,5/28/2016,J+2,CY-12745,Craig Yedwab,Entreprise,États-Unis,Columbia,Tennessee,USCA - Sud,TEC-PH-10001944,Produits technologiques,Téléphones,Wi-Ex zBoost YX540 Cellular Phone Signal Booster,467.04,4,0.2,58.38
4967,US-2016-122406,8/2/2016,8/5/2016,J+2,BE-11455,Brad Eason,Bureau à domicile,États-Unis,Providence,Rhode Island,USCA - Est,TEC-PH-10001527,Produits technologiques,Téléphones,Plantronics MX500i Earset,128.85,3,0,3.87
4968,US-2016-122406,8/2/2016,8/5/2016,J+2,BE-11455,Brad Eason,Bureau à domicile,États-Unis,Providence,Rhode Island,USCA - Est,OFF-PA-10001307,Fournitures de bureau,Papier,"Important Message Pads, 50 4-1/4 x 5-1/2 Forms per Pad",8.4,2,0,4.12
4969,US-2016-122406,8/2/2016,8/5/2016,J+2,BE-11455,Brad Eason,Bureau à domicile,États-Unis,Providence,Rhode Island,USCA - Est,TEC-AC-10004571,Produits technologiques,Accessoires,Logitech G700s Rechargeable Gaming Mouse,199.98,2,0,83.99
4970,US-2016-122406,8/2/2016,8/5/2016,J+2,BE-11455,Brad Eason,Bureau à domicile,États-Unis,Providence,Rhode Island,USCA - Est,FUR-CH-10001973,Mobilier,Chaises,Office Star Flex Back Scooter Chair with White Frame,110.98,1,0,15.54
4976,US-2016-142202,9/18/2016,9/23/2016,J+2,JR-16210,Justin Ritter,Entreprise,États-Unis,Jacksonville,Floride,USCA - Sud,TEC-AC-10003198,Produits technologiques,Accessoires,Enermax Acrylux Wireless Keyboard,717.12,9,0.2,152.39
4977,US-2016-165050,12/7/2016,12/9/2016,Prioritaire,AH-10210,Alan Hwang,Grand public,États-Unis,New York City,New York,USCA - Est,OFF-BI-10001031,Fournitures de bureau,Classeurs,Pressboard Data Binders by Wilson Jones,21.36,5,0.2,7.21
4978,US-2016-165050,12/7/2016,12/9/2016,Prioritaire,AH-10210,Alan Hwang,Grand public,États-Unis,New York City,New York,USCA - Est,OFF-BI-10003727,Fournitures de bureau,Classeurs,Avery Durable Slant Ring Binders With Label Holder,6.69,2,0.2,2.34
4979,US-2016-165050,12/7/2016,12/9/2016,Prioritaire,AH-10210,Alan Hwang,Grand public,États-Unis,New York City,New York,USCA - Est,TEC-PH-10001336,Produits technologiques,Téléphones,Digium D40 VoIP phone,773.94,6,0,224.44
4985,US-2016-160696,9/6/2016,9/10/2016,Tarif normal,CK-12760,Cyma Kinney,Entreprise,États-Unis,Nashville,Tennessee,USCA - Sud,OFF-FA-10003059,Fournitures de bureau,Éléments de fixation,Assorted Color Push Pins,7.24,5,0.2,1.18
4993,US-2016-153038,12/18/2016,12/25/2016,Tarif normal,RB-19645,Robert Barroso,Entreprise,États-Unis,Memphis,Tennessee,USCA - Sud,OFF-EN-10000461,Fournitures de bureau,Enveloppes,"#10- 4 1/8"" x 9 1/2"" Recycled Envelopes",55.94,8,0.2,18.88
4994,US-2016-153038,12/18/2016,12/25/2016,Tarif normal,RB-19645,Robert Barroso,Entreprise,États-Unis,Memphis,Tennessee,USCA - Sud,OFF-LA-10004008,Fournitures de bureau,Étiquettes,Avery 507,18.43,8,0.2,5.99
4995,US-2016-153038,12/18/2016,12/25/2016,Tarif normal,RB-19645,Robert Barroso,Entreprise,États-Unis,Memphis,Tennessee,USCA - Sud,FUR-FU-10000221,Mobilier,Meubles,"Master Caster Door Stop, Brown",20.32,5,0.2,3.56
5006,US-2016-158659,11/10/2016,11/14/2016,J+2,SC-20695,Steve Chapman,Entreprise,États-Unis,Richmond,Indiana,USCA - Centre,OFF-ST-10003306,Fournitures de bureau,Stockage,Letter Size Cart,714.3,5,0,207.15
5007,US-2016-169796,11/9/2016,11/14/2016,Tarif normal,Dp-13240,Dean percer,Bureau à domicile,États-Unis,New York City,New York,USCA - Est,TEC-MA-10000045,Produits technologiques,Machines,Zebra ZM400 Thermal Label Printer,2321.9,2,0,1114.51
5008,US-2016-169796,11/9/2016,11/14/2016,Tarif normal,Dp-13240,Dean percer,Bureau à domicile,États-Unis,New York City,New York,USCA - Est,OFF-ST-10001505,Fournitures de bureau,Stockage,"Perma STOR-ALL Hanging File Box, 13 1/8""W x 12 1/4""D x 10 1/2""H",17.94,3,0,3.05
5009,US-2016-102876,9/7/2016,9/14/2016,Tarif normal,LR-17035,Lisa Ryan,Entreprise,États-Unis,Philadelphia,Pennsylvanie,USCA - Est,OFF-BI-10004781,Fournitures de bureau,Classeurs,GBC Wire Binding Strips,9.52,1,0.7,-6.98
5010,US-2016-102876,9/7/2016,9/14/2016,Tarif normal,LR-17035,Lisa Ryan,Entreprise,États-Unis,Philadelphia,Pennsylvanie,USCA - Est,TEC-PH-10002680,Produits technologiques,Téléphones,Samsung Galaxy Note 3,791.96,6,0.4,-131.99
5011,US-2016-102876,9/7/2016,9/14/2016,Tarif normal,LR-17035,Lisa Ryan,Entreprise,États-Unis,Philadelphia,Pennsylvanie,USCA - Est,OFF-BI-10000848,Fournitures de bureau,Classeurs,Angle-D Ring Binders,4.92,3,0.7,-3.94
5035,US-2016-103954,8/9/2016,8/13/2016,J+2,HR-14770,Hallie Redmond,Bureau à domicile,États-Unis,Milwaukee,Wisconsin,USCA - Centre,FUR-BO-10004690,Mobilier,Bibliothèques,O'Sullivan Cherrywood Estates Traditional Barrister Bookcase,687.4,5,0,48.12
5039,US-2016-136469,7/11/2016,7/12/2016,Prioritaire,TS-21370,Todd Sumrall,Entreprise,États-Unis,Wilmington,Delaware,USCA - Est,FUR-TA-10001520,Mobilier,Tables,"Lesro Sheffield Collection Coffee Table, End Table, Center Table, Corner Table",199.84,4,0.3,-37.11
5040,US-2016-136469,7/11/2016,7/12/2016,Prioritaire,TS-21370,Todd Sumrall,Entreprise,États-Unis,Wilmington,Delaware,USCA - Est,TEC-PH-10001817,Produits technologiques,Téléphones,Wilson Electronics DB Pro Signal Booster,716,2,0,193.32
5041,US-2016-136469,7/11/2016,7/12/2016,Prioritaire,TS-21370,Todd Sumrall,Entreprise,États-Unis,Wilmington,Delaware,USCA - Est,OFF-BI-10004492,Fournitures de bureau,Classeurs,Tuf-Vin Binders,221.06,7,0,103.9
5051,US-2016-150511,9/18/2016,9/24/2016,Tarif normal,AB-10060,Adam Bellavance,Bureau à domicile,États-Unis,Des Moines,Washington,USCA - Ouest,OFF-PA-10001776,Fournitures de bureau,Papier,"Wirebound Message Books, Four 2 3/4"" x 5"" Forms per Page, 600 Sets per Book",18.54,2,0,8.71
5052,US-2016-134922,11/7/2016,11/11/2016,Tarif normal,KB-16240,Karen Bern,Entreprise,États-Unis,Philadelphia,Pennsylvanie,USCA - Est,OFF-EN-10000483,Fournitures de bureau,Enveloppes,"White Envelopes, White Envelopes with Clear Poly Window",24.4,2,0.2,7.93
5054,US-2016-141243,1/3/2016,1/8/2016,J+2,AH-10465,Amy Hunt,Grand public,États-Unis,Dallas,Texas,USCA - Centre,TEC-AC-10003198,Produits technologiques,Accessoires,Enermax Acrylux Wireless Keyboard,398.4,5,0.2,84.66
5055,US-2016-141243,1/3/2016,1/8/2016,J+2,AH-10465,Amy Hunt,Grand public,États-Unis,Dallas,Texas,USCA - Centre,OFF-AR-10001246,Fournitures de bureau,Art,Newell 317,7.06,3,0.2,0.79
5056,US-2016-141243,1/3/2016,1/8/2016,J+2,AH-10465,Amy Hunt,Grand public,États-Unis,Dallas,Texas,USCA - Centre,FUR-BO-10003272,Mobilier,Bibliothèques,O'Sullivan Living Dimensions 5-Shelf Bookcases,1352.4,9,0.3,-437.54
5057,US-2016-162166,9/8/2016,9/11/2016,Prioritaire,NM-18520,Neoma Murray,Grand public,États-Unis,Moreno Valley,Californie,USCA - Ouest,OFF-PA-10002606,Fournitures de bureau,Papier,Xerox 1928,26.4,5,0,11.88
5058,US-2016-162166,9/8/2016,9/11/2016,Prioritaire,NM-18520,Neoma Murray,Grand public,États-Unis,Moreno Valley,Californie,USCA - Ouest,OFF-ST-10002486,Fournitures de bureau,Stockage,Eldon Shelf Savers Cubes and Bins,41.88,6,0,0.84
5062,US-2016-136798,5/8/2016,5/12/2016,Tarif normal,DL-12925,Daniel Lacy,Grand public,États-Unis,Minneapolis,Minnesota,USCA - Centre,OFF-BI-10003684,Fournitures de bureau,Classeurs,Wilson Jones Legal Size Ring Binders,43.98,2,0,21.99
5063,US-2016-136798,5/8/2016,5/12/2016,Tarif normal,DL-12925,Daniel Lacy,Grand public,États-Unis,Minneapolis,Minnesota,USCA - Centre,TEC-PH-10000441,Produits technologiques,Téléphones,VTech DS6151,377.97,3,0,105.83
5064,US-2016-136798,5/8/2016,5/12/2016,Tarif normal,DL-12925,Daniel Lacy,Grand public,États-Unis,Minneapolis,Minnesota,USCA - Centre,FUR-FU-10000723,Mobilier,Meubles,"Deflect-o EconoMat Studded, No Bevel Mat for Low Pile Carpeting",123.96,3,0,11.16
5074,US-2016-145485,11/5/2016,11/5/2016,Le même jour,JM-16195,Justin MacKendrick,Grand public,États-Unis,San Francisco,Californie,USCA - Ouest,OFF-ST-10000649,Fournitures de bureau,Stockage,Hanging Personal Folder File,62.8,4,0,15.7
5082,US-2016-137533,12/18/2016,12/18/2016,Le même jour,JK-15640,Jim Kriz,Bureau à domicile,États-Unis,Cleveland,Ohio,USCA - Est,OFF-PA-10003441,Fournitures de bureau,Papier,Xerox 226,20.74,4,0.2,7.26
5086,US-2016-144302,6/19/2016,6/23/2016,Tarif normal,ME-17320,Maria Etezadi,Bureau à domicile,États-Unis,Dallas,Texas,USCA - Centre,OFF-BI-10001107,Fournitures de bureau,Classeurs,"GBC White Gloss Covers, Plain Front",5.79,2,0.8,-9.56
5087,US-2016-109001,3/5/2016,3/9/2016,Tarif normal,KN-16390,Katherine Nockton,Entreprise,États-Unis,Philadelphia,Pennsylvanie,USCA - Est,TEC-PH-10000562,Produits technologiques,Téléphones,Samsung Convoy 3,466.16,7,0.4,-93.23
5088,US-2016-109001,3/5/2016,3/9/2016,Tarif normal,KN-16390,Katherine Nockton,Entreprise,États-Unis,Philadelphia,Pennsylvanie,USCA - Est,TEC-AC-10001101,Produits technologiques,Accessoires,Sony 16GB Class 10 Micro SDHC R40 Memory Card,10.31,1,0.2,-1.29
5089,US-2016-109001,3/5/2016,3/9/2016,Tarif normal,KN-16390,Katherine Nockton,Entreprise,États-Unis,Philadelphia,Pennsylvanie,USCA - Est,OFF-BI-10003529,Fournitures de bureau,Classeurs,Avery Round Ring Poly Binders,2.56,3,0.7,-1.79
5093,US-2016-119102,5/23/2016,5/27/2016,Tarif normal,KH-16690,Kristen Hastings,Entreprise,États-Unis,Woonsocket,Rhode Island,USCA - Est,OFF-ST-10004507,Fournitures de bureau,Stockage,Advantus Rolling Storage Box,51.45,3,0,13.89
5100,US-2016-141936,8/7/2016,8/12/2016,Tarif normal,PN-18775,Parhena Norris,Bureau à domicile,États-Unis,Bakersfield,Californie,USCA - Ouest,OFF-BI-10002194,Fournitures de bureau,Classeurs,Cardinal Hold-It CD Pocket,19.15,3,0.2,6.46
5104,US-2016-167374,3/26/2016,3/27/2016,J+2,GM-14500,Gene McClure,Grand public,États-Unis,Philadelphia,Pennsylvanie,USCA - Est,OFF-PA-10001950,Fournitures de bureau,Papier,Southworth 25% Cotton Antique Laid Paper & Envelopes,40.03,6,0.2,12.51
5105,US-2016-167374,3/26/2016,3/27/2016,J+2,GM-14500,Gene McClure,Grand public,États-Unis,Philadelphia,Pennsylvanie,USCA - Est,TEC-AC-10004633,Produits technologiques,Accessoires,"Verbatim 25 GB 6x Blu-ray Single Layer Recordable Disc, 3/Pack",16.78,3,0.2,5.03
5107,US-2016-147102,9/19/2016,9/26/2016,Tarif normal,NH-18610,Nicole Hansen,Entreprise,États-Unis,Columbus,Géorgie,USCA - Sud,TEC-AC-10000682,Produits technologiques,Accessoires,Kensington K72356US Mouse-in-a-Box USB Desktop Mouse,66.36,4,0,23.23
5113,US-2016-153073,11/13/2016,11/13/2016,Le même jour,HA-14905,Helen Abelman,Grand public,États-Unis,Chicago,Illinois,USCA - Centre,FUR-FU-10001025,Mobilier,Meubles,"Eldon Imàge Series Desk Accessories, Clear",17.5,9,0.6,-7.44
5118,US-2016-127173,9/26/2016,10/3/2016,Tarif normal,GM-14500,Gene McClure,Grand public,États-Unis,Oceanside,New York,USCA - Est,OFF-FA-10004854,Fournitures de bureau,Éléments de fixation,"Vinyl Coated Wire Paper Clips in Organizer Box, 800/Box",34.44,3,0,16.19
5119,US-2016-127173,9/26/2016,10/3/2016,Tarif normal,GM-14500,Gene McClure,Grand public,États-Unis,Oceanside,New York,USCA - Est,TEC-MA-10002859,Produits technologiques,Machines,Ativa MDM8000 8-Sheet Micro-Cut Shredder,629.93,7,0,296.07
5120,US-2016-127173,9/26/2016,10/3/2016,Tarif normal,GM-14500,Gene McClure,Grand public,États-Unis,Oceanside,New York,USCA - Est,OFF-BI-10000088,Fournitures de bureau,Classeurs,GBC Imprintable Covers,79.06,9,0.2,28.66
5133,US-2016-123330,6/21/2016,6/27/2016,Tarif normal,EP-13915,Emily Phan,Grand public,États-Unis,Deltona,Floride,USCA - Sud,TEC-PH-10001819,Produits technologiques,Téléphones,Innergie mMini Combo Duo USB Travel Charging Kit,107.98,3,0.2,37.79
5137,US-2016-146696,12/14/2016,12/19/2016,Tarif normal,RD-19480,Rick Duston,Grand public,États-Unis,San Diego,Californie,USCA - Ouest,OFF-BI-10002432,Fournitures de bureau,Classeurs,Wilson Jones Standard D-Ring Binders,8.1,2,0.2,2.73
5141,US-2016-154886,11/8/2016,11/12/2016,Tarif normal,SW-20455,Shaun Weien,Grand public,États-Unis,San Francisco,Californie,USCA - Ouest,TEC-AC-10001956,Produits technologiques,Accessoires,Microsoft Arc Touch Mouse,119.9,2,0,43.16
5155,US-2016-124219,8/7/2016,8/8/2016,Prioritaire,KW-16570,Kelly Williams,Grand public,États-Unis,Kirkwood,Missouri,USCA - Centre,OFF-BI-10002215,Fournitures de bureau,Classeurs,"Wilson Jones Hanging View Binder, White, 1""",28.4,4,0,13.06
5156,US-2016-124219,8/7/2016,8/8/2016,Prioritaire,KW-16570,Kelly Williams,Grand public,États-Unis,Kirkwood,Missouri,USCA - Centre,FUR-FU-10000305,Mobilier,Meubles,"Tenex V2T-RE Standard Weight Series Chair Mat, 45"" x 53"", Lip 25"" x 12""",212.94,3,0,34.07
5160,US-2016-156146,10/26/2016,10/27/2016,J+2,AG-10495,Andrew Gjertsen,Entreprise,États-Unis,Peoria,Arizona,USCA - Ouest,TEC-PH-10001700,Produits technologiques,Téléphones,Panasonic KX-TG6844B Expandable Digital Cordless Telephone,105.58,2,0.2,9.24
5161,US-2016-156146,10/26/2016,10/27/2016,J+2,AG-10495,Andrew Gjertsen,Entreprise,États-Unis,Peoria,Arizona,USCA - Ouest,TEC-PH-10001527,Produits technologiques,Téléphones,Plantronics MX500i Earset,68.72,2,0.2,-14.6
5164,US-2016-161627,7/6/2016,7/11/2016,Tarif normal,SJ-20215,Sarah Jordon,Grand public,États-Unis,Pasadena,Californie,USCA - Ouest,FUR-CH-10003968,Mobilier,Chaises,Novimex Turbo Task Chair,170.35,3,0.2,-17.04
5174,US-2016-107741,3/8/2016,3/10/2016,Prioritaire,FC-14335,Fred Chung,Entreprise,États-Unis,Pueblo,Colorado,USCA - Ouest,OFF-AR-10002399,Fournitures de bureau,Art,"Dixon Prang Watercolor Pencils, 10-Color Set with Brush",3.41,1,0.2,0.89
5179,US-2016-120502,4/13/2016,4/19/2016,Tarif normal,BT-11395,Bill Tyler,Entreprise,États-Unis,Los Angeles,Californie,USCA - Ouest,FUR-FU-10004973,Mobilier,Meubles,Flat Face Poster Frame,37.68,2,0,15.83
5180,US-2016-120502,4/13/2016,4/19/2016,Tarif normal,BT-11395,Bill Tyler,Entreprise,États-Unis,Los Angeles,Californie,USCA - Ouest,TEC-PH-10003645,Produits technologiques,Téléphones,Aastra 57i VoIP phone,258.58,2,0.2,19.39
5181,US-2016-120502,4/13/2016,4/19/2016,Tarif normal,BT-11395,Bill Tyler,Entreprise,États-Unis,Los Angeles,Californie,USCA - Ouest,OFF-AP-10004980,Fournitures de bureau,Électroménager,3M Replacement Filter for Office Air Cleaner for 20' x 33' Room,75.84,2,0,29.58
5186,US-2016-134719,10/10/2016,10/15/2016,Tarif normal,JD-15790,John Dryer,Grand public,États-Unis,Jacksonville,Floride,USCA - Sud,OFF-ST-10004459,Fournitures de bureau,Stockage,Tennsco Single-Tier Lockers,1801.63,6,0.2,-337.81
5187,US-2016-154389,11/27/2016,12/3/2016,Tarif normal,EH-14125,Eugene Hildebrand,Bureau à domicile,États-Unis,Philadelphia,Pennsylvanie,USCA - Est,TEC-PH-10002789,Produits technologiques,Téléphones,LG Exalt,748.75,8,0.4,-162.23
5188,US-2016-115567,9/13/2016,9/18/2016,Tarif normal,ZC-21910,Zuschuss Carroll,Grand public,États-Unis,Columbus,Indiana,USCA - Centre,TEC-AC-10001314,Produits technologiques,Accessoires,Case Logic 2.4GHz Wireless Keyboard,199.96,4,0,16
5189,US-2016-115567,9/13/2016,9/18/2016,Tarif normal,ZC-21910,Zuschuss Carroll,Grand public,États-Unis,Columbus,Indiana,USCA - Centre,FUR-CH-10000015,Mobilier,Chaises,Hon Multipurpose Stacking Arm Chairs,1516.2,7,0,394.21
5203,US-2016-142454,8/15/2016,8/19/2016,Tarif normal,RE-19450,Richard Eichhorn,Grand public,États-Unis,Oakland,Californie,USCA - Ouest,FUR-FU-10004018,Mobilier,Meubles,Tensor Computer Mounted Lamp,104.23,7,0,28.14
5204,US-2016-142454,8/15/2016,8/19/2016,Tarif normal,RE-19450,Richard Eichhorn,Grand public,États-Unis,Oakland,Californie,USCA - Ouest,OFF-ST-10003638,Fournitures de bureau,Stockage,Mobile Personal File Cube,70.26,3,0,18.97
5205,US-2016-102016,9/12/2016,9/18/2016,Tarif normal,TM-21010,Tamara Manning,Grand public,États-Unis,Auburn,New York,USCA - Est,OFF-AR-10004685,Fournitures de bureau,Art,"Binney & Smith Crayola Metallic Colored Pencils, 8-Color Set",9.26,2,0,3.06
5206,US-2016-102016,9/12/2016,9/18/2016,Tarif normal,TM-21010,Tamara Manning,Grand public,États-Unis,Auburn,New York,USCA - Est,OFF-ST-10001713,Fournitures de bureau,Stockage,"Gould Plastics 9-Pocket Panel Bin, 18-3/8w x 5-1/4d x 20-1/2h, Black",105.98,2,0,4.24
5207,US-2016-102016,9/12/2016,9/18/2016,Tarif normal,TM-21010,Tamara Manning,Grand public,États-Unis,Auburn,New York,USCA - Est,OFF-FA-10000490,Fournitures de bureau,Éléments de fixation,"OIC Binder Clips, Mini, 1/4"" Capacity, Black",1.24,1,0,0.58
5208,US-2016-102016,9/12/2016,9/18/2016,Tarif normal,TM-21010,Tamara Manning,Grand public,États-Unis,Auburn,New York,USCA - Est,OFF-LA-10002043,Fournitures de bureau,Étiquettes,Avery 489,20.7,2,0,9.94
5209,US-2016-102016,9/12/2016,9/18/2016,Tarif normal,TM-21010,Tamara Manning,Grand public,États-Unis,Auburn,New York,USCA - Est,OFF-PA-10002464,Fournitures de bureau,Papier,HP Office Recycled Paper (20Lb. and 87 Bright),28.9,5,0,14.16
5210,US-2016-102016,9/12/2016,9/18/2016,Tarif normal,TM-21010,Tamara Manning,Grand public,États-Unis,Auburn,New York,USCA - Est,OFF-EN-10002504,Fournitures de bureau,Enveloppes,"Tyvek  Top-Opening Peel & Seel Envelopes, Plain White",27.18,1,0,12.77
5211,US-2016-156755,1/12/2016,1/18/2016,Tarif normal,YS-21880,Yana Sorensen,Entreprise,États-Unis,Newark,Delaware,USCA - Est,OFF-ST-10002615,Fournitures de bureau,Stockage,"Dual Level, Single-Width Filing Carts",465.18,3,0,120.95
5212,US-2016-130876,5/12/2016,5/16/2016,J+2,AZ-10750,Annie Zypern,Grand public,États-Unis,New York City,New York,USCA - Est,OFF-ST-10004258,Fournitures de bureau,Stockage,Portable Personal File Box,36.63,3,0,9.89
5248,US-2016-168914,5/21/2016,5/27/2016,Tarif normal,JE-15745,Joel Eaton,Grand public,États-Unis,Frankfort,Illinois,USCA - Centre,OFF-AP-10000358,Fournitures de bureau,Électroménager,Fellowes Basic Home/Office Series Surge Protectors,20.77,8,0.8,-52.96
5250,US-2016-106215,4/16/2016,4/21/2016,Tarif normal,BN-11470,Brad Norvell,Entreprise,États-Unis,Philadelphia,Pennsylvanie,USCA - Est,OFF-FA-10001229,Fournitures de bureau,Éléments de fixation,Staples,12.58,4,0.2,4.09
5253,US-2016-132318,7/22/2016,7/23/2016,Prioritaire,TT-21220,Thomas Thornton,Grand public,États-Unis,Virginia Beach,Virginie,USCA - Sud,OFF-AP-10000026,Fournitures de bureau,Électroménager,Tripp Lite Isotel 6 Outlet Surge Protector with Fax/Modem Protection,182.91,3,0,53.04
5255,US-2016-125185,3/5/2016,3/7/2016,J+2,AH-10195,Alan Haines,Entreprise,États-Unis,Bethlehem,Pennsylvanie,USCA - Est,FUR-CH-10002647,Mobilier,Chaises,"Situations Contoured Folding Chairs, 4/Set",99.37,2,0.3,-7.1
5256,US-2016-125185,3/5/2016,3/7/2016,J+2,AH-10195,Alan Haines,Entreprise,États-Unis,Bethlehem,Pennsylvanie,USCA - Est,FUR-FU-10003247,Mobilier,Meubles,36X48 HARDFLOOR CHAIRMAT,33.57,2,0.2,-5.45
5275,US-2016-162887,11/7/2016,11/9/2016,J+2,SV-20785,Stewart Visinsky,Grand public,États-Unis,Burlington,Vermont,USCA - Est,FUR-CH-10000595,Mobilier,Chaises,Safco Contoured Stacking Chairs,715.2,3,0,178.8
5282,US-2016-105158,9/5/2016,9/10/2016,Tarif normal,SP-20860,Sung Pak,Entreprise,États-Unis,Rochester,Minnesota,USCA - Centre,FUR-FU-10001706,Mobilier,Meubles,Longer-Life Soft White Bulbs,6.16,2,0,2.96
5283,US-2016-105158,9/5/2016,9/10/2016,Tarif normal,SP-20860,Sung Pak,Entreprise,États-Unis,Rochester,Minnesota,USCA - Centre,OFF-PA-10001970,Fournitures de bureau,Papier,Xerox 1881,36.84,3,0,17.31
5294,US-2016-111073,12/26/2016,12/27/2016,Tarif normal,MC-18100,Mick Crebagga,Grand public,États-Unis,Medina,Ohio,USCA - Est,FUR-TA-10004086,Mobilier,Tables,KI Adjustable-Height Table,51.59,1,0.4,-15.48
5325,CA-2016-119508,12/4/2016,12/9/2016,Tarif normal,TZ-21580,Tracy Zic,Grand public,Canada,Vancouver,Colombie-Britannique,USCA - Ouest,OFF-AR-10003723,Fournitures de bureau,Art,Avery Hi-Liter Fluorescent Desk Style Markers,16.9,5,0,6.25
5326,CA-2016-119508,12/4/2016,12/9/2016,Tarif normal,TZ-21580,Tracy Zic,Grand public,Canada,Vancouver,Colombie-Britannique,USCA - Ouest,FUR-FU-10004270,Mobilier,Meubles,"Eldon Image Series Desk Accessories, Burgundy",25.08,6,0,9.03
5327,CA-2016-152681,1/17/2016,1/22/2016,Tarif normal,SC-20260,Scott Cohen,Entreprise,Canada,Montréal,Québec,USCA - Est,OFF-AR-10003183,Fournitures de bureau,Art,Avery Fluorescent Highlighter Four-Color Set,6.68,2,0,2
5329,US-2016-120320,3/5/2016,3/9/2016,Tarif normal,MV-18190,Mike Vittorini,Grand public,États-Unis,Houston,Texas,USCA - Centre,TEC-PH-10000149,Produits technologiques,Téléphones,Cisco SPA525G2 IP Phone - Wireless,31.92,2,0.2,2.39
5337,US-2016-169278,5/21/2016,5/25/2016,Tarif normal,ME-18010,Michelle Ellison,Entreprise,États-Unis,Seattle,Washington,USCA - Ouest,OFF-BI-10001636,Fournitures de bureau,Classeurs,Ibico Plastic and Wire Spiral Binding Combs,26.98,4,0.2,8.77
5339,US-2016-146486,11/9/2016,11/14/2016,J+2,DV-13465,Dianna Vittorini,Grand public,États-Unis,Oceanside,New York,USCA - Est,OFF-ST-10002554,Fournitures de bureau,Stockage,Tennsco Industrial Shelving,244.55,5,0,4.89
5340,US-2016-146486,11/9/2016,11/14/2016,J+2,DV-13465,Dianna Vittorini,Grand public,États-Unis,Oceanside,New York,USCA - Est,OFF-EN-10001509,Fournitures de bureau,Enveloppes,Poly String Tie Envelopes,12.24,6,0,5.75
5341,US-2016-146486,11/9/2016,11/14/2016,J+2,DV-13465,Dianna Vittorini,Grand public,États-Unis,Oceanside,New York,USCA - Est,TEC-AC-10002018,Produits technologiques,Accessoires,AmazonBasics 3-Button USB Wired Mouse,13.98,2,0,6.01
5342,US-2016-146486,11/9/2016,11/14/2016,J+2,DV-13465,Dianna Vittorini,Grand public,États-Unis,Oceanside,New York,USCA - Est,TEC-AC-10002637,Produits technologiques,Accessoires,Logitech VX Revolution Cordless Laser Mouse for Notebooks (Black),899.95,5,0,54
5345,US-2016-112053,10/11/2016,10/13/2016,J+2,SH-20395,Shahid Hopkins,Grand public,États-Unis,Rochester,New York,USCA - Est,TEC-AC-10002550,Produits technologiques,Accessoires,"Memorex 25GB 6X Branded Blu-Ray Recordable Disc, 30/Pack",31.95,1,0,2.24
5349,US-2016-149811,1/4/2016,1/10/2016,Tarif normal,CS-12250,Chris Selesnick,Entreprise,États-Unis,Woodbury,Minnesota,USCA - Centre,OFF-BI-10003676,Fournitures de bureau,Classeurs,"GBC Standard Recycled Report Covers, Clear Plastic Sheets",32.34,3,0,15.52
5350,US-2016-149811,1/4/2016,1/10/2016,Tarif normal,CS-12250,Chris Selesnick,Entreprise,États-Unis,Woodbury,Minnesota,USCA - Centre,OFF-PA-10004082,Fournitures de bureau,Papier,"Adams Telephone Message Book w/Frequently-Called Numbers Space, 400 Messages per Book",39.9,5,0,19.95
5373,US-2016-118738,10/24/2016,10/29/2016,Tarif normal,AG-10495,Andrew Gjertsen,Entreprise,États-Unis,Houston,Texas,USCA - Centre,OFF-PA-10003177,Fournitures de bureau,Papier,Xerox 1999,15.55,3,0.2,5.44
5374,US-2016-118738,10/24/2016,10/29/2016,Tarif normal,AG-10495,Andrew Gjertsen,Entreprise,États-Unis,Houston,Texas,USCA - Centre,FUR-TA-10002607,Mobilier,Tables,KI Conference Tables,347.36,7,0.3,-69.47
5375,US-2016-118738,10/24/2016,10/29/2016,Tarif normal,AG-10495,Andrew Gjertsen,Entreprise,États-Unis,Houston,Texas,USCA - Centre,OFF-PA-10001166,Fournitures de bureau,Papier,Xerox 2,10.37,2,0.2,3.63
5419,US-2016-110877,10/23/2016,10/26/2016,Prioritaire,JE-15715,Joe Elijah,Grand public,États-Unis,Houston,Texas,USCA - Centre,OFF-PA-10004621,Fournitures de bureau,Papier,Xerox 212,36.29,7,0.2,12.7
5420,US-2016-110877,10/23/2016,10/26/2016,Prioritaire,JE-15715,Joe Elijah,Grand public,États-Unis,Houston,Texas,USCA - Centre,TEC-PH-10002103,Produits technologiques,Téléphones,Jabra SPEAK 410,150.38,2,0.2,15.04
5435,US-2016-160171,10/19/2016,10/24/2016,Tarif normal,RM-19675,Robert Marley,Bureau à domicile,États-Unis,Los Angeles,Californie,USCA - Ouest,OFF-AP-10000275,Fournitures de bureau,Électroménager,"Sanyo Counter Height Refrigerator with Crisper, 3.6 Cubic Foot, Stainless Steel/Black",1640.7,5,0,459.4
5436,US-2016-160171,10/19/2016,10/24/2016,Tarif normal,RM-19675,Robert Marley,Bureau à domicile,États-Unis,Los Angeles,Californie,USCA - Ouest,TEC-AC-10000892,Produits technologiques,Accessoires,NETGEAR N750 Dual Band Wi-Fi Gigabit Router,270,3,0,97.2
5443,US-2016-148712,4/17/2016,4/23/2016,Tarif normal,JM-15535,Jessica Myrick,Grand public,États-Unis,New York City,New York,USCA - Est,TEC-AC-10003198,Produits technologiques,Accessoires,Enermax Acrylux Wireless Keyboard,99.6,1,0,36.85
5444,US-2016-148712,4/17/2016,4/23/2016,Tarif normal,JM-15535,Jessica Myrick,Grand public,États-Unis,New York City,New York,USCA - Est,OFF-BI-10001900,Fournitures de bureau,Classeurs,"DXL Angle-View Binders with Locking Rings, Black",62.3,13,0.2,21.02
5445,US-2016-148712,4/17/2016,4/23/2016,Tarif normal,JM-15535,Jessica Myrick,Grand public,États-Unis,New York City,New York,USCA - Est,OFF-AR-10000614,Fournitures de bureau,Art,Barrel Sharpener,10.71,3,0,2.78
5487,US-2016-156608,10/24/2016,10/29/2016,Tarif normal,MT-18070,Michelle Tran,Bureau à domicile,États-Unis,San Antonio,Texas,USCA - Centre,OFF-BI-10004140,Fournitures de bureau,Classeurs,Avery Non-Stick Binders,3.59,4,0.8,-6.29
5496,US-2016-113523,9/4/2016,9/8/2016,Tarif normal,SC-20440,Shaun Chance,Entreprise,États-Unis,Philadelphia,Pennsylvanie,USCA - Est,OFF-BI-10001249,Fournitures de bureau,Classeurs,Avery Heavy-Duty EZD View Binder with Locking Rings,7.66,4,0.7,-6.12
5509,US-2016-168529,10/8/2016,10/12/2016,Tarif normal,MB-17305,Maria Bertelson,Grand public,États-Unis,San Francisco,Californie,USCA - Ouest,FUR-FU-10001588,Mobilier,Meubles,"Deflect-o SuperTray Unbreakable Stackable Tray, Letter, Black",145.9,5,0,62.74
5514,US-2016-103177,2/20/2016,2/25/2016,Prioritaire,EN-13780,Edward Nazzal,Grand public,États-Unis,New York City,New York,USCA - Est,TEC-PH-10001795,Produits technologiques,Téléphones,RCA H5401RE1 DECT 6.0 4-Line Cordless Handset With Caller ID/Call Waiting,239.97,3,0,2.4
5515,US-2016-103177,2/20/2016,2/25/2016,Prioritaire,EN-13780,Edward Nazzal,Grand public,États-Unis,New York City,New York,USCA - Est,OFF-AP-10004540,Fournitures de bureau,Électroménager,"Eureka The Boss Lite 10-Amp Upright Vacuum, Blue",160.32,2,0,44.89
5516,US-2016-103177,2/20/2016,2/25/2016,Prioritaire,EN-13780,Edward Nazzal,Grand public,États-Unis,New York City,New York,USCA - Est,TEC-PH-10001527,Produits technologiques,Téléphones,Plantronics MX500i Earset,128.85,3,0,3.87
5528,US-2016-142055,5/8/2016,5/10/2016,Prioritaire,AB-10255,Alejandro Ballentine,Bureau à domicile,États-Unis,New York City,New York,USCA - Est,OFF-PA-10003465,Fournitures de bureau,Papier,Xerox 1912,37.94,2,0,18.21
5529,US-2016-137106,4/2/2016,4/4/2016,Tarif normal,SC-20260,Scott Cohen,Entreprise,États-Unis,Jacksonville,Floride,USCA - Sud,TEC-PH-10000011,Produits technologiques,Téléphones,PureGear Roll-On Screen Protector,79.96,5,0.2,27.99
5539,US-2016-120551,4/13/2016,4/20/2016,Tarif normal,SS-20590,Sonia Sunley,Grand public,États-Unis,Norfolk,Nebraska,USCA - Centre,OFF-BI-10002071,Fournitures de bureau,Classeurs,Fellowes Black Plastic Comb Bindings,17.43,3,0,8.02
5557,US-2016-125066,12/14/2016,12/18/2016,Tarif normal,KD-16495,Keith Dawkins,Entreprise,États-Unis,Jackson,Mississippi,USCA - Sud,FUR-FU-10003829,Mobilier,Meubles,Stackable Trays,6.16,2,0,1.97
5558,US-2016-125066,12/14/2016,12/18/2016,Tarif normal,KD-16495,Keith Dawkins,Entreprise,États-Unis,Jackson,Mississippi,USCA - Sud,OFF-AR-10003582,Fournitures de bureau,Art,"Boston Electric Pencil Sharpener, Model 1818, Charcoal Black",56.3,2,0,15.76
5559,US-2016-114741,12/6/2016,12/10/2016,Tarif normal,IL-15100,Ivan Liston,Grand public,États-Unis,North Las Vegas,Nevada,USCA - Ouest,OFF-PA-10000048,Fournitures de bureau,Papier,Xerox 20,6.48,1,0,3.11
5560,US-2016-114741,12/6/2016,12/10/2016,Tarif normal,IL-15100,Ivan Liston,Grand public,États-Unis,North Las Vegas,Nevada,USCA - Ouest,OFF-ST-10000078,Fournitures de bureau,Stockage,Tennsco 6- and 18-Compartment Lockers,1325.85,5,0,238.65
5561,US-2016-114741,12/6/2016,12/10/2016,Tarif normal,IL-15100,Ivan Liston,Grand public,États-Unis,North Las Vegas,Nevada,USCA - Ouest,OFF-LA-10004853,Fournitures de bureau,Étiquettes,Avery 483,14.94,3,0,6.87
5588,US-2016-149993,3/19/2016,3/20/2016,Prioritaire,GA-14725,Guy Armstrong,Grand public,États-Unis,Lancaster,Californie,USCA - Ouest,OFF-FA-10001561,Fournitures de bureau,Éléments de fixation,Stockwell Push Pins,10.9,5,0,3.6
5597,US-2016-159779,9/25/2016,9/29/2016,Tarif normal,SB-20185,Sarah Brown,Grand public,États-Unis,Concord,New Hampshire,USCA - Est,OFF-BI-10002735,Fournitures de bureau,Classeurs,GBC Prestige Therm-A-Bind Covers,68.62,2,0,32.25
5605,US-2016-142475,12/3/2016,12/7/2016,Tarif normal,BS-11380,Bill Stewart,Entreprise,États-Unis,New York City,New York,USCA - Est,OFF-BI-10003718,Fournitures de bureau,Classeurs,GBC Therma-A-Bind 250T Electric Binding System,590.35,6,0.2,206.62
5609,US-2016-168634,12/6/2016,12/11/2016,Tarif normal,AF-10870,Art Ferguson,Grand public,États-Unis,San Francisco,Californie,USCA - Ouest,OFF-AP-10001626,Fournitures de bureau,Électroménager,"Commercial WindTunnel Clean Air Upright Vacuum, Replacement Belts, Filtration Bags",7.78,2,0,2.02
5611,US-2016-145828,10/5/2016,10/7/2016,Prioritaire,MB-17305,Maria Bertelson,Grand public,États-Unis,Cincinnati,Ohio,USCA - Est,TEC-AC-10002323,Produits technologiques,Accessoires,SanDisk Ultra 32 GB MicroSDHC Class 10 Memory Card,53.04,3,0.2,-4.64
5619,US-2016-101154,9/18/2016,9/21/2016,Prioritaire,CM-12190,Charlotte Melton,Grand public,États-Unis,San Diego,Californie,USCA - Ouest,OFF-ST-10004186,Fournitures de bureau,Stockage,"Stur-D-Stor Shelving, Vertical 5-Shelf: 72""H x 36""W x 18 1/2""D",443.92,4,0,8.88
5635,US-2016-134943,12/5/2016,12/6/2016,Prioritaire,SU-20665,Stephanie Ulpright,Bureau à domicile,États-Unis,Ann Arbor,Michigan,USCA - Centre,OFF-BI-10000666,Fournitures de bureau,Classeurs,Surelock Post Binders,152.8,5,0,76.4
5644,US-2016-166604,5/15/2016,5/20/2016,J+2,AH-10690,Anna Häberlin,Entreprise,États-Unis,Roswell,Géorgie,USCA - Sud,OFF-EN-10004147,Fournitures de bureau,Enveloppes,Wausau Papers Astrobrights Colored Envelopes,17.94,3,0,8.79
5647,US-2016-104241,1/4/2016,1/9/2016,Tarif normal,AG-10495,Andrew Gjertsen,Entreprise,États-Unis,Alexandria,Virginie,USCA - Sud,FUR-FU-10001473,Mobilier,Meubles,DAX Wood Document Frame,192.22,14,0,69.2
5671,US-2016-141012,6/9/2016,6/11/2016,J+2,TG-21640,Trudy Glocke,Grand public,États-Unis,Pocatello,Idaho,USCA - Ouest,FUR-FU-10003192,Mobilier,Meubles,Luxo Adjustable Task Clamp Lamp,355.36,4,0,92.39
5672,US-2016-141012,6/9/2016,6/11/2016,J+2,TG-21640,Trudy Glocke,Grand public,États-Unis,Pocatello,Idaho,USCA - Ouest,TEC-PH-10004522,Produits technologiques,Téléphones,Dexim XPower Skin Super-Thin Power Case for iPhone 5 - Black,140.38,3,0.2,8.77
5686,US-2016-131072,11/5/2016,11/5/2016,Le même jour,KL-16645,Ken Lonsdale,Grand public,États-Unis,Seattle,Washington,USCA - Ouest,OFF-BI-10002794,Fournitures de bureau,Classeurs,"Avery Trapezoid Ring Binder, 3"" Capacity, Black, 1040 sheets",98.35,3,0.2,35.65
5690,US-2016-119550,12/26/2016,12/31/2016,Tarif normal,RB-19705,Roger Barcio,Bureau à domicile,États-Unis,Houston,Texas,USCA - Centre,FUR-CH-10002044,Mobilier,Chaises,"Office Star - Contemporary Task Swivel chair with 2-way adjustable arms, Plum",275.06,3,0.3,-90.38
5691,US-2016-138093,12/10/2016,12/16/2016,Tarif normal,KM-16225,Kalyca Meade,Entreprise,États-Unis,Baltimore,Maryland,USCA - Est,OFF-AR-10000817,Fournitures de bureau,Art,Manco Dry-Lighter Erasable Highlighter,27.36,9,0,9.3
5692,US-2016-138093,12/10/2016,12/16/2016,Tarif normal,KM-16225,Kalyca Meade,Entreprise,États-Unis,Baltimore,Maryland,USCA - Est,OFF-PA-10001509,Fournitures de bureau,Papier,"Recycled Desk Saver Line ""While You Were Out"" Book, 5 1/2"" X 4""",44.75,5,0,20.59
5693,US-2016-138093,12/10/2016,12/16/2016,Tarif normal,KM-16225,Kalyca Meade,Entreprise,États-Unis,Baltimore,Maryland,USCA - Est,TEC-PH-10004667,Produits technologiques,Téléphones,Cisco 8x8 Inc. 6753i IP Business Phone System,134.99,1,0,36.45
5694,US-2016-138093,12/10/2016,12/16/2016,Tarif normal,KM-16225,Kalyca Meade,Entreprise,États-Unis,Baltimore,Maryland,USCA - Est,OFF-PA-10000143,Fournitures de bureau,Papier,Astroparche Fine Business Paper,26.4,5,0,12.67
5695,US-2016-138093,12/10/2016,12/16/2016,Tarif normal,KM-16225,Kalyca Meade,Entreprise,États-Unis,Baltimore,Maryland,USCA - Est,FUR-CH-10000785,Mobilier,Chaises,Global Ergonomic Managers Chair,542.94,3,0,141.16
5708,US-2016-160857,5/8/2016,5/15/2016,Tarif normal,NW-18400,Natalie Webber,Grand public,États-Unis,New York City,New York,USCA - Est,FUR-FU-10001095,Mobilier,Meubles,DAX Black Cherry Wood-Tone Poster Frame,79.44,3,0,30.19
5709,US-2016-160857,5/8/2016,5/15/2016,Tarif normal,NW-18400,Natalie Webber,Grand public,États-Unis,New York City,New York,USCA - Est,OFF-SU-10000157,Fournitures de bureau,Fournitures,Compact Automatic Electric Letter Opener,357.93,3,0,7.16
5710,US-2016-160857,5/8/2016,5/15/2016,Tarif normal,NW-18400,Natalie Webber,Grand public,États-Unis,New York City,New York,USCA - Est,FUR-CH-10002647,Mobilier,Chaises,"Situations Contoured Folding Chairs, 4/Set",127.76,2,0.1,21.29
5711,US-2016-160857,5/8/2016,5/15/2016,Tarif normal,NW-18400,Natalie Webber,Grand public,États-Unis,New York City,New York,USCA - Est,TEC-CO-10004115,Produits technologiques,Photocopieurs,Sharp AL-1530CS Digital Copier,2799.94,7,0.2,1014.98
5712,US-2016-160857,5/8/2016,5/15/2016,Tarif normal,NW-18400,Natalie Webber,Grand public,États-Unis,New York City,New York,USCA - Est,OFF-PA-10003363,Fournitures de bureau,Papier,Xerox 204,19.44,3,0,9.33
5716,US-2016-124107,10/9/2016,10/12/2016,J+2,BM-11650,Brian Moss,Entreprise,États-Unis,Ann Arbor,Michigan,USCA - Centre,TEC-AC-10002049,Produits technologiques,Accessoires,Logitech G19 Programmable Gaming Keyboard,619.95,5,0,111.59
5717,US-2016-124107,10/9/2016,10/12/2016,J+2,BM-11650,Brian Moss,Entreprise,États-Unis,Ann Arbor,Michigan,USCA - Centre,TEC-PH-10003875,Produits technologiques,Téléphones,KLD Oscar II Style Snap-on Ultra Thin Side Flip Synthetic Leather Cover Case for HTC One HTC M7,29.16,3,0,8.46
5718,US-2016-124107,10/9/2016,10/12/2016,J+2,BM-11650,Brian Moss,Entreprise,États-Unis,Ann Arbor,Michigan,USCA - Centre,OFF-EN-10003286,Fournitures de bureau,Enveloppes,Staple envelope,57.96,7,0,27.24
5719,US-2016-124107,10/9/2016,10/12/2016,J+2,BM-11650,Brian Moss,Entreprise,États-Unis,Ann Arbor,Michigan,USCA - Centre,OFF-AP-10003971,Fournitures de bureau,Électroménager,Belkin 6 Outlet Metallic Surge Strip,29.4,3,0.1,5.23
5721,US-2016-138674,11/14/2016,11/17/2016,Prioritaire,KB-16585,Ken Black,Entreprise,États-Unis,Springfield,Oregon,USCA - Ouest,OFF-FA-10000304,Fournitures de bureau,Éléments de fixation,Advantus Push Pins,8.72,5,0.2,2.29
5722,US-2016-138674,11/14/2016,11/17/2016,Prioritaire,KB-16585,Ken Black,Entreprise,États-Unis,Springfield,Oregon,USCA - Ouest,TEC-AC-10000358,Produits technologiques,Accessoires,Imation Secure Drive + Hardware Encrypted USB flash drive - 16 GB,91.18,3,0.2,4.56
5723,US-2016-138674,11/14/2016,11/17/2016,Prioritaire,KB-16585,Ken Black,Entreprise,États-Unis,Springfield,Oregon,USCA - Ouest,TEC-AC-10002800,Produits technologiques,Accessoires,Plantronics Audio 478 Stereo USB Headset,159.97,4,0.2,29.99
5726,US-2016-103933,9/25/2016,9/27/2016,Prioritaire,DR-12880,Dan Reichenbach,Entreprise,États-Unis,New York City,New York,USCA - Est,TEC-AC-10004171,Produits technologiques,Accessoires,Razer Kraken 7.1 Surround Sound Over Ear USB Gaming Headset,899.91,9,0,395.96
5727,US-2016-110548,5/4/2016,5/8/2016,Tarif normal,AH-10690,Anna Häberlin,Entreprise,États-Unis,Houston,Texas,USCA - Centre,TEC-PH-10002922,Produits technologiques,Téléphones,ShoreTel ShorePhone IP 230 VoIP phone,946.34,7,0.2,118.29
5755,US-2016-150749,3/29/2016,4/3/2016,J+2,AS-10240,Alan Shonely,Grand public,États-Unis,Springfield,Virginie,USCA - Sud,OFF-AR-10003732,Fournitures de bureau,Art,Newell 333,5.56,2,0,1.45
5758,US-2016-119634,8/11/2016,8/16/2016,Tarif normal,BW-11065,Barry Weirich,Grand public,États-Unis,Raleigh,Caroline du Nord,USCA - Sud,FUR-FU-10004270,Mobilier,Meubles,"Executive Impressions 13"" Clairmont Wall Clock",46.15,3,0.2,12.11
5759,US-2016-149300,11/22/2016,11/23/2016,Prioritaire,BH-11710,Brosina Hoffman,Grand public,États-Unis,Hialeah,Floride,USCA - Sud,TEC-MA-10000423,Produits technologiques,Machines,Texas Instruments TI-34 Scientific Calculator,32.99,3,0.5,-1.98
5764,US-2016-162047,11/3/2016,11/5/2016,Prioritaire,FH-14365,Fred Hopkins,Entreprise,États-Unis,Long Beach,New York,USCA - Est,FUR-CH-10004983,Mobilier,Chaises,Office Star - Mid Back Dual function Ergonomic High Back Chair with 2-Way Adjustable Arms,1448.82,10,0.1,209.27
5765,US-2016-117772,9/10/2016,9/12/2016,J+2,MC-17575,Matt Collins,Grand public,États-Unis,Seattle,Washington,USCA - Ouest,OFF-ST-10003994,Fournitures de bureau,Stockage,"Belkin 19"" Center-Weighted Shelf, Gray",353.88,6,0,17.69
5769,US-2016-154900,2/25/2016,3/1/2016,Tarif normal,SS-20875,Sung Shariari,Grand public,États-Unis,Leominster,Massachusetts,USCA - Est,OFF-LA-10001641,Fournitures de bureau,Étiquettes,Avery 518,3.15,1,0,1.51
5770,US-2016-154900,2/25/2016,3/1/2016,Tarif normal,SS-20875,Sung Shariari,Grand public,États-Unis,Leominster,Massachusetts,USCA - Est,OFF-PA-10002377,Fournitures de bureau,Papier,"Adams Telephone Message Book W/Dividers/Space For Phone Numbers, 5 1/4""X8 1/2"", 200/Messages",22.72,4,0,10.22
5771,US-2016-103835,9/24/2016,9/28/2016,Tarif normal,SC-20440,Shaun Chance,Entreprise,États-Unis,Los Angeles,Californie,USCA - Ouest,FUR-FU-10000010,Mobilier,Meubles,"DAX Value U-Channel Document Frames, Easel Back",14.91,3,0,4.62
5772,US-2016-103835,9/24/2016,9/28/2016,Tarif normal,SC-20440,Shaun Chance,Entreprise,États-Unis,Los Angeles,Californie,USCA - Ouest,OFF-AP-10002651,Fournitures de bureau,Électroménager,Hoover Upright Vacuum With Dirt Cup,1158.12,4,0,335.85
5773,US-2016-158939,11/26/2016,12/1/2016,Tarif normal,EA-14035,Erin Ashbrook,Entreprise,États-Unis,Springfield,Missouri,USCA - Centre,TEC-CO-10002313,Produits technologiques,Photocopieurs,Canon PC1080F Personal Copier,599.99,1,0,234
5781,US-2016-159513,4/2/2016,4/9/2016,Tarif normal,JD-15790,John Dryer,Grand public,États-Unis,Los Angeles,Californie,USCA - Ouest,TEC-MA-10003329,Produits technologiques,Machines,"Vtech AT&T CL2940 Corded Speakerphone, Black",71.98,3,0.2,24.29
5782,CA-2016-155586,12/12/2016,12/16/2016,J+2,XP-21865,Xylona Preis,Grand public,Canada,Calgary,Alberta,USCA - Ouest,OFF-AR-10001547,Fournitures de bureau,Art,Newell 311,2.21,1,0,0.6
5783,CA-2016-155586,12/12/2016,12/16/2016,J+2,XP-21865,Xylona Preis,Grand public,Canada,Calgary,Alberta,USCA - Ouest,OFF-EN-10003072,Fournitures de bureau,Enveloppes,Peel & Seel Envelopes,15.52,4,0,7.45
5784,CA-2016-155586,12/12/2016,12/16/2016,J+2,XP-21865,Xylona Preis,Grand public,Canada,Calgary,Alberta,USCA - Ouest,OFF-PA-10000726,Fournitures de bureau,Papier,"Black Print Carbonless Snap-Off Rapid Letter, 8 1/2"" x 7""",36.44,4,0,16.4
5803,US-2016-163440,3/22/2016,3/24/2016,Prioritaire,RD-19900,Ruben Dartt,Grand public,États-Unis,Thousand Oaks,Californie,USCA - Ouest,TEC-PH-10000376,Produits technologiques,Téléphones,Square Credit Card Reader,15.98,2,0.2,1.2
5811,US-2016-163279,3/22/2016,3/26/2016,Tarif normal,JD-16150,Justin Deggeller,Entreprise,États-Unis,San Diego,Californie,USCA - Ouest,OFF-PA-10003127,Fournitures de bureau,Papier,Easy-staple paper,105.52,4,0,48.54
5812,US-2016-163279,3/22/2016,3/26/2016,Tarif normal,JD-16150,Justin Deggeller,Entreprise,États-Unis,San Diego,Californie,USCA - Ouest,FUR-FU-10000747,Mobilier,Meubles,Tenex B1-RE Series Chair Mats for Low Pile Carpets,91.96,2,0,15.63
5813,US-2016-163279,3/22/2016,3/26/2016,Tarif normal,JD-16150,Justin Deggeller,Entreprise,États-Unis,San Diego,Californie,USCA - Ouest,TEC-PH-10001795,Produits technologiques,Téléphones,ClearOne CHATAttach 160 - speaker phone,1487.98,3,0.2,186
5814,US-2016-150196,7/2/2016,7/3/2016,Prioritaire,SR-20740,Steven Roelle,Bureau à domicile,États-Unis,New York City,New York,USCA - Est,OFF-PA-10003797,Fournitures de bureau,Papier,Xerox 209,19.44,3,0,9.33
5815,US-2016-106495,6/15/2016,6/17/2016,Prioritaire,AC-10450,Amy Cox,Grand public,États-Unis,Tampa,Floride,USCA - Sud,TEC-AC-10002718,Produits technologiques,Accessoires,Belkin Standard 104 key USB Keyboard,11.67,1,0.2,-0.73
5832,US-2016-111206,7/18/2016,7/22/2016,Tarif normal,RF-19735,Roland Fjeld,Grand public,États-Unis,San Diego,Californie,USCA - Ouest,TEC-AC-10003095,Produits technologiques,Accessoires,Logitech G35 7.1-Channel Surround Sound Headset,519.96,4,0,176.79
5835,US-2016-101868,6/9/2016,6/16/2016,Tarif normal,MJ-17740,Max Jones,Grand public,États-Unis,Miami,Floride,USCA - Sud,OFF-BI-10003876,Fournitures de bureau,Classeurs,"Green Canvas Binder for 8-1/2"" x 14"" Sheets",64.2,5,0.7,-42.8
5836,US-2016-101868,6/9/2016,6/16/2016,Tarif normal,MJ-17740,Max Jones,Grand public,États-Unis,Miami,Floride,USCA - Sud,OFF-BI-10002133,Fournitures de bureau,Classeurs,"Wilson Jones Elliptical Ring 3 1/2"" Capacity Binders, 800 sheets",38.52,3,0.7,-26.96
5837,US-2016-101868,6/9/2016,6/16/2016,Tarif normal,MJ-17740,Max Jones,Grand public,États-Unis,Miami,Floride,USCA - Sud,TEC-AC-10004396,Produits technologiques,Accessoires,Logitech Keyboard K120,72.6,5,0.2,-8.17
5839,US-2016-132948,3/27/2016,4/3/2016,Tarif normal,MV-17485,Mark Van Huff,Grand public,États-Unis,Seattle,Washington,USCA - Ouest,OFF-ST-10000636,Fournitures de bureau,Stockage,Rogers Profile Extra Capacity Storage Tub,83.7,5,0,3.35
5840,US-2016-134992,9/22/2016,9/26/2016,J+2,MG-17875,Michael Grace,Bureau à domicile,États-Unis,Arlington,Virginie,USCA - Sud,OFF-PA-10001972,Fournitures de bureau,Papier,Xerox 214,32.4,5,0,15.55
5841,US-2016-134992,9/22/2016,9/26/2016,J+2,MG-17875,Michael Grace,Bureau à domicile,États-Unis,Arlington,Virginie,USCA - Sud,FUR-FU-10002554,Mobilier,Meubles,"Westinghouse Floor Lamp with Metal Mesh Shade, Black",47.98,2,0,11.04
5842,US-2016-126725,11/17/2016,11/21/2016,Tarif normal,BS-11665,Brian Stugart,Grand public,États-Unis,San Diego,Californie,USCA - Ouest,TEC-PH-10003174,Produits technologiques,Téléphones,RCA ViSYS 25825 Wireless digital phone,415.97,4,0.2,52
5843,US-2016-126725,11/17/2016,11/21/2016,Tarif normal,BS-11665,Brian Stugart,Grand public,États-Unis,San Diego,Californie,USCA - Ouest,OFF-ST-10001418,Fournitures de bureau,Stockage,Carina Media Storage Towers in Natural & Black,304.9,5,0,6.1
5844,US-2016-126725,11/17/2016,11/21/2016,Tarif normal,BS-11665,Brian Stugart,Grand public,États-Unis,San Diego,Californie,USCA - Ouest,FUR-FU-10002813,Mobilier,Meubles,"DAX Contemporary Wood Frame with Silver Metal Mat, Desktop, 11 x 14 Size",80.96,4,0,29.15
5845,US-2016-126725,11/17/2016,11/21/2016,Tarif normal,BS-11665,Brian Stugart,Grand public,États-Unis,San Diego,Californie,USCA - Ouest,OFF-ST-10000129,Fournitures de bureau,Stockage,Fellowes Recycled Storage Drawers,777.21,7,0,54.4
5846,US-2016-126725,11/17/2016,11/21/2016,Tarif normal,BS-11665,Brian Stugart,Grand public,États-Unis,San Diego,Californie,USCA - Ouest,OFF-PA-10001639,Fournitures de bureau,Papier,Xerox 203,32.4,5,0,15.55
5847,US-2016-126725,11/17/2016,11/21/2016,Tarif normal,BS-11665,Brian Stugart,Grand public,États-Unis,San Diego,Californie,USCA - Ouest,FUR-CH-10001708,Mobilier,Chaises,Office Star - Contemporary Swivel Chair with Padded Adjustable Arms and Flex Back,225.57,2,0.2,2.82
5848,US-2016-126725,11/17/2016,11/21/2016,Tarif normal,BS-11665,Brian Stugart,Grand public,États-Unis,San Diego,Californie,USCA - Ouest,FUR-FU-10001591,Mobilier,Meubles,Advantus Panel Wall Certificate Holder - 8.5x11,36.6,3,0,15.37
5849,US-2016-121783,11/10/2016,11/14/2016,Tarif normal,PO-19180,Philisse Overcash,Bureau à domicile,États-Unis,Roseville,Minnesota,USCA - Centre,OFF-AP-10003849,Fournitures de bureau,Électroménager,Hoover Shoulder Vac Commercial Portable Vacuum,715.64,2,0,178.91
5850,US-2016-121783,11/10/2016,11/14/2016,Tarif normal,PO-19180,Philisse Overcash,Bureau à domicile,États-Unis,Roseville,Minnesota,USCA - Centre,OFF-ST-10000078,Fournitures de bureau,Stockage,Tennsco 6- and 18-Compartment Lockers,795.51,3,0,143.19
5851,US-2016-121783,11/10/2016,11/14/2016,Tarif normal,PO-19180,Philisse Overcash,Bureau à domicile,États-Unis,Roseville,Minnesota,USCA - Centre,TEC-CO-10001571,Produits technologiques,Photocopieurs,Sharp 1540cs Digital Laser Copier,549.99,1,0,275
5852,US-2016-121783,11/10/2016,11/14/2016,Tarif normal,PO-19180,Philisse Overcash,Bureau à domicile,États-Unis,Roseville,Minnesota,USCA - Centre,OFF-BI-10001658,Fournitures de bureau,Classeurs,GBC Standard Therm-A-Bind Covers,74.76,3,0,34.39
5853,US-2016-121783,11/10/2016,11/14/2016,Tarif normal,PO-19180,Philisse Overcash,Bureau à domicile,États-Unis,Roseville,Minnesota,USCA - Centre,FUR-FU-10004351,Mobilier,Meubles,Staple-based wall hangings,29.22,3,0,12.86
5855,US-2016-112214,8/5/2016,8/11/2016,Tarif normal,AH-10690,Anna Häberlin,Entreprise,États-Unis,Dallas,Texas,USCA - Centre,OFF-ST-10001505,Fournitures de bureau,Stockage,"Perma STOR-ALL Hanging File Box, 13 1/8""W x 12 1/4""D x 10 1/2""H",33.49,7,0.2,-1.26
5856,US-2016-112214,8/5/2016,8/11/2016,Tarif normal,AH-10690,Anna Häberlin,Entreprise,États-Unis,Dallas,Texas,USCA - Centre,OFF-SU-10003567,Fournitures de bureau,Fournitures,Stiletto Hand Letter Openers,23.04,3,0.2,-4.9
5857,US-2016-112214,8/5/2016,8/11/2016,Tarif normal,AH-10690,Anna Häberlin,Entreprise,États-Unis,Dallas,Texas,USCA - Centre,OFF-BI-10002982,Fournitures de bureau,Classeurs,Avery Self-Adhesive Photo Pockets for Polaroid Photos,1.36,1,0.8,-2.18
5858,US-2016-112214,8/5/2016,8/11/2016,Tarif normal,AH-10690,Anna Häberlin,Entreprise,États-Unis,Dallas,Texas,USCA - Centre,FUR-FU-10002364,Mobilier,Meubles,"Eldon Expressions Wood Desk Accessories, Oak",14.76,5,0.6,-11.44
5860,US-2016-108119,11/1/2016,11/8/2016,Tarif normal,MS-17530,MaryBeth Skach,Grand public,États-Unis,Conway,Arkansas,USCA - Sud,FUR-TA-10002530,Mobilier,Tables,"Iceberg OfficeWorks 42"" Round Tables",301.96,2,0,45.29
5861,US-2016-157434,4/29/2016,5/4/2016,J+2,JK-15640,Jim Kriz,Bureau à domicile,États-Unis,Philadelphia,Pennsylvanie,USCA - Est,OFF-PA-10001526,Fournitures de bureau,Papier,Xerox 1949,7.97,2,0.2,2.89
5876,US-2016-130554,4/7/2016,4/9/2016,Prioritaire,FM-14290,Frank Merwin,Bureau à domicile,États-Unis,Philadelphia,Pennsylvanie,USCA - Est,OFF-AR-10001954,Fournitures de bureau,Art,Newell 331,11.74,3,0.2,1.03
5889,US-2016-147879,5/7/2016,5/12/2016,Tarif normal,CC-12220,Chris Cortes,Grand public,États-Unis,Owensboro,Kentucky,USCA - Sud,OFF-PA-10001952,Fournitures de bureau,Papier,Xerox 1902,45.68,2,0,21.01
5901,US-2016-146465,11/20/2016,11/24/2016,Tarif normal,PB-18805,Patrick Bzostek,Bureau à domicile,États-Unis,San Francisco,Californie,USCA - Ouest,OFF-BI-10004528,Fournitures de bureau,Classeurs,Cardinal Poly Pocket Divider Pockets for Ring Binders,24.19,9,0.2,7.56
5914,US-2016-126977,9/17/2016,9/23/2016,Tarif normal,PF-19120,Peter Fuller,Grand public,États-Unis,New York City,New York,USCA - Est,OFF-ST-10000617,Fournitures de bureau,Stockage,Woodgrain Magazine Files by Perma,14.9,5,0,1.04
5915,US-2016-126977,9/17/2016,9/23/2016,Tarif normal,PF-19120,Peter Fuller,Grand public,États-Unis,New York City,New York,USCA - Est,OFF-LA-10002762,Fournitures de bureau,Étiquettes,Avery 485,87.71,7,0,41.22
5916,US-2016-126977,9/17/2016,9/23/2016,Tarif normal,PF-19120,Peter Fuller,Grand public,États-Unis,New York City,New York,USCA - Est,FUR-CH-10001973,Mobilier,Chaises,Office Star Flex Back Scooter Chair with White Frame,199.76,2,0.1,8.88
5917,US-2016-126977,9/17/2016,9/23/2016,Tarif normal,PF-19120,Peter Fuller,Grand public,États-Unis,New York City,New York,USCA - Est,OFF-ST-10003058,Fournitures de bureau,Stockage,Eldon Mobile Mega Data Cart  Mega Stackable  Add-On Trays,94.6,4,0,27.43
5918,US-2016-126977,9/17/2016,9/23/2016,Tarif normal,PF-19120,Peter Fuller,Grand public,États-Unis,New York City,New York,USCA - Est,FUR-BO-10004834,Mobilier,Bibliothèques,"Riverside Palais Royal Lawyers Bookcase, Royale Cherry Finish",4228.7,6,0.2,158.58
5919,US-2016-126977,9/17/2016,9/23/2016,Tarif normal,PF-19120,Peter Fuller,Grand public,États-Unis,New York City,New York,USCA - Est,FUR-BO-10002213,Mobilier,Bibliothèques,DMI Eclipse Executive Suite Bookcases,2003.92,5,0.2,-25.05
5920,US-2016-126977,9/17/2016,9/23/2016,Tarif normal,PF-19120,Peter Fuller,Grand public,États-Unis,New York City,New York,USCA - Est,TEC-PH-10002170,Produits technologiques,Téléphones,ClearSounds CSC500 Amplified Spirit Phone Corded phone,209.97,3,0,58.79
5921,US-2016-126977,9/17/2016,9/23/2016,Tarif normal,PF-19120,Peter Fuller,Grand public,États-Unis,New York City,New York,USCA - Est,TEC-AC-10003033,Produits technologiques,Accessoires,Plantronics CS510 - Over-the-Head monaural Wireless Headset System,659.9,2,0,217.77
5922,US-2016-126977,9/17/2016,9/23/2016,Tarif normal,PF-19120,Peter Fuller,Grand public,États-Unis,New York City,New York,USCA - Est,OFF-PA-10004071,Fournitures de bureau,Papier,"Eaton Premium Continuous-Feed Paper, 25% Cotton, Letter Size, White, 1000 Shts/Box",110.96,2,0,53.26
5923,US-2016-126977,9/17/2016,9/23/2016,Tarif normal,PF-19120,Peter Fuller,Grand public,États-Unis,New York City,New York,USCA - Est,TEC-PH-10000169,Produits technologiques,Téléphones,ARKON Windshield Dashboard Air Vent Car Mount Holder,67.8,4,0,1.36
5948,US-2016-115924,9/14/2016,9/18/2016,J+2,BE-11455,Brad Eason,Bureau à domicile,États-Unis,Des Moines,Iowa,USCA - Centre,OFF-BI-10004040,Fournitures de bureau,Classeurs,Wilson Jones Impact Binders,25.9,5,0,12.69
5974,US-2016-143980,12/25/2016,12/29/2016,Tarif normal,JK-15640,Jim Kriz,Bureau à domicile,États-Unis,New York City,New York,USCA - Est,OFF-AP-10003779,Fournitures de bureau,Électroménager,Kensington 7 Outlet MasterPiece Power Center with Fax/Phone Line Protection,414.96,2,0,124.49
6006,US-2016-100657,11/2/2016,11/7/2016,Tarif normal,SW-20245,Scot Wooten,Grand public,États-Unis,Troy,New York,USCA - Est,FUR-CH-10003535,Mobilier,Chaises,"Global Armless Task Chair, Royal Blue",109.76,2,0.1,8.54
6009,US-2016-135580,9/21/2016,9/26/2016,Tarif normal,CL-12565,Clay Ludtke,Grand public,États-Unis,Los Angeles,Californie,USCA - Ouest,OFF-PA-10000595,Fournitures de bureau,Papier,Xerox 1929,68.52,3,0,31.52
6010,US-2016-135580,9/21/2016,9/26/2016,Tarif normal,CL-12565,Clay Ludtke,Grand public,États-Unis,Los Angeles,Californie,USCA - Ouest,OFF-ST-10000798,Fournitures de bureau,Stockage,2300 Heavy-Duty Transfer File Systems by Perma,74.94,3,0,14.24
6011,US-2016-135580,9/21/2016,9/26/2016,Tarif normal,CL-12565,Clay Ludtke,Grand public,États-Unis,Los Angeles,Californie,USCA - Ouest,TEC-MA-10004002,Produits technologiques,Machines,Zebra GX420t Direct Thermal/Thermal Transfer Printer,2548.56,6,0.2,286.71
6012,US-2016-135580,9/21/2016,9/26/2016,Tarif normal,CL-12565,Clay Ludtke,Grand public,États-Unis,Los Angeles,Californie,USCA - Ouest,OFF-EN-10003296,Fournitures de bureau,Enveloppes,Tyvek Side-Opening Peel & Seel Expanding Envelopes,271.44,3,0,122.15
6013,US-2016-135580,9/21/2016,9/26/2016,Tarif normal,CL-12565,Clay Ludtke,Grand public,États-Unis,Los Angeles,Californie,USCA - Ouest,TEC-PH-10004345,Produits technologiques,Téléphones,Cisco SPA 502G IP Phone,287.88,3,0.2,35.99
6034,US-2016-130253,12/14/2016,12/18/2016,Tarif normal,PP-18955,Paul Prost,Bureau à domicile,États-Unis,Los Angeles,Californie,USCA - Ouest,FUR-FU-10002963,Mobilier,Meubles,"Master Caster Door Stop, Gray",15.24,3,0,5.18
6035,US-2016-155369,4/19/2016,4/25/2016,Tarif normal,PG-18820,Patrick Gardner,Grand public,États-Unis,Carrollton,Texas,USCA - Centre,OFF-AP-10002578,Fournitures de bureau,Électroménager,"Fellowes Premier Superior Surge Suppressor, 10-Outlet, With Phone and Remote",19.57,2,0.8,-52.83
6036,US-2016-155369,4/19/2016,4/25/2016,Tarif normal,PG-18820,Patrick Gardner,Grand public,États-Unis,Carrollton,Texas,USCA - Centre,OFF-BI-10003925,Fournitures de bureau,Classeurs,Fellowes PB300 Plastic Comb Binding Machine,310.39,4,0.8,-512.15
6046,US-2016-113215,9/3/2016,9/8/2016,Tarif normal,CP-12085,Cathy Prescott,Entreprise,États-Unis,Tucson,Arizona,USCA - Ouest,FUR-FU-10002937,Mobilier,Meubles,"GE 48"" Fluorescent Tube, Cool White Energy Saver, 34 Watts, 30/Box",238.15,3,0.2,89.31
6048,US-2016-105571,11/7/2016,11/11/2016,Tarif normal,CP-12340,Christine Phan,Entreprise,États-Unis,Miami,Floride,USCA - Sud,OFF-BI-10003305,Fournitures de bureau,Classeurs,Avery Hanging File Binders,16.15,9,0.7,-12.92
6049,US-2016-105571,11/7/2016,11/11/2016,Tarif normal,CP-12340,Christine Phan,Entreprise,États-Unis,Miami,Floride,USCA - Sud,OFF-BI-10001359,Fournitures de bureau,Classeurs,GBC DocuBind TL300 Electric Binding System,1345.49,5,0.7,-1031.54
6051,US-2016-153878,4/25/2016,4/30/2016,Tarif normal,TS-21655,Trudy Schmidt,Grand public,États-Unis,Milwaukee,Wisconsin,USCA - Centre,OFF-AR-10000658,Fournitures de bureau,Art,Newell 324,57.75,5,0,16.17
6052,US-2016-153878,4/25/2016,4/30/2016,Tarif normal,TS-21655,Trudy Schmidt,Grand public,États-Unis,Milwaukee,Wisconsin,USCA - Centre,OFF-AP-10001205,Fournitures de bureau,Électroménager,Belkin 5 Outlet SurgeMaster Power Centers,272.4,5,0,76.27
6061,US-2016-134201,4/10/2016,4/16/2016,Tarif normal,EH-14125,Eugene Hildebrand,Bureau à domicile,États-Unis,Rochester,New York,USCA - Est,OFF-ST-10001476,Fournitures de bureau,Stockage,Steel Personal Filing/Posting Tote,142.04,4,0,38.35
6062,US-2016-134201,4/10/2016,4/16/2016,Tarif normal,EH-14125,Eugene Hildebrand,Bureau à domicile,États-Unis,Rochester,New York,USCA - Est,OFF-AR-10002804,Fournitures de bureau,Art,Faber Castell Col-Erase Pencils,14.67,3,0,6.01
6063,US-2016-111780,12/25/2016,12/30/2016,J+2,RA-19285,Ralph Arnett,Grand public,États-Unis,San Diego,Californie,USCA - Ouest,TEC-CO-10004202,Produits technologiques,Photocopieurs,Brother DCP1000 Digital 3 in 1 Multifunction Machine,1199.96,5,0.2,224.99
6064,US-2016-111780,12/25/2016,12/30/2016,J+2,RA-19285,Ralph Arnett,Grand public,États-Unis,San Diego,Californie,USCA - Ouest,OFF-PA-10001307,Fournitures de bureau,Papier,"Important Message Pads, 50 4-1/4 x 5-1/2 Forms per Pad",12.6,3,0,6.17
6065,US-2016-111780,12/25/2016,12/30/2016,J+2,RA-19285,Ralph Arnett,Grand public,États-Unis,San Diego,Californie,USCA - Ouest,OFF-PA-10001667,Fournitures de bureau,Papier,Great White Multi-Use Recycled Paper (20Lb. and 84 Bright),17.94,3,0,8.07
6066,US-2016-119942,4/5/2016,4/7/2016,Prioritaire,TT-21070,Ted Trevino,Grand public,États-Unis,Philadelphia,Pennsylvanie,USCA - Est,OFF-LA-10001569,Fournitures de bureau,Étiquettes,Avery 499,23.9,6,0.2,7.77
6067,US-2016-151547,1/17/2016,1/23/2016,Tarif normal,AH-10465,Amy Hunt,Grand public,États-Unis,Bartlett,Tennessee,USCA - Sud,OFF-SU-10000898,Fournitures de bureau,Fournitures,"Acme Hot Forged Carbon Steel Scissors with Nickel-Plated Handles, 3 7/8"" Cut, 8""L",88.96,8,0.2,10.01
6072,US-2016-120901,9/22/2016,9/27/2016,Tarif normal,BG-11035,Barry Gonzalez,Grand public,États-Unis,Austin,Texas,USCA - Centre,OFF-ST-10000025,Fournitures de bureau,Stockage,Fellowes Stor/Drawer Steel Plus Storage Drawers,152.69,2,0.2,-26.72
6073,US-2016-120901,9/22/2016,9/27/2016,Tarif normal,BG-11035,Barry Gonzalez,Grand public,États-Unis,Austin,Texas,USCA - Centre,OFF-FA-10001561,Fournitures de bureau,Éléments de fixation,Stockwell Push Pins,3.49,2,0.2,0.57
6074,US-2016-120901,9/22/2016,9/27/2016,Tarif normal,BG-11035,Barry Gonzalez,Grand public,États-Unis,Austin,Texas,USCA - Centre,OFF-SU-10001225,Fournitures de bureau,Fournitures,Staple remover,5.89,2,0.2,-1.32
6088,US-2016-114048,12/14/2016,12/18/2016,Tarif normal,EH-13945,Eric Hoffmann,Grand public,États-Unis,Costa Mesa,Californie,USCA - Ouest,FUR-FU-10004351,Mobilier,Meubles,Staple-based wall hangings,29.22,3,0,12.86
6089,US-2016-137281,6/13/2016,6/17/2016,Tarif normal,BF-10975,Barbara Fisher,Entreprise,États-Unis,Roswell,Géorgie,USCA - Sud,OFF-PA-10001870,Fournitures de bureau,Papier,Xerox 202,6.48,1,0,3.11
6106,US-2016-147011,6/18/2016,6/22/2016,Tarif normal,HR-14830,Harold Ryan,Entreprise,États-Unis,Miami,Floride,USCA - Sud,OFF-AR-10002399,Fournitures de bureau,Art,"Dixon Prang Watercolor Pencils, 10-Color Set with Brush",13.63,4,0.2,3.58
6124,US-2016-142139,5/23/2016,5/28/2016,Tarif normal,SD-20485,Shirley Daniels,Bureau à domicile,États-Unis,Bedford,Texas,USCA - Centre,OFF-PA-10003883,Fournitures de bureau,Papier,"Message Book, Phone, Wirebound Standard Line Memo, 2 3/4"" X 5""",20.96,4,0.2,6.81
6136,US-2016-105613,10/18/2016,10/22/2016,Tarif normal,KN-16705,Kristina Nunn,Bureau à domicile,États-Unis,Mcallen,Texas,USCA - Centre,TEC-AC-10000521,Produits technologiques,Accessoires,"Verbatim Slim CD and DVD Storage Cases, 50/Pack",27.7,3,0.2,3.46
6137,US-2016-105613,10/18/2016,10/22/2016,Tarif normal,KN-16705,Kristina Nunn,Bureau à domicile,États-Unis,Mcallen,Texas,USCA - Centre,OFF-AP-10000026,Fournitures de bureau,Électroménager,Tripp Lite Isotel 6 Outlet Surge Protector with Fax/Modem Protection,73.16,6,0.8,-186.57
6140,US-2016-113593,4/18/2016,4/20/2016,Prioritaire,NC-18415,Nathan Cano,Grand public,États-Unis,Santa Maria,Californie,USCA - Ouest,OFF-ST-10000532,Fournitures de bureau,Stockage,Advantus Rolling Drawer Organizers,115.44,3,0,30.01
6168,US-2016-142433,4/20/2016,4/25/2016,Tarif normal,ES-14020,Erica Smith,Grand public,États-Unis,Houston,Texas,USCA - Centre,OFF-PA-10002377,Fournitures de bureau,Papier,Xerox 1916,117.46,3,0.2,44.05
6169,US-2016-132815,9/19/2016,9/22/2016,J+2,RW-19540,Rick Wilson,Entreprise,États-Unis,Los Angeles,Californie,USCA - Ouest,OFF-PA-10004530,Fournitures de bureau,Papier,Personal Creations Ink Jet Cards and Labels,22.96,2,0,11.25
6176,US-2016-158421,9/21/2016,9/26/2016,Tarif normal,GB-14575,Giulietta Baptist,Grand public,États-Unis,Columbia,Caroline du Sud,USCA - Sud,FUR-CH-10000309,Mobilier,Chaises,Global Comet Stacking Arm Chair,1690.04,4,0,422.51
6177,US-2016-158421,9/21/2016,9/26/2016,Tarif normal,GB-14575,Giulietta Baptist,Grand public,États-Unis,Columbia,Caroline du Sud,USCA - Sud,OFF-ST-10002444,Fournitures de bureau,Stockage,Recycled Eldon Regeneration Jumbo File,85.96,7,0,24.07
6178,US-2016-158421,9/21/2016,9/26/2016,Tarif normal,GB-14575,Giulietta Baptist,Grand public,États-Unis,Columbia,Caroline du Sud,USCA - Sud,OFF-EN-10001453,Fournitures de bureau,Enveloppes,"Tyvek Interoffice Envelopes, 9 1/2"" x 12 1/2"", 100/Box",121.96,2,0,57.32
6179,US-2016-158421,9/21/2016,9/26/2016,Tarif normal,GB-14575,Giulietta Baptist,Grand public,États-Unis,Columbia,Caroline du Sud,USCA - Sud,OFF-PA-10001801,Fournitures de bureau,Papier,Xerox 193,23.92,4,0,11.72
6180,US-2016-158421,9/21/2016,9/26/2016,Tarif normal,GB-14575,Giulietta Baptist,Grand public,États-Unis,Columbia,Caroline du Sud,USCA - Sud,OFF-ST-10000563,Fournitures de bureau,Stockage,Fellowes Bankers Box Stor/Drawer Steel Plus,63.96,2,0,6.4
6181,US-2016-158421,9/21/2016,9/26/2016,Tarif normal,GB-14575,Giulietta Baptist,Grand public,États-Unis,Columbia,Caroline du Sud,USCA - Sud,TEC-PH-10000369,Produits technologiques,Téléphones,HTC One Mini,629.95,5,0,176.39
6182,US-2016-158421,9/21/2016,9/26/2016,Tarif normal,GB-14575,Giulietta Baptist,Grand public,États-Unis,Columbia,Caroline du Sud,USCA - Sud,TEC-PH-10002538,Produits technologiques,Téléphones,Grandstream GXP1160 VoIP phone,113.73,3,0,32.98
6183,US-2016-158421,9/21/2016,9/26/2016,Tarif normal,GB-14575,Giulietta Baptist,Grand public,États-Unis,Columbia,Caroline du Sud,USCA - Sud,OFF-BI-10000050,Fournitures de bureau,Classeurs,"Angle-D Binders with Locking Rings, Label Holders",14.6,2,0,6.86
6184,US-2016-158421,9/21/2016,9/26/2016,Tarif normal,GB-14575,Giulietta Baptist,Grand public,États-Unis,Columbia,Caroline du Sud,USCA - Sud,OFF-ST-10004186,Fournitures de bureau,Stockage,"Stur-D-Stor Shelving, Vertical 5-Shelf: 72""H x 36""W x 18 1/2""D",887.84,8,0,17.76
6186,US-2016-138331,8/7/2016,8/12/2016,Tarif normal,JK-15625,Jim Karlsson,Grand public,États-Unis,Philadelphia,Pennsylvanie,USCA - Est,OFF-AR-10002952,Fournitures de bureau,Art,Stanley Contemporary Battery Pencil Sharpeners,106.8,10,0.2,10.68
6187,US-2016-138954,11/15/2016,11/17/2016,Prioritaire,MH-17785,Maya Herman,Entreprise,États-Unis,New York City,New York,USCA - Est,OFF-ST-10003058,Fournitures de bureau,Stockage,Eldon Mobile Mega Data Cart  Mega Stackable  Add-On Trays,70.95,3,0,20.58
6188,US-2016-138954,11/15/2016,11/17/2016,Prioritaire,MH-17785,Maya Herman,Entreprise,États-Unis,New York City,New York,USCA - Est,OFF-BI-10003963,Fournitures de bureau,Classeurs,Cardinal Holdit Data Disk Pockets,34.94,6,0.2,11.79
6189,US-2016-138954,11/15/2016,11/17/2016,Prioritaire,MH-17785,Maya Herman,Entreprise,États-Unis,New York City,New York,USCA - Est,OFF-AR-10001955,Fournitures de bureau,Art,Newell 319,119.04,6,0,35.71
6198,US-2016-149909,11/13/2016,11/17/2016,Tarif normal,RA-19915,Russell Applegate,Grand public,États-Unis,Columbus,Indiana,USCA - Centre,OFF-PA-10000726,Fournitures de bureau,Papier,"Black Print Carbonless Snap-Off Rapid Letter, 8 1/2"" x 7""",63.77,7,0,28.7
6199,US-2016-149909,11/13/2016,11/17/2016,Tarif normal,RA-19915,Russell Applegate,Grand public,États-Unis,Columbus,Indiana,USCA - Centre,TEC-PH-10001536,Produits technologiques,Téléphones,Spigen Samsung Galaxy S5 Case Wallet,50.97,3,0,13.25
6200,US-2016-149909,11/13/2016,11/17/2016,Tarif normal,RA-19915,Russell Applegate,Grand public,États-Unis,Columbus,Indiana,USCA - Centre,OFF-PA-10001790,Fournitures de bureau,Papier,Xerox 1910,96.08,2,0,46.12
6201,US-2016-146675,4/16/2016,4/20/2016,Tarif normal,SB-20185,Sarah Brown,Grand public,États-Unis,Evanston,Illinois,USCA - Centre,TEC-CO-10001766,Produits technologiques,Photocopieurs,Canon PC940 Copier,1439.97,4,0.2,485.99
6202,US-2016-146675,4/16/2016,4/20/2016,Tarif normal,SB-20185,Sarah Brown,Grand public,États-Unis,Evanston,Illinois,USCA - Centre,TEC-AC-10004396,Produits technologiques,Accessoires,Logitech Keyboard K120,43.56,3,0.2,-4.9
6216,US-2016-161711,11/28/2016,12/3/2016,Tarif normal,MC-17425,Mark Cousins,Entreprise,États-Unis,New York City,New York,USCA - Est,FUR-FU-10000087,Mobilier,Meubles,"Executive Impressions 14"" Two-Color Numerals Wall Clock",68.16,3,0,27.95
6217,US-2016-161711,11/28/2016,12/3/2016,Tarif normal,MC-17425,Mark Cousins,Entreprise,États-Unis,New York City,New York,USCA - Est,OFF-EN-10001539,Fournitures de bureau,Enveloppes,Staple envelope,62.24,8,0,29.25
6218,US-2016-129553,7/27/2016,8/2/2016,Tarif normal,PG-18820,Patrick Gardner,Grand public,États-Unis,Louisville,Kentucky,USCA - Sud,TEC-PH-10004897,Produits technologiques,Téléphones,Mediabridge Sport Armband iPhone 5s,29.97,3,0,0.3
6226,US-2016-133445,10/5/2016,10/9/2016,Tarif normal,JF-15490,Jeremy Farry,Grand public,États-Unis,Portland,Oregon,USCA - Ouest,FUR-BO-10003660,Mobilier,Bibliothèques,"Bush Cubix Collection Bookcases, Fully Assembled",66.29,1,0.7,-103.86
6227,US-2016-133445,10/5/2016,10/9/2016,Tarif normal,JF-15490,Jeremy Farry,Grand public,États-Unis,Portland,Oregon,USCA - Ouest,FUR-CH-10000422,Mobilier,Chaises,Global Highback Leather Tilter in Burgundy,291.17,4,0.2,-14.56
6239,US-2016-134075,12/12/2016,12/16/2016,Tarif normal,HA-14905,Helen Abelman,Grand public,États-Unis,San Jose,Californie,USCA - Ouest,FUR-FU-10004597,Mobilier,Meubles,Eldon Cleatmat Chair Mats for Medium Pile Carpets,166.5,3,0,21.65
6240,US-2016-134075,12/12/2016,12/16/2016,Tarif normal,HA-14905,Helen Abelman,Grand public,États-Unis,San Jose,Californie,USCA - Ouest,OFF-ST-10001496,Fournitures de bureau,Stockage,Standard Rollaway File with Lock,360.38,2,0,93.7
6245,US-2016-112305,11/20/2016,11/25/2016,Tarif normal,KB-16405,Katrina Bavinger,Bureau à domicile,États-Unis,Seattle,Washington,USCA - Ouest,OFF-AR-10002067,Fournitures de bureau,Art,Newell 334,119.04,6,0,30.95
6246,US-2016-112305,11/20/2016,11/25/2016,Tarif normal,KB-16405,Katrina Bavinger,Bureau à domicile,États-Unis,Seattle,Washington,USCA - Ouest,FUR-FU-10002364,Mobilier,Meubles,"Eldon Expressions Wood Desk Accessories, Oak",22.14,3,0,6.42
6247,US-2016-112305,11/20/2016,11/25/2016,Tarif normal,KB-16405,Katrina Bavinger,Bureau à domicile,États-Unis,Seattle,Washington,USCA - Ouest,TEC-AC-10002018,Produits technologiques,Accessoires,AmazonBasics 3-Button USB Wired Mouse,13.98,2,0,6.01
6255,US-2016-151624,9/8/2016,9/14/2016,Tarif normal,VW-21775,Victoria Wilson,Entreprise,États-Unis,Montgomery,Alabama,USCA - Sud,FUR-FU-10001731,Mobilier,Meubles,Acrylic Self-Standing Desk Frames,21.36,8,0,8.12
6257,US-2016-133977,9/6/2016,9/8/2016,J+2,AT-10435,Alyssa Tate,Bureau à domicile,États-Unis,Tamarac,Floride,USCA - Sud,OFF-BI-10003166,Fournitures de bureau,Classeurs,GBC Plasticlear Binding Covers,3.44,1,0.7,-2.53
6259,US-2016-133536,3/28/2016,4/2/2016,J+2,JH-15820,John Huston,Grand public,États-Unis,New York City,New York,USCA - Est,OFF-EN-10004459,Fournitures de bureau,Enveloppes,Security-Tint Envelopes,22.92,3,0,11.23
6260,US-2016-150441,8/13/2016,8/17/2016,J+2,RA-19285,Ralph Arnett,Grand public,États-Unis,Richmond,Indiana,USCA - Centre,OFF-BI-10003529,Fournitures de bureau,Classeurs,Avery Round Ring Poly Binders,11.36,4,0,5.57
6261,US-2016-162607,5/12/2016,5/18/2016,Tarif normal,RO-19780,Rose O'Brian,Grand public,États-Unis,Seattle,Washington,USCA - Ouest,OFF-BI-10002949,Fournitures de bureau,Classeurs,Prestige Round Ring Binders,14.59,3,0.2,4.92
6268,US-2016-115392,10/1/2016,10/4/2016,J+2,RM-19675,Robert Marley,Bureau à domicile,États-Unis,Cambridge,Massachusetts,USCA - Est,TEC-PH-10002496,Produits technologiques,Téléphones,Cisco SPA301,311.98,2,0,93.59
6269,US-2016-115392,10/1/2016,10/4/2016,J+2,RM-19675,Robert Marley,Bureau à domicile,États-Unis,Cambridge,Massachusetts,USCA - Est,OFF-BI-10000829,Fournitures de bureau,Classeurs,Avery Non-Stick Binders,22.45,5,0,10.33
6282,US-2016-116484,11/20/2016,11/26/2016,Tarif normal,JK-15205,Jamie Kunitz,Grand public,États-Unis,Marion,Ohio,USCA - Est,FUR-FU-10002874,Mobilier,Meubles,Ultra Commercial Grade Dual Valve Door Closer,63.82,2,0.2,9.57
6283,US-2016-116484,11/20/2016,11/26/2016,Tarif normal,JK-15205,Jamie Kunitz,Grand public,États-Unis,Marion,Ohio,USCA - Est,OFF-ST-10003994,Fournitures de bureau,Stockage,"Belkin 19"" Center-Weighted Shelf, Gray",141.55,3,0.2,-26.54
6290,CA-2016-139675,3/13/2016,3/18/2016,J+2,NF-18595,Nicole Fjeld,Bureau à domicile,Canada,Calgary,Alberta,USCA - Ouest,FUR-CH-10004063,Mobilier,Chaises,Global Deluxe High-Back Manager's Chair,915.14,4,0.2,102.95
6291,CA-2016-139675,3/13/2016,3/18/2016,J+2,NF-18595,Nicole Fjeld,Bureau à domicile,Canada,Calgary,Alberta,USCA - Ouest,FUR-FU-10001979,Mobilier,Meubles,Dana Halogen Swing-Arm Architect Lamp,327.76,8,0,91.77
6293,US-2016-151253,4/22/2016,4/26/2016,Tarif normal,AZ-10750,Annie Zypern,Grand public,États-Unis,Los Angeles,Californie,USCA - Ouest,TEC-PH-10002923,Produits technologiques,Téléphones,"Logitech B530 USB Headset - headset - Full size, Binaural",88.78,3,0.2,7.77
6294,US-2016-151253,4/22/2016,4/26/2016,Tarif normal,AZ-10750,Annie Zypern,Grand public,États-Unis,Los Angeles,Californie,USCA - Ouest,OFF-AR-10004691,Fournitures de bureau,Art,Boston 1730 StandUp Electric Pencil Sharpener,64.14,3,0,16.68
6325,US-2016-110289,10/29/2016,11/2/2016,Tarif normal,NB-18655,Nona Balk,Entreprise,États-Unis,San Francisco,Californie,USCA - Ouest,OFF-PA-10002986,Fournitures de bureau,Papier,Xerox 1898,33.4,5,0,16.03
6326,US-2016-110289,10/29/2016,11/2/2016,Tarif normal,NB-18655,Nona Balk,Entreprise,États-Unis,San Francisco,Californie,USCA - Ouest,OFF-EN-10001434,Fournitures de bureau,Enveloppes,"Strathmore #10 Envelopes, Ultimate White",210.84,4,0,103.31
6343,US-2016-146255,3/7/2016,3/10/2016,Prioritaire,EM-14140,Eugene Moren,Bureau à domicile,États-Unis,Newark,Delaware,USCA - Est,TEC-AC-10004469,Produits technologiques,Accessoires,Microsoft Sculpt Comfort Mouse,119.85,3,0,52.73
6344,US-2016-146255,3/7/2016,3/10/2016,Prioritaire,EM-14140,Eugene Moren,Bureau à domicile,États-Unis,Newark,Delaware,USCA - Est,OFF-BI-10000309,Fournitures de bureau,Classeurs,"GBC Twin Loop Wire Binding Elements, 9/16"" Spine, Black",30.44,2,0,14.92
6345,US-2016-146255,3/7/2016,3/10/2016,Prioritaire,EM-14140,Eugene Moren,Bureau à domicile,États-Unis,Newark,Delaware,USCA - Est,OFF-BI-10001765,Fournitures de bureau,Classeurs,Wilson Jones Heavy-Duty Casebound Ring Binders with Metal Hinges,69.28,2,0,33.25
6346,US-2016-146255,3/7/2016,3/10/2016,Prioritaire,EM-14140,Eugene Moren,Bureau à domicile,États-Unis,Newark,Delaware,USCA - Est,TEC-PH-10001619,Produits technologiques,Téléphones,LG G3,587.97,3,0,170.51
6348,US-2016-104486,5/1/2016,5/6/2016,Tarif normal,PO-18850,Patrick O'Brill,Grand public,États-Unis,San Francisco,Californie,USCA - Ouest,OFF-BI-10000309,Fournitures de bureau,Classeurs,"GBC Twin Loop Wire Binding Elements, 9/16"" Spine, Black",12.18,1,0.2,4.41
6349,US-2016-104486,5/1/2016,5/6/2016,Tarif normal,PO-18850,Patrick O'Brill,Grand public,États-Unis,San Francisco,Californie,USCA - Ouest,OFF-ST-10000876,Fournitures de bureau,Stockage,Eldon Simplefile Box Office,37.32,3,0,10.45
6350,US-2016-104486,5/1/2016,5/6/2016,Tarif normal,PO-18850,Patrick O'Brill,Grand public,États-Unis,San Francisco,Californie,USCA - Ouest,OFF-SU-10002573,Fournitures de bureau,Fournitures,"Acme 10"" Easy Grip Assistive Scissors",35.06,2,0,10.52
6353,US-2016-161347,9/13/2016,9/19/2016,Tarif normal,HG-14845,Harry Greene,Grand public,États-Unis,Philadelphia,Pennsylvanie,USCA - Est,OFF-BI-10004209,Fournitures de bureau,Classeurs,"Fellowes Twister Kit, Gray/Clear, 3/pkg",2.41,1,0.7,-2.01
6354,US-2016-109015,9/6/2016,9/12/2016,Tarif normal,BS-11590,Brendan Sweed,Entreprise,États-Unis,New York City,New York,USCA - Est,OFF-AP-10001962,Fournitures de bureau,Électroménager,Black & Decker Filter for Double Action Dustbuster Cordless Vac BLDV7210,8.39,1,0,2.1
6355,US-2016-109015,9/6/2016,9/12/2016,Tarif normal,BS-11590,Brendan Sweed,Entreprise,États-Unis,New York City,New York,USCA - Est,TEC-PH-10002922,Produits technologiques,Téléphones,ShoreTel ShorePhone IP 230 VoIP phone,337.98,2,0,101.39
6361,US-2016-115693,12/10/2016,12/15/2016,Tarif normal,FC-14245,Frank Carlisle,Bureau à domicile,États-Unis,Los Angeles,Californie,USCA - Ouest,OFF-AR-10003582,Fournitures de bureau,Art,"Boston Electric Pencil Sharpener, Model 1818, Charcoal Black",56.3,2,0,15.76
6390,US-2016-147529,2/7/2016,2/11/2016,Tarif normal,DK-12835,Damala Kotsonis,Entreprise,États-Unis,Springfield,Virginie,USCA - Sud,OFF-EN-10000056,Fournitures de bureau,Enveloppes,Cameo Buff Policy Envelopes,311.15,5,0,146.24
6391,US-2016-147529,2/7/2016,2/11/2016,Tarif normal,DK-12835,Damala Kotsonis,Entreprise,États-Unis,Springfield,Virginie,USCA - Sud,OFF-PA-10003349,Fournitures de bureau,Papier,Xerox 1957,12.96,2,0,6.35
6405,US-2016-156328,8/22/2016,8/27/2016,Tarif normal,RM-19375,Raymond Messe,Grand public,États-Unis,Raleigh,Caroline du Nord,USCA - Sud,TEC-PH-10001198,Produits technologiques,Téléphones,Avaya 4621SW VoIP phone,177.48,3,0.2,19.97
6424,US-2016-149650,10/24/2016,10/27/2016,Prioritaire,RD-19660,Robert Dilbeck,Bureau à domicile,États-Unis,Oakland,Californie,USCA - Ouest,FUR-CH-10003956,Mobilier,Chaises,Novimex High-Tech Fabric Mesh Task Chair,454.27,8,0.2,-73.82
6434,US-2016-121405,4/2/2016,4/4/2016,Tarif normal,FC-14335,Fred Chung,Entreprise,États-Unis,Chicago,Illinois,USCA - Centre,OFF-PA-10001838,Fournitures de bureau,Papier,"Adams Telephone Message Book W/Dividers/Space For Phone Numbers, 5 1/4""X8 1/2"", 300/Messages",23.52,5,0.2,8.53
6435,US-2016-121405,4/2/2016,4/4/2016,Tarif normal,FC-14335,Fred Chung,Entreprise,États-Unis,Chicago,Illinois,USCA - Centre,TEC-PH-10002890,Produits technologiques,Téléphones,AT&T 17929 Lendline Telephone,180.96,5,0.2,13.57
6446,US-2016-151785,3/5/2016,3/10/2016,Tarif normal,JJ-15445,Jennifer Jackson,Grand public,États-Unis,Chicago,Illinois,USCA - Centre,OFF-FA-10000611,Fournitures de bureau,Éléments de fixation,Binder Clips by OIC,7.1,6,0.2,2.49
6450,US-2016-156510,9/25/2016,9/29/2016,Tarif normal,EH-13990,Erica Hackney,Grand public,États-Unis,Meriden,Connecticut,USCA - Est,OFF-BI-10000822,Fournitures de bureau,Classeurs,"Acco PRESSTEX Data Binder with Storage Hooks, Light Blue, 9 1/2"" X 11""",10.76,2,0,5.16
6451,US-2016-156510,9/25/2016,9/29/2016,Tarif normal,EH-13990,Erica Hackney,Grand public,États-Unis,Meriden,Connecticut,USCA - Est,OFF-PA-10002222,Fournitures de bureau,Papier,"Xerox Color Copier Paper, 11"" x 17"", Ream",45.68,2,0,21.01
6452,US-2016-156510,9/25/2016,9/29/2016,Tarif normal,EH-13990,Erica Hackney,Grand public,États-Unis,Meriden,Connecticut,USCA - Est,OFF-AR-10004930,Fournitures de bureau,Art,Turquoise Lead Holder with Pocket Clip,6.7,1,0,2.21
6453,US-2016-110261,12/19/2016,12/23/2016,J+2,PR-18880,Patrick Ryan,Grand public,États-Unis,Glenview,Illinois,USCA - Centre,TEC-PH-10001750,Produits technologiques,Téléphones,Samsung Rugby III,158.38,3,0.2,13.86
6454,US-2016-125710,10/8/2016,10/13/2016,Tarif normal,BT-11680,Brian Thompson,Grand public,États-Unis,Houston,Texas,USCA - Centre,OFF-AR-10000657,Fournitures de bureau,Art,"Binney & Smith inkTank Desk Highlighter, Chisel Tip, Yellow, 12/Box",3.44,2,0.2,0.56
6466,US-2016-114503,11/13/2016,11/17/2016,Tarif normal,AA-10375,Allen Armold,Grand public,États-Unis,Lebanon,Tennessee,USCA - Sud,OFF-ST-10003572,Fournitures de bureau,Stockage,Portfile Personal File Boxes,84.96,6,0.2,6.37
6471,US-2016-108532,8/29/2016,9/2/2016,Tarif normal,CC-12100,Chad Cunningham,Bureau à domicile,États-Unis,Detroit,Michigan,USCA - Centre,TEC-PH-10001750,Produits technologiques,Téléphones,Samsung Rugby III,131.98,2,0,35.63
6472,US-2016-108532,8/29/2016,9/2/2016,Tarif normal,CC-12100,Chad Cunningham,Bureau à domicile,États-Unis,Detroit,Michigan,USCA - Centre,TEC-AC-10004510,Produits technologiques,Accessoires,Logitech Desktop MK120 Mouse and keyboard Combo,114.52,7,0,11.45
6487,US-2016-120621,3/21/2016,3/26/2016,Tarif normal,JW-16075,Julia West,Grand public,États-Unis,Jacksonville,Caroline du Nord,USCA - Sud,OFF-AP-10002945,Fournitures de bureau,Électroménager,Honeywell Enviracaire Portable HEPA Air Cleaner for 17' x 22' Room,962.08,4,0.2,156.34
6488,US-2016-120621,3/21/2016,3/26/2016,Tarif normal,JW-16075,Julia West,Grand public,États-Unis,Jacksonville,Caroline du Nord,USCA - Sud,OFF-BI-10000948,Fournitures de bureau,Classeurs,"GBC Laser Imprintable Binding System Covers, Desert Sand",12.84,3,0.7,-9.85
6489,US-2016-120621,3/21/2016,3/26/2016,Tarif normal,JW-16075,Julia West,Grand public,États-Unis,Jacksonville,Caroline du Nord,USCA - Sud,OFF-PA-10002254,Fournitures de bureau,Papier,Xerox 1883,295.46,14,0.2,96.02
6498,US-2016-103135,7/24/2016,7/28/2016,Tarif normal,SS-20515,Shirley Schmidt,Bureau à domicile,États-Unis,Louisville,Kentucky,USCA - Sud,FUR-FU-10001487,Mobilier,Meubles,"Eldon Expressions Wood and Plastic Desk Accessories, Cherry Wood",20.94,3,0,6.07
6499,US-2016-103135,7/24/2016,7/28/2016,Tarif normal,SS-20515,Shirley Schmidt,Bureau à domicile,États-Unis,Louisville,Kentucky,USCA - Sud,OFF-BI-10000069,Fournitures de bureau,Classeurs,"GBC Prepunched Paper, 19-Hole, for Binding Systems, 24-lb",135.09,9,0,62.14
6500,US-2016-103135,7/24/2016,7/28/2016,Tarif normal,SS-20515,Shirley Schmidt,Bureau à domicile,États-Unis,Louisville,Kentucky,USCA - Sud,TEC-AC-10003289,Produits technologiques,Accessoires,Anker Ultra-Slim Mini Bluetooth 3.0 Wireless Keyboard,279.86,14,0,64.37
6501,US-2016-103135,7/24/2016,7/28/2016,Tarif normal,SS-20515,Shirley Schmidt,Bureau à domicile,États-Unis,Louisville,Kentucky,USCA - Sud,OFF-BI-10000069,Fournitures de bureau,Classeurs,"GBC Prepunched Paper, 19-Hole, for Binding Systems, 24-lb",90.06,6,0,41.43
6539,US-2016-109862,10/25/2016,10/30/2016,Tarif normal,HK-14890,Heather Kirkland,Entreprise,États-Unis,Newark,Delaware,USCA - Est,TEC-PH-10004042,Produits technologiques,Téléphones,ClearOne Communications CHAT 70 OC Speaker Phone,158.99,1,0,41.34
6540,US-2016-109862,10/25/2016,10/30/2016,Tarif normal,HK-14890,Heather Kirkland,Entreprise,États-Unis,Newark,Delaware,USCA - Est,FUR-CH-10002439,Mobilier,Chaises,"Iceberg Nesting Folding Chair, 19w x 6d x 43h",291.1,5,0,75.69
6550,US-2016-164966,4/21/2016,4/23/2016,Prioritaire,GH-14410,Gary Hansen,Bureau à domicile,États-Unis,Lakeville,Minnesota,USCA - Centre,FUR-CH-10002304,Mobilier,Chaises,"Global Stack Chair without Arms, Black",155.88,6,0,38.97
6551,US-2016-126739,11/1/2016,11/3/2016,J+2,JH-16180,Justin Hirsh,Grand public,États-Unis,New York City,New York,USCA - Est,FUR-CH-10000422,Mobilier,Chaises,Global Highback Leather Tilter in Burgundy,327.56,4,0.1,21.84
6559,US-2016-166947,6/5/2016,6/10/2016,Tarif normal,EB-13750,Edward Becker,Entreprise,États-Unis,Buffalo,New York,USCA - Est,FUR-CH-10004997,Mobilier,Chaises,Hon Every-Day Series Multi-Task Chairs,1522.64,9,0.1,169.18
6578,US-2016-153752,12/6/2016,12/11/2016,J+2,RO-19780,Rose O'Brian,Grand public,États-Unis,Arlington,Virginie,USCA - Sud,TEC-PH-10001615,Produits technologiques,Téléphones,AT&T CL82213,173.94,6,0,50.44
6592,US-2016-103716,1/21/2016,1/23/2016,Tarif normal,KB-16585,Ken Black,Entreprise,États-Unis,San Francisco,Californie,USCA - Ouest,OFF-AR-10000658,Fournitures de bureau,Art,Newell 324,34.65,3,0,9.7
6593,US-2016-103716,1/21/2016,1/23/2016,Tarif normal,KB-16585,Ken Black,Entreprise,États-Unis,San Francisco,Californie,USCA - Ouest,TEC-PH-10000347,Produits technologiques,Téléphones,Cush Cases Heavy Duty Rugged Cover Case for Samsung Galaxy S5 - Purple,19.8,5,0.2,1.73
6595,US-2016-146290,5/4/2016,5/11/2016,Tarif normal,SV-20815,Stuart Van,Entreprise,États-Unis,Indianapolis,Indiana,USCA - Centre,OFF-AR-10001897,Fournitures de bureau,Art,Model L Table or Wall-Mount Pencil Sharpener,125.93,7,0,35.26
6610,US-2016-118906,3/10/2016,3/10/2016,Le même jour,KB-16585,Ken Black,Entreprise,États-Unis,Clinton,Maryland,USCA - Est,OFF-ST-10002406,Fournitures de bureau,Stockage,Pizazz Global Quick File,89.82,6,0,25.15
6612,US-2016-107678,4/21/2016,4/28/2016,Tarif normal,JK-16090,Juliana Krohn,Grand public,États-Unis,Louisville,Kentucky,USCA - Sud,FUR-CH-10001891,Mobilier,Chaises,Global Deluxe Office Fabric Chairs,191.96,2,0,51.83
6613,US-2016-107678,4/21/2016,4/28/2016,Tarif normal,JK-16090,Juliana Krohn,Grand public,États-Unis,Louisville,Kentucky,USCA - Sud,OFF-BI-10002215,Fournitures de bureau,Classeurs,"Wilson Jones Hanging View Binder, White, 1""",21.3,3,0,9.8
6614,US-2016-107678,4/21/2016,4/28/2016,Tarif normal,JK-16090,Juliana Krohn,Grand public,États-Unis,Louisville,Kentucky,USCA - Sud,TEC-PH-10002103,Produits technologiques,Téléphones,Jabra SPEAK 410,469.95,5,0,131.59
6615,US-2016-107678,4/21/2016,4/28/2016,Tarif normal,JK-16090,Juliana Krohn,Grand public,États-Unis,Louisville,Kentucky,USCA - Sud,FUR-FU-10003394,Mobilier,Meubles,"Tenex ""The Solids"" Textured Chair Mats",209.88,3,0,35.68
6625,US-2016-141250,1/19/2016,1/23/2016,Tarif normal,PM-18940,Paul MacIntyre,Grand public,États-Unis,Texas City,Texas,USCA - Centre,FUR-TA-10002855,Mobilier,Tables,Bevis Round Conference Table Top & Single Column Base,102.44,1,0.3,-13.17
6626,US-2016-141250,1/19/2016,1/23/2016,Tarif normal,PM-18940,Paul MacIntyre,Grand public,États-Unis,Texas City,Texas,USCA - Centre,FUR-CH-10004875,Mobilier,Chaises,Harbour Creations 67200 Series Stacking Chairs,199.3,4,0.3,-8.54
6629,US-2016-135489,9/19/2016,9/22/2016,J+2,GW-14605,Giulietta Weimer,Grand public,États-Unis,New York City,New York,USCA - Est,TEC-PH-10000011,Produits technologiques,Téléphones,PureGear Roll-On Screen Protector,279.86,14,0,134.33
6630,US-2016-125696,10/2/2016,10/6/2016,Tarif normal,NP-18685,Nora Pelletier,Bureau à domicile,États-Unis,Wilson,Caroline du Nord,USCA - Sud,OFF-BI-10001757,Fournitures de bureau,Classeurs,Pressboard Hanging Data Binders for Unburst Sheets,7.38,5,0.7,-5.41
6644,US-2016-156496,8/10/2016,8/16/2016,Tarif normal,WB-21850,William Brown,Grand public,États-Unis,Redmond,Oregon,USCA - Ouest,TEC-PH-10000576,Produits technologiques,Téléphones,AT&T 1080 Corded phone,438.37,4,0.2,38.36
6645,US-2016-156496,8/10/2016,8/16/2016,Tarif normal,WB-21850,William Brown,Grand public,États-Unis,Redmond,Oregon,USCA - Ouest,TEC-PH-10004188,Produits technologiques,Téléphones,OtterBox Commuter Series Case - Samsung Galaxy S4,139.94,7,0.2,-31.49
6646,US-2016-156496,8/10/2016,8/16/2016,Tarif normal,WB-21850,William Brown,Grand public,États-Unis,Redmond,Oregon,USCA - Ouest,OFF-AP-10001469,Fournitures de bureau,Électroménager,Fellowes 8 Outlet Superior Workstation Surge Protector,133.47,4,0.2,15.02
6661,CA-2016-129322,8/8/2016,8/10/2016,J+2,DB-13405,Denny Blanton,Grand public,Canada,Toronto,Ontario,USCA - Est,OFF-AR-10004587,Fournitures de bureau,Art,"Boston 1827 Commercial Additional Cutter, Drive Gear & Gear Rack for 1606",39.66,2,0,11.9
6662,CA-2016-129322,8/8/2016,8/10/2016,J+2,DB-13405,Denny Blanton,Grand public,Canada,Toronto,Ontario,USCA - Est,OFF-AP-10004336,Fournitures de bureau,Électroménager,"Conquest 14 Commercial Heavy-Duty Upright Vacuum, Collection System, Accessory Kit",113.92,2,0,33.04
6663,CA-2016-129322,8/8/2016,8/10/2016,J+2,DB-13405,Denny Blanton,Grand public,Canada,Toronto,Ontario,USCA - Est,OFF-BI-10001718,Fournitures de bureau,Classeurs,GBC DocuBind P50 Personal Binding Machine,447.86,7,0,210.49
6673,US-2016-153794,9/11/2016,9/16/2016,Tarif normal,SB-20290,Sean Braxton,Entreprise,États-Unis,San Diego,Californie,USCA - Ouest,OFF-AR-10000380,Fournitures de bureau,Art,"Hunt PowerHouse Electric Pencil Sharpener, Blue",265.86,7,0,79.76
6674,US-2016-135510,9/5/2016,9/12/2016,Tarif normal,TW-21025,Tamara Willingham,Bureau à domicile,États-Unis,Charlottesville,Virginie,USCA - Sud,FUR-FU-10000820,Mobilier,Meubles,Tensor Brushed Steel Torchiere Floor Lamp,67.96,4,0,12.23
6675,US-2016-109337,11/21/2016,11/23/2016,J+2,DL-13330,Denise Leinenbach,Grand public,États-Unis,Lawrence,Indiana,USCA - Centre,OFF-AR-10003759,Fournitures de bureau,Art,"Crayola Anti Dust Chalk, 12/Pack",10.92,6,0,4.91
6676,US-2016-109337,11/21/2016,11/23/2016,J+2,DL-13330,Denise Leinenbach,Grand public,États-Unis,Lawrence,Indiana,USCA - Centre,TEC-MA-10002930,Produits technologiques,Machines,Ricoh - Ink Collector Unit for GX3000 Series Printers,83.9,2,0,22.65
6677,US-2016-109337,11/21/2016,11/23/2016,J+2,DL-13330,Denise Leinenbach,Grand public,États-Unis,Lawrence,Indiana,USCA - Centre,OFF-AP-10004052,Fournitures de bureau,Électroménager,"Hoover Replacement Belts For Soft Guard & Commercial Ltweight Upright Vacs, 2/Pk",19.75,5,0,5.14
6678,US-2016-109337,11/21/2016,11/23/2016,J+2,DL-13330,Denise Leinenbach,Grand public,États-Unis,Lawrence,Indiana,USCA - Centre,TEC-AC-10000990,Produits technologiques,Accessoires,Imation Bio 2GB USB Flash Drive Imation Corp,393.54,3,0,165.29
6685,US-2016-129637,12/17/2016,12/22/2016,Tarif normal,MC-18100,Mick Crebagga,Grand public,États-Unis,Bloomington,Illinois,USCA - Centre,OFF-ST-10003716,Fournitures de bureau,Stockage,Tennsco Double-Tier Lockers,180.02,1,0.2,-15.75
6686,US-2016-129637,12/17/2016,12/22/2016,Tarif normal,MC-18100,Mick Crebagga,Grand public,États-Unis,Bloomington,Illinois,USCA - Centre,FUR-FU-10000965,Mobilier,Meubles,"Howard Miller 11-1/2"" Diameter Ridgewood Wall Clock",41.55,2,0.6,-19.74
6687,US-2016-129637,12/17/2016,12/22/2016,Tarif normal,MC-18100,Mick Crebagga,Grand public,États-Unis,Bloomington,Illinois,USCA - Centre,OFF-AR-10003829,Fournitures de bureau,Art,Newell 35,13.12,5,0.2,1.48
6688,US-2016-165162,5/14/2016,5/21/2016,Tarif normal,HG-15025,Hunter Glantz,Grand public,États-Unis,Los Angeles,Californie,USCA - Ouest,OFF-ST-10003470,Fournitures de bureau,Stockage,"Tennsco Snap-Together Open Shelving Units, Starter Sets and Add-On Units",1117.92,4,0,55.9
6702,US-2016-153535,5/20/2016,5/24/2016,Tarif normal,SG-20470,Sheri Gordon,Grand public,États-Unis,Wilson,Caroline du Nord,USCA - Sud,FUR-FU-10001986,Mobilier,Meubles,"Dana Fluorescent Magnifying Lamp, White, 36""",163.14,4,0.2,20.39
6703,US-2016-153535,5/20/2016,5/24/2016,Tarif normal,SG-20470,Sheri Gordon,Grand public,États-Unis,Wilson,Caroline du Nord,USCA - Sud,OFF-BI-10001031,Fournitures de bureau,Classeurs,Pressboard Data Binders by Wilson Jones,6.41,4,0.7,-4.91
6704,US-2016-139164,6/23/2016,6/28/2016,Tarif normal,CS-12355,Christine Sundaresam,Grand public,États-Unis,Long Beach,Californie,USCA - Ouest,TEC-PH-10002468,Produits technologiques,Téléphones,"Plantronics CS 50-USB - headset - Convertible, Monaural",217.58,2,0.2,19.04
6705,US-2016-139164,6/23/2016,6/28/2016,Tarif normal,CS-12355,Christine Sundaresam,Grand public,États-Unis,Long Beach,Californie,USCA - Ouest,OFF-FA-10003059,Fournitures de bureau,Éléments de fixation,Assorted Color Push Pins,5.43,3,0,1.79
6706,US-2016-139164,6/23/2016,6/28/2016,Tarif normal,CS-12355,Christine Sundaresam,Grand public,États-Unis,Long Beach,Californie,USCA - Ouest,TEC-PH-10003931,Produits technologiques,Téléphones,JBL Micro Wireless Portable Bluetooth Speaker,143.98,3,0.2,9
6709,US-2016-123141,11/14/2016,11/19/2016,Tarif normal,GZ-14470,Gary Zandusky,Grand public,États-Unis,Rio Rancho,Nouveau-Mexique,USCA - Ouest,FUR-CH-10004287,Mobilier,Chaises,SAFCO Arco Folding Chair,883.84,4,0.2,99.43
6710,US-2016-123141,11/14/2016,11/19/2016,Tarif normal,GZ-14470,Gary Zandusky,Grand public,États-Unis,Rio Rancho,Nouveau-Mexique,USCA - Ouest,FUR-CH-10001891,Mobilier,Chaises,Global Deluxe Office Fabric Chairs,230.35,3,0.2,20.16
6730,US-2016-156734,6/18/2016,6/20/2016,Prioritaire,BV-11245,Benjamin Venier,Entreprise,États-Unis,Smyrna,Tennessee,USCA - Sud,OFF-BI-10002982,Fournitures de bureau,Classeurs,Avery Self-Adhesive Photo Pockets for Polaroid Photos,6.13,3,0.7,-4.49
6731,US-2016-156734,6/18/2016,6/20/2016,Prioritaire,BV-11245,Benjamin Venier,Entreprise,États-Unis,Smyrna,Tennessee,USCA - Sud,FUR-CH-10002965,Mobilier,Chaises,"Global Leather Highback Executive Chair with Pneumatic Height Adjustment, Black",643.14,4,0.2,56.27
6732,US-2016-156734,6/18/2016,6/20/2016,Prioritaire,BV-11245,Benjamin Venier,Entreprise,États-Unis,Smyrna,Tennessee,USCA - Sud,OFF-PA-10001937,Fournitures de bureau,Papier,Xerox 21,20.74,4,0.2,7.26
6735,US-2016-141754,12/20/2016,12/25/2016,Tarif normal,EM-14200,Evan Minnotte,Bureau à domicile,États-Unis,Miami,Floride,USCA - Sud,OFF-LA-10004093,Fournitures de bureau,Étiquettes,Avery 486,11.7,2,0.2,3.95
6744,US-2016-156923,2/16/2016,2/20/2016,Tarif normal,SP-20860,Sung Pak,Entreprise,États-Unis,Dover,New Hampshire,USCA - Est,OFF-PA-10002751,Fournitures de bureau,Papier,Xerox 1920,35.88,6,0,16.15
6776,US-2016-105361,3/29/2016,4/4/2016,Tarif normal,CM-12115,Chad McGuire,Grand public,États-Unis,New York City,New York,USCA - Est,OFF-PA-10002615,Fournitures de bureau,Papier,"Ampad Gold Fibre Wirebound Steno Books, 6"" x 9"", Gregg Ruled",17.64,4,0,8.11
6788,US-2016-118843,9/13/2016,9/20/2016,Tarif normal,JH-15910,Jonathan Howell,Grand public,États-Unis,Atlanta,Géorgie,USCA - Sud,FUR-FU-10003975,Mobilier,Meubles,Eldon Advantage Chair Mats for Low to Medium Pile Carpets,129.93,3,0,12.99
6789,US-2016-118843,9/13/2016,9/20/2016,Tarif normal,JH-15910,Jonathan Howell,Grand public,États-Unis,Atlanta,Géorgie,USCA - Sud,OFF-PA-10001712,Fournitures de bureau,Papier,Xerox 1948,69.93,7,0,31.47
6790,US-2016-161445,9/7/2016,9/9/2016,J+2,CC-12610,Corey Catlett,Entreprise,États-Unis,Durham,Caroline du Nord,USCA - Sud,OFF-AR-10001953,Fournitures de bureau,Art,Boston 1645 Deluxe Heavier-Duty Electric Pencil Sharpener,140.74,4,0.2,12.31
6794,US-2016-145394,11/16/2016,11/20/2016,Tarif normal,MC-17605,Matt Connell,Entreprise,États-Unis,Chicago,Illinois,USCA - Centre,OFF-ST-10000344,Fournitures de bureau,Stockage,"Neat Ideas Personal Hanging Folder Files, Black",21.49,2,0.2,1.61
6795,US-2016-145394,11/16/2016,11/20/2016,Tarif normal,MC-17605,Matt Connell,Entreprise,États-Unis,Chicago,Illinois,USCA - Centre,TEC-PH-10001051,Produits technologiques,Téléphones,HTC One,239.98,3,0.2,27
6796,US-2016-145394,11/16/2016,11/20/2016,Tarif normal,MC-17605,Matt Connell,Entreprise,États-Unis,Chicago,Illinois,USCA - Centre,FUR-FU-10001215,Mobilier,Meubles,"Howard Miller 11-1/2"" Diameter Brentwood Wall Clock",34.5,2,0.6,-15.53
6797,US-2016-168809,8/25/2016,8/25/2016,Le même jour,MC-18100,Mick Crebagga,Grand public,États-Unis,Houston,Texas,USCA - Centre,FUR-FU-10001473,Mobilier,Meubles,"Eldon Executive Woodline II Desk Accessories, Mahogany",20.1,2,0.6,-16.59
6798,US-2016-168809,8/25/2016,8/25/2016,Le même jour,MC-18100,Mick Crebagga,Grand public,États-Unis,Houston,Texas,USCA - Centre,OFF-BI-10000315,Fournitures de bureau,Classeurs,Poly Designer Cover & Back,3.8,1,0.8,-6.08
6799,US-2016-168809,8/25/2016,8/25/2016,Le même jour,MC-18100,Mick Crebagga,Grand public,États-Unis,Houston,Texas,USCA - Centre,FUR-FU-10002240,Mobilier,Meubles,Nu-Dell EZ-Mount Plastic Wall Frames,7.88,5,0.6,-3.94
6808,US-2016-128125,4/3/2016,4/5/2016,Tarif normal,EB-13705,Ed Braxton,Entreprise,États-Unis,Houston,Texas,USCA - Centre,OFF-PA-10000357,Fournitures de bureau,Papier,"White Dual Perf Computer Printout Paper, 2700 Sheets, 1 Part, Heavyweight, 20 lbs., 14 7/8 x 11",98.38,3,0.2,35.66
6809,US-2016-128125,4/3/2016,4/5/2016,Tarif normal,EB-13705,Ed Braxton,Entreprise,États-Unis,Houston,Texas,USCA - Centre,FUR-FU-10001085,Mobilier,Meubles,3M Polarizing Light Filter Sleeves,22.38,3,0.6,-7.83
6824,US-2016-154291,7/25/2016,7/29/2016,Tarif normal,YS-21880,Yana Sorensen,Entreprise,États-Unis,Montgomery,Alabama,USCA - Sud,OFF-EN-10001335,Fournitures de bureau,Enveloppes,"White Business Envelopes with Contemporary Seam, Recycled White Business Envelopes",98.46,9,0,49.23
6825,US-2016-154291,7/25/2016,7/29/2016,Tarif normal,YS-21880,Yana Sorensen,Entreprise,États-Unis,Montgomery,Alabama,USCA - Sud,FUR-TA-10002041,Mobilier,Tables,"Bevis Round Conference Table Top, X-Base",358.58,2,0,39.44
6833,US-2016-112522,10/10/2016,10/17/2016,Tarif normal,DP-13165,David Philippe,Grand public,États-Unis,Chicago,Illinois,USCA - Centre,OFF-AR-10003183,Fournitures de bureau,Art,Avery Fluorescent Highlighter Four-Color Set,8.02,3,0.2,1
6838,US-2016-116260,7/6/2016,7/12/2016,Tarif normal,BF-10975,Barbara Fisher,Entreprise,États-Unis,Vineland,New Jersey,USCA - Est,OFF-AR-10003732,Fournitures de bureau,Art,Newell 333,11.12,4,0,2.89
6841,US-2016-166338,12/6/2016,12/7/2016,Prioritaire,MP-18175,Mike Pelletier,Bureau à domicile,États-Unis,Troy,Ohio,USCA - Est,OFF-BI-10002852,Fournitures de bureau,Classeurs,Ibico Standard Transparent Covers,14.83,3,0.7,-10.38
6873,US-2016-162544,12/16/2016,12/19/2016,Prioritaire,SG-20080,Sandra Glassco,Grand public,États-Unis,Seattle,Washington,USCA - Ouest,OFF-PA-10004948,Fournitures de bureau,Papier,Xerox 190,4.98,1,0,2.34
6878,US-2016-123918,10/15/2016,10/15/2016,Le même jour,CG-12520,Claire Gute,Grand public,États-Unis,Dallas,Texas,USCA - Centre,FUR-FU-10004952,Mobilier,Meubles,"C-Line Cubicle Keepers Polyproplyene Holder w/Velcro Back, 8-1/2x11, 25/Bx",131.38,6,0.6,-95.25
6879,US-2016-123918,10/15/2016,10/15/2016,Le même jour,CG-12520,Claire Gute,Grand public,États-Unis,Dallas,Texas,USCA - Centre,OFF-PA-10003001,Fournitures de bureau,Papier,Xerox 1986,5.34,1,0.2,1.87
6880,US-2016-137113,12/1/2016,12/5/2016,J+2,TW-21025,Tamara Willingham,Bureau à domicile,États-Unis,Seattle,Washington,USCA - Ouest,FUR-CH-10001215,Mobilier,Chaises,Global Troy Executive Leather Low-Back Tilter,2003.92,5,0.2,125.25
6881,US-2016-137113,12/1/2016,12/5/2016,J+2,TW-21025,Tamara Willingham,Bureau à domicile,États-Unis,Seattle,Washington,USCA - Ouest,OFF-PA-10004255,Fournitures de bureau,Papier,Xerox 219,32.4,5,0,15.55
6882,US-2016-137113,12/1/2016,12/5/2016,J+2,TW-21025,Tamara Willingham,Bureau à domicile,États-Unis,Seattle,Washington,USCA - Ouest,FUR-TA-10001705,Mobilier,Tables,Bush Advantage Collection Round Conference Table,1913.4,9,0,401.81
6883,US-2016-137113,12/1/2016,12/5/2016,J+2,TW-21025,Tamara Willingham,Bureau à domicile,États-Unis,Seattle,Washington,USCA - Ouest,OFF-ST-10002554,Fournitures de bureau,Stockage,Tennsco Industrial Shelving,146.73,3,0,2.93
6884,US-2016-137113,12/1/2016,12/5/2016,J+2,TW-21025,Tamara Willingham,Bureau à domicile,États-Unis,Seattle,Washington,USCA - Ouest,OFF-PA-10002222,Fournitures de bureau,Papier,"Xerox Color Copier Paper, 11"" x 17"", Ream",114.2,5,0,52.53
6885,US-2016-120677,2/21/2016,2/23/2016,Tarif normal,BD-11320,Bill Donatelli,Grand public,États-Unis,Minneapolis,Minnesota,USCA - Centre,FUR-CH-10002320,Mobilier,Chaises,Hon Pagoda Stacking Chairs,2567.84,8,0,770.35
6899,US-2016-165512,5/24/2016,5/26/2016,J+2,VS-21820,Vivek Sundaresam,Grand public,États-Unis,Naperville,Illinois,USCA - Centre,FUR-CH-10002880,Mobilier,Chaises,"Global High-Back Leather Tilter, Burgundy",602.65,7,0.3,-163.58
6900,US-2016-165512,5/24/2016,5/26/2016,J+2,VS-21820,Vivek Sundaresam,Grand public,États-Unis,Naperville,Illinois,USCA - Centre,OFF-BI-10001249,Fournitures de bureau,Classeurs,Avery Heavy-Duty EZD View Binder with Locking Rings,7.66,6,0.8,-13.02
6901,US-2016-140557,9/7/2016,9/11/2016,Tarif normal,TN-21040,Tanja Norvell,Bureau à domicile,États-Unis,New York City,New York,USCA - Est,TEC-AC-10002402,Produits technologiques,Accessoires,Razer Kraken PRO Over Ear PC and Music Headset,559.93,7,0,167.98
6914,US-2016-104115,6/12/2016,6/16/2016,Tarif normal,JH-15910,Jonathan Howell,Grand public,États-Unis,West Palm Beach,Floride,USCA - Sud,TEC-PH-10002844,Produits technologiques,Téléphones,Speck Products Candyshell Flip Case,55.98,2,0.2,4.2
6920,US-2016-102806,5/21/2016,5/28/2016,Tarif normal,HG-14965,Henry Goldwyn,Entreprise,États-Unis,Philadelphia,Pennsylvanie,USCA - Est,OFF-BI-10001597,Fournitures de bureau,Classeurs,"Wilson Jones Ledger-Size, Piano-Hinge Binder, 2"", Blue",24.59,2,0.7,-18.03
6923,US-2016-134257,3/16/2016,3/19/2016,J+2,MS-17710,Maurice Satty,Grand public,États-Unis,Auburn,Alabama,USCA - Sud,OFF-LA-10003930,Fournitures de bureau,Étiquettes,"Dot Matrix Printer Tape Reel Labels, White, 5000/Box",491.55,5,0,240.86
6924,US-2016-134257,3/16/2016,3/19/2016,J+2,MS-17710,Maurice Satty,Grand public,États-Unis,Auburn,Alabama,USCA - Sud,OFF-EN-10003845,Fournitures de bureau,Enveloppes,Colored Envelopes,7.38,2,0,3.39
6925,US-2016-137925,8/22/2016,8/24/2016,Tarif normal,JL-15235,Janet Lee,Grand public,États-Unis,New York City,New York,USCA - Est,OFF-PA-10002659,Fournitures de bureau,Papier,Avoid Verbal Orders Carbonless Minifold Book,23.66,7,0,10.88
6926,US-2016-137925,8/22/2016,8/24/2016,Tarif normal,JL-15235,Janet Lee,Grand public,États-Unis,New York City,New York,USCA - Est,FUR-BO-10001608,Mobilier,Bibliothèques,"Hon Metal Bookcases, Black",681.41,12,0.2,42.59
6944,US-2016-139248,7/25/2016,7/27/2016,Tarif normal,RD-19930,Russell D'Ascenzo,Grand public,États-Unis,Los Angeles,Californie,USCA - Ouest,TEC-PH-10004094,Produits technologiques,Téléphones,Motorola L703CM,623.96,5,0.2,39
6947,US-2016-126466,11/9/2016,11/13/2016,Tarif normal,JO-15550,Jesus Ocampo,Bureau à domicile,États-Unis,Roseville,Californie,USCA - Ouest,OFF-FA-10000490,Fournitures de bureau,Éléments de fixation,"OIC Binder Clips, Mini, 1/4"" Capacity, Black",2.48,2,0,1.17
6948,US-2016-130365,4/25/2016,4/29/2016,Tarif normal,ZC-21910,Zuschuss Carroll,Grand public,États-Unis,Aurora,Illinois,USCA - Centre,OFF-ST-10002574,Fournitures de bureau,Stockage,"SAFCO Commercial Wire Shelving, Black",221.02,2,0.2,-55.26
6949,US-2016-130365,4/25/2016,4/29/2016,Tarif normal,ZC-21910,Zuschuss Carroll,Grand public,États-Unis,Aurora,Illinois,USCA - Centre,FUR-CH-10003535,Mobilier,Chaises,"Global Armless Task Chair, Royal Blue",128.06,3,0.3,-23.78
6952,US-2016-161767,11/20/2016,11/24/2016,Tarif normal,GK-14620,Grace Kelly,Entreprise,États-Unis,Dallas,Texas,USCA - Centre,TEC-MA-10002790,Produits technologiques,Machines,NeatDesk Desktop Scanner & Digital Filing System,479.99,2,0.4,56
6953,US-2016-129917,10/2/2016,10/3/2016,Prioritaire,HM-14980,Henry MacAllister,Grand public,États-Unis,Los Angeles,Californie,USCA - Ouest,OFF-BI-10001757,Fournitures de bureau,Classeurs,Pressboard Hanging Data Binders for Unburst Sheets,11.81,3,0.2,4.13
6954,US-2016-129917,10/2/2016,10/3/2016,Prioritaire,HM-14980,Henry MacAllister,Grand public,États-Unis,Los Angeles,Californie,USCA - Ouest,OFF-BI-10004828,Fournitures de bureau,Classeurs,GBC Poly Designer Binding Covers,53.57,4,0.2,19.42
6955,US-2016-129917,10/2/2016,10/3/2016,Prioritaire,HM-14980,Henry MacAllister,Grand public,États-Unis,Los Angeles,Californie,USCA - Ouest,TEC-PH-10000369,Produits technologiques,Téléphones,HTC One Mini,503.96,5,0.2,50.4
6956,US-2016-115420,4/25/2016,5/2/2016,Tarif normal,LS-16945,Linda Southworth,Entreprise,États-Unis,Los Angeles,Californie,USCA - Ouest,OFF-EN-10003862,Fournitures de bureau,Enveloppes,Laser & Ink Jet Business Envelopes,21.34,2,0,9.82
6959,US-2016-167255,9/27/2016,9/29/2016,J+2,RH-19510,Rick Huthwaite,Bureau à domicile,États-Unis,San Francisco,Californie,USCA - Ouest,OFF-ST-10001328,Fournitures de bureau,Stockage,"Personal Filing Tote with Lid, Black/Gray",15.51,1,0,4.34
6960,US-2016-167255,9/27/2016,9/29/2016,J+2,RH-19510,Rick Huthwaite,Bureau à domicile,États-Unis,San Francisco,Californie,USCA - Ouest,OFF-PA-10002377,Fournitures de bureau,Papier,Xerox 1916,146.82,3,0,73.41
6961,US-2016-167255,9/27/2016,9/29/2016,J+2,RH-19510,Rick Huthwaite,Bureau à domicile,États-Unis,San Francisco,Californie,USCA - Ouest,OFF-PA-10003441,Fournitures de bureau,Papier,Xerox 226,12.96,2,0,6.22
6969,US-2016-110765,10/16/2016,10/20/2016,J+2,MP-17965,Michael Paige,Entreprise,États-Unis,New York City,New York,USCA - Est,TEC-PH-10004165,Produits technologiques,Téléphones,Mitel MiVoice 5330e IP Phone,824.97,3,0,214.49
6976,US-2016-112144,6/28/2016,7/2/2016,Tarif normal,CY-12745,Craig Yedwab,Entreprise,États-Unis,Gilbert,Arizona,USCA - Ouest,OFF-LA-10000443,Fournitures de bureau,Étiquettes,Avery 501,5.9,2,0.2,1.99
6977,US-2016-112144,6/28/2016,7/2/2016,Tarif normal,CY-12745,Craig Yedwab,Entreprise,États-Unis,Gilbert,Arizona,USCA - Ouest,FUR-FU-10004306,Mobilier,Meubles,Electrix Halogen Magnifier Lamp,621.76,4,0.2,46.63
6991,US-2016-109386,11/8/2016,11/13/2016,J+2,RH-19600,Rob Haberlin,Grand public,États-Unis,Hampton,Virginie,USCA - Sud,OFF-AP-10003266,Fournitures de bureau,Électroménager,"Holmes Replacement Filter for HEPA Air Cleaner, Large Room",44.43,3,0,18.66
6992,US-2016-109386,11/8/2016,11/13/2016,J+2,RH-19600,Rob Haberlin,Grand public,États-Unis,Hampton,Virginie,USCA - Sud,TEC-PH-10002890,Produits technologiques,Téléphones,AT&T 17929 Lendline Telephone,226.2,5,0,58.81
6993,US-2016-109386,11/8/2016,11/13/2016,J+2,RH-19600,Rob Haberlin,Grand public,États-Unis,Hampton,Virginie,USCA - Sud,FUR-FU-10000308,Mobilier,Meubles,Deflect-o Glass Clear Studded Chair Mats,186.54,3,0,41.04
6994,US-2016-109386,11/8/2016,11/13/2016,J+2,RH-19600,Rob Haberlin,Grand public,États-Unis,Hampton,Virginie,USCA - Sud,OFF-AR-10000380,Fournitures de bureau,Art,"Hunt PowerHouse Electric Pencil Sharpener, Blue",265.86,7,0,79.76
6995,US-2016-109386,11/8/2016,11/13/2016,J+2,RH-19600,Rob Haberlin,Grand public,États-Unis,Hampton,Virginie,USCA - Sud,OFF-AR-10000122,Fournitures de bureau,Art,Newell 314,27.9,5,0,6.98
6996,US-2016-166800,11/19/2016,11/26/2016,Tarif normal,AG-10300,Aleksandra Gannaway,Entreprise,États-Unis,Las Vegas,Nevada,USCA - Ouest,OFF-AP-10004868,Fournitures de bureau,Électroménager,Hoover Commercial Soft Guard Upright Vacuum And Disposable Filtration Bags,31.08,4,0,8.39
7002,US-2016-104871,4/1/2016,4/3/2016,Tarif normal,DR-12940,Daniel Raglin,Bureau à domicile,États-Unis,Normal,Illinois,USCA - Centre,FUR-CH-10003298,Mobilier,Chaises,"Office Star - Contemporary Task Swivel chair with Loop Arms, Charcoal",366.74,4,0.3,-110.02
7006,US-2016-141740,11/1/2016,11/5/2016,Tarif normal,JF-15490,Jeremy Farry,Grand public,États-Unis,New York City,New York,USCA - Est,FUR-CH-10001545,Mobilier,Chaises,Hon Comfortask Task/Swivel Chairs,205.16,2,0.1,13.68
7008,US-2016-154823,8/21/2016,8/25/2016,Tarif normal,KN-16390,Katherine Nockton,Entreprise,États-Unis,Springfield,Ohio,USCA - Est,OFF-BI-10001098,Fournitures de bureau,Classeurs,Acco D-Ring Binder w/DublLock,12.83,2,0.7,-8.98
7009,US-2016-154823,8/21/2016,8/25/2016,Tarif normal,KN-16390,Katherine Nockton,Entreprise,États-Unis,Springfield,Ohio,USCA - Est,FUR-CH-10003379,Mobilier,Chaises,Global Commerce Series High-Back Swivel/Tilt Chairs,598.46,3,0.3,-42.75
7010,US-2016-154823,8/21/2016,8/25/2016,Tarif normal,KN-16390,Katherine Nockton,Entreprise,États-Unis,Springfield,Ohio,USCA - Est,FUR-FU-10000193,Mobilier,Meubles,Tenex Chairmats For Use with Hard Floors,25.98,1,0.2,-3.9
7062,US-2016-132633,2/3/2016,2/5/2016,J+2,KH-16630,Ken Heidel,Entreprise,États-Unis,Pleasant Grove,Utah,USCA - Ouest,OFF-BI-10002432,Fournitures de bureau,Classeurs,Wilson Jones Standard D-Ring Binders,12.14,3,0.2,4.1
7089,US-2016-105844,10/25/2016,10/27/2016,J+2,JF-15415,Jennifer Ferguson,Grand public,États-Unis,Sparks,Nevada,USCA - Ouest,OFF-AR-10001955,Fournitures de bureau,Art,Newell 319,79.36,4,0,23.81
7091,US-2016-119480,1/9/2016,1/13/2016,Tarif normal,CC-12685,Craig Carroll,Grand public,États-Unis,Henderson,Kentucky,USCA - Sud,OFF-PA-10000474,Fournitures de bureau,Papier,Easy-staple paper,106.32,3,0,49.97
7092,US-2016-119480,1/9/2016,1/13/2016,Tarif normal,CC-12685,Craig Carroll,Grand public,États-Unis,Henderson,Kentucky,USCA - Sud,OFF-AP-10001205,Fournitures de bureau,Électroménager,Belkin 5 Outlet SurgeMaster Power Centers,163.44,3,0,45.76
7093,US-2016-119480,1/9/2016,1/13/2016,Tarif normal,CC-12685,Craig Carroll,Grand public,États-Unis,Henderson,Kentucky,USCA - Sud,OFF-AR-10004691,Fournitures de bureau,Art,Boston 1730 StandUp Electric Pencil Sharpener,42.76,2,0,11.12
7094,US-2016-119480,1/9/2016,1/13/2016,Tarif normal,CC-12685,Craig Carroll,Grand public,États-Unis,Henderson,Kentucky,USCA - Sud,OFF-PA-10004996,Fournitures de bureau,Papier,"Speediset Carbonless Redi-Letter 7"" x 8 1/2""",51.55,5,0,24.23
7095,US-2016-153374,2/9/2016,2/13/2016,J+2,JF-15565,Jill Fjeld,Grand public,États-Unis,Decatur,Illinois,USCA - Centre,TEC-AC-10001908,Produits technologiques,Accessoires,Logitech Wireless Headset h800,479.95,6,0.2,89.99
7100,US-2016-124933,12/26/2016,12/28/2016,J+2,DF-13135,David Flashing,Grand public,États-Unis,New York City,New York,USCA - Est,OFF-PA-10003302,Fournitures de bureau,Papier,Xerox 1906,212.64,6,0,99.94
7124,US-2016-128013,8/9/2016,8/16/2016,Tarif normal,MF-18250,Monica Federle,Entreprise,États-Unis,New York City,New York,USCA - Est,FUR-FU-10000320,Mobilier,Meubles,OIC Stacking Trays,10.02,3,0,4.41
7125,US-2016-128013,8/9/2016,8/16/2016,Tarif normal,MF-18250,Monica Federle,Entreprise,États-Unis,New York City,New York,USCA - Est,OFF-PA-10001815,Fournitures de bureau,Papier,Xerox 1885,144.12,3,0,69.18
7137,US-2016-163965,11/20/2016,11/27/2016,Tarif normal,SS-20875,Sung Shariari,Grand public,États-Unis,Miami,Floride,USCA - Sud,OFF-BI-10004728,Fournitures de bureau,Classeurs,Wilson Jones Turn Tabs Binder Tool for Ring Binders,7.23,5,0.7,-5.78
7138,US-2016-163965,11/20/2016,11/27/2016,Tarif normal,SS-20875,Sung Shariari,Grand public,États-Unis,Miami,Floride,USCA - Sud,OFF-ST-10000918,Fournitures de bureau,Stockage,Crate-A-Files,17.44,2,0.2,1.31
7139,US-2016-163965,11/20/2016,11/27/2016,Tarif normal,SS-20875,Sung Shariari,Grand public,États-Unis,Miami,Floride,USCA - Sud,OFF-BI-10004593,Fournitures de bureau,Classeurs,Ibico Laser Imprintable Binding System Covers,62.88,4,0.7,-50.3
7140,US-2016-163965,11/20/2016,11/27/2016,Tarif normal,SS-20875,Sung Shariari,Grand public,États-Unis,Miami,Floride,USCA - Sud,FUR-BO-10001337,Mobilier,Bibliothèques,O'Sullivan Living Dimensions 2-Shelf Bookcases,290.35,3,0.2,-36.29
7150,US-2016-166583,6/26/2016,6/28/2016,Tarif normal,VD-21670,Valerie Dominguez,Grand public,États-Unis,Houston,Texas,USCA - Centre,TEC-PH-10001578,Produits technologiques,Téléphones,Polycom SoundStation2 EX Conference phone,971.88,3,0.2,109.34
7154,US-2016-106208,12/10/2016,12/15/2016,Tarif normal,JW-16075,Julia West,Grand public,États-Unis,Chicago,Illinois,USCA - Centre,OFF-AP-10004980,Fournitures de bureau,Électroménager,3M Replacement Filter for Office Air Cleaner for 20' x 33' Room,53.09,7,0.8,-108.83
7155,US-2016-136749,12/25/2016,12/27/2016,J+2,LH-16900,Lena Hernandez,Grand public,États-Unis,Columbus,Géorgie,USCA - Sud,FUR-FU-10000747,Mobilier,Meubles,Tenex B1-RE Series Chair Mats for Low Pile Carpets,275.88,6,0,46.9
7156,US-2016-136749,12/25/2016,12/27/2016,J+2,LH-16900,Lena Hernandez,Grand public,États-Unis,Columbus,Géorgie,USCA - Sud,OFF-BI-10004492,Fournitures de bureau,Classeurs,Tuf-Vin Binders,157.9,5,0,74.21
7160,US-2016-145835,5/13/2016,5/18/2016,J+2,BF-11170,Ben Ferrer,Bureau à domicile,États-Unis,Chicago,Illinois,USCA - Centre,TEC-PH-10004447,Produits technologiques,Téléphones,Toshiba IPT2010-SD IP Telephone,222.38,2,0.2,16.68
7161,US-2016-145835,5/13/2016,5/18/2016,J+2,BF-11170,Ben Ferrer,Bureau à domicile,États-Unis,Chicago,Illinois,USCA - Centre,OFF-FA-10002280,Fournitures de bureau,Éléments de fixation,Advantus Plastic Paper Clips,16,4,0.2,5.6
7199,US-2016-156797,8/11/2016,8/15/2016,Tarif normal,PO-19180,Philisse Overcash,Bureau à domicile,États-Unis,New York City,New York,USCA - Est,OFF-AR-10001427,Fournitures de bureau,Art,Newell 330,11.96,2,0,3.11
7200,US-2016-156797,8/11/2016,8/15/2016,Tarif normal,PO-19180,Philisse Overcash,Bureau à domicile,États-Unis,New York City,New York,USCA - Est,TEC-PH-10004614,Produits technologiques,Téléphones,AT&T 841000 Phone,138,2,0,34.5
7205,US-2016-136658,9/10/2016,9/17/2016,Tarif normal,BO-11425,Bobby Odegard,Grand public,États-Unis,New York City,New York,USCA - Est,OFF-AR-10000817,Fournitures de bureau,Art,Manco Dry-Lighter Erasable Highlighter,6.08,2,0,2.07
7215,US-2016-103072,9/27/2016,9/29/2016,J+2,HW-14935,Helen Wasserman,Entreprise,États-Unis,Detroit,Michigan,USCA - Centre,OFF-AR-10000127,Fournitures de bureau,Art,Newell 321,16.4,5,0,4.76
7216,US-2016-103072,9/27/2016,9/29/2016,J+2,HW-14935,Helen Wasserman,Entreprise,États-Unis,Detroit,Michigan,USCA - Centre,OFF-PA-10003172,Fournitures de bureau,Papier,Xerox 1996,25.92,4,0,12.44
7217,US-2016-150770,5/3/2016,5/6/2016,Prioritaire,LC-16870,Lena Cacioppo,Grand public,États-Unis,San Francisco,Californie,USCA - Ouest,OFF-AR-10001246,Fournitures de bureau,Art,Newell 317,8.82,3,0,2.56
7218,US-2016-150770,5/3/2016,5/6/2016,Prioritaire,LC-16870,Lena Cacioppo,Grand public,États-Unis,San Francisco,Californie,USCA - Ouest,OFF-BI-10002026,Fournitures de bureau,Classeurs,Ibico Recycled Linen-Style Covers,62.5,2,0.2,21.87
7219,US-2016-150770,5/3/2016,5/6/2016,Prioritaire,LC-16870,Lena Cacioppo,Grand public,États-Unis,San Francisco,Californie,USCA - Ouest,TEC-AC-10000844,Produits technologiques,Accessoires,Logitech Gaming G510s - Keyboard,339.96,4,0,122.39
7220,US-2016-150770,5/3/2016,5/6/2016,Prioritaire,LC-16870,Lena Cacioppo,Grand public,États-Unis,San Francisco,Californie,USCA - Ouest,OFF-BI-10001575,Fournitures de bureau,Classeurs,GBC Linen Binding Covers,49.57,2,0.2,17.35
7250,US-2016-158491,6/4/2016,6/9/2016,J+2,BP-11155,Becky Pak,Grand public,États-Unis,Los Angeles,Californie,USCA - Ouest,TEC-AC-10001874,Produits technologiques,Accessoires,Logitech Wireless Anywhere Mouse MX for PC and Mac,119.98,2,0,35.99
7251,US-2016-158491,6/4/2016,6/9/2016,J+2,BP-11155,Becky Pak,Grand public,États-Unis,Los Angeles,Californie,USCA - Ouest,TEC-AC-10003870,Produits technologiques,Accessoires,Logitech Z-906 Speaker sys - home theater - 5.1-CH,989.97,3,0,395.99
7275,US-2016-144519,11/13/2016,11/17/2016,Tarif normal,AW-10930,Arthur Wiediger,Bureau à domicile,États-Unis,Helena,Montana,USCA - Ouest,TEC-PH-10004908,Produits technologiques,Téléphones,Panasonic KX TS3282W Corded phone,339.96,5,0.2,42.49
7276,US-2016-144519,11/13/2016,11/17/2016,Tarif normal,AW-10930,Arthur Wiediger,Bureau à domicile,États-Unis,Helena,Montana,USCA - Ouest,FUR-FU-10000794,Mobilier,Meubles,"Eldon Stackable Tray, Side-Load, Legal, Smoke",63.98,7,0,21.75
7281,US-2016-162782,2/21/2016,2/27/2016,Tarif normal,PW-19240,Pierre Wener,Grand public,États-Unis,Columbia,Maryland,USCA - Est,OFF-BI-10003527,Fournitures de bureau,Classeurs,Fellowes PB500 Electric Punch Plastic Comb Binding Machine with Manual Bind,2541.98,2,0,1270.99
7295,US-2016-148964,5/26/2016,5/28/2016,Tarif normal,RD-19900,Ruben Dartt,Grand public,États-Unis,Bellevue,Washington,USCA - Ouest,FUR-FU-10003849,Mobilier,Meubles,"DAX Metal Frame, Desktop, Stepped-Edge",20.24,1,0,7.89
7298,US-2016-101126,2/10/2016,2/14/2016,J+2,NB-18655,Nona Balk,Entreprise,États-Unis,Philadelphia,Pennsylvanie,USCA - Est,OFF-ST-10000943,Fournitures de bureau,Stockage,Eldon ProFile File 'N Store Portable File Tub Letter/Legal Size Black,77.24,5,0.2,7.72
7311,US-2016-121699,8/10/2016,8/14/2016,Tarif normal,BD-11320,Bill Donatelli,Grand public,États-Unis,Detroit,Michigan,USCA - Centre,OFF-BI-10004632,Fournitures de bureau,Classeurs,GBC Binding covers,64.75,5,0,29.14
7312,US-2016-162761,10/9/2016,10/13/2016,Tarif normal,SC-20575,Sonia Cooley,Grand public,États-Unis,Miami,Floride,USCA - Sud,OFF-BI-10000145,Fournitures de bureau,Classeurs,Zipper Ring Binder Pockets,1.87,2,0.7,-1.31
7313,US-2016-162761,10/9/2016,10/13/2016,Tarif normal,SC-20575,Sonia Cooley,Grand public,États-Unis,Miami,Floride,USCA - Sud,OFF-BI-10002498,Fournitures de bureau,Classeurs,Clear Mylar Reinforcing Strips,11.21,2,0.7,-8.6
7314,US-2016-162761,10/9/2016,10/13/2016,Tarif normal,SC-20575,Sonia Cooley,Grand public,États-Unis,Miami,Floride,USCA - Sud,OFF-AR-10001761,Fournitures de bureau,Art,Avery Hi-Liter Smear-Safe Highlighters,37.38,8,0.2,7.48
7334,US-2016-125563,4/11/2016,4/17/2016,Tarif normal,PR-18880,Patrick Ryan,Grand public,États-Unis,Tampa,Floride,USCA - Sud,FUR-FU-10001290,Mobilier,Meubles,Executive Impressions Supervisor Wall Clock,67.36,2,0.2,10.1
7335,US-2016-125563,4/11/2016,4/17/2016,Tarif normal,PR-18880,Patrick Ryan,Grand public,États-Unis,Tampa,Floride,USCA - Sud,FUR-FU-10000087,Mobilier,Meubles,"Executive Impressions 14"" Two-Color Numerals Wall Clock",54.53,3,0.2,14.31
7336,US-2016-113152,12/25/2016,12/27/2016,Tarif normal,JK-15625,Jim Karlsson,Grand public,États-Unis,New York City,New York,USCA - Est,TEC-AC-10002049,Produits technologiques,Accessoires,Plantronics Savi W720 Multi-Device Wireless Headset System,843.9,2,0,371.32
7337,US-2016-113152,12/25/2016,12/27/2016,Tarif normal,JK-15625,Jim Karlsson,Grand public,États-Unis,New York City,New York,USCA - Est,FUR-BO-10002613,Mobilier,Bibliothèques,"Atlantic Metals Mobile 4-Shelf Bookcases, Custom Colors",449.57,2,0.2,56.2
7340,US-2016-159590,7/18/2016,7/21/2016,Prioritaire,KC-16255,Karen Carlisle,Entreprise,États-Unis,New York City,New York,USCA - Est,OFF-AR-10003190,Fournitures de bureau,Art,Newell 32,5.76,2,0,1.61
7356,US-2016-139780,9/22/2016,9/24/2016,J+2,AH-10690,Anna Häberlin,Entreprise,États-Unis,Detroit,Michigan,USCA - Centre,OFF-BI-10004139,Fournitures de bureau,Classeurs,Fellowes Presentation Covers for Comb Binding Machines,116.4,8,0,52.38
7370,US-2016-110345,3/9/2016,3/11/2016,J+2,TG-21310,Toby Gnade,Grand public,États-Unis,Raleigh,Caroline du Nord,USCA - Sud,OFF-LA-10001175,Fournitures de bureau,Étiquettes,Avery 514,4.61,2,0.2,1.67
7379,US-2016-136224,2/21/2016,2/21/2016,Le même jour,ML-18265,Muhammed Lee,Grand public,États-Unis,Fayetteville,Caroline du Nord,USCA - Sud,OFF-AR-10003504,Fournitures de bureau,Art,Newell 347,10.27,3,0.2,1.16
7404,US-2016-100146,5/14/2016,5/19/2016,Tarif normal,CB-12535,Claudia Bergmann,Entreprise,États-Unis,Camarillo,Californie,USCA - Ouest,FUR-BO-10004015,Mobilier,Bibliothèques,"Bush Andora Bookcase, Maple/Graphite Gray Finish",509.96,5,0.2,42
7405,US-2016-100146,5/14/2016,5/19/2016,Tarif normal,CB-12535,Claudia Bergmann,Entreprise,États-Unis,Camarillo,Californie,USCA - Ouest,FUR-FU-10001979,Mobilier,Meubles,Dana Halogen Swing-Arm Architect Lamp,122.91,3,0,34.41
7406,US-2016-100146,5/14/2016,5/19/2016,Tarif normal,CB-12535,Claudia Bergmann,Entreprise,États-Unis,Camarillo,Californie,USCA - Ouest,FUR-CH-10003833,Mobilier,Chaises,Novimex Fabric Task Chair,97.57,2,0.2,-6.1
7407,US-2016-100146,5/14/2016,5/19/2016,Tarif normal,CB-12535,Claudia Bergmann,Entreprise,États-Unis,Camarillo,Californie,USCA - Ouest,FUR-CH-10004495,Mobilier,Chaises,"Global Leather and Oak Executive Chair, Black",722.35,3,0.2,81.26
7435,US-2016-148180,7/26/2016,7/28/2016,Tarif normal,BP-11095,Bart Pistole,Entreprise,États-Unis,Oxnard,Californie,USCA - Ouest,OFF-BI-10000605,Fournitures de bureau,Classeurs,"Acco Pressboard Covers with Storage Hooks, 9 1/2"" x 11"", Executive Red",9.14,3,0.2,3.09
7436,US-2016-148180,7/26/2016,7/28/2016,Tarif normal,BP-11095,Bart Pistole,Entreprise,États-Unis,Oxnard,Californie,USCA - Ouest,OFF-BI-10003314,Fournitures de bureau,Classeurs,Tuff Stuff Recycled Round Ring Binders,23.14,6,0.2,8.39
7437,US-2016-148180,7/26/2016,7/28/2016,Tarif normal,BP-11095,Bart Pistole,Entreprise,États-Unis,Oxnard,Californie,USCA - Ouest,OFF-AR-10002067,Fournitures de bureau,Art,Newell 334,99.2,5,0,25.79
7439,US-2016-145457,3/24/2016,3/27/2016,J+2,CP-12085,Cathy Prescott,Entreprise,États-Unis,Covington,Washington,USCA - Ouest,FUR-FU-10003832,Mobilier,Meubles,"Eldon Expressions Punched Metal & Wood Desk Accessories, Black & Cherry",46.9,5,0,13.13
7442,US-2016-120446,11/16/2016,11/18/2016,Prioritaire,JG-15805,John Grady,Entreprise,États-Unis,San Diego,Californie,USCA - Ouest,OFF-LA-10003148,Fournitures de bureau,Étiquettes,Avery 51,18.9,3,0,8.69
7457,US-2016-137974,4/16/2016,4/18/2016,Prioritaire,LL-16840,Lauren Leatherbury,Grand public,États-Unis,Waynesboro,Virginie,USCA - Sud,TEC-PH-10002033,Produits technologiques,Téléphones,Konftel 250 Conference phone - Charcoal black,569.64,2,0,148.11
7458,US-2016-137974,4/16/2016,4/18/2016,Prioritaire,LL-16840,Lauren Leatherbury,Grand public,États-Unis,Waynesboro,Virginie,USCA - Sud,OFF-BI-10001036,Fournitures de bureau,Classeurs,Cardinal EasyOpen D-Ring Binders,9.14,1,0,4.57
7459,US-2016-137974,4/16/2016,4/18/2016,Prioritaire,LL-16840,Lauren Leatherbury,Grand public,États-Unis,Waynesboro,Virginie,USCA - Sud,FUR-FU-10001468,Mobilier,Meubles,Tenex Antistatic Computer Chair Mats,1196.86,7,0,119.69
7460,US-2016-137974,4/16/2016,4/18/2016,Prioritaire,LL-16840,Lauren Leatherbury,Grand public,États-Unis,Waynesboro,Virginie,USCA - Sud,FUR-BO-10001519,Mobilier,Bibliothèques,O'Sullivan 3-Shelf Heavy-Duty Bookcases,523.26,9,0,125.58
7461,US-2016-136987,4/11/2016,4/14/2016,J+2,AR-10540,Andy Reiter,Grand public,États-Unis,Los Angeles,Californie,USCA - Ouest,TEC-CO-10001943,Produits technologiques,Photocopieurs,Canon PC-428 Personal Copier,639.97,4,0.2,215.99
7462,US-2016-136987,4/11/2016,4/14/2016,J+2,AR-10540,Andy Reiter,Grand public,États-Unis,Los Angeles,Californie,USCA - Ouest,OFF-PA-10003127,Fournitures de bureau,Papier,Easy-staple paper,52.76,2,0,24.27
7463,US-2016-138485,2/27/2016,3/1/2016,J+2,NP-18670,Nora Paige,Grand public,États-Unis,Seattle,Washington,USCA - Ouest,TEC-AC-10002076,Produits technologiques,Accessoires,Microsoft Natural Keyboard Elite,538.92,9,0,80.84
7471,US-2016-100734,9/15/2016,9/20/2016,Tarif normal,AC-10615,Ann Chong,Entreprise,États-Unis,Philadelphia,Pennsylvanie,USCA - Est,OFF-BI-10002609,Fournitures de bureau,Classeurs,Avery Hidden Tab Dividers for Binding Systems,3.58,4,0.7,-2.86
7472,US-2016-100734,9/15/2016,9/20/2016,Tarif normal,AC-10615,Ann Chong,Entreprise,États-Unis,Philadelphia,Pennsylvanie,USCA - Est,OFF-ST-10001522,Fournitures de bureau,Stockage,"Gould Plastics 18-Pocket Panel Bin, 34w x 5-1/4d x 20-1/2h",147.18,2,0.2,-29.44
7487,US-2016-134558,12/19/2016,12/24/2016,J+2,PM-19135,Peter McVee,Bureau à domicile,États-Unis,Dover,New Hampshire,USCA - Est,OFF-PA-10001184,Fournitures de bureau,Papier,Xerox 1903,29.9,5,0,14.65
7488,US-2016-134558,12/19/2016,12/24/2016,J+2,PM-19135,Peter McVee,Bureau à domicile,États-Unis,Dover,New Hampshire,USCA - Est,TEC-AC-10004145,Produits technologiques,Accessoires,Logitech diNovo Edge Keyboard,2249.91,9,0,517.48
7489,US-2016-134558,12/19/2016,12/24/2016,J+2,PM-19135,Peter McVee,Bureau à domicile,États-Unis,Dover,New Hampshire,USCA - Est,FUR-TA-10003473,Mobilier,Tables,Bretford Rectangular Conference Table Tops,1053.16,4,0.3,-105.32
7491,US-2016-108672,9/10/2016,9/16/2016,Tarif normal,FA-14230,Frank Atkinson,Entreprise,États-Unis,Los Angeles,Californie,USCA - Ouest,FUR-FU-10003799,Mobilier,Meubles,"Seth Thomas 13 1/2"" Wall Clock",106.68,6,0,33.07
7575,US-2016-129532,12/8/2016,12/12/2016,Tarif normal,YS-21880,Yana Sorensen,Entreprise,États-Unis,Los Angeles,Californie,USCA - Ouest,OFF-ST-10004186,Fournitures de bureau,Stockage,"Stur-D-Stor Shelving, Vertical 5-Shelf: 72""H x 36""W x 18 1/2""D",221.96,2,0,4.44
7576,US-2016-129532,12/8/2016,12/12/2016,Tarif normal,YS-21880,Yana Sorensen,Entreprise,États-Unis,Los Angeles,Californie,USCA - Ouest,TEC-AC-10000865,Produits technologiques,Accessoires,WD My Passport Ultra 500GB Portable External Hard Drive,236,4,0,40.12
7580,US-2016-123113,11/23/2016,11/27/2016,J+2,AT-10735,Annie Thurman,Grand public,États-Unis,Morristown,New Jersey,USCA - Est,OFF-AP-10000275,Fournitures de bureau,Électroménager,"Sanyo Counter Height Refrigerator with Crisper, 3.6 Cubic Foot, Stainless Steel/Black",2625.12,8,0,735.03
7581,US-2016-123113,11/23/2016,11/27/2016,J+2,AT-10735,Annie Thurman,Grand public,États-Unis,Morristown,New Jersey,USCA - Est,OFF-AR-10004999,Fournitures de bureau,Art,Newell 315,17.94,3,0,4.49
7582,US-2016-169656,8/13/2016,8/16/2016,Prioritaire,EJ-13720,Ed Jacobs,Grand public,États-Unis,Philadelphia,Pennsylvanie,USCA - Est,OFF-ST-10003816,Fournitures de bureau,Stockage,Fellowes High-Stak Drawer Files,422.86,3,0.2,15.86
7583,US-2016-142734,4/16/2016,4/21/2016,Tarif normal,DM-13345,Denise Monton,Entreprise,États-Unis,New York City,New York,USCA - Est,FUR-CH-10003968,Mobilier,Chaises,Novimex Turbo Task Chair,127.76,2,0.1,2.84
7590,US-2016-139738,9/25/2016,9/29/2016,Tarif normal,DK-12895,Dana Kaydos,Grand public,États-Unis,Rockford,Illinois,USCA - Centre,OFF-AR-10004602,Fournitures de bureau,Art,Boston KS Multi-Size Manual Pencil Sharpener,128.74,7,0.2,12.87
7597,US-2016-164567,6/15/2016,6/19/2016,Tarif normal,GK-14620,Grace Kelly,Entreprise,États-Unis,Los Angeles,Californie,USCA - Ouest,TEC-PH-10002103,Produits technologiques,Téléphones,Jabra SPEAK 410,225.58,3,0.2,22.56
7612,US-2016-130491,2/8/2016,2/11/2016,Prioritaire,BH-11710,Brosina Hoffman,Grand public,États-Unis,Garden City,Kansas,USCA - Centre,OFF-PA-10000791,Fournitures de bureau,Papier,"Wirebound Message Books, Four 2 3/4 x 5 Forms per Page, 200 Sets per Book",9.54,2,0,4.29
7613,US-2016-130491,2/8/2016,2/11/2016,Prioritaire,BH-11710,Brosina Hoffman,Grand public,États-Unis,Garden City,Kansas,USCA - Centre,OFF-FA-10000134,Fournitures de bureau,Éléments de fixation,"Advantus Push Pins, Aluminum Head",5.81,1,0,1.8
7614,US-2016-130491,2/8/2016,2/11/2016,Prioritaire,BH-11710,Brosina Hoffman,Grand public,États-Unis,Garden City,Kansas,USCA - Centre,OFF-AR-10001149,Fournitures de bureau,Art,"Sanford Colorific Colored Pencils, 12/Box",5.76,2,0,1.73
7615,US-2016-113740,8/24/2016,8/28/2016,J+2,SC-20380,Shahid Collister,Grand public,États-Unis,New York City,New York,USCA - Est,FUR-FU-10000010,Mobilier,Meubles,"DAX Value U-Channel Document Frames, Easel Back",14.91,3,0,4.62
7625,US-2016-136805,5/23/2016,5/27/2016,J+2,NM-18445,Nathan Mautz,Bureau à domicile,États-Unis,Detroit,Michigan,USCA - Centre,OFF-AP-10001394,Fournitures de bureau,Électroménager,Harmony Air Purifier,850.5,5,0.1,245.7
7626,US-2016-136805,5/23/2016,5/27/2016,J+2,NM-18445,Nathan Mautz,Bureau à domicile,États-Unis,Detroit,Michigan,USCA - Centre,FUR-FU-10003724,Mobilier,Meubles,Westinghouse Clip-On Gooseneck Lamps,75.33,9,0,19.59
7627,US-2016-159499,11/21/2016,11/23/2016,J+2,EM-14095,Eudokia Martin,Entreprise,États-Unis,Phoenix,Arizona,USCA - Ouest,OFF-AP-10002867,Fournitures de bureau,Électroménager,Fellowes Command Center 5-outlet power strip,325.63,6,0.2,28.49
7628,US-2016-159499,11/21/2016,11/23/2016,J+2,EM-14095,Eudokia Martin,Entreprise,États-Unis,Phoenix,Arizona,USCA - Ouest,TEC-AC-10002718,Produits technologiques,Accessoires,Belkin Standard 104 key USB Keyboard,23.34,2,0.2,-1.46
7629,US-2016-159499,11/21/2016,11/23/2016,J+2,EM-14095,Eudokia Martin,Entreprise,États-Unis,Phoenix,Arizona,USCA - Ouest,OFF-LA-10003121,Fournitures de bureau,Étiquettes,Avery 506,16.52,5,0.2,5.37
7646,US-2016-161452,4/5/2016,4/11/2016,Tarif normal,CA-11965,Carol Adams,Entreprise,États-Unis,Los Angeles,Californie,USCA - Ouest,FUR-CH-10003973,Mobilier,Chaises,GuestStacker Chair with Chrome Finish Legs,892.22,3,0.2,89.22
7650,US-2016-101889,12/27/2016,12/29/2016,Tarif normal,DB-13120,David Bremer,Entreprise,États-Unis,Marion,Ohio,USCA - Est,FUR-TA-10004154,Mobilier,Tables,"Riverside Furniture Oval Coffee Table, Oval End Table, End Table with Drawer",1548.99,9,0.4,-464.7
7651,US-2016-101889,12/27/2016,12/29/2016,Tarif normal,DB-13120,David Bremer,Entreprise,États-Unis,Marion,Ohio,USCA - Est,OFF-EN-10003286,Fournitures de bureau,Enveloppes,Staple envelope,19.87,3,0.2,6.71
7654,US-2016-121552,3/22/2016,3/27/2016,Tarif normal,FW-14395,Fred Wasserman,Entreprise,États-Unis,Huntsville,Alabama,USCA - Sud,OFF-AR-10003217,Fournitures de bureau,Art,Newell 316,19.56,4,0,5.48
7655,US-2016-107685,8/22/2016,8/24/2016,J+2,JM-15865,John Murray,Grand public,États-Unis,Las Vegas,Nevada,USCA - Ouest,FUR-FU-10002813,Mobilier,Meubles,"DAX Contemporary Wood Frame with Silver Metal Mat, Desktop, 11 x 14 Size",80.96,4,0,29.15
7656,US-2016-107685,8/22/2016,8/24/2016,J+2,JM-15865,John Murray,Grand public,États-Unis,Las Vegas,Nevada,USCA - Ouest,OFF-PA-10003848,Fournitures de bureau,Papier,Xerox 1997,25.92,4,0,12.44
7669,US-2016-130974,11/27/2016,11/29/2016,J+2,MA-17560,Matt Abelman,Bureau à domicile,États-Unis,Everett,Massachusetts,USCA - Est,OFF-PA-10000743,Fournitures de bureau,Papier,Xerox 1977,40.08,6,0,19.24
7670,US-2016-130974,11/27/2016,11/29/2016,J+2,MA-17560,Matt Abelman,Bureau à domicile,États-Unis,Everett,Massachusetts,USCA - Est,OFF-PA-10001019,Fournitures de bureau,Papier,Xerox 1884,59.94,3,0,28.17
7671,US-2016-130974,11/27/2016,11/29/2016,J+2,MA-17560,Matt Abelman,Bureau à domicile,États-Unis,Everett,Massachusetts,USCA - Est,TEC-AC-10003095,Produits technologiques,Accessoires,Logitech G35 7.1-Channel Surround Sound Headset,259.98,2,0,88.39
7672,US-2016-130974,11/27/2016,11/29/2016,J+2,MA-17560,Matt Abelman,Bureau à domicile,États-Unis,Everett,Massachusetts,USCA - Est,FUR-BO-10002916,Mobilier,Bibliothèques,"Rush Hierlooms Collection 1"" Thick Stackable Bookcases",170.98,1,0,32.49
7673,US-2016-130974,11/27/2016,11/29/2016,J+2,MA-17560,Matt Abelman,Bureau à domicile,États-Unis,Everett,Massachusetts,USCA - Est,FUR-FU-10002506,Mobilier,Meubles,"Tensor ""Hersey Kiss"" Styled Floor Lamp",38.97,3,0,4.68
7674,US-2016-130974,11/27/2016,11/29/2016,J+2,MA-17560,Matt Abelman,Bureau à domicile,États-Unis,Everett,Massachusetts,USCA - Est,OFF-PA-10003823,Fournitures de bureau,Papier,Xerox 197,154.9,5,0,69.71
7675,US-2016-130974,11/27/2016,11/29/2016,J+2,MA-17560,Matt Abelman,Bureau à domicile,États-Unis,Everett,Massachusetts,USCA - Est,FUR-TA-10004619,Mobilier,Tables,Hon Non-Folding Utility Tables,446.07,4,0.3,0
7683,US-2016-120782,4/28/2016,5/1/2016,Prioritaire,SD-20485,Shirley Daniels,Bureau à domicile,États-Unis,Midland,Michigan,USCA - Centre,OFF-AP-10003779,Fournitures de bureau,Électroménager,Kensington 7 Outlet MasterPiece Power Center with Fax/Phone Line Protection,186.73,1,0.1,41.5
7684,US-2016-120782,4/28/2016,5/1/2016,Prioritaire,SD-20485,Shirley Daniels,Bureau à domicile,États-Unis,Midland,Michigan,USCA - Centre,OFF-BI-10003527,Fournitures de bureau,Classeurs,Fellowes PB500 Electric Punch Plastic Comb Binding Machine with Manual Bind,3812.97,3,0,1906.49
7685,US-2016-116876,2/14/2016,2/21/2016,Tarif normal,TT-21070,Ted Trevino,Grand public,États-Unis,Rochester,New York,USCA - Est,OFF-BI-10002897,Fournitures de bureau,Classeurs,"Black Avery Memo-Size 3-Ring Binder, 5 1/2"" x 8 1/2""",26.42,9,0.2,9.58
7686,US-2016-116876,2/14/2016,2/21/2016,Tarif normal,TT-21070,Ted Trevino,Grand public,États-Unis,Rochester,New York,USCA - Est,TEC-PH-10002584,Produits technologiques,Téléphones,Samsung Galaxy S4,625.99,1,0,187.8
7711,US-2016-142811,4/2/2016,4/7/2016,Tarif normal,JL-15850,John Lucas,Grand public,États-Unis,Mesa,Arizona,USCA - Ouest,TEC-PH-10003095,Produits technologiques,Téléphones,Samsung HM1900 Bluetooth Headset,87.8,5,0.2,32.93
7717,US-2016-149636,1/6/2016,1/12/2016,Tarif normal,SP-20620,Stefania Perrino,Entreprise,États-Unis,Colorado Springs,Colorado,USCA - Ouest,OFF-PA-10004041,Fournitures de bureau,Papier,"It's Hot Message Books with Stickers, 2 3/4"" x 5""",29.6,5,0.2,9.25
7718,US-2016-149636,1/6/2016,1/12/2016,Tarif normal,SP-20620,Stefania Perrino,Entreprise,États-Unis,Colorado Springs,Colorado,USCA - Ouest,OFF-BI-10002764,Fournitures de bureau,Classeurs,Recycled Pressboard Report Cover with Reinforced Top Hinge,1.94,2,0.7,-1.36
7720,US-2016-108588,1/5/2016,1/10/2016,Tarif normal,BG-11695,Brooke Gillingham,Entreprise,États-Unis,New York City,New York,USCA - Est,OFF-AR-10001615,Fournitures de bureau,Art,Newell 34,59.52,3,0,15.48
7721,US-2016-108588,1/5/2016,1/10/2016,Tarif normal,BG-11695,Brooke Gillingham,Entreprise,États-Unis,New York City,New York,USCA - Est,OFF-EN-10000461,Fournitures de bureau,Enveloppes,"#10- 4 1/8"" x 9 1/2"" Recycled Envelopes",17.48,2,0,8.22
7722,US-2016-108588,1/5/2016,1/10/2016,Tarif normal,BG-11695,Brooke Gillingham,Entreprise,États-Unis,New York City,New York,USCA - Est,OFF-BI-10004506,Fournitures de bureau,Classeurs,Wilson Jones data.warehouse D-Ring Binders with DublLock,13.17,2,0.2,4.61
7724,US-2016-139374,9/10/2016,9/14/2016,Tarif normal,AR-10345,Alex Russell,Entreprise,États-Unis,Austin,Texas,USCA - Centre,FUR-CH-10003981,Mobilier,Chaises,Global Commerce Series Low-Back Swivel/Tilt Chairs,179.89,1,0.3,-2.57
7728,US-2016-150231,3/16/2016,3/20/2016,J+2,JK-15640,Jim Kriz,Bureau à domicile,États-Unis,New York City,New York,USCA - Est,OFF-AR-10001761,Fournitures de bureau,Art,Avery Hi-Liter Smear-Safe Highlighters,17.52,3,0,6.31
7742,US-2016-147816,9/24/2016,9/26/2016,J+2,CM-11935,Carlos Meador,Grand public,États-Unis,Tucson,Arizona,USCA - Ouest,TEC-PH-10003095,Produits technologiques,Téléphones,Samsung HM1900 Bluetooth Headset,35.12,2,0.2,13.17
7747,US-2016-109113,12/19/2016,12/23/2016,Tarif normal,EK-13795,Eileen Kiefer,Bureau à domicile,États-Unis,Chicago,Illinois,USCA - Centre,TEC-AC-10004761,Produits technologiques,Accessoires,Maxell 4.7GB DVD+RW 3/Pack,25.49,2,0.2,4.78
7748,US-2016-156153,2/21/2016,2/23/2016,J+2,CW-11905,Carl Weiss,Bureau à domicile,États-Unis,Long Beach,New York,USCA - Est,OFF-FA-10003472,Fournitures de bureau,Éléments de fixation,Bagged Rubber Bands,7.56,6,0,0.3
7749,US-2016-133242,6/18/2016,6/24/2016,Tarif normal,KH-16510,Keith Herrera,Grand public,États-Unis,Arlington,Virginie,USCA - Sud,FUR-FU-10003464,Mobilier,Meubles,"Seth Thomas 8 1/2"" Cubicle Clock",60.84,3,0,19.47
7750,US-2016-133242,6/18/2016,6/24/2016,Tarif normal,KH-16510,Keith Herrera,Grand public,États-Unis,Arlington,Virginie,USCA - Sud,OFF-ST-10003716,Fournitures de bureau,Stockage,Tennsco Double-Tier Lockers,450.04,2,0,58.51
7751,US-2016-133242,6/18/2016,6/24/2016,Tarif normal,KH-16510,Keith Herrera,Grand public,États-Unis,Arlington,Virginie,USCA - Sud,OFF-BI-10004002,Fournitures de bureau,Classeurs,Wilson Jones International Size A4 Ring Binders,34.6,2,0,16.61
7752,US-2016-133242,6/18/2016,6/24/2016,Tarif normal,KH-16510,Keith Herrera,Grand public,États-Unis,Arlington,Virginie,USCA - Sud,TEC-PH-10002496,Produits technologiques,Téléphones,Cisco SPA301,467.97,3,0,140.39
7753,US-2016-133242,6/18/2016,6/24/2016,Tarif normal,KH-16510,Keith Herrera,Grand public,États-Unis,Arlington,Virginie,USCA - Sud,OFF-BI-10004826,Fournitures de bureau,Classeurs,JM Magazine Binder,33.02,2,0,15.85
7754,US-2016-158323,8/22/2016,8/24/2016,Prioritaire,AB-10600,Ann Blume,Entreprise,États-Unis,Jacksonville,Caroline du Nord,USCA - Sud,FUR-FU-10001546,Mobilier,Meubles,Dana Swing-Arm Lamps,17.09,2,0.2,1.07
7755,US-2016-161795,12/21/2016,12/23/2016,J+2,AH-10075,Adam Hart,Entreprise,États-Unis,Columbus,Ohio,USCA - Est,OFF-AR-10001919,Fournitures de bureau,Art,"OIC #2 Pencils, Medium Soft",3.01,2,0.2,0.34
7764,US-2016-103093,2/3/2016,2/7/2016,Tarif normal,FO-14305,Frank Olsen,Grand public,États-Unis,Columbus,Géorgie,USCA - Sud,OFF-EN-10003286,Fournitures de bureau,Enveloppes,Staple envelope,74.52,9,0,35.02
7768,US-2016-169299,8/24/2016,8/26/2016,Prioritaire,DO-13435,Denny Ordway,Grand public,États-Unis,Portland,Oregon,USCA - Ouest,OFF-AR-10002053,Fournitures de bureau,Art,"Premium Writing Pencils, Soft, #2 by Central Association for the Blind",7.15,3,0.2,0.72
7782,US-2016-132136,3/8/2016,3/12/2016,Tarif normal,FO-14305,Frank Olsen,Grand public,États-Unis,Chicago,Illinois,USCA - Centre,OFF-BI-10002706,Fournitures de bureau,Classeurs,Avery Premier Heavy-Duty Binder with Round Locking Rings,8.57,3,0.8,-14.57
7794,US-2016-127481,12/12/2016,12/15/2016,J+2,JD-15895,Jonathan Doherty,Entreprise,États-Unis,Las Vegas,Nevada,USCA - Ouest,OFF-PA-10002036,Fournitures de bureau,Papier,Xerox 1930,32.4,5,0,15.88
7795,US-2016-127481,12/12/2016,12/15/2016,J+2,JD-15895,Jonathan Doherty,Entreprise,États-Unis,Las Vegas,Nevada,USCA - Ouest,OFF-PA-10002377,Fournitures de bureau,Papier,Xerox 1916,97.88,2,0,48.94
7796,US-2016-112711,7/12/2016,7/18/2016,Tarif normal,FM-14380,Fred McMath,Grand public,États-Unis,Amarillo,Texas,USCA - Centre,TEC-PH-10000526,Produits technologiques,Téléphones,Vtech CS6719,307.17,4,0.2,30.72
7797,US-2016-145121,10/2/2016,10/6/2016,Tarif normal,MP-17965,Michael Paige,Entreprise,États-Unis,Middletown,Connecticut,USCA - Est,OFF-BI-10001078,Fournitures de bureau,Classeurs,"Acco PRESSTEX Data Binder with Storage Hooks, Dark Blue, 14 7/8"" X 11""",26.9,5,0,13.18
7803,US-2016-102260,9/22/2016,9/26/2016,Tarif normal,SJ-20125,Sanjit Jacobs,Bureau à domicile,États-Unis,Franklin,Tennessee,USCA - Sud,OFF-LA-10003714,Fournitures de bureau,Étiquettes,Avery 510,12,4,0.2,4.2
7804,US-2016-102260,9/22/2016,9/26/2016,Tarif normal,SJ-20125,Sanjit Jacobs,Bureau à domicile,États-Unis,Franklin,Tennessee,USCA - Sud,OFF-ST-10003716,Fournitures de bureau,Stockage,Tennsco Double-Tier Lockers,720.06,4,0.2,-63.01
7805,US-2016-102260,9/22/2016,9/26/2016,Tarif normal,SJ-20125,Sanjit Jacobs,Bureau à domicile,États-Unis,Franklin,Tennessee,USCA - Sud,OFF-ST-10002289,Fournitures de bureau,Stockage,"Safco Wire Cube Shelving System, For Use as 4 or 5 14"" Cubes, Black",25.42,1,0.2,-4.77
7806,US-2016-102260,9/22/2016,9/26/2016,Tarif normal,SJ-20125,Sanjit Jacobs,Bureau à domicile,États-Unis,Franklin,Tennessee,USCA - Sud,OFF-AR-10001315,Fournitures de bureau,Art,Newell 310,2.82,2,0.2,0.32
7807,US-2016-102260,9/22/2016,9/26/2016,Tarif normal,SJ-20125,Sanjit Jacobs,Bureau à domicile,États-Unis,Franklin,Tennessee,USCA - Sud,OFF-BI-10000042,Fournitures de bureau,Classeurs,"Pressboard Data Binder, Crimson, 12"" X 8 1/2""",3.2,2,0.7,-2.56
7826,US-2016-127327,2/3/2016,2/7/2016,Tarif normal,PW-19030,Pauline Webber,Entreprise,États-Unis,Rome,New York,USCA - Est,FUR-CH-10004218,Mobilier,Chaises,"Global Fabric Manager's Chair, Dark Gray",90.88,1,0.1,15.15
7829,US-2016-137302,4/26/2016,5/1/2016,Tarif normal,BW-11110,Bart Watters,Entreprise,États-Unis,San Diego,Californie,USCA - Ouest,FUR-CH-10002017,Mobilier,Chaises,SAFCO Optional Arm Kit for Workspace Cribbage Stacking Chair,63.94,3,0.2,6.39
7830,US-2016-137302,4/26/2016,5/1/2016,Tarif normal,BW-11110,Bart Watters,Entreprise,États-Unis,San Diego,Californie,USCA - Ouest,OFF-AR-10000588,Fournitures de bureau,Art,Newell 345,59.52,3,0,15.48
7831,US-2016-137302,4/26/2016,5/1/2016,Tarif normal,BW-11110,Bart Watters,Entreprise,États-Unis,San Diego,Californie,USCA - Ouest,TEC-PH-10003174,Produits technologiques,Téléphones,RCA ViSYS 25825 Wireless digital phone,311.98,3,0.2,39
7832,US-2016-137302,4/26/2016,5/1/2016,Tarif normal,BW-11110,Bart Watters,Entreprise,États-Unis,San Diego,Californie,USCA - Ouest,OFF-BI-10001524,Fournitures de bureau,Classeurs,GBC Premium Transparent Covers with Diagonal Lined Pattern,50.35,3,0.2,17.62
7834,US-2016-128958,1/24/2016,1/28/2016,Tarif normal,CR-12820,Cyra Reiten,Bureau à domicile,États-Unis,West Palm Beach,Floride,USCA - Sud,OFF-AR-10004757,Fournitures de bureau,Art,Crayola Colored Pencils,13.12,5,0.2,2.13
7835,US-2016-106257,4/13/2016,4/17/2016,J+2,EB-14110,Eugene Barchas,Grand public,États-Unis,Los Angeles,Californie,USCA - Ouest,FUR-TA-10002530,Mobilier,Tables,"Iceberg OfficeWorks 42"" Round Tables",241.57,2,0.2,-15.1
7836,US-2016-106257,4/13/2016,4/17/2016,J+2,EB-14110,Eugene Barchas,Grand public,États-Unis,Los Angeles,Californie,USCA - Ouest,TEC-PH-10001494,Produits technologiques,Téléphones,Polycom CX600 IP Phone VoIP phone,479.92,2,0.2,41.99
7837,US-2016-149083,9/25/2016,9/27/2016,Tarif normal,SH-19975,Sally Hughsby,Entreprise,États-Unis,Seattle,Washington,USCA - Ouest,FUR-CH-10004289,Mobilier,Chaises,Global Super Steno Chair,307.14,4,0.2,-11.52
7838,US-2016-149083,9/25/2016,9/27/2016,Tarif normal,SH-19975,Sally Hughsby,Entreprise,États-Unis,Seattle,Washington,USCA - Ouest,OFF-LA-10002945,Fournitures de bureau,Étiquettes,"Permanent Self-Adhesive File Folder Labels for Typewriters, 1 1/8 x 3 1/2, White",12.6,2,0,5.8
7839,US-2016-149083,9/25/2016,9/27/2016,Tarif normal,SH-19975,Sally Hughsby,Entreprise,États-Unis,Seattle,Washington,USCA - Ouest,TEC-AC-10002567,Produits technologiques,Accessoires,Logitech G602 Wireless Gaming Mouse,159.98,2,0,57.59
7846,US-2016-125976,9/27/2016,10/2/2016,Tarif normal,JK-15205,Jamie Kunitz,Grand public,États-Unis,Arlington,Virginie,USCA - Sud,OFF-PA-10001125,Fournitures de bureau,Papier,Xerox 1988,154.9,5,0,69.71
7847,US-2016-125976,9/27/2016,10/2/2016,Tarif normal,JK-15205,Jamie Kunitz,Grand public,États-Unis,Arlington,Virginie,USCA - Sud,TEC-PH-10002496,Produits technologiques,Téléphones,Cisco SPA301,1871.88,12,0,561.56
7854,US-2016-144890,12/25/2016,12/29/2016,Tarif normal,SM-20320,Sean Miller,Bureau à domicile,États-Unis,Los Angeles,Californie,USCA - Ouest,OFF-PA-10001526,Fournitures de bureau,Papier,Xerox 1949,9.96,2,0,4.88
7862,US-2016-142993,10/12/2016,10/17/2016,Tarif normal,KA-16525,Kelly Andreada,Grand public,États-Unis,Seattle,Washington,USCA - Ouest,TEC-AC-10003038,Produits technologiques,Accessoires,Kingston Digital DataTraveler 16GB USB 2.0,17.9,2,0,3.4
7863,US-2016-142993,10/12/2016,10/17/2016,Tarif normal,KA-16525,Kelly Andreada,Grand public,États-Unis,Seattle,Washington,USCA - Ouest,OFF-ST-10000934,Fournitures de bureau,Stockage,"Contico 72""H Heavy-Duty Storage System",81.96,2,0,0
7864,US-2016-143364,7/14/2016,7/19/2016,J+2,TG-21310,Toby Gnade,Grand public,États-Unis,Mesa,Arizona,USCA - Ouest,OFF-ST-10002743,Fournitures de bureau,Stockage,SAFCO Boltless Steel Shelving,272.74,3,0.2,-64.77
7865,US-2016-143364,7/14/2016,7/19/2016,J+2,TG-21310,Toby Gnade,Grand public,États-Unis,Mesa,Arizona,USCA - Ouest,OFF-PA-10001846,Fournitures de bureau,Papier,Xerox 1899,18.5,4,0.2,6.7
7866,US-2016-143364,7/14/2016,7/19/2016,J+2,TG-21310,Toby Gnade,Grand public,États-Unis,Mesa,Arizona,USCA - Ouest,FUR-CH-10004287,Mobilier,Chaises,SAFCO Arco Folding Chair,441.92,2,0.2,49.72
7867,US-2016-143364,7/14/2016,7/19/2016,J+2,TG-21310,Toby Gnade,Grand public,États-Unis,Mesa,Arizona,USCA - Ouest,FUR-BO-10001608,Mobilier,Bibliothèques,"Hon Metal Bookcases, Black",127.76,6,0.7,-191.65
7878,US-2016-148705,3/12/2016,3/18/2016,Tarif normal,EB-14170,Evan Bailliet,Grand public,États-Unis,Charlotte,Caroline du Nord,USCA - Sud,OFF-LA-10001641,Fournitures de bureau,Étiquettes,Avery 518,5.04,2,0.2,1.76
7905,US-2016-126669,11/7/2016,11/13/2016,Tarif normal,DO-13645,Doug O'Connell,Grand public,États-Unis,Houston,Texas,USCA - Centre,OFF-PA-10001357,Fournitures de bureau,Papier,Xerox 1886,76.64,2,0.2,26.82
7906,US-2016-118766,10/15/2016,10/22/2016,Tarif normal,LS-16975,Lindsay Shagiari,Bureau à domicile,États-Unis,Dallas,Texas,USCA - Centre,OFF-EN-10001415,Fournitures de bureau,Enveloppes,Staple envelope,4.46,1,0.2,1.67
7907,US-2016-118766,10/15/2016,10/22/2016,Tarif normal,LS-16975,Lindsay Shagiari,Bureau à domicile,États-Unis,Dallas,Texas,USCA - Centre,OFF-BI-10002813,Fournitures de bureau,Classeurs,Avery Reinforcements for Hole-Punch Pages,3.96,10,0.8,-6.93
7917,US-2016-110891,11/20/2016,11/24/2016,Tarif normal,PO-19195,Phillina Ober,Bureau à domicile,États-Unis,Philadelphia,Pennsylvanie,USCA - Est,FUR-CH-10002880,Mobilier,Chaises,"Global High-Back Leather Tilter, Burgundy",344.37,4,0.3,-93.47
7919,US-2016-152513,7/4/2016,7/8/2016,J+2,JP-16135,Julie Prescott,Bureau à domicile,États-Unis,San Diego,Californie,USCA - Ouest,OFF-BI-10002706,Fournitures de bureau,Classeurs,Avery Premier Heavy-Duty Binder with Round Locking Rings,22.85,2,0.2,7.43
7952,US-2016-145814,11/19/2016,11/24/2016,Tarif normal,KD-16345,Katherine Ducich,Grand public,États-Unis,New York City,New York,USCA - Est,OFF-BI-10003196,Fournitures de bureau,Classeurs,Accohide Poly Flexible Ring Binders,5.98,2,0.2,2.24
7953,US-2016-145814,11/19/2016,11/24/2016,Tarif normal,KD-16345,Katherine Ducich,Grand public,États-Unis,New York City,New York,USCA - Est,TEC-PH-10002200,Produits technologiques,Téléphones,Aastra 6757i CT Wireless VoIP phone,861.76,4,0,249.91
7967,US-2016-138219,3/23/2016,3/25/2016,Tarif normal,BP-11095,Bart Pistole,Entreprise,États-Unis,Los Angeles,Californie,USCA - Ouest,OFF-PA-10000380,Fournitures de bureau,Papier,"REDIFORM Incoming/Outgoing Call Register, 11"" X 8 1/2"", 100 Messages",33.36,4,0,16.68
7971,US-2016-126753,8/16/2016,8/20/2016,Tarif normal,SP-20860,Sung Pak,Entreprise,États-Unis,Philadelphia,Pennsylvanie,USCA - Est,TEC-PH-10003580,Produits technologiques,Téléphones,Cisco IP Phone 7961G-GE VoIP phone,519.79,4,0.4,-112.62
7972,US-2016-126753,8/16/2016,8/20/2016,Tarif normal,SP-20860,Sung Pak,Entreprise,États-Unis,Philadelphia,Pennsylvanie,USCA - Est,TEC-AC-10004227,Produits technologiques,Accessoires,SanDisk Ultra 16 GB MicroSDHC Class 10 Memory Card,31.18,3,0.2,-5.46
7973,US-2016-126753,8/16/2016,8/20/2016,Tarif normal,SP-20860,Sung Pak,Entreprise,États-Unis,Philadelphia,Pennsylvanie,USCA - Est,OFF-PA-10002787,Fournitures de bureau,Papier,Xerox 227,10.37,2,0.2,3.63
7974,US-2016-126753,8/16/2016,8/20/2016,Tarif normal,SP-20860,Sung Pak,Entreprise,États-Unis,Philadelphia,Pennsylvanie,USCA - Est,OFF-BI-10003981,Fournitures de bureau,Classeurs,"Avery Durable Plastic 1"" Binders",2.72,2,0.7,-1.91
7975,US-2016-126753,8/16/2016,8/20/2016,Tarif normal,SP-20860,Sung Pak,Entreprise,États-Unis,Philadelphia,Pennsylvanie,USCA - Est,FUR-FU-10001488,Mobilier,Meubles,"Tenex 46"" x 60"" Computer Anti-Static Chairmat, Rectangular Shaped",254.35,3,0.2,0
7976,US-2016-126753,8/16/2016,8/20/2016,Tarif normal,SP-20860,Sung Pak,Entreprise,États-Unis,Philadelphia,Pennsylvanie,USCA - Est,OFF-BI-10003727,Fournitures de bureau,Classeurs,Avery Durable Slant Ring Binders With Label Holder,3.76,3,0.7,-2.76
7977,US-2016-126753,8/16/2016,8/20/2016,Tarif normal,SP-20860,Sung Pak,Entreprise,États-Unis,Philadelphia,Pennsylvanie,USCA - Est,OFF-PA-10000130,Fournitures de bureau,Papier,Xerox 199,10.27,3,0.2,3.21
7980,US-2016-113040,8/27/2016,8/29/2016,Tarif normal,CC-12100,Chad Cunningham,Bureau à domicile,États-Unis,Los Angeles,Californie,USCA - Ouest,OFF-BI-10001249,Fournitures de bureau,Classeurs,Avery Heavy-Duty EZD View Binder with Locking Rings,5.1,1,0.2,1.66
7994,US-2016-165743,11/20/2016,11/23/2016,J+2,MM-18055,Michelle Moray,Grand public,États-Unis,Aurora,Colorado,USCA - Ouest,OFF-BI-10001982,Fournitures de bureau,Classeurs,Wilson Jones Custom Binder Spines & Labels,4.9,3,0.7,-3.43
7995,US-2016-165743,11/20/2016,11/23/2016,J+2,MM-18055,Michelle Moray,Grand public,États-Unis,Aurora,Colorado,USCA - Ouest,FUR-BO-10002268,Mobilier,Bibliothèques,Sauder Barrister Bookcases,145.76,6,0.7,-247.8
7996,US-2016-165743,11/20/2016,11/23/2016,J+2,MM-18055,Michelle Moray,Grand public,États-Unis,Aurora,Colorado,USCA - Ouest,OFF-BI-10001758,Fournitures de bureau,Classeurs,Wilson Jones 14 Line Acrylic Coated Pressboard Data Binders,9.61,6,0.7,-7.37
8001,US-2016-151407,11/8/2016,11/12/2016,Tarif normal,RD-19585,Rob Dowd,Grand public,États-Unis,Dubuque,Iowa,USCA - Centre,TEC-PH-10003885,Produits technologiques,Téléphones,Cisco SPA508G,263.96,4,0,76.55
8002,US-2016-110870,12/12/2016,12/15/2016,Prioritaire,KD-16270,Karen Daniels,Grand public,États-Unis,Los Angeles,Californie,USCA - Ouest,TEC-AC-10002926,Produits technologiques,Accessoires,Logitech Wireless Marathon Mouse M705,299.94,6,0,128.97
8003,US-2016-110870,12/12/2016,12/15/2016,Prioritaire,KD-16270,Karen Daniels,Grand public,États-Unis,Los Angeles,Californie,USCA - Ouest,OFF-SU-10001225,Fournitures de bureau,Fournitures,Staple remover,25.76,7,0,0.52
8008,US-2016-110863,11/17/2016,11/24/2016,Tarif normal,AA-10645,Anna Andreadi,Grand public,États-Unis,Oklahoma City,Oklahoma,USCA - Centre,OFF-ST-10002756,Fournitures de bureau,Stockage,"Tennsco Stur-D-Stor Boltless Shelving, 5 Shelves, 24"" Deep, Sand",541.24,4,0,5.41
8009,US-2016-110863,11/17/2016,11/24/2016,Tarif normal,AA-10645,Anna Andreadi,Grand public,États-Unis,Oklahoma City,Oklahoma,USCA - Centre,OFF-PA-10000474,Fournitures de bureau,Papier,Easy-staple paper,106.32,3,0,49.97
8010,US-2016-110863,11/17/2016,11/24/2016,Tarif normal,AA-10645,Anna Andreadi,Grand public,États-Unis,Oklahoma City,Oklahoma,USCA - Centre,FUR-CH-10002073,Mobilier,Chaises,Hon Olson Stacker Chairs,1323.9,5,0,383.93
8012,US-2016-136427,6/20/2016,6/23/2016,Prioritaire,JM-16195,Justin MacKendrick,Grand public,États-Unis,Aurora,Colorado,USCA - Ouest,TEC-PH-10002070,Produits technologiques,Téléphones,Griffin GC36547 PowerJolt SE Lightning Charger,125.94,7,0.2,15.74
8026,US-2016-132465,9/11/2016,9/15/2016,J+2,DM-13525,Don Miller,Entreprise,États-Unis,New York City,New York,USCA - Est,FUR-FU-10000277,Mobilier,Meubles,Deflect-o DuraMat Antistatic Studded Beveled Mat for Medium Pile Carpeting,210.68,2,0,50.56
8027,US-2016-132465,9/11/2016,9/15/2016,J+2,DM-13525,Don Miller,Entreprise,États-Unis,New York City,New York,USCA - Est,OFF-ST-10003641,Fournitures de bureau,Stockage,Space Solutions Industrial Galvanized Steel Shelving.,78.8,1,0,1.58
8028,US-2016-132465,9/11/2016,9/15/2016,J+2,DM-13525,Don Miller,Entreprise,États-Unis,New York City,New York,USCA - Est,TEC-AC-10001998,Produits technologiques,Accessoires,Logitech LS21 Speaker System - PC Multimedia - 2.1-CH - Wired,19.99,1,0,6.8
8029,US-2016-132465,9/11/2016,9/15/2016,J+2,DM-13525,Don Miller,Entreprise,États-Unis,New York City,New York,USCA - Est,OFF-ST-10001932,Fournitures de bureau,Stockage,Fellowes Staxonsteel Drawer Files,772.68,4,0,108.18
8033,US-2016-119690,6/25/2016,6/28/2016,Prioritaire,MV-17485,Mark Van Huff,Grand public,États-Unis,Houston,Texas,USCA - Centre,OFF-PA-10001019,Fournitures de bureau,Papier,Xerox 1884,47.95,3,0.2,16.18
8034,US-2016-119690,6/25/2016,6/28/2016,Prioritaire,MV-17485,Mark Van Huff,Grand public,États-Unis,Houston,Texas,USCA - Centre,OFF-BI-10000201,Fournitures de bureau,Classeurs,"Avery Triangle Shaped Sheet Lifters, Black, 2/Pack",0.98,2,0.8,-1.48
8035,US-2016-119690,6/25/2016,6/28/2016,Prioritaire,MV-17485,Mark Van Huff,Grand public,États-Unis,Houston,Texas,USCA - Centre,FUR-FU-10004587,Mobilier,Meubles,"GE General Use Halogen Bulbs, 100 Watts, 1 Bulb per Pack",75.38,9,0.6,-20.73
8036,US-2016-119690,6/25/2016,6/28/2016,Prioritaire,MV-17485,Mark Van Huff,Grand public,États-Unis,Houston,Texas,USCA - Centre,OFF-LA-10001613,Fournitures de bureau,Étiquettes,Avery File Folder Labels,4.61,2,0.2,1.67
8037,CA-2016-153738,9/20/2016,9/22/2016,Prioritaire,AG-10270,Alejandro Grove,Grand public,Canada,Toronto,Ontario,USCA - Est,OFF-BI-10001308,Fournitures de bureau,Classeurs,GBC Standard Plastic Binding Systems' Combs,37.68,6,0,16.96
8055,US-2016-121188,8/28/2016,9/4/2016,Tarif normal,CB-12025,Cassandra Brandow,Grand public,États-Unis,Los Angeles,Californie,USCA - Ouest,OFF-ST-10001490,Fournitures de bureau,Stockage,"Hot File 7-Pocket, Floor Stand",892.35,5,0,267.71
8056,US-2016-121188,8/28/2016,9/4/2016,Tarif normal,CB-12025,Cassandra Brandow,Grand public,États-Unis,Los Angeles,Californie,USCA - Ouest,FUR-BO-10004695,Mobilier,Bibliothèques,O'Sullivan 2-Door Barrister Bookcase in Odessa Pine,307.67,2,0.2,28.96
8057,US-2016-121188,8/28/2016,9/4/2016,Tarif normal,CB-12025,Cassandra Brandow,Grand public,États-Unis,Los Angeles,Californie,USCA - Ouest,OFF-ST-10000736,Fournitures de bureau,Stockage,Carina Double Wide Media Storage Towers in Natural & Black,728.82,9,0,29.15
8058,US-2016-121188,8/28/2016,9/4/2016,Tarif normal,CB-12025,Cassandra Brandow,Grand public,États-Unis,Los Angeles,Californie,USCA - Ouest,OFF-BI-10001617,Fournitures de bureau,Classeurs,GBC Wire Binding Combs,41.36,5,0.2,13.96
8059,US-2016-121188,8/28/2016,9/4/2016,Tarif normal,CB-12025,Cassandra Brandow,Grand public,États-Unis,Los Angeles,Californie,USCA - Ouest,TEC-PH-10003589,Produits technologiques,Téléphones,invisibleSHIELD by ZAGG Smudge-Free Screen Protector,43.18,3,0.2,15.11
8060,US-2016-121188,8/28/2016,9/4/2016,Tarif normal,CB-12025,Cassandra Brandow,Grand public,États-Unis,Los Angeles,Californie,USCA - Ouest,FUR-FU-10003981,Mobilier,Meubles,Eldon Wave Desk Accessories,4.16,2,0,1.75
8061,US-2016-156013,9/20/2016,9/26/2016,Tarif normal,TC-20980,Tamara Chand,Entreprise,États-Unis,Long Beach,New York,USCA - Est,OFF-PA-10001970,Fournitures de bureau,Papier,Xerox 1881,61.4,5,0,28.86
8062,US-2016-156013,9/20/2016,9/26/2016,Tarif normal,TC-20980,Tamara Chand,Entreprise,États-Unis,Long Beach,New York,USCA - Est,OFF-BI-10002437,Fournitures de bureau,Classeurs,Recycled Premium Regency Composition Covers,24.45,2,0.2,8.86
8068,US-2016-160563,10/20/2016,10/24/2016,Tarif normal,NS-18640,Noel Staavos,Entreprise,États-Unis,San Francisco,Californie,USCA - Ouest,TEC-AC-10002567,Produits technologiques,Accessoires,Logitech G602 Wireless Gaming Mouse,239.97,3,0,86.39
8069,US-2016-160563,10/20/2016,10/24/2016,Tarif normal,NS-18640,Noel Staavos,Entreprise,États-Unis,San Francisco,Californie,USCA - Ouest,FUR-FU-10001731,Mobilier,Meubles,Acrylic Self-Standing Desk Frames,16.02,6,0,6.09
8077,US-2016-106187,6/23/2016,6/29/2016,Tarif normal,RF-19345,Randy Ferguson,Entreprise,États-Unis,East Point,Géorgie,USCA - Sud,FUR-FU-10000794,Mobilier,Meubles,"Eldon Stackable Tray, Side-Load, Legal, Smoke",27.42,3,0,9.32
8078,US-2016-106187,6/23/2016,6/29/2016,Tarif normal,RF-19345,Randy Ferguson,Entreprise,États-Unis,East Point,Géorgie,USCA - Sud,OFF-BI-10004519,Fournitures de bureau,Classeurs,GBC DocuBind P100 Manual Binding Machine,165.98,1,0,74.69
8079,US-2016-106187,6/23/2016,6/29/2016,Tarif normal,RF-19345,Randy Ferguson,Entreprise,États-Unis,East Point,Géorgie,USCA - Sud,TEC-AC-10001590,Produits technologiques,Accessoires,Dell Slim USB Multimedia Keyboard,75,3,0,18
8081,US-2016-150714,10/26/2016,11/1/2016,Tarif normal,KH-16690,Kristen Hastings,Entreprise,États-Unis,Springfield,Oregon,USCA - Ouest,OFF-LA-10001474,Fournitures de bureau,Étiquettes,Avery 477,146.54,6,0.2,47.63
8082,US-2016-150714,10/26/2016,11/1/2016,Tarif normal,KH-16690,Kristen Hastings,Entreprise,États-Unis,Springfield,Oregon,USCA - Ouest,OFF-PA-10001497,Fournitures de bureau,Papier,Xerox 1914,131.9,3,0.2,47.82
8083,US-2016-150714,10/26/2016,11/1/2016,Tarif normal,KH-16690,Kristen Hastings,Entreprise,États-Unis,Springfield,Oregon,USCA - Ouest,OFF-AP-10003287,Fournitures de bureau,Électroménager,Tripp Lite TLP810NET Broadband Surge for Modem/Fax,203.88,5,0.2,20.39
8084,US-2016-150714,10/26/2016,11/1/2016,Tarif normal,KH-16690,Kristen Hastings,Entreprise,États-Unis,Springfield,Oregon,USCA - Ouest,OFF-BI-10002982,Fournitures de bureau,Classeurs,Avery Self-Adhesive Photo Pockets for Polaroid Photos,14.3,7,0.7,-10.49
8085,US-2016-150714,10/26/2016,11/1/2016,Tarif normal,KH-16690,Kristen Hastings,Entreprise,États-Unis,Springfield,Oregon,USCA - Ouest,OFF-ST-10001809,Fournitures de bureau,Stockage,Fellowes Officeware Wire Shelving,718.64,10,0.2,-161.69
8089,US-2016-107020,7/10/2016,7/14/2016,Tarif normal,MV-18190,Mike Vittorini,Grand public,États-Unis,San Bernardino,Californie,USCA - Ouest,OFF-BI-10003719,Fournitures de bureau,Classeurs,Large Capacity Hanging Post Binders,39.92,2,0.2,12.97
8090,US-2016-117492,8/7/2016,8/9/2016,Prioritaire,NS-18640,Noel Staavos,Entreprise,États-Unis,Baltimore,Maryland,USCA - Est,OFF-AP-10001492,Fournitures de bureau,Électroménager,"Acco Six-Outlet Power Strip, 4' Cord Length",77.58,9,0,20.17
8092,US-2016-127502,12/10/2016,12/14/2016,Tarif normal,MT-17815,Meg Tillman,Grand public,États-Unis,San Francisco,Californie,USCA - Ouest,OFF-LA-10001613,Fournitures de bureau,Étiquettes,Avery File Folder Labels,5.76,2,0,2.82
8102,US-2016-149846,5/22/2016,5/26/2016,Tarif normal,SB-20185,Sarah Brown,Grand public,États-Unis,Los Angeles,Californie,USCA - Ouest,OFF-LA-10004484,Fournitures de bureau,Étiquettes,Avery 476,8.26,2,0,3.8
8103,US-2016-149846,5/22/2016,5/26/2016,Tarif normal,SB-20185,Sarah Brown,Grand public,États-Unis,Los Angeles,Californie,USCA - Ouest,TEC-MA-10004002,Produits technologiques,Machines,Zebra GX420t Direct Thermal/Thermal Transfer Printer,2973.32,7,0.2,334.5
8104,US-2016-149846,5/22/2016,5/26/2016,Tarif normal,SB-20185,Sarah Brown,Grand public,États-Unis,Los Angeles,Californie,USCA - Ouest,OFF-ST-10002406,Fournitures de bureau,Stockage,Pizazz Global Quick File,104.79,7,0,29.34
8105,US-2016-149846,5/22/2016,5/26/2016,Tarif normal,SB-20185,Sarah Brown,Grand public,États-Unis,Los Angeles,Californie,USCA - Ouest,TEC-PH-10003645,Produits technologiques,Téléphones,Aastra 57i VoIP phone,775.73,6,0.2,58.18
8126,US-2016-137064,2/6/2016,2/13/2016,Tarif normal,TS-21655,Trudy Schmidt,Grand public,États-Unis,Houston,Texas,USCA - Centre,OFF-BI-10002049,Fournitures de bureau,Classeurs,UniKeep View Case Binders,2.93,3,0.8,-4.99
8127,US-2016-137064,2/6/2016,2/13/2016,Tarif normal,TS-21655,Trudy Schmidt,Grand public,États-Unis,Houston,Texas,USCA - Centre,TEC-AC-10003499,Produits technologiques,Accessoires,Memorex Mini Travel Drive 8 GB USB 2.0 Flash Drive,18.53,2,0.2,4.4
8128,US-2016-137064,2/6/2016,2/13/2016,Tarif normal,TS-21655,Trudy Schmidt,Grand public,États-Unis,Houston,Texas,USCA - Centre,OFF-ST-10003470,Fournitures de bureau,Stockage,"Tennsco Snap-Together Open Shelving Units, Starter Sets and Add-On Units",670.75,3,0.2,-125.77
8134,US-2016-131352,10/8/2016,10/13/2016,Tarif normal,GH-14485,Gene Hale,Entreprise,États-Unis,Dallas,Texas,USCA - Centre,FUR-FU-10003708,Mobilier,Meubles,"Tenex Traditional Chairmats for Medium Pile Carpet, Standard Lip, 36"" x 48""",72.78,3,0.6,-70.96
8135,US-2016-121776,2/16/2016,2/21/2016,Tarif normal,RD-19585,Rob Dowd,Grand public,États-Unis,Los Angeles,Californie,USCA - Ouest,OFF-PA-10001970,Fournitures de bureau,Papier,Xerox 1881,36.84,3,0,17.31
8136,US-2016-121776,2/16/2016,2/21/2016,Tarif normal,RD-19585,Rob Dowd,Grand public,États-Unis,Los Angeles,Californie,USCA - Ouest,OFF-LA-10002762,Fournitures de bureau,Étiquettes,Avery 485,87.71,7,0,41.22
8162,US-2016-120915,9/28/2016,10/3/2016,J+2,JJ-15445,Jennifer Jackson,Grand public,États-Unis,New York City,New York,USCA - Est,OFF-AP-10002578,Fournitures de bureau,Électroménager,"Fellowes Premier Superior Surge Suppressor, 10-Outlet, With Phone and Remote",293.52,6,0,76.32
8163,US-2016-120915,9/28/2016,10/3/2016,J+2,JJ-15445,Jennifer Jackson,Grand public,États-Unis,New York City,New York,USCA - Est,TEC-PH-10003012,Produits technologiques,Téléphones,Nortel Meridian M3904 Professional Digital phone,307.98,2,0,89.31
8164,US-2016-168207,11/2/2016,11/6/2016,Tarif normal,LT-17110,Liz Thompson,Grand public,États-Unis,San Diego,Californie,USCA - Ouest,FUR-FU-10004909,Mobilier,Meubles,Contemporary Wood/Metal Frame,96.96,6,0,33.94
8165,US-2016-168207,11/2/2016,11/6/2016,Tarif normal,LT-17110,Liz Thompson,Grand public,États-Unis,San Diego,Californie,USCA - Ouest,OFF-BI-10001524,Fournitures de bureau,Classeurs,GBC Premium Transparent Covers with Diagonal Lined Pattern,117.49,7,0.2,41.12
8166,US-2016-168207,11/2/2016,11/6/2016,Tarif normal,LT-17110,Liz Thompson,Grand public,États-Unis,San Diego,Californie,USCA - Ouest,OFF-BI-10003355,Fournitures de bureau,Classeurs,Cardinal Holdit Business Card Pockets,11.95,3,0.2,4.18
8167,US-2016-168207,11/2/2016,11/6/2016,Tarif normal,LT-17110,Liz Thompson,Grand public,États-Unis,San Diego,Californie,USCA - Ouest,FUR-BO-10004357,Mobilier,Bibliothèques,O'Sullivan Living Dimensions 3-Shelf Bookcases,512.5,3,0.2,-30.15
8180,US-2016-112767,8/2/2016,8/6/2016,Tarif normal,DK-12985,Darren Koutras,Grand public,États-Unis,Springfield,Oregon,USCA - Ouest,FUR-TA-10003469,Mobilier,Tables,Balt Split Level Computer Training Table,277.5,4,0.5,-188.7
8181,US-2016-119879,11/21/2016,11/25/2016,Tarif normal,SS-20410,Shahid Shariari,Grand public,États-Unis,Philadelphia,Pennsylvanie,USCA - Est,FUR-TA-10002958,Mobilier,Tables,"Bevis Oval Conference Table, Walnut",1252.7,8,0.4,-480.2
8182,US-2016-119879,11/21/2016,11/25/2016,Tarif normal,SS-20410,Shahid Shariari,Grand public,États-Unis,Philadelphia,Pennsylvanie,USCA - Est,TEC-PH-10002923,Produits technologiques,Téléphones,"Logitech B530 USB Headset - headset - Full size, Binaural",110.97,5,0.4,-24.04
8186,US-2016-136728,9/13/2016,9/17/2016,J+2,AG-10900,Arthur Gainer,Grand public,États-Unis,Chicago,Illinois,USCA - Centre,OFF-EN-10002621,Fournitures de bureau,Enveloppes,Staple envelope,7.82,1,0.2,2.93
8187,US-2016-136728,9/13/2016,9/17/2016,J+2,AG-10900,Arthur Gainer,Grand public,États-Unis,Chicago,Illinois,USCA - Centre,FUR-CH-10003817,Mobilier,Chaises,"Global Value Steno Chair, Gray",170.07,4,0.3,-12.15
8189,US-2016-140375,10/2/2016,10/5/2016,J+2,SG-20470,Sheri Gordon,Grand public,États-Unis,Rockville,Maryland,USCA - Est,OFF-PA-10001870,Fournitures de bureau,Papier,Xerox 202,19.44,3,0,9.33
8190,US-2016-140375,10/2/2016,10/5/2016,J+2,SG-20470,Sheri Gordon,Grand public,États-Unis,Rockville,Maryland,USCA - Est,OFF-BI-10000320,Fournitures de bureau,Classeurs,GBC Plastic Binding Combs,7.38,1,0,3.62
8193,US-2016-141327,8/22/2016,8/24/2016,Prioritaire,LR-16915,Lena Radford,Grand public,États-Unis,Durham,Caroline du Nord,USCA - Sud,OFF-BI-10000546,Fournitures de bureau,Classeurs,Avery Durable Binders,6.05,7,0.7,-4.23
8194,US-2016-141327,8/22/2016,8/24/2016,Prioritaire,LR-16915,Lena Radford,Grand public,États-Unis,Durham,Caroline du Nord,USCA - Sud,OFF-AP-10001293,Fournitures de bureau,Électroménager,Belkin 8 Outlet Surge Protector,98.35,3,0.2,9.84
8195,US-2016-141327,8/22/2016,8/24/2016,Prioritaire,LR-16915,Lena Radford,Grand public,États-Unis,Durham,Caroline du Nord,USCA - Sud,FUR-FU-10000576,Mobilier,Meubles,Luxo Professional Fluorescent Magnifier Lamp with Clamp-Mount Base,335.74,2,0.2,25.18
8196,US-2016-136700,12/6/2016,12/11/2016,J+2,DB-13120,David Bremer,Entreprise,États-Unis,Santa Barbara,Californie,USCA - Ouest,OFF-PA-10004519,Fournitures de bureau,Papier,Spiral Phone Message Books with Labels by Adams,8.96,2,0,4.39
8202,US-2016-114811,11/8/2016,11/8/2016,Le même jour,KD-16495,Keith Dawkins,Entreprise,États-Unis,New York City,New York,USCA - Est,OFF-ST-10000885,Fournitures de bureau,Stockage,Fellowes Desktop Hanging File Manager,67.15,5,0,16.79
8203,US-2016-114811,11/8/2016,11/8/2016,Le même jour,KD-16495,Keith Dawkins,Entreprise,États-Unis,New York City,New York,USCA - Est,TEC-PH-10004165,Produits technologiques,Téléphones,Mitel MiVoice 5330e IP Phone,549.98,2,0,142.99
8204,US-2016-114811,11/8/2016,11/8/2016,Le même jour,KD-16495,Keith Dawkins,Entreprise,États-Unis,New York City,New York,USCA - Est,FUR-FU-10002240,Mobilier,Meubles,Nu-Dell EZ-Mount Plastic Wall Frames,11.82,3,0,4.73
8205,US-2016-114811,11/8/2016,11/8/2016,Le même jour,KD-16495,Keith Dawkins,Entreprise,États-Unis,New York City,New York,USCA - Est,TEC-MA-10000045,Produits technologiques,Machines,Zebra ZM400 Thermal Label Printer,4643.8,4,0,2229.02
8206,US-2016-114811,11/8/2016,11/8/2016,Le même jour,KD-16495,Keith Dawkins,Entreprise,États-Unis,New York City,New York,USCA - Est,FUR-CH-10003746,Mobilier,Chaises,Hon 4070 Series Pagoda Round Back Stacking Chairs,577.76,2,0.1,115.55
8207,US-2016-122266,4/26/2016,4/29/2016,Tarif normal,SA-20830,Sue Ann Reed,Grand public,États-Unis,Daytona Beach,Floride,USCA - Sud,FUR-TA-10000577,Mobilier,Tables,Bretford CR4500 Series Slim Rectangular Table,191.52,1,0.5,-76.61
8208,US-2016-122266,4/26/2016,4/29/2016,Tarif normal,SA-20830,Sue Ann Reed,Grand public,États-Unis,Daytona Beach,Floride,USCA - Sud,OFF-AR-10004757,Fournitures de bureau,Art,Crayola Colored Pencils,2.62,1,0.2,0.43
8209,US-2016-141565,9/20/2016,9/24/2016,Tarif normal,BG-11035,Barry Gonzalez,Grand public,États-Unis,Nashville,Tennessee,USCA - Sud,OFF-BI-10000545,Fournitures de bureau,Classeurs,GBC Ibimaster 500 Manual ProClick Binding System,1369.76,6,0.7,-913.18
8210,US-2016-141565,9/20/2016,9/24/2016,Tarif normal,BG-11035,Barry Gonzalez,Grand public,États-Unis,Nashville,Tennessee,USCA - Sud,OFF-ST-10001522,Fournitures de bureau,Stockage,"Gould Plastics 18-Pocket Panel Bin, 34w x 5-1/4d x 20-1/2h",294.37,4,0.2,-58.87
8214,US-2016-120845,9/25/2016,10/2/2016,Tarif normal,ML-17395,Marina Lichtenstein,Entreprise,États-Unis,Murfreesboro,Tennessee,USCA - Sud,OFF-BI-10001116,Fournitures de bureau,Classeurs,"Wilson Jones 1"" Hanging DublLock Ring Binders",6.34,4,0.7,-4.65
8215,US-2016-120845,9/25/2016,10/2/2016,Tarif normal,ML-17395,Marina Lichtenstein,Entreprise,États-Unis,Murfreesboro,Tennessee,USCA - Sud,OFF-PA-10004665,Fournitures de bureau,Papier,Advantus Motivational Note Cards,10.48,1,0.2,3.8
8216,US-2016-120845,9/25/2016,10/2/2016,Tarif normal,ML-17395,Marina Lichtenstein,Entreprise,États-Unis,Murfreesboro,Tennessee,USCA - Sud,OFF-BI-10004506,Fournitures de bureau,Classeurs,Wilson Jones data.warehouse D-Ring Binders with DublLock,2.47,1,0.7,-1.81
8217,US-2016-120845,9/25/2016,10/2/2016,Tarif normal,ML-17395,Marina Lichtenstein,Entreprise,États-Unis,Murfreesboro,Tennessee,USCA - Sud,OFF-BI-10001982,Fournitures de bureau,Classeurs,Wilson Jones Custom Binder Spines & Labels,3.26,2,0.7,-2.28
8247,US-2016-129217,5/10/2016,5/10/2016,Le même jour,DP-13390,Dennis Pardue,Bureau à domicile,États-Unis,Aurora,Illinois,USCA - Centre,OFF-AP-10002439,Fournitures de bureau,Électroménager,Tripp Lite Isotel 8 Ultra 8 Outlet Metal Surge,70.97,5,0.8,-191.62
8248,US-2016-129217,5/10/2016,5/10/2016,Le même jour,DP-13390,Dennis Pardue,Bureau à domicile,États-Unis,Aurora,Illinois,USCA - Centre,OFF-AR-10004602,Fournitures de bureau,Art,Boston KS Multi-Size Manual Pencil Sharpener,36.78,2,0.2,3.68
8250,US-2016-140221,3/5/2016,3/9/2016,J+2,MS-17365,Maribeth Schnelling,Grand public,États-Unis,Chicago,Illinois,USCA - Centre,OFF-BI-10002854,Fournitures de bureau,Classeurs,"Performers Binder/Pad Holder, Black",11.21,2,0.8,-16.82
8251,US-2016-140221,3/5/2016,3/9/2016,J+2,MS-17365,Maribeth Schnelling,Grand public,États-Unis,Chicago,Illinois,USCA - Centre,FUR-FU-10000023,Mobilier,Meubles,Eldon Wave Desk Accessories,4.71,2,0.6,-1.88
8252,US-2016-140221,3/5/2016,3/9/2016,J+2,MS-17365,Maribeth Schnelling,Grand public,États-Unis,Chicago,Illinois,USCA - Centre,OFF-AP-10000828,Fournitures de bureau,Électroménager,Avanti 4.4 Cu. Ft. Refrigerator,180.98,5,0.8,-470.55
8253,US-2016-140221,3/5/2016,3/9/2016,J+2,MS-17365,Maribeth Schnelling,Grand public,États-Unis,Chicago,Illinois,USCA - Centre,OFF-ST-10000777,Fournitures de bureau,Stockage,"Companion Letter/Legal File, Black",60.42,2,0.2,6.04
8264,US-2016-138457,9/13/2016,9/17/2016,Tarif normal,AM-10705,Anne McFarland,Grand public,États-Unis,Jacksonville,Caroline du Nord,USCA - Sud,OFF-BI-10000014,Fournitures de bureau,Classeurs,Heavy-Duty E-Z-D Binders,13.09,4,0.7,-10.04
8274,US-2016-104059,6/13/2016,6/15/2016,J+2,FC-14245,Frank Carlisle,Bureau à domicile,États-Unis,Springfield,Ohio,USCA - Est,OFF-AR-10000634,Fournitures de bureau,Art,Newell 320,3.42,1,0.2,0.3
8276,US-2016-143882,6/26/2016,6/29/2016,Tarif normal,DB-13360,Dennis Bolton,Bureau à domicile,États-Unis,Lakewood,Ohio,USCA - Est,OFF-PA-10004040,Fournitures de bureau,Papier,Universal Premium White Copier/Laser Paper (20Lb. and 87 Bright),43.06,9,0.2,15.61
8283,US-2016-154284,12/21/2016,12/26/2016,J+2,SZ-20035,Sam Zeldin,Bureau à domicile,États-Unis,Saint Charles,Illinois,USCA - Centre,TEC-MA-10004241,Produits technologiques,Machines,Star Micronics TSP800 TSP847IIU Receipt Printer,600.53,2,0.3,137.26
8284,US-2016-154284,12/21/2016,12/26/2016,J+2,SZ-20035,Sam Zeldin,Bureau à domicile,États-Unis,Saint Charles,Illinois,USCA - Centre,OFF-AR-10001468,Fournitures de bureau,Art,"Sanford Prismacolor Professional Thick Lead Art Pencils, 36-Color Set",59.9,2,0.2,14.23
8285,US-2016-154284,12/21/2016,12/26/2016,J+2,SZ-20035,Sam Zeldin,Bureau à domicile,États-Unis,Saint Charles,Illinois,USCA - Centre,TEC-AC-10003198,Produits technologiques,Accessoires,Enermax Acrylux Wireless Keyboard,637.44,8,0.2,135.46
8286,US-2016-154284,12/21/2016,12/26/2016,J+2,SZ-20035,Sam Zeldin,Bureau à domicile,États-Unis,Saint Charles,Illinois,USCA - Centre,FUR-FU-10003039,Mobilier,Meubles,"Howard Miller 11-1/2"" Diameter Grantwood Wall Clock",51.76,3,0.6,-33.64
8293,US-2016-106362,12/11/2016,12/15/2016,Tarif normal,LC-16885,Lena Creighton,Grand public,États-Unis,Troy,Ohio,USCA - Est,OFF-BI-10003166,Fournitures de bureau,Classeurs,GBC Plasticlear Binding Covers,10.33,3,0.7,-7.58
8298,US-2016-158911,7/5/2016,7/11/2016,Tarif normal,RS-19765,Roland Schwarz,Entreprise,États-Unis,Charlotte,Caroline du Nord,USCA - Sud,FUR-FU-10003829,Mobilier,Meubles,Stackable Trays,4.93,2,0.2,0.74
8299,US-2016-158911,7/5/2016,7/11/2016,Tarif normal,RS-19765,Roland Schwarz,Entreprise,États-Unis,Charlotte,Caroline du Nord,USCA - Sud,OFF-LA-10003223,Fournitures de bureau,Étiquettes,Avery 508,11.78,3,0.2,4.27
8301,US-2016-109169,4/20/2016,4/24/2016,Tarif normal,OT-18730,Olvera Toch,Grand public,États-Unis,Detroit,Michigan,USCA - Centre,OFF-EN-10003296,Fournitures de bureau,Enveloppes,Tyvek Side-Opening Peel & Seel Expanding Envelopes,180.96,2,0,81.43
8321,US-2016-142937,12/5/2016,12/6/2016,Prioritaire,SF-20065,Sandra Flanagan,Grand public,États-Unis,Dallas,Texas,USCA - Centre,OFF-AR-10003582,Fournitures de bureau,Art,"Boston Electric Pencil Sharpener, Model 1818, Charcoal Black",45.04,2,0.2,4.5
8347,CA-2016-115238,1/21/2016,1/24/2016,Tarif normal,JW-15220,Jane Waco,Entreprise,Canada,Toronto,Ontario,USCA - Est,FUR-FU-10002960,Mobilier,Meubles,"Eldon 200 Class Desk Accessories, Burgundy",31.4,5,0,13.19
8348,CA-2016-115238,1/21/2016,1/24/2016,Tarif normal,JW-15220,Jane Waco,Entreprise,Canada,Toronto,Ontario,USCA - Est,FUR-FU-10002445,Mobilier,Meubles,"DAX Two-Tone Rosewood/Black Document Frame, Desktop, 5 x 7",9.48,1,0,3.79
8349,CA-2016-115238,1/21/2016,1/24/2016,Tarif normal,JW-15220,Jane Waco,Entreprise,Canada,Toronto,Ontario,USCA - Est,TEC-PH-10001300,Produits technologiques,Téléphones,"iKross Bluetooth Portable Keyboard + Cell Phone Stand Holder + Brush for Apple iPhone 5S 5C 5, 4S 4",209.5,10,0,58.66
8350,CA-2016-115238,1/21/2016,1/24/2016,Tarif normal,JW-15220,Jane Waco,Entreprise,Canada,Toronto,Ontario,USCA - Est,FUR-FU-10001025,Mobilier,Meubles,"Eldon Imàge Series Desk Accessories, Clear",24.3,5,0,10.45
8351,CA-2016-115238,1/21/2016,1/24/2016,Tarif normal,JW-15220,Jane Waco,Entreprise,Canada,Toronto,Ontario,USCA - Est,OFF-PA-10002689,Fournitures de bureau,Papier,Weyerhaeuser First Choice Laser/Copy Paper (20Lb. and 88 Bright),6.48,1,0,3.11
8375,US-2016-158701,1/5/2016,1/10/2016,Tarif normal,JL-15175,James Lanier,Bureau à domicile,États-Unis,San Francisco,Californie,USCA - Ouest,OFF-AP-10004859,Fournitures de bureau,Électroménager,Acco 6 Outlet Guardian Premium Surge Suppressor,87.36,6,0,23.59
8376,US-2016-158701,1/5/2016,1/10/2016,Tarif normal,JL-15175,James Lanier,Bureau à domicile,États-Unis,San Francisco,Californie,USCA - Ouest,OFF-BI-10001294,Fournitures de bureau,Classeurs,Fellowes Binding Cases,56.16,6,0.2,17.55
8378,US-2016-162964,11/12/2016,11/18/2016,Tarif normal,MF-18250,Monica Federle,Entreprise,États-Unis,Houston,Texas,USCA - Centre,OFF-ST-10002344,Fournitures de bureau,Stockage,"Carina 42""Hx23 3/4""W Media Storage Unit",64.78,1,0.2,-14.58
8379,US-2016-162964,11/12/2016,11/18/2016,Tarif normal,MF-18250,Monica Federle,Entreprise,États-Unis,Houston,Texas,USCA - Centre,OFF-PA-10003349,Fournitures de bureau,Papier,Xerox 1957,15.55,3,0.2,5.64
8380,US-2016-162964,11/12/2016,11/18/2016,Tarif normal,MF-18250,Monica Federle,Entreprise,États-Unis,Houston,Texas,USCA - Centre,OFF-EN-10003055,Fournitures de bureau,Enveloppes,"Blue String-Tie & Button Interoffice Envelopes, 10 x 13",223.89,7,0.2,69.97
8387,US-2016-149601,5/28/2016,6/3/2016,Tarif normal,TB-21625,Trudy Brown,Grand public,États-Unis,Manchester,Connecticut,USCA - Est,OFF-ST-10001558,Fournitures de bureau,Stockage,Acco Perma 4000 Stacking Storage Drawers,16.24,1,0,2.44
8388,US-2016-149601,5/28/2016,6/3/2016,Tarif normal,TB-21625,Trudy Brown,Grand public,États-Unis,Manchester,Connecticut,USCA - Est,OFF-ST-10001328,Fournitures de bureau,Stockage,"Personal Filing Tote with Lid, Black/Gray",77.55,5,0,21.71
8400,US-2016-133837,4/13/2016,4/18/2016,Tarif normal,TH-21100,Thea Hendricks,Grand public,États-Unis,Glendale,Arizona,USCA - Ouest,OFF-ST-10000344,Fournitures de bureau,Stockage,"Neat Ideas Personal Hanging Folder Files, Black",10.74,1,0.2,0.81
8401,US-2016-110814,12/5/2016,12/9/2016,J+2,BD-11635,Brian Derr,Grand public,États-Unis,New York City,New York,USCA - Est,OFF-BI-10002026,Fournitures de bureau,Classeurs,Avery Arch Ring Binders,232.4,5,0.2,78.44
8402,US-2016-110814,12/5/2016,12/9/2016,J+2,BD-11635,Brian Derr,Grand public,États-Unis,New York City,New York,USCA - Est,FUR-CH-10003535,Mobilier,Chaises,"Global Armless Task Chair, Royal Blue",164.65,3,0.1,12.81
8403,US-2016-110814,12/5/2016,12/9/2016,J+2,BD-11635,Brian Derr,Grand public,États-Unis,New York City,New York,USCA - Est,OFF-PA-10004156,Fournitures de bureau,Papier,Xerox 188,22.68,2,0,11.11
8410,US-2016-134082,12/11/2016,12/17/2016,Tarif normal,JK-15640,Jim Kriz,Bureau à domicile,États-Unis,San Bernardino,Californie,USCA - Ouest,OFF-BI-10004230,Fournitures de bureau,Classeurs,GBC Recycled Grain Textured Covers,110.53,4,0.2,38.68
8427,US-2016-128356,10/2/2016,10/7/2016,Tarif normal,RP-19390,Resi Pölking,Grand public,États-Unis,Thornton,Colorado,USCA - Ouest,OFF-SU-10004290,Fournitures de bureau,Fournitures,"Acme Design Line 8"" Stainless Steel Bent Scissors w/Champagne Handles, 3-1/8"" Cut",10.94,2,0.2,0.96
8437,US-2016-151470,9/20/2016,9/26/2016,Tarif normal,AM-10705,Anne McFarland,Grand public,États-Unis,Las Vegas,Nevada,USCA - Ouest,OFF-BI-10004040,Fournitures de bureau,Classeurs,Wilson Jones Impact Binders,45.58,11,0.2,16.52
8438,US-2016-112823,12/10/2016,12/16/2016,Tarif normal,RA-19945,Ryan Akin,Grand public,États-Unis,Cleveland,Ohio,USCA - Est,TEC-AC-10002550,Produits technologiques,Accessoires,Maxell 4.7GB DVD-RW 3/Pack,25.49,2,0.2,4.46
8463,US-2016-169537,9/3/2016,9/7/2016,J+2,JH-15820,John Huston,Grand public,États-Unis,Holland,Michigan,USCA - Centre,OFF-LA-10001982,Fournitures de bureau,Étiquettes,Smead Alpha-Z Color-Coded Name Labels First Letter Starter Set,7.5,2,0,3.6
8465,US-2016-144043,5/10/2016,5/15/2016,Tarif normal,AB-10165,Alan Barnes,Grand public,États-Unis,Louisville,Colorado,USCA - Ouest,TEC-AC-10002718,Produits technologiques,Accessoires,Belkin Standard 104 key USB Keyboard,46.69,4,0.2,-2.92
8466,US-2016-116512,4/9/2016,4/14/2016,Tarif normal,MC-18100,Mick Crebagga,Grand public,États-Unis,New York City,New York,USCA - Est,OFF-ST-10001505,Fournitures de bureau,Stockage,"Perma STOR-ALL Hanging File Box, 13 1/8""W x 12 1/4""D x 10 1/2""H",17.94,3,0,3.05
8467,US-2016-101000,4/9/2016,4/14/2016,Tarif normal,IG-15085,Ivan Gibson,Grand public,États-Unis,Norwich,Connecticut,USCA - Est,OFF-AP-10000179,Fournitures de bureau,Électroménager,Honeywell Enviracaire Portable HEPA Air Cleaner for up to 10 x 16 Room,370.14,3,0,144.35
8474,US-2016-169733,10/22/2016,10/26/2016,J+2,GM-14500,Gene McClure,Grand public,États-Unis,Hollywood,Floride,USCA - Sud,OFF-ST-10000876,Fournitures de bureau,Stockage,Eldon Simplefile Box Office,9.95,1,0.2,1
8478,US-2016-145758,7/22/2016,7/22/2016,Le même jour,BF-11020,Barry Französisch,Entreprise,États-Unis,New York City,New York,USCA - Est,TEC-MA-10004552,Produits technologiques,Machines,Star Micronics TSP100 TSP143LAN Receipt Printer,1035.8,4,0,269.31
8493,US-2016-109190,10/23/2016,10/28/2016,Tarif normal,CC-12685,Craig Carroll,Grand public,États-Unis,Lubbock,Texas,USCA - Centre,OFF-PA-10000069,Fournitures de bureau,Papier,"TOPS 4 x 6 Fluorescent Color Memo Sheets, 500 Sheets per Pack",60.74,8,0.2,20.5
8494,US-2016-109190,10/23/2016,10/28/2016,Tarif normal,CC-12685,Craig Carroll,Grand public,États-Unis,Lubbock,Texas,USCA - Centre,TEC-CO-10001943,Produits technologiques,Photocopieurs,Canon PC-428 Personal Copier,479.98,3,0.2,161.99
8495,US-2016-109190,10/23/2016,10/28/2016,Tarif normal,CC-12685,Craig Carroll,Grand public,États-Unis,Lubbock,Texas,USCA - Centre,OFF-BI-10000977,Fournitures de bureau,Classeurs,Ibico Plastic Spiral Binding Combs,6.08,1,0.8,-10.34
8502,US-2016-102316,3/1/2016,3/3/2016,J+2,DH-13075,Dave Hallsten,Entreprise,États-Unis,Los Angeles,Californie,USCA - Ouest,TEC-PH-10000376,Produits technologiques,Téléphones,Square Credit Card Reader,15.98,2,0.2,1.2
8503,US-2016-102316,3/1/2016,3/3/2016,J+2,DH-13075,Dave Hallsten,Entreprise,États-Unis,Los Angeles,Californie,USCA - Ouest,FUR-CH-10003396,Mobilier,Chaises,Global Deluxe Steno Chair,184.75,3,0.2,-20.78
8509,US-2016-135853,12/11/2016,12/14/2016,Prioritaire,CA-12775,Cynthia Arntzen,Grand public,États-Unis,Detroit,Michigan,USCA - Centre,TEC-AC-10004761,Produits technologiques,Accessoires,Maxell 4.7GB DVD+RW 3/Pack,175.23,11,0,61.33
8510,US-2016-135853,12/11/2016,12/14/2016,Prioritaire,CA-12775,Cynthia Arntzen,Grand public,États-Unis,Detroit,Michigan,USCA - Centre,TEC-PH-10003691,Produits technologiques,Téléphones,BlackBerry Q10,125.99,1,0,31.5
8511,US-2016-135853,12/11/2016,12/14/2016,Prioritaire,CA-12775,Cynthia Arntzen,Grand public,États-Unis,Detroit,Michigan,USCA - Centre,OFF-BI-10004965,Fournitures de bureau,Classeurs,Ibico Covers for Plastic or Wire Binding Elements,23,2,0,10.35
8515,US-2016-122168,8/21/2016,8/26/2016,Tarif normal,HG-14965,Henry Goldwyn,Entreprise,États-Unis,Florence,Kentucky,USCA - Sud,OFF-AR-10003602,Fournitures de bureau,Art,"Quartet Omega Colored Chalk, 12/Pack",17.52,3,0,8.23
8516,US-2016-122168,8/21/2016,8/26/2016,Tarif normal,HG-14965,Henry Goldwyn,Entreprise,États-Unis,Florence,Kentucky,USCA - Sud,OFF-AR-10002053,Fournitures de bureau,Art,"Premium Writing Pencils, Soft, #2 by Central Association for the Blind",35.76,12,0,10.01
8535,US-2016-169677,1/13/2016,1/15/2016,J+2,KS-16300,Karen Seio,Entreprise,États-Unis,Columbus,Géorgie,USCA - Sud,OFF-LA-10003223,Fournitures de bureau,Étiquettes,Avery 508,9.82,2,0,4.81
8537,US-2016-157343,6/7/2016,6/11/2016,Tarif normal,HD-14785,Harold Dahlen,Bureau à domicile,États-Unis,Philadelphia,Pennsylvanie,USCA - Est,OFF-BI-10003707,Fournitures de bureau,Classeurs,Aluminum Screw Posts,18.31,4,0.7,-12.21
8538,US-2016-157343,6/7/2016,6/11/2016,Tarif normal,HD-14785,Harold Dahlen,Bureau à domicile,États-Unis,Philadelphia,Pennsylvanie,USCA - Est,OFF-PA-10000552,Fournitures de bureau,Papier,Xerox 200,25.92,5,0.2,9.07
8539,US-2016-157343,6/7/2016,6/11/2016,Tarif normal,HD-14785,Harold Dahlen,Bureau à domicile,États-Unis,Philadelphia,Pennsylvanie,USCA - Est,OFF-AR-10003183,Fournitures de bureau,Art,Avery Fluorescent Highlighter Four-Color Set,8.02,3,0.2,1
8542,US-2016-157287,12/22/2016,12/23/2016,Prioritaire,HR-14830,Harold Ryan,Entreprise,États-Unis,Philadelphia,Pennsylvanie,USCA - Est,OFF-ST-10001172,Fournitures de bureau,Stockage,"Tennsco Lockers, Sand",33.57,2,0.2,1.68
8543,US-2016-157287,12/22/2016,12/23/2016,Prioritaire,HR-14830,Harold Ryan,Entreprise,États-Unis,Philadelphia,Pennsylvanie,USCA - Est,FUR-CH-10001270,Mobilier,Chaises,Harbour Creations Steel Folding Chair,422.63,7,0.3,0
8548,US-2016-149566,12/5/2016,12/10/2016,Tarif normal,GB-14530,George Bell,Entreprise,États-Unis,Los Angeles,Californie,USCA - Ouest,TEC-AC-10001266,Produits technologiques,Accessoires,Memorex Micro Travel Drive 8 GB,39,3,0,17.55
8549,US-2016-149566,12/5/2016,12/10/2016,Tarif normal,GB-14530,George Bell,Entreprise,États-Unis,Los Angeles,Californie,USCA - Ouest,OFF-LA-10000452,Fournitures de bureau,Étiquettes,Avery 488,12.6,4,0,6.05
8550,US-2016-126186,9/11/2016,9/12/2016,Prioritaire,GB-14530,George Bell,Entreprise,États-Unis,Aurora,Colorado,USCA - Ouest,FUR-FU-10000073,Mobilier,Meubles,Deflect-O Glasstique Clear Desk Accessories,24.64,4,0.2,4
8551,US-2016-121132,7/17/2016,7/24/2016,Tarif normal,VB-21745,Victoria Brennan,Entreprise,États-Unis,Houston,Texas,USCA - Centre,OFF-LA-10002368,Fournitures de bureau,Étiquettes,Avery 479,6.26,3,0.2,2.04
8552,US-2016-121132,7/17/2016,7/24/2016,Tarif normal,VB-21745,Victoria Brennan,Entreprise,États-Unis,Houston,Texas,USCA - Centre,OFF-FA-10004248,Fournitures de bureau,Éléments de fixation,Advantus T-Pin Paper Clips,14.43,4,0.2,3.43
8556,US-2016-117884,3/22/2016,3/22/2016,Le même jour,DC-13285,Debra Catini,Grand public,États-Unis,Plantation,Floride,USCA - Sud,TEC-AC-10002567,Produits technologiques,Accessoires,Logitech G602 Wireless Gaming Mouse,447.94,7,0.2,89.59
8557,US-2016-117884,3/22/2016,3/22/2016,Le même jour,DC-13285,Debra Catini,Grand public,États-Unis,Plantation,Floride,USCA - Sud,OFF-ST-10002182,Fournitures de bureau,Stockage,"Iris 3-Drawer Stacking Bin, Black",150.41,9,0.2,-33.84
8574,US-2016-164623,10/20/2016,10/22/2016,Prioritaire,MS-17770,Maxwell Schwartz,Grand public,États-Unis,New York City,New York,USCA - Est,OFF-PA-10000249,Fournitures de bureau,Papier,Easy-staple paper,24.56,2,0,11.54
8589,US-2016-138492,5/15/2016,5/22/2016,Tarif normal,FC-14335,Fred Chung,Entreprise,États-Unis,Philadelphia,Pennsylvanie,USCA - Est,OFF-ST-10002583,Fournitures de bureau,Stockage,Fellowes Neat Ideas Storage Cubes,51.97,2,0.2,-10.39
8624,US-2016-136147,11/13/2016,11/18/2016,Tarif normal,FM-14380,Fred McMath,Grand public,États-Unis,Miami,Floride,USCA - Sud,OFF-BI-10004224,Fournitures de bureau,Classeurs,Catalog Binders with Expanding Posts,121.1,6,0.7,-100.92
8625,US-2016-136147,11/13/2016,11/18/2016,Tarif normal,FM-14380,Fred McMath,Grand public,États-Unis,Miami,Floride,USCA - Sud,TEC-AC-10004568,Produits technologiques,Accessoires,Maxell LTO Ultrium - 800 GB,111.96,5,0.2,-1.4
8626,US-2016-156118,12/8/2016,12/12/2016,Tarif normal,HG-14965,Henry Goldwyn,Entreprise,États-Unis,Colorado Springs,Colorado,USCA - Ouest,OFF-PA-10000533,Fournitures de bureau,Papier,Southworth Parchment Paper & Envelopes,15.7,3,0.2,5.1
8627,US-2016-164084,9/7/2016,9/12/2016,Tarif normal,AG-10525,Andy Gerbode,Entreprise,États-Unis,New York City,New York,USCA - Est,OFF-ST-10003638,Fournitures de bureau,Stockage,Mobile Personal File Cube,70.26,3,0,18.97
8628,US-2016-164084,9/7/2016,9/12/2016,Tarif normal,AG-10525,Andy Gerbode,Entreprise,États-Unis,New York City,New York,USCA - Est,TEC-AC-10002305,Produits technologiques,Accessoires,KeyTronic E03601U1 - Keyboard - Beige,90,5,0,16.2
8629,US-2016-164084,9/7/2016,9/12/2016,Tarif normal,AG-10525,Andy Gerbode,Entreprise,États-Unis,New York City,New York,USCA - Est,OFF-BI-10000605,Fournitures de bureau,Classeurs,"Acco Pressboard Covers with Storage Hooks, 9 1/2"" x 11"", Executive Red",6.1,2,0.2,2.06
8630,US-2016-164084,9/7/2016,9/12/2016,Tarif normal,AG-10525,Andy Gerbode,Entreprise,États-Unis,New York City,New York,USCA - Est,FUR-TA-10003569,Mobilier,Tables,Bretford CR8500 Series Meeting Room Furniture,481.18,2,0.4,-120.29
8631,US-2016-164084,9/7/2016,9/12/2016,Tarif normal,AG-10525,Andy Gerbode,Entreprise,États-Unis,New York City,New York,USCA - Est,OFF-FA-10003059,Fournitures de bureau,Éléments de fixation,Assorted Color Push Pins,7.24,4,0,2.39
8643,US-2016-108259,11/8/2016,11/15/2016,Tarif normal,NS-18640,Noel Staavos,Entreprise,États-Unis,Jacksonville,Caroline du Nord,USCA - Sud,OFF-FA-10000624,Fournitures de bureau,Éléments de fixation,OIC Binder Clips,31.5,11,0.2,11.81
8644,US-2016-108259,11/8/2016,11/15/2016,Tarif normal,NS-18640,Noel Staavos,Entreprise,États-Unis,Jacksonville,Caroline du Nord,USCA - Sud,OFF-LA-10002945,Fournitures de bureau,Étiquettes,"Permanent Self-Adhesive File Folder Labels for Typewriters, 1 1/8 x 3 1/2, White",5.04,1,0.2,1.64
8645,US-2016-108259,11/8/2016,11/15/2016,Tarif normal,NS-18640,Noel Staavos,Entreprise,États-Unis,Jacksonville,Caroline du Nord,USCA - Sud,OFF-BI-10000315,Fournitures de bureau,Classeurs,Poly Designer Cover & Back,39.88,7,0.7,-29.24
8646,US-2016-108259,11/8/2016,11/15/2016,Tarif normal,NS-18640,Noel Staavos,Entreprise,États-Unis,Jacksonville,Caroline du Nord,USCA - Sud,FUR-FU-10000023,Mobilier,Meubles,Eldon Wave Desk Accessories,4.71,1,0.2,1.41
8648,US-2016-131842,12/5/2016,12/8/2016,Prioritaire,RR-19525,Rick Reed,Entreprise,États-Unis,Nashville,Tennessee,USCA - Sud,FUR-CH-10004477,Mobilier,Chaises,"Global Push Button Manager's Chair, Indigo",97.42,2,0.2,10.96
8662,US-2016-131856,5/12/2016,5/17/2016,Tarif normal,JG-15160,James Galang,Grand public,États-Unis,Houston,Texas,USCA - Centre,FUR-FU-10000175,Mobilier,Meubles,DAX Wood Document Frame.,21.97,4,0.6,-15.93
8663,US-2016-131856,5/12/2016,5/17/2016,Tarif normal,JG-15160,James Galang,Grand public,États-Unis,Houston,Texas,USCA - Centre,TEC-PH-10001336,Produits technologiques,Téléphones,Digium D40 VoIP phone,619.15,6,0.2,69.65
8664,US-2016-131856,5/12/2016,5/17/2016,Tarif normal,JG-15160,James Galang,Grand public,États-Unis,Houston,Texas,USCA - Centre,OFF-PA-10001954,Fournitures de bureau,Papier,Xerox 1964,127.9,7,0.2,41.57
8670,US-2016-158918,12/20/2016,12/25/2016,J+2,AI-10855,Arianne Irving,Grand public,États-Unis,Los Angeles,Californie,USCA - Ouest,OFF-PA-10004947,Fournitures de bureau,Papier,Easy-staple paper,17.12,4,0,7.7
8704,US-2016-133494,3/1/2016,3/5/2016,Tarif normal,RP-19390,Resi Pölking,Grand public,États-Unis,Philadelphia,Pennsylvanie,USCA - Est,OFF-AP-10002906,Fournitures de bureau,Électroménager,Hoover Replacement Belt for Commercial Guardsman Heavy-Duty Upright Vacuum,3.55,2,0.2,0.44
8713,US-2016-145422,12/3/2016,12/7/2016,Tarif normal,PW-19240,Pierre Wener,Grand public,États-Unis,San Francisco,Californie,USCA - Ouest,FUR-BO-10002213,Mobilier,Bibliothèques,"Sauder Forest Hills Library, Woodland Oak Finish",359.5,3,0.2,-29.61
8727,US-2016-103870,12/27/2016,12/30/2016,Tarif normal,SP-20860,Sung Pak,Entreprise,États-Unis,Murfreesboro,Tennessee,USCA - Sud,TEC-AC-10002370,Produits technologiques,Accessoires,Maxell CD-R Discs,4.73,3,0.2,0.71
8728,US-2016-103870,12/27/2016,12/30/2016,Tarif normal,SP-20860,Sung Pak,Entreprise,États-Unis,Murfreesboro,Tennessee,USCA - Sud,FUR-FU-10002030,Mobilier,Meubles,"Executive Impressions 14"" Contract Wall Clock with Quartz Movement",53.35,3,0.2,16.01
8729,US-2016-103870,12/27/2016,12/30/2016,Tarif normal,SP-20860,Sung Pak,Entreprise,États-Unis,Murfreesboro,Tennessee,USCA - Sud,FUR-BO-10002853,Mobilier,Bibliothèques,O'Sullivan 5-Shelf Heavy-Duty Bookcases,131.1,2,0.2,8.19
8730,US-2016-103870,12/27/2016,12/30/2016,Tarif normal,SP-20860,Sung Pak,Entreprise,États-Unis,Murfreesboro,Tennessee,USCA - Sud,OFF-ST-10002562,Fournitures de bureau,Stockage,Staple magnet,22.51,3,0.2,2.25
8731,US-2016-103870,12/27/2016,12/30/2016,Tarif normal,SP-20860,Sung Pak,Entreprise,États-Unis,Murfreesboro,Tennessee,USCA - Sud,TEC-AC-10004227,Produits technologiques,Accessoires,SanDisk Ultra 16 GB MicroSDHC Class 10 Memory Card,72.74,7,0.2,-12.73
8732,US-2016-111017,4/22/2016,4/25/2016,Tarif normal,SC-20695,Steve Chapman,Entreprise,États-Unis,Saint Louis,Missouri,USCA - Centre,OFF-SU-10002573,Fournitures de bureau,Fournitures,"Acme 10"" Easy Grip Assistive Scissors",52.59,3,0,15.78
8742,US-2016-113222,11/9/2016,11/9/2016,Le même jour,AG-10765,Anthony Garverick,Bureau à domicile,États-Unis,Lawrence,Indiana,USCA - Centre,OFF-BI-10001890,Fournitures de bureau,Classeurs,Avery Poly Binder Pockets,10.74,3,0,5.16
8743,US-2016-144771,10/2/2016,10/4/2016,Prioritaire,CK-12205,Chloris Kastensmidt,Grand public,États-Unis,Hillsboro,Oregon,USCA - Ouest,FUR-FU-10000629,Mobilier,Meubles,9-3/4 Diameter Round Wall Clock,11.03,1,0.2,3.03
8744,US-2016-144771,10/2/2016,10/4/2016,Prioritaire,CK-12205,Chloris Kastensmidt,Grand public,États-Unis,Hillsboro,Oregon,USCA - Ouest,TEC-AC-10002323,Produits technologiques,Accessoires,SanDisk Ultra 32 GB MicroSDHC Class 10 Memory Card,53.04,3,0.2,-4.64
8745,US-2016-162376,11/22/2016,11/25/2016,J+2,HD-14785,Harold Dahlen,Bureau à domicile,États-Unis,Cambridge,Massachusetts,USCA - Est,OFF-AR-10003056,Fournitures de bureau,Art,Newell 341,17.12,4,0,4.96
8746,US-2016-162376,11/22/2016,11/25/2016,J+2,HD-14785,Harold Dahlen,Bureau à domicile,États-Unis,Cambridge,Massachusetts,USCA - Est,OFF-PA-10000300,Fournitures de bureau,Papier,Xerox 1936,59.94,3,0,28.17
8750,US-2016-163825,6/16/2016,6/19/2016,Prioritaire,LC-16885,Lena Creighton,Grand public,États-Unis,New York City,New York,USCA - Est,OFF-BI-10003527,Fournitures de bureau,Classeurs,Fellowes PB500 Electric Punch Plastic Comb Binding Machine with Manual Bind,3050.38,3,0.2,1143.89
8751,US-2016-163825,6/16/2016,6/19/2016,Prioritaire,LC-16885,Lena Creighton,Grand public,États-Unis,New York City,New York,USCA - Est,TEC-PH-10004922,Produits technologiques,Téléphones,RCA Visys Integrated PBX 8-Line Router,133.98,2,0,33.5
8765,US-2016-107083,11/21/2016,11/27/2016,Tarif normal,BB-11545,Brenda Bowman,Entreprise,États-Unis,Fort Worth,Texas,USCA - Centre,OFF-AR-10002257,Fournitures de bureau,Art,"Eldon Spacemaker Box, Quick-Snap Lid, Clear",5.34,2,0.2,0.73
8766,US-2016-107083,11/21/2016,11/27/2016,Tarif normal,BB-11545,Brenda Bowman,Entreprise,États-Unis,Fort Worth,Texas,USCA - Centre,OFF-BI-10000756,Fournitures de bureau,Classeurs,Storex DuraTech Recycled Plastic Frosted Binders,1.7,2,0.8,-2.54
8767,US-2016-107083,11/21/2016,11/27/2016,Tarif normal,BB-11545,Brenda Bowman,Entreprise,États-Unis,Fort Worth,Texas,USCA - Centre,OFF-AP-10004136,Fournitures de bureau,Électroménager,Kensington 6 Outlet SmartSocket Surge Protector,24.59,3,0.8,-67.62
8768,US-2016-107083,11/21/2016,11/27/2016,Tarif normal,BB-11545,Brenda Bowman,Entreprise,États-Unis,Fort Worth,Texas,USCA - Centre,OFF-BI-10002194,Fournitures de bureau,Classeurs,Cardinal Hold-It CD Pocket,7.98,5,0.8,-13.17
8769,US-2016-151722,10/5/2016,10/9/2016,Tarif normal,IL-15100,Ivan Liston,Grand public,États-Unis,Columbus,Ohio,USCA - Est,TEC-AC-10000892,Produits technologiques,Accessoires,NETGEAR N750 Dual Band Wi-Fi Gigabit Router,288,4,0.2,57.6
8774,US-2016-132276,2/23/2016,2/28/2016,Tarif normal,LC-16960,Lindsay Castell,Bureau à domicile,États-Unis,New York City,New York,USCA - Est,OFF-AP-10000804,Fournitures de bureau,Électroménager,Hoover Portapower Portable Vacuum,26.88,6,0,6.72
8775,US-2016-132276,2/23/2016,2/28/2016,Tarif normal,LC-16960,Lindsay Castell,Bureau à domicile,États-Unis,New York City,New York,USCA - Est,OFF-BI-10002982,Fournitures de bureau,Classeurs,Avery Self-Adhesive Photo Pockets for Polaroid Photos,10.9,2,0.2,3.81
8780,US-2016-165813,3/20/2016,3/22/2016,J+2,BM-11785,Bryan Mills,Grand public,États-Unis,Salem,Oregon,USCA - Ouest,OFF-ST-10004258,Fournitures de bureau,Stockage,Portable Personal File Box,29.3,3,0.2,2.56
8781,US-2016-133585,3/1/2016,3/4/2016,Prioritaire,CM-12715,Craig Molinari,Entreprise,États-Unis,Houston,Texas,USCA - Centre,OFF-AR-10003696,Fournitures de bureau,Art,Panasonic KP-350BK Electric Pencil Sharpener with Auto Stop,55.33,2,0.2,6.22
8782,US-2016-133585,3/1/2016,3/4/2016,Prioritaire,CM-12715,Craig Molinari,Entreprise,États-Unis,Houston,Texas,USCA - Centre,FUR-BO-10001811,Mobilier,Bibliothèques,"Atlantic Metals Mobile 5-Shelf Bookcases, Custom Colors",1228,6,0.3,-36.12
8791,US-2016-169572,9/6/2016,9/12/2016,Tarif normal,AG-10525,Andy Gerbode,Entreprise,États-Unis,Richmond,Virginie,USCA - Sud,OFF-BI-10002799,Fournitures de bureau,Classeurs,"SlimView Poly Binder, 3/8""",46.62,9,0,21.45
8814,US-2016-127754,7/26/2016,7/29/2016,Tarif normal,CK-12760,Cyma Kinney,Entreprise,États-Unis,Glendale,Arizona,USCA - Ouest,FUR-CH-10003199,Mobilier,Chaises,Office Star - Contemporary Task Swivel Chair,266.35,3,0.2,13.32
8815,US-2016-144274,11/23/2016,11/25/2016,J+2,PW-19240,Pierre Wener,Grand public,États-Unis,Wilmington,Delaware,USCA - Est,TEC-PH-10003012,Produits technologiques,Téléphones,Nortel Meridian M3904 Professional Digital phone,307.98,2,0,89.31
8816,US-2016-144274,11/23/2016,11/25/2016,J+2,PW-19240,Pierre Wener,Grand public,États-Unis,Wilmington,Delaware,USCA - Est,OFF-PA-10001583,Fournitures de bureau,Papier,"1/4 Fold Party Design Invitations & White Envelopes, 24 8-1/2"" X 11"" Cards, 25 Env./Pack",44.1,6,0,20.73
8817,US-2016-144274,11/23/2016,11/25/2016,J+2,PW-19240,Pierre Wener,Grand public,États-Unis,Wilmington,Delaware,USCA - Est,OFF-AR-10001940,Fournitures de bureau,Art,"Sanford Colorific Eraseable Coloring Pencils, 12 Count",13.12,4,0,5.64
8818,US-2016-144274,11/23/2016,11/25/2016,J+2,PW-19240,Pierre Wener,Grand public,États-Unis,Wilmington,Delaware,USCA - Est,OFF-EN-10003286,Fournitures de bureau,Enveloppes,Staple envelope,16.56,2,0,7.78
8819,US-2016-144274,11/23/2016,11/25/2016,J+2,PW-19240,Pierre Wener,Grand public,États-Unis,Wilmington,Delaware,USCA - Est,OFF-PA-10003441,Fournitures de bureau,Papier,Xerox 226,38.88,6,0,18.66
8820,US-2016-142930,11/28/2016,12/2/2016,Tarif normal,EB-14170,Evan Bailliet,Grand public,États-Unis,Austin,Texas,USCA - Centre,OFF-PA-10003395,Fournitures de bureau,Papier,Xerox 1941,335.52,4,0.2,117.43
8826,US-2016-115399,12/19/2016,12/22/2016,Prioritaire,AG-10900,Arthur Gainer,Grand public,États-Unis,Philadelphia,Pennsylvanie,USCA - Est,OFF-LA-10003190,Fournitures de bureau,Étiquettes,Avery 474,6.91,3,0.2,2.51
8829,US-2016-115168,6/5/2016,6/9/2016,Tarif normal,BB-11545,Brenda Bowman,Entreprise,États-Unis,Saint Charles,Missouri,USCA - Centre,OFF-PA-10000528,Fournitures de bureau,Papier,Xerox 1981,10.56,2,0,4.75
8832,US-2016-145324,11/15/2016,11/19/2016,Tarif normal,DH-13675,Duane Huffman,Bureau à domicile,États-Unis,Harrisonburg,Virginie,USCA - Sud,FUR-FU-10002759,Mobilier,Meubles,12-1/2 Diameter Round Wall Clock,39.96,2,0,14.39
8833,US-2016-153423,6/22/2016,6/27/2016,Tarif normal,SW-20455,Shaun Weien,Grand public,États-Unis,Rochester,New York,USCA - Est,OFF-BI-10000545,Fournitures de bureau,Classeurs,GBC Ibimaster 500 Manual ProClick Binding System,1217.57,2,0.2,456.59
8849,US-2016-140718,7/2/2016,7/4/2016,Prioritaire,FA-14230,Frank Atkinson,Entreprise,États-Unis,Raleigh,Caroline du Nord,USCA - Sud,TEC-PH-10003505,Produits technologiques,Téléphones,Geemarc AmpliPOWER60,74.24,1,0.2,8.35
8850,US-2016-140718,7/2/2016,7/4/2016,Prioritaire,FA-14230,Frank Atkinson,Entreprise,États-Unis,Raleigh,Caroline du Nord,USCA - Sud,FUR-FU-10000076,Mobilier,Meubles,24-Hour Round Wall Clock,159.84,10,0.2,45.95
8851,US-2016-140718,7/2/2016,7/4/2016,Prioritaire,FA-14230,Frank Atkinson,Entreprise,États-Unis,Raleigh,Caroline du Nord,USCA - Sud,OFF-BI-10004728,Fournitures de bureau,Classeurs,Wilson Jones Turn Tabs Binder Tool for Ring Binders,2.89,2,0.7,-2.31
8852,US-2016-140718,7/2/2016,7/4/2016,Prioritaire,FA-14230,Frank Atkinson,Entreprise,États-Unis,Raleigh,Caroline du Nord,USCA - Sud,OFF-PA-10002250,Fournitures de bureau,Papier,Things To Do Today Pad,9.39,2,0.2,3.29
8854,US-2016-115343,9/22/2016,9/25/2016,Prioritaire,FO-14305,Frank Olsen,Grand public,États-Unis,Philadelphia,Pennsylvanie,USCA - Est,OFF-SU-10000898,Fournitures de bureau,Fournitures,"Acme Hot Forged Carbon Steel Scissors with Nickel-Plated Handles, 3 7/8"" Cut, 8""L",55.6,5,0.2,6.25
8855,US-2016-115343,9/22/2016,9/25/2016,Prioritaire,FO-14305,Frank Olsen,Grand public,États-Unis,Philadelphia,Pennsylvanie,USCA - Est,TEC-AC-10003832,Produits technologiques,Accessoires,Logitech P710e Mobile Speakerphone,617.98,3,0.2,-7.72
8861,US-2016-125934,9/11/2016,9/18/2016,Tarif normal,SN-20560,Skye Norling,Bureau à domicile,États-Unis,Paterson,New Jersey,USCA - Est,OFF-LA-10000414,Fournitures de bureau,Étiquettes,Avery 503,31.05,3,0,14.9
8862,US-2016-125934,9/11/2016,9/18/2016,Tarif normal,SN-20560,Skye Norling,Bureau à domicile,États-Unis,Paterson,New Jersey,USCA - Est,FUR-FU-10002107,Mobilier,Meubles,Eldon Pizzaz Desk Accessories,8.92,4,0,3.92
8863,US-2016-125934,9/11/2016,9/18/2016,Tarif normal,SN-20560,Skye Norling,Bureau à domicile,États-Unis,Paterson,New Jersey,USCA - Est,OFF-BI-10004593,Fournitures de bureau,Classeurs,Ibico Laser Imprintable Binding System Covers,209.6,4,0,96.42
8864,US-2016-125934,9/11/2016,9/18/2016,Tarif normal,SN-20560,Skye Norling,Bureau à domicile,États-Unis,Paterson,New Jersey,USCA - Est,OFF-AP-10003860,Fournitures de bureau,Électroménager,Fellowes Advanced 8 Outlet Surge Suppressor with Phone/Fax Protection,111.04,4,0,29.98
8865,US-2016-125934,9/11/2016,9/18/2016,Tarif normal,SN-20560,Skye Norling,Bureau à domicile,États-Unis,Paterson,New Jersey,USCA - Est,OFF-PA-10000556,Fournitures de bureau,Papier,Xerox 208,38.88,6,0,18.66
8866,US-2016-158148,12/20/2016,12/26/2016,Tarif normal,JM-15865,John Murray,Grand public,États-Unis,Arlington,Virginie,USCA - Sud,OFF-AP-10003281,Fournitures de bureau,Électroménager,Acco 6 Outlet Guardian Standard Surge Suppressor,36.27,3,0,10.88
8880,US-2016-107944,3/23/2016,3/25/2016,Prioritaire,AM-10360,Alice McCarthy,Entreprise,États-Unis,Los Angeles,Californie,USCA - Ouest,OFF-PA-10000659,Fournitures de bureau,Papier,"TOPS Carbonless Receipt Book, Four 2-3/4 x 7-1/4 Money Receipts per Page",192.72,11,0,92.51
8881,US-2016-107944,3/23/2016,3/25/2016,Prioritaire,AM-10360,Alice McCarthy,Entreprise,États-Unis,Los Angeles,Californie,USCA - Ouest,TEC-AC-10000736,Produits technologiques,Accessoires,Logitech G600 MMO Gaming Mouse,239.97,3,0,86.39
8893,US-2016-111038,12/1/2016,12/6/2016,Tarif normal,LC-16960,Lindsay Castell,Bureau à domicile,États-Unis,San Diego,Californie,USCA - Ouest,FUR-CH-10003973,Mobilier,Chaises,GuestStacker Chair with Chrome Finish Legs,2676.67,9,0.2,267.67
8899,US-2016-163237,8/7/2016,8/9/2016,J+2,EM-14095,Eudokia Martin,Entreprise,États-Unis,Springfield,Virginie,USCA - Sud,TEC-PH-10003601,Produits technologiques,Téléphones,"Ativa D5772 2-Line 5.8GHz Digital Expandable Corded/Cordless Phone System with Answering & Caller ID/Call Waiting, Black/Silver",494.97,3,0,148.49
8900,US-2016-163237,8/7/2016,8/9/2016,J+2,EM-14095,Eudokia Martin,Entreprise,États-Unis,Springfield,Virginie,USCA - Sud,OFF-LA-10004545,Fournitures de bureau,Étiquettes,Avery 50,25.06,2,0,11.78
8909,US-2016-109603,1/26/2016,2/1/2016,Tarif normal,EM-13825,Elizabeth Moffitt,Entreprise,États-Unis,Moreno Valley,Californie,USCA - Ouest,OFF-PA-10003790,Fournitures de bureau,Papier,Xerox 1991,182.72,8,0,84.05
8928,US-2016-143616,9/27/2016,9/29/2016,J+2,SS-20140,Saphhira Shifley,Entreprise,États-Unis,Seattle,Washington,USCA - Ouest,OFF-AR-10002067,Fournitures de bureau,Art,Newell 334,99.2,5,0,25.79
8929,US-2016-168704,4/13/2016,4/17/2016,Tarif normal,FP-14320,Frank Preis,Grand public,États-Unis,Huntsville,Texas,USCA - Centre,FUR-TA-10000688,Mobilier,Tables,"Chromcraft Bull-Nose Wood Round Conference Table Top, Wood Base",609.98,4,0.3,-113.28
8930,US-2016-168704,4/13/2016,4/17/2016,Tarif normal,FP-14320,Frank Preis,Grand public,États-Unis,Huntsville,Texas,USCA - Centre,FUR-TA-10002530,Mobilier,Tables,"Iceberg OfficeWorks 42"" Round Tables",211.37,2,0.3,-45.29
8931,US-2016-168704,4/13/2016,4/17/2016,Tarif normal,FP-14320,Frank Preis,Grand public,États-Unis,Huntsville,Texas,USCA - Centre,TEC-PH-10001061,Produits technologiques,Téléphones,Apple iPhone 5C,239.98,3,0.2,18
8937,US-2016-134117,12/17/2016,12/19/2016,J+2,PG-18895,Paul Gonzalez,Grand public,États-Unis,Los Angeles,Californie,USCA - Ouest,OFF-AR-10003903,Fournitures de bureau,Art,Sanford 52201 APSCO Electric Pencil Sharpener,204.85,5,0,53.26
8938,US-2016-134117,12/17/2016,12/19/2016,J+2,PG-18895,Paul Gonzalez,Grand public,États-Unis,Los Angeles,Californie,USCA - Ouest,TEC-PH-10004908,Produits technologiques,Téléphones,Panasonic KX TS3282W Corded phone,135.98,2,0.2,17
8939,US-2016-134117,12/17/2016,12/19/2016,J+2,PG-18895,Paul Gonzalez,Grand public,États-Unis,Los Angeles,Californie,USCA - Ouest,OFF-AR-10001940,Fournitures de bureau,Art,"Sanford Colorific Eraseable Coloring Pencils, 12 Count",16.4,5,0,7.05
8940,US-2016-134117,12/17/2016,12/19/2016,J+2,PG-18895,Paul Gonzalez,Grand public,États-Unis,Los Angeles,Californie,USCA - Ouest,OFF-BI-10002026,Fournitures de bureau,Classeurs,Avery Arch Ring Binders,92.96,2,0.2,31.37
8980,US-2016-150413,10/19/2016,10/24/2016,J+2,CS-11860,Cari Schnelling,Grand public,États-Unis,Dallas,Texas,USCA - Centre,OFF-BI-10000404,Fournitures de bureau,Classeurs,Avery Printable Repositionable Plastic Tabs,1.72,1,0.8,-2.84
8986,US-2016-123092,12/3/2016,12/7/2016,Tarif normal,JG-15115,Jack Garza,Grand public,États-Unis,Jacksonville,Caroline du Nord,USCA - Sud,FUR-FU-10000222,Mobilier,Meubles,"Seth Thomas 16"" Steel Case Clock",77.95,3,0.2,12.67
8987,US-2016-123092,12/3/2016,12/7/2016,Tarif normal,JG-15115,Jack Garza,Grand public,États-Unis,Jacksonville,Caroline du Nord,USCA - Sud,OFF-BI-10001718,Fournitures de bureau,Classeurs,GBC DocuBind P50 Personal Binding Machine,95.97,5,0.7,-73.58
8988,US-2016-123092,12/3/2016,12/7/2016,Tarif normal,JG-15115,Jack Garza,Grand public,États-Unis,Jacksonville,Caroline du Nord,USCA - Sud,TEC-PH-10001700,Produits technologiques,Téléphones,Panasonic KX-TG6844B Expandable Digital Cordless Telephone,105.58,2,0.2,9.24
8989,US-2016-123092,12/3/2016,12/7/2016,Tarif normal,JG-15115,Jack Garza,Grand public,États-Unis,Jacksonville,Caroline du Nord,USCA - Sud,OFF-AR-10004078,Fournitures de bureau,Art,Newell 312,9.34,2,0.2,1.17
8990,US-2016-128587,12/24/2016,12/27/2016,Tarif normal,HM-14860,Harry Marie,Entreprise,États-Unis,Springfield,Missouri,USCA - Centre,FUR-FU-10003026,Mobilier,Meubles,"Eldon Regeneration Recycled Desk Accessories, Black",9.68,2,0,3.78
8991,US-2016-128587,12/24/2016,12/27/2016,Tarif normal,HM-14860,Harry Marie,Entreprise,États-Unis,Springfield,Missouri,USCA - Centre,TEC-CO-10003763,Produits technologiques,Photocopieurs,Canon PC1060 Personal Laser Copier,4899.93,7,0,2302.97
9004,US-2016-102855,4/5/2016,4/6/2016,Le même jour,JF-15415,Jennifer Ferguson,Grand public,États-Unis,Spokane,Washington,USCA - Ouest,TEC-AC-10001767,Produits technologiques,Accessoires,SanDisk Ultra 64 GB MicroSDHC Class 10 Memory Card,239.94,6,0,26.39
9005,US-2016-102855,4/5/2016,4/6/2016,Le même jour,JF-15415,Jennifer Ferguson,Grand public,États-Unis,Spokane,Washington,USCA - Ouest,OFF-AR-10002467,Fournitures de bureau,Art,Dixon Ticonderoga Pencils,23.84,8,0,6.44
9012,US-2016-137071,12/20/2016,12/21/2016,Prioritaire,ED-13885,Emily Ducich,Bureau à domicile,États-Unis,Houston,Texas,USCA - Centre,TEC-AC-10004353,Produits technologiques,Accessoires,Hypercom P1300 Pinpad,100.8,2,0.2,21.42
9022,US-2016-129525,11/15/2016,11/20/2016,Tarif normal,VP-21760,Victoria Pisteka,Entreprise,États-Unis,Toledo,Ohio,USCA - Est,OFF-BI-10002133,Fournitures de bureau,Classeurs,"Wilson Jones Elliptical Ring 3 1/2"" Capacity Binders, 800 sheets",166.92,13,0.7,-116.84
9024,US-2016-165799,6/29/2016,7/2/2016,Prioritaire,SG-20470,Sheri Gordon,Grand public,États-Unis,New York City,New York,USCA - Est,FUR-CH-10001482,Mobilier,Chaises,Office Star - Mesh Screen back chair with Vinyl seat,117.88,1,0.1,1.31
9035,US-2016-148873,10/1/2016,10/5/2016,Tarif normal,EM-13960,Eric Murdock,Grand public,États-Unis,Quincy,Illinois,USCA - Centre,OFF-BI-10003196,Fournitures de bureau,Classeurs,Accohide Poly Flexible Ring Binders,2.99,4,0.8,-4.49
9036,US-2016-148873,10/1/2016,10/5/2016,Tarif normal,EM-13960,Eric Murdock,Grand public,États-Unis,Quincy,Illinois,USCA - Centre,TEC-AC-10003657,Produits technologiques,Accessoires,Lenovo 17-Key USB Numeric Keypad,108.77,4,0.2,2.72
9037,US-2016-166492,4/7/2016,4/10/2016,Prioritaire,RP-19390,Resi Pölking,Grand public,États-Unis,New York City,New York,USCA - Est,OFF-PA-10002262,Fournitures de bureau,Papier,Xerox 192,25.92,4,0,12.44
9038,US-2016-166492,4/7/2016,4/10/2016,Prioritaire,RP-19390,Resi Pölking,Grand public,États-Unis,New York City,New York,USCA - Est,OFF-ST-10002214,Fournitures de bureau,Stockage,X-Rack File for Hanging Folders,22.58,2,0,5.87
9043,US-2016-168760,9/22/2016,9/26/2016,J+2,MM-18280,Muhammed MacIntyre,Entreprise,États-Unis,Los Angeles,Californie,USCA - Ouest,OFF-AP-10004532,Fournitures de bureau,Électroménager,Kensington 6 Outlet Guardian Standard Surge Protector,61.44,3,0,16.59
9051,US-2016-165554,5/18/2016,5/22/2016,Tarif normal,AJ-10780,Anthony Jacobs,Entreprise,États-Unis,Los Angeles,Californie,USCA - Ouest,OFF-PA-10003724,Fournitures de bureau,Papier,"Wirebound Message Book, 4 per Page",10.86,2,0,5.32
9056,US-2016-128993,9/12/2016,9/17/2016,J+2,CC-12670,Craig Carreira,Grand public,États-Unis,Seattle,Washington,USCA - Ouest,TEC-AC-10004209,Produits technologiques,Accessoires,Memorex Froggy Flash Drive 4 GB,21.98,2,0,8.57
9057,US-2016-160227,11/2/2016,11/4/2016,Prioritaire,ED-13885,Emily Ducich,Bureau à domicile,États-Unis,New York City,New York,USCA - Est,FUR-CH-10002073,Mobilier,Chaises,Hon Olson Stacker Chairs,2621.32,11,0.1,553.39
9058,US-2016-149097,10/20/2016,10/24/2016,Tarif normal,SV-20785,Stewart Visinsky,Grand public,États-Unis,Los Angeles,Californie,USCA - Ouest,FUR-FU-10003424,Mobilier,Meubles,Nu-Dell Oak Frame,74.76,7,0,23.92
9059,US-2016-149097,10/20/2016,10/24/2016,Tarif normal,SV-20785,Stewart Visinsky,Grand public,États-Unis,Los Angeles,Californie,USCA - Ouest,FUR-TA-10001086,Mobilier,Tables,"SAFCO PlanMaster Boards, 60w x 37-1/2d, White Melamine",364.78,3,0.2,27.36
9061,US-2016-136420,11/20/2016,11/21/2016,Prioritaire,CS-12250,Chris Selesnick,Entreprise,États-Unis,San Diego,Californie,USCA - Ouest,OFF-BI-10002854,Fournitures de bureau,Classeurs,"Performers Binder/Pad Holder, Black",89.7,4,0.2,33.64
9062,US-2016-136420,11/20/2016,11/21/2016,Prioritaire,CS-12250,Chris Selesnick,Entreprise,États-Unis,San Diego,Californie,USCA - Ouest,OFF-LA-10002762,Fournitures de bureau,Étiquettes,Avery 485,50.12,4,0,23.56
9072,US-2016-136105,6/12/2016,6/16/2016,Tarif normal,SZ-20035,Sam Zeldin,Bureau à domicile,États-Unis,Columbus,Indiana,USCA - Centre,OFF-ST-10002444,Fournitures de bureau,Stockage,Recycled Eldon Regeneration Jumbo File,24.56,2,0,6.88
9076,US-2016-136259,11/5/2016,11/8/2016,Prioritaire,CB-12415,Christy Brittain,Grand public,États-Unis,Lakewood,Ohio,USCA - Est,OFF-BI-10000773,Fournitures de bureau,Classeurs,Insertable Tab Post Binder Dividers,7.22,3,0.7,-5.53
9077,US-2016-136259,11/5/2016,11/8/2016,Prioritaire,CB-12415,Christy Brittain,Grand public,États-Unis,Lakewood,Ohio,USCA - Est,OFF-SU-10004661,Fournitures de bureau,Fournitures,Acme Titanium Bonded Scissors,27.2,4,0.2,2.04
9084,US-2016-104038,2/6/2016,2/8/2016,Prioritaire,LO-17170,Lori Olson,Entreprise,États-Unis,Suffolk,Virginie,USCA - Sud,OFF-ST-10002554,Fournitures de bureau,Stockage,Tennsco Industrial Shelving,146.73,3,0,2.93
9085,US-2016-104038,2/6/2016,2/8/2016,Prioritaire,LO-17170,Lori Olson,Entreprise,États-Unis,Suffolk,Virginie,USCA - Sud,OFF-PA-10002751,Fournitures de bureau,Papier,Xerox 1920,29.9,5,0,13.46
9089,US-2016-150308,12/15/2016,12/20/2016,Tarif normal,RR-19525,Rick Reed,Entreprise,États-Unis,Cary,Caroline du Nord,USCA - Sud,TEC-PH-10001433,Produits technologiques,Téléphones,Cisco Small Business SPA 502G VoIP phone,246.17,3,0.2,21.54
9092,US-2016-162950,6/28/2016,7/3/2016,J+2,DW-13585,Dorothy Wardle,Entreprise,États-Unis,Troy,Ohio,USCA - Est,OFF-PA-10003177,Fournitures de bureau,Papier,Xerox 1999,15.55,3,0.2,5.44
9093,US-2016-162950,6/28/2016,7/3/2016,J+2,DW-13585,Dorothy Wardle,Entreprise,États-Unis,Troy,Ohio,USCA - Est,FUR-BO-10001918,Mobilier,Bibliothèques,"Sauder Forest Hills Library with Doors, Woodland Oak Finish",482.94,6,0.5,-376.69
9094,US-2016-132836,6/1/2016,6/5/2016,Tarif normal,AJ-10945,Ashley Jarboe,Grand public,États-Unis,Detroit,Michigan,USCA - Centre,TEC-PH-10001299,Produits technologiques,Téléphones,Polycom CX300 Desktop Phone USB VoIP phone,299.98,2,0,83.99
9095,US-2016-132836,6/1/2016,6/5/2016,Tarif normal,AJ-10945,Ashley Jarboe,Grand public,États-Unis,Detroit,Michigan,USCA - Centre,OFF-BI-10004224,Fournitures de bureau,Classeurs,Catalog Binders with Expanding Posts,403.68,6,0,181.66
9096,US-2016-132836,6/1/2016,6/5/2016,Tarif normal,AJ-10945,Ashley Jarboe,Grand public,États-Unis,Detroit,Michigan,USCA - Centre,TEC-PH-10001300,Produits technologiques,Téléphones,"iKross Bluetooth Portable Keyboard + Cell Phone Stand Holder + Brush for Apple iPhone 5S 5C 5, 4S 4",41.9,2,0,11.73
9097,US-2016-132836,6/1/2016,6/5/2016,Tarif normal,AJ-10945,Ashley Jarboe,Grand public,États-Unis,Detroit,Michigan,USCA - Centre,OFF-LA-10004178,Fournitures de bureau,Étiquettes,Avery 491,28.91,7,0,13.3
9102,US-2016-163181,11/7/2016,11/12/2016,Tarif normal,AB-10105,Adrian Barton,Grand public,États-Unis,Houston,Texas,USCA - Centre,OFF-AR-10001683,Fournitures de bureau,Art,Lumber Crayons,23.64,3,0.2,5.32
9103,US-2016-163181,11/7/2016,11/12/2016,Tarif normal,AB-10105,Adrian Barton,Grand public,États-Unis,Houston,Texas,USCA - Centre,OFF-ST-10001713,Fournitures de bureau,Stockage,"Gould Plastics 9-Pocket Panel Bin, 18-3/8w x 5-1/4d x 20-1/2h, Black",84.78,2,0.2,-16.96
9104,US-2016-163181,11/7/2016,11/12/2016,Tarif normal,AB-10105,Adrian Barton,Grand public,États-Unis,Houston,Texas,USCA - Centre,FUR-FU-10000193,Mobilier,Meubles,Tenex Chairmats For Use with Hard Floors,64.96,5,0.6,-84.45
9105,US-2016-163181,11/7/2016,11/12/2016,Tarif normal,AB-10105,Adrian Barton,Grand public,États-Unis,Houston,Texas,USCA - Centre,OFF-BI-10000474,Fournitures de bureau,Classeurs,Avery Recycled Flexi-View Covers for Binding Systems,32.06,10,0.8,-51.3
9106,US-2016-163181,11/7/2016,11/12/2016,Tarif normal,AB-10105,Adrian Barton,Grand public,États-Unis,Houston,Texas,USCA - Centre,OFF-ST-10000129,Fournitures de bureau,Stockage,Fellowes Recycled Storage Drawers,177.65,2,0.2,-28.87
9107,US-2016-163181,11/7/2016,11/12/2016,Tarif normal,AB-10105,Adrian Barton,Grand public,États-Unis,Houston,Texas,USCA - Centre,TEC-MA-10001016,Produits technologiques,Machines,Canon PC170 Desktop Personal Copier,287.91,3,0.4,33.59
9108,US-2016-132941,5/25/2016,5/28/2016,Prioritaire,MM-18280,Muhammed MacIntyre,Entreprise,États-Unis,Haltom City,Texas,USCA - Centre,OFF-SU-10002557,Fournitures de bureau,Fournitures,Fiskars Spring-Action Scissors,22.37,2,0.2,1.68
9109,US-2016-132941,5/25/2016,5/28/2016,Prioritaire,MM-18280,Muhammed MacIntyre,Entreprise,États-Unis,Haltom City,Texas,USCA - Centre,OFF-PA-10002160,Fournitures de bureau,Papier,Xerox 1978,32.37,7,0.2,11.73
9110,US-2016-132941,5/25/2016,5/28/2016,Prioritaire,MM-18280,Muhammed MacIntyre,Entreprise,États-Unis,Haltom City,Texas,USCA - Centre,TEC-AC-10003095,Produits technologiques,Accessoires,Logitech G35 7.1-Channel Surround Sound Headset,207.98,2,0.2,36.4
9127,US-2016-157028,11/28/2016,12/3/2016,Tarif normal,MA-17995,Michelle Arnett,Bureau à domicile,États-Unis,Las Cruces,Nouveau-Mexique,USCA - Ouest,OFF-AR-10004441,Fournitures de bureau,Art,BIC Brite Liner Highlighters,8.28,2,0,3.48
9134,US-2016-157805,5/23/2016,5/26/2016,Tarif normal,RH-19510,Rick Huthwaite,Bureau à domicile,États-Unis,San Diego,Californie,USCA - Ouest,TEC-PH-10004447,Produits technologiques,Téléphones,Toshiba IPT2010-SD IP Telephone,555.96,5,0.2,41.7
9146,US-2016-126970,9/20/2016,9/24/2016,Tarif normal,TP-21130,Theone Pippenger,Grand public,États-Unis,Naperville,Illinois,USCA - Centre,OFF-BI-10000138,Fournitures de bureau,Classeurs,Acco Translucent Poly Ring Binders,2.81,3,0.8,-4.49
9152,US-2016-106873,9/24/2016,9/29/2016,J+2,KM-16720,Kunst Miller,Grand public,États-Unis,Avondale,Arizona,USCA - Ouest,OFF-AR-10003179,Fournitures de bureau,Art,Dixon Ticonderoga Core-Lock Colored Pencils,14.58,2,0.2,2.37
9153,US-2016-106873,9/24/2016,9/29/2016,J+2,KM-16720,Kunst Miller,Grand public,États-Unis,Avondale,Arizona,USCA - Ouest,TEC-AC-10002345,Produits technologiques,Accessoires,HP Standard 104 key PS/2 Keyboard,23.2,2,0.2,1.45
9154,US-2016-106873,9/24/2016,9/29/2016,J+2,KM-16720,Kunst Miller,Grand public,États-Unis,Avondale,Arizona,USCA - Ouest,OFF-AR-10001246,Fournitures de bureau,Art,Newell 317,16.46,7,0.2,1.85
9164,US-2016-164007,6/8/2016,6/12/2016,Tarif normal,MG-17695,Maureen Gnade,Grand public,États-Unis,Chicago,Illinois,USCA - Centre,TEC-AC-10003433,Produits technologiques,Accessoires,Maxell 4.7GB DVD+R 5/Pack,2.38,3,0.2,0.74
9165,US-2016-164007,6/8/2016,6/12/2016,Tarif normal,MG-17695,Maureen Gnade,Grand public,États-Unis,Chicago,Illinois,USCA - Centre,OFF-AP-10003849,Fournitures de bureau,Électroménager,Hoover Shoulder Vac Commercial Portable Vacuum,143.13,2,0.8,-393.6
9188,US-2016-130512,8/21/2016,8/25/2016,Tarif normal,SM-20320,Sean Miller,Bureau à domicile,États-Unis,Allentown,Pennsylvanie,USCA - Est,OFF-SU-10001935,Fournitures de bureau,Fournitures,Staple remover,3.49,2,0.2,-0.7
9189,US-2016-130512,8/21/2016,8/25/2016,Tarif normal,SM-20320,Sean Miller,Bureau à domicile,États-Unis,Allentown,Pennsylvanie,USCA - Est,TEC-AC-10000290,Produits technologiques,Accessoires,Sabrent 4-Port USB 2.0 Hub,21.73,4,0.2,3.8
9190,US-2016-130512,8/21/2016,8/25/2016,Tarif normal,SM-20320,Sean Miller,Bureau à domicile,États-Unis,Allentown,Pennsylvanie,USCA - Est,OFF-ST-10002574,Fournitures de bureau,Stockage,"SAFCO Commercial Wire Shelving, Black",663.07,6,0.2,-165.77
9191,US-2016-130512,8/21/2016,8/25/2016,Tarif normal,SM-20320,Sean Miller,Bureau à domicile,États-Unis,Allentown,Pennsylvanie,USCA - Est,OFF-BI-10004519,Fournitures de bureau,Classeurs,GBC DocuBind P100 Manual Binding Machine,99.59,2,0.7,-82.99
9192,US-2016-130512,8/21/2016,8/25/2016,Tarif normal,SM-20320,Sean Miller,Bureau à domicile,États-Unis,Allentown,Pennsylvanie,USCA - Est,OFF-PA-10003625,Fournitures de bureau,Papier,Xerox 1979,49.57,2,0.2,15.49
9193,US-2016-141810,11/2/2016,11/7/2016,Tarif normal,BB-10990,Barry Blumstein,Entreprise,États-Unis,San Antonio,Texas,USCA - Centre,OFF-BI-10001524,Fournitures de bureau,Classeurs,GBC Premium Transparent Covers with Diagonal Lined Pattern,29.37,7,0.8,-47
9194,US-2016-141810,11/2/2016,11/7/2016,Tarif normal,BB-10990,Barry Blumstein,Entreprise,États-Unis,San Antonio,Texas,USCA - Centre,TEC-PH-10002200,Produits technologiques,Téléphones,Aastra 6757i CT Wireless VoIP phone,344.7,2,0.2,38.78
9212,US-2016-167479,3/14/2016,3/19/2016,Tarif normal,AI-10855,Arianne Irving,Grand public,États-Unis,Roseville,Californie,USCA - Ouest,OFF-PA-10002105,Fournitures de bureau,Papier,Xerox 223,19.44,3,0,9.33
9219,US-2016-164238,8/16/2016,8/20/2016,Tarif normal,JW-15955,Joni Wasserman,Grand public,États-Unis,Philadelphia,Pennsylvanie,USCA - Est,OFF-ST-10002352,Fournitures de bureau,Stockage,Iris Project Case,44.69,7,0.2,3.35
9220,US-2016-164238,8/16/2016,8/20/2016,Tarif normal,JW-15955,Joni Wasserman,Grand public,États-Unis,Philadelphia,Pennsylvanie,USCA - Est,FUR-BO-10000780,Mobilier,Bibliothèques,O'Sullivan Plantations 2-Door Library in Landvery Oak,301.47,3,0.5,-205
9263,US-2016-124499,10/9/2016,10/13/2016,Tarif normal,FM-14380,Fred McMath,Grand public,États-Unis,Detroit,Michigan,USCA - Centre,FUR-CH-10000513,Mobilier,Chaises,High-Back Leather Manager's Chair,389.97,3,0,35.1
9264,US-2016-124499,10/9/2016,10/13/2016,Tarif normal,FM-14380,Fred McMath,Grand public,États-Unis,Detroit,Michigan,USCA - Centre,OFF-AP-10002191,Fournitures de bureau,Électroménager,Belkin 8 Outlet SurgeMaster II Gold Surge Protector,269.91,5,0.1,53.98
9268,US-2016-151869,9/25/2016,9/25/2016,Le même jour,CS-11950,Carlos Soltero,Grand public,États-Unis,Freeport,New York,USCA - Est,FUR-CH-10001545,Mobilier,Chaises,Hon Comfortask Task/Swivel Chairs,102.58,1,0.1,6.84
9269,US-2016-151869,9/25/2016,9/25/2016,Le même jour,CS-11950,Carlos Soltero,Grand public,États-Unis,Freeport,New York,USCA - Est,OFF-PA-10002947,Fournitures de bureau,Papier,Xerox 1923,20.04,3,0,9.62
9286,US-2016-102778,11/21/2016,11/24/2016,Prioritaire,JH-15820,John Huston,Grand public,États-Unis,Monroe,Caroline du Nord,USCA - Sud,FUR-FU-10000087,Mobilier,Meubles,"Executive Impressions 14"" Two-Color Numerals Wall Clock",18.18,1,0.2,4.77
9297,US-2016-163433,4/18/2016,4/22/2016,J+2,MP-17965,Michael Paige,Entreprise,États-Unis,Mcallen,Texas,USCA - Centre,TEC-AC-10003590,Produits technologiques,Accessoires,"TRENDnet 56K USB 2.0 Phone, Internet and Fax Modem",41.42,2,0.2,8.28
9298,US-2016-163433,4/18/2016,4/22/2016,J+2,MP-17965,Michael Paige,Entreprise,États-Unis,Mcallen,Texas,USCA - Centre,TEC-PH-10003357,Produits technologiques,Téléphones,Grandstream GXP2100 Mainstream Business Phone,244.77,4,0.2,24.48
9299,US-2016-163433,4/18/2016,4/22/2016,J+2,MP-17965,Michael Paige,Entreprise,États-Unis,Mcallen,Texas,USCA - Centre,OFF-AR-10003373,Fournitures de bureau,Art,"Boston School Pro Electric Pencil Sharpener, 1670",74.35,3,0.2,6.51
9300,US-2016-163433,4/18/2016,4/22/2016,J+2,MP-17965,Michael Paige,Entreprise,États-Unis,Mcallen,Texas,USCA - Centre,OFF-BI-10003676,Fournitures de bureau,Classeurs,"GBC Standard Recycled Report Covers, Clear Plastic Sheets",4.31,2,0.8,-6.9
9301,US-2016-163433,4/18/2016,4/22/2016,J+2,MP-17965,Michael Paige,Entreprise,États-Unis,Mcallen,Texas,USCA - Centre,FUR-CH-10000225,Mobilier,Chaises,"Global Geo Office Task Chair, Gray",56.69,1,0.3,-20.25
9302,US-2016-163433,4/18/2016,4/22/2016,J+2,MP-17965,Michael Paige,Entreprise,États-Unis,Mcallen,Texas,USCA - Centre,TEC-PH-10001870,Produits technologiques,Téléphones,Lunatik TT5L-002 Taktik Strike Impact Protection System for iPhone 5,97.97,2,0.2,6.12
9303,US-2016-163433,4/18/2016,4/22/2016,J+2,MP-17965,Michael Paige,Entreprise,États-Unis,Mcallen,Texas,USCA - Centre,OFF-AR-10003481,Fournitures de bureau,Art,Newell 348,7.87,3,0.2,0.89
9304,US-2016-163433,4/18/2016,4/22/2016,J+2,MP-17965,Michael Paige,Entreprise,États-Unis,Mcallen,Texas,USCA - Centre,OFF-PA-10003936,Fournitures de bureau,Papier,Xerox 1994,15.55,3,0.2,5.44
9305,US-2016-163433,4/18/2016,4/22/2016,J+2,MP-17965,Michael Paige,Entreprise,États-Unis,Mcallen,Texas,USCA - Centre,OFF-BI-10000320,Fournitures de bureau,Classeurs,GBC Plastic Binding Combs,1.48,1,0.8,-2.29
9306,US-2016-137603,9/19/2016,9/24/2016,Tarif normal,MH-17290,Marc Harrigan,Bureau à domicile,États-Unis,Santa Fe,Nouveau-Mexique,USCA - Ouest,OFF-AR-10001972,Fournitures de bureau,Art,Newell 323,8.4,5,0,2.18
9314,US-2016-111948,11/11/2016,11/11/2016,Le même jour,AG-10495,Andrew Gjertsen,Entreprise,États-Unis,Detroit,Michigan,USCA - Centre,OFF-ST-10003282,Fournitures de bureau,Stockage,"Advantus 10-Drawer Portable Organizer, Chrome Metal Frame, Smoke Drawers",418.32,7,0,117.13
9315,US-2016-111948,11/11/2016,11/11/2016,Le même jour,AG-10495,Andrew Gjertsen,Entreprise,États-Unis,Detroit,Michigan,USCA - Centre,OFF-AP-10002311,Fournitures de bureau,Électroménager,"Holmes Replacement Filter for HEPA Air Cleaner, Very Large Room, HEPA Filter",123.86,2,0.1,46.79
9330,US-2016-164497,11/28/2016,12/1/2016,Prioritaire,AJ-10945,Ashley Jarboe,Grand public,États-Unis,San Francisco,Californie,USCA - Ouest,OFF-AP-10004655,Fournitures de bureau,Électroménager,"Holmes Visible Mist Ultrasonic Humidifier with 2.3-Gallon Output per Day, Replacement Filter",45.28,4,0,15.4
9331,US-2016-153283,11/12/2016,11/18/2016,Tarif normal,EB-14110,Eugene Barchas,Grand public,États-Unis,New York City,New York,USCA - Est,OFF-EN-10001539,Fournitures de bureau,Enveloppes,Staple envelope,15.56,2,0,7.31
9355,US-2016-110324,12/1/2016,12/5/2016,Tarif normal,MA-17560,Matt Abelman,Bureau à domicile,États-Unis,Jackson,Michigan,USCA - Centre,OFF-PA-10001826,Fournitures de bureau,Papier,Xerox 207,19.44,3,0,9.33
9356,US-2016-110324,12/1/2016,12/5/2016,Tarif normal,MA-17560,Matt Abelman,Bureau à domicile,États-Unis,Jackson,Michigan,USCA - Centre,OFF-AR-10000823,Fournitures de bureau,Art,Newell 307,3.64,2,0,1.02
9357,US-2016-110324,12/1/2016,12/5/2016,Tarif normal,MA-17560,Matt Abelman,Bureau à domicile,États-Unis,Jackson,Michigan,USCA - Centre,OFF-PA-10001776,Fournitures de bureau,Papier,"Wirebound Message Books, Four 2 3/4"" x 5"" Forms per Page, 600 Sets per Book",18.54,2,0,8.71
9371,US-2016-111339,5/29/2016,6/1/2016,Prioritaire,VP-21760,Victoria Pisteka,Entreprise,États-Unis,Columbus,Ohio,USCA - Est,FUR-FU-10002506,Mobilier,Meubles,"Tensor ""Hersey Kiss"" Styled Floor Lamp",41.57,4,0.2,-4.16
9372,US-2016-111339,5/29/2016,6/1/2016,Prioritaire,VP-21760,Victoria Pisteka,Entreprise,États-Unis,Columbus,Ohio,USCA - Est,FUR-CH-10000863,Mobilier,Chaises,Novimex Swivel Fabric Task Chair,317.06,3,0.3,-86.06
9373,US-2016-111339,5/29/2016,6/1/2016,Prioritaire,VP-21760,Victoria Pisteka,Entreprise,États-Unis,Columbus,Ohio,USCA - Est,OFF-FA-10002988,Fournitures de bureau,Éléments de fixation,Ideal Clamps,8.04,5,0.2,2.91
9376,US-2016-126347,12/14/2016,12/19/2016,J+2,AJ-10945,Ashley Jarboe,Grand public,États-Unis,Los Angeles,Californie,USCA - Ouest,TEC-AC-10003063,Produits technologiques,Accessoires,Micro Innovations USB RF Wireless Keyboard with Mouse,50,2,0,10.5
9391,US-2016-163734,6/19/2016,6/24/2016,Tarif normal,KM-16375,Katherine Murray,Bureau à domicile,États-Unis,Houston,Texas,USCA - Centre,OFF-ST-10003692,Fournitures de bureau,Stockage,Recycled Steel Personal File for Hanging File Folders,228.92,5,0.2,14.31
9393,US-2016-130848,10/25/2016,10/25/2016,Le même jour,DG-13300,Deirdre Greer,Entreprise,États-Unis,Denver,Colorado,USCA - Ouest,FUR-CH-10000422,Mobilier,Chaises,Global Highback Leather Tilter in Burgundy,582.34,8,0.2,-29.12
9401,US-2016-167696,9/16/2016,9/21/2016,Tarif normal,BD-11500,Bradley Drucker,Grand public,États-Unis,Newport News,Virginie,USCA - Sud,OFF-EN-10001539,Fournitures de bureau,Enveloppes,Staple envelope,31.12,4,0,14.63
9413,US-2016-164777,1/27/2016,1/29/2016,Prioritaire,SC-20305,Sean Christensen,Grand public,États-Unis,Los Angeles,Californie,USCA - Ouest,FUR-CH-10002024,Mobilier,Chaises,HON 5400 Series Task Chairs for Big and Tall,2803.92,5,0.2,0
9415,US-2016-127824,10/18/2016,10/22/2016,Tarif normal,JC-15775,John Castell,Grand public,États-Unis,Seattle,Washington,USCA - Ouest,TEC-PH-10004094,Produits technologiques,Téléphones,Motorola L703CM,249.58,2,0.2,15.6
9416,US-2016-127824,10/18/2016,10/22/2016,Tarif normal,JC-15775,John Castell,Grand public,États-Unis,Seattle,Washington,USCA - Ouest,OFF-PA-10001184,Fournitures de bureau,Papier,Xerox 1903,17.94,3,0,8.79
9417,US-2016-127824,10/18/2016,10/22/2016,Tarif normal,JC-15775,John Castell,Grand public,États-Unis,Seattle,Washington,USCA - Ouest,FUR-FU-10002505,Mobilier,Meubles,Eldon 100 Class Desk Accessories,10.11,3,0,3.24
9430,US-2016-166219,8/28/2016,9/1/2016,Tarif normal,BP-11185,Ben Peterman,Entreprise,États-Unis,Dallas,Texas,USCA - Centre,TEC-PH-10004165,Produits technologiques,Téléphones,Mitel MiVoice 5330e IP Phone,1099.96,5,0.2,82.5
9431,US-2016-166219,8/28/2016,9/1/2016,Tarif normal,BP-11185,Ben Peterman,Entreprise,États-Unis,Dallas,Texas,USCA - Centre,FUR-TA-10004607,Mobilier,Tables,Hon 2111 Invitation Series Straight Table,103.48,1,0.3,-16.26
9432,US-2016-111864,6/19/2016,6/19/2016,Le même jour,PP-18955,Paul Prost,Bureau à domicile,États-Unis,Philadelphia,Pennsylvanie,USCA - Est,OFF-LA-10004677,Fournitures de bureau,Étiquettes,Self-Adhesive Address Labels for Typewriters with Dispenser Box,5.9,2,0.2,1.99
9433,US-2016-119627,8/17/2016,8/23/2016,Tarif normal,SC-20725,Steven Cartwright,Grand public,États-Unis,Peoria,Arizona,USCA - Ouest,TEC-AC-10002217,Produits technologiques,Accessoires,Imation Clip USB flash drive - 8 GB,30.08,2,0.2,-5.26
9434,US-2016-119627,8/17/2016,8/23/2016,Tarif normal,SC-20725,Steven Cartwright,Grand public,États-Unis,Peoria,Arizona,USCA - Ouest,OFF-PA-10001937,Fournitures de bureau,Papier,Xerox 21,36.29,7,0.2,12.7
9435,US-2016-119627,8/17/2016,8/23/2016,Tarif normal,SC-20725,Steven Cartwright,Grand public,États-Unis,Peoria,Arizona,USCA - Ouest,OFF-AR-10000203,Fournitures de bureau,Art,Newell 336,10.27,3,0.2,1.16
9436,US-2016-119627,8/17/2016,8/23/2016,Tarif normal,SC-20725,Steven Cartwright,Grand public,États-Unis,Peoria,Arizona,USCA - Ouest,TEC-AC-10001142,Produits technologiques,Accessoires,First Data FD10 PIN Pad,252.8,4,0.2,-31.6
9437,US-2016-160787,9/25/2016,9/25/2016,Le même jour,BM-11785,Bryan Mills,Grand public,États-Unis,Philadelphia,Pennsylvanie,USCA - Est,OFF-BI-10003712,Fournitures de bureau,Classeurs,"Acco Pressboard Covers with Storage Hooks, 14 7/8"" x 11"", Light Blue",2.95,2,0.7,-2.06
9445,US-2016-104052,3/1/2016,3/2/2016,Prioritaire,TP-21565,Tracy Poddar,Entreprise,États-Unis,Coppell,Texas,USCA - Centre,TEC-PH-10003215,Produits technologiques,Téléphones,Jackery Bar Premium Fast-charging Portable Charger,95.84,4,0.2,34.74
9446,US-2016-168277,5/29/2016,6/3/2016,Tarif normal,KB-16315,Karl Braun,Grand public,États-Unis,Indianapolis,Indiana,USCA - Centre,OFF-LA-10004484,Fournitures de bureau,Étiquettes,Avery 476,12.39,3,0,5.7
9452,US-2016-129546,9/28/2016,10/5/2016,Tarif normal,RP-19855,Roy Phan,Entreprise,États-Unis,Los Angeles,Californie,USCA - Ouest,OFF-AP-10002495,Fournitures de bureau,Électroménager,"Acco Smartsocket Table Surge Protector, 6 Color-Coded Adapter Outlets",186.15,3,0,55.85
9453,US-2016-129546,9/28/2016,10/5/2016,Tarif normal,RP-19855,Roy Phan,Entreprise,États-Unis,Los Angeles,Californie,USCA - Ouest,OFF-BI-10004001,Fournitures de bureau,Classeurs,GBC Recycled VeloBinder Covers,81.79,6,0.2,26.58
9454,US-2016-129546,9/28/2016,10/5/2016,Tarif normal,RP-19855,Roy Phan,Entreprise,États-Unis,Los Angeles,Californie,USCA - Ouest,OFF-SU-10004884,Fournitures de bureau,Fournitures,Acme Galleria Hot Forged Steel Scissors with Colored Handles,47.19,3,0,13.69
9455,US-2016-129546,9/28/2016,10/5/2016,Tarif normal,RP-19855,Roy Phan,Entreprise,États-Unis,Los Angeles,Californie,USCA - Ouest,TEC-PH-10003555,Produits technologiques,Téléphones,Motorola HK250 Universal Bluetooth Headset,36.78,2,0.2,-8.28
9475,US-2016-100818,2/21/2016,2/24/2016,J+2,JM-15265,Janet Molinari,Entreprise,États-Unis,Chicago,Illinois,USCA - Centre,OFF-LA-10000443,Fournitures de bureau,Étiquettes,Avery 501,5.9,2,0.2,1.99
9476,US-2016-100818,2/21/2016,2/24/2016,J+2,JM-15265,Janet Molinari,Entreprise,États-Unis,Chicago,Illinois,USCA - Centre,OFF-PA-10001125,Fournitures de bureau,Papier,Xerox 1988,173.49,7,0.2,54.22
9477,US-2016-100818,2/21/2016,2/24/2016,J+2,JM-15265,Janet Molinari,Entreprise,États-Unis,Chicago,Illinois,USCA - Centre,FUR-FU-10002703,Mobilier,Meubles,"Tenex Traditional Chairmats for Hard Floors, Average Lip, 36"" x 48""",51.56,2,0.6,-61.87
9478,US-2016-100818,2/21/2016,2/24/2016,J+2,JM-15265,Janet Molinari,Entreprise,États-Unis,Chicago,Illinois,USCA - Centre,OFF-BI-10004364,Fournitures de bureau,Classeurs,Storex Dura Pro Binders,3.56,3,0.8,-6.24
9483,US-2016-158351,6/20/2016,6/24/2016,J+2,BC-11125,Becky Castell,Bureau à domicile,États-Unis,Philadelphia,Pennsylvanie,USCA - Est,TEC-AC-10001838,Produits technologiques,Accessoires,Razer Tiamat Over Ear 7.1 Surround Sound PC Gaming Headset,319.98,2,0.2,92
9489,US-2016-156566,10/1/2016,10/4/2016,Prioritaire,EM-13960,Eric Murdock,Grand public,États-Unis,Portland,Oregon,USCA - Ouest,TEC-PH-10001817,Produits technologiques,Téléphones,Wilson Electronics DB Pro Signal Booster,572.8,2,0.2,50.12
9502,US-2016-158589,11/20/2016,11/24/2016,Tarif normal,KW-16570,Kelly Williams,Grand public,États-Unis,San Francisco,Californie,USCA - Ouest,FUR-FU-10001546,Mobilier,Meubles,Dana Swing-Arm Lamps,32.04,3,0,8.01
9517,US-2016-123939,8/24/2016,8/26/2016,J+2,MS-17710,Maurice Satty,Grand public,États-Unis,Bowling Green,Ohio,USCA - Est,TEC-PH-10000923,Produits technologiques,Téléphones,"Belkin SportFit Armband For iPhone 5s/5c, Fuchsia",26.98,3,0.4,4.05
9518,US-2016-123939,8/24/2016,8/26/2016,J+2,MS-17710,Maurice Satty,Grand public,États-Unis,Bowling Green,Ohio,USCA - Est,OFF-LA-10003190,Fournitures de bureau,Étiquettes,Avery 474,6.91,3,0.2,2.51
9519,US-2016-123939,8/24/2016,8/26/2016,J+2,MS-17710,Maurice Satty,Grand public,États-Unis,Bowling Green,Ohio,USCA - Est,OFF-ST-10003208,Fournitures de bureau,Stockage,Adjustable Depth Letter/Legal Cart,435.5,3,0.2,48.99
9541,US-2016-135727,5/11/2016,5/16/2016,J+2,PS-18970,Paul Stevenson,Bureau à domicile,États-Unis,Phoenix,Arizona,USCA - Ouest,FUR-CH-10004540,Mobilier,Chaises,Global Chrome Stack Chair,191.97,7,0.2,16.8
9542,US-2016-135251,8/6/2016,8/10/2016,Tarif normal,RP-19270,Rachel Payne,Entreprise,États-Unis,Houston,Texas,USCA - Centre,OFF-LA-10004544,Fournitures de bureau,Étiquettes,Avery 505,35.52,3,0.2,13.32
9543,US-2016-135251,8/6/2016,8/10/2016,Tarif normal,RP-19270,Rachel Payne,Entreprise,États-Unis,Houston,Texas,USCA - Centre,OFF-BI-10001097,Fournitures de bureau,Classeurs,Avery Hole Reinforcements,6.23,5,0.8,-9.66
9544,US-2016-135251,8/6/2016,8/10/2016,Tarif normal,RP-19270,Rachel Payne,Entreprise,États-Unis,Houston,Texas,USCA - Centre,OFF-PA-10003302,Fournitures de bureau,Papier,Xerox 1906,56.7,2,0.2,19.14
9545,US-2016-135251,8/6/2016,8/10/2016,Tarif normal,RP-19270,Rachel Payne,Entreprise,États-Unis,Houston,Texas,USCA - Centre,FUR-BO-10003965,Mobilier,Bibliothèques,O'Sullivan Manor Hill 2-Door Library in Brianna Oak,369.2,3,0.3,-114.02
9551,US-2016-160864,5/3/2016,5/6/2016,Prioritaire,NF-18595,Nicole Fjeld,Bureau à domicile,États-Unis,San Jose,Californie,USCA - Ouest,OFF-BI-10004654,Fournitures de bureau,Classeurs,Avery Binding System Hidden Tab Executive Style Index Sets,13.85,3,0.2,5.19
9552,US-2016-147690,11/10/2016,11/14/2016,Tarif normal,SC-20020,Sam Craven,Grand public,États-Unis,Philadelphia,Pennsylvanie,USCA - Est,OFF-ST-10001526,Fournitures de bureau,Stockage,Iceberg Mobile Mega Data/Printer Cart,577.58,6,0.2,43.32
9553,US-2016-163923,2/20/2016,2/23/2016,Tarif normal,BD-11560,Brendan Dodson,Bureau à domicile,États-Unis,Springfield,Virginie,USCA - Sud,TEC-AC-10000358,Produits technologiques,Accessoires,Imation Secure Drive + Hardware Encrypted USB flash drive - 16 GB,151.96,4,0,36.47
9555,US-2016-111612,11/28/2016,12/2/2016,Tarif normal,EB-14110,Eugene Barchas,Grand public,États-Unis,Columbus,Ohio,USCA - Est,FUR-FU-10003799,Mobilier,Meubles,"Seth Thomas 13 1/2"" Wall Clock",71.12,5,0.2,9.78
9556,US-2016-111612,11/28/2016,12/2/2016,Tarif normal,EB-14110,Eugene Barchas,Grand public,États-Unis,Columbus,Ohio,USCA - Est,OFF-FA-10003021,Fournitures de bureau,Éléments de fixation,Staples,3.01,2,0.2,0.56
9557,US-2016-156853,12/3/2016,12/5/2016,J+2,HP-14815,Harold Pawlan,Bureau à domicile,États-Unis,Concord,New Hampshire,USCA - Est,OFF-PA-10003656,Fournitures de bureau,Papier,Xerox 1935,184.66,7,0,84.94
9565,US-2016-161242,6/1/2016,6/8/2016,Tarif normal,CG-12040,Catherine Glotzbach,Bureau à domicile,États-Unis,Los Angeles,Californie,USCA - Ouest,OFF-PA-10001838,Fournitures de bureau,Papier,"Adams Telephone Message Book W/Dividers/Space For Phone Numbers, 5 1/4""X8 1/2"", 300/Messages",11.76,2,0,5.76
9570,US-2016-113131,9/24/2016,9/24/2016,Le même jour,MB-17305,Maria Bertelson,Grand public,États-Unis,Columbus,Ohio,USCA - Est,OFF-BI-10003196,Fournitures de bureau,Classeurs,Accohide Poly Flexible Ring Binders,6.73,6,0.7,-4.49
9571,US-2016-113131,9/24/2016,9/24/2016,Le même jour,MB-17305,Maria Bertelson,Grand public,États-Unis,Columbus,Ohio,USCA - Est,OFF-ST-10001172,Fournitures de bureau,Stockage,"Tennsco Lockers, Sand",33.57,2,0.2,1.68
9572,US-2016-113131,9/24/2016,9/24/2016,Le même jour,MB-17305,Maria Bertelson,Grand public,États-Unis,Columbus,Ohio,USCA - Est,OFF-EN-10003068,Fournitures de bureau,Enveloppes,#6 3/4 Gummed Flap White Envelopes,15.84,2,0.2,5.54
9573,US-2016-113131,9/24/2016,9/24/2016,Le même jour,MB-17305,Maria Bertelson,Grand public,États-Unis,Columbus,Ohio,USCA - Est,OFF-LA-10003510,Fournitures de bureau,Étiquettes,"Avery 4027 File Folder Labels for Dot Matrix Printers, 5000 Labels per Box, White",24.42,1,0.2,7.94
9574,US-2016-113131,9/24/2016,9/24/2016,Le même jour,MB-17305,Maria Bertelson,Grand public,États-Unis,Columbus,Ohio,USCA - Est,OFF-AR-10003504,Fournitures de bureau,Art,Newell 347,17.12,5,0.2,1.93
9575,US-2016-148495,8/13/2016,8/13/2016,Le même jour,SF-20065,Sandra Flanagan,Grand public,États-Unis,Pomona,Californie,USCA - Ouest,FUR-FU-10001889,Mobilier,Meubles,Ultra Door Pull Handle,31.56,3,0,10.41
9576,US-2016-143147,5/26/2016,5/28/2016,J+2,PS-18760,Pamela Stobb,Grand public,États-Unis,San Antonio,Texas,USCA - Centre,FUR-CH-10000863,Mobilier,Chaises,Novimex Swivel Fabric Task Chair,105.69,1,0.3,-28.69
9577,US-2016-143147,5/26/2016,5/28/2016,J+2,PS-18760,Pamela Stobb,Grand public,États-Unis,San Antonio,Texas,USCA - Centre,TEC-MA-10004679,Produits technologiques,Machines,StarTech.com 10/100 VDSL2 Ethernet Extender Kit,399.54,2,0.4,-79.91
9578,US-2016-143147,5/26/2016,5/28/2016,J+2,PS-18760,Pamela Stobb,Grand public,États-Unis,San Antonio,Texas,USCA - Centre,FUR-CH-10004754,Mobilier,Chaises,"Global Stack Chair with Arms, Black",104.93,5,0.3,-4.5
9599,US-2016-149517,9/19/2016,9/23/2016,Tarif normal,FC-14245,Frank Carlisle,Bureau à domicile,États-Unis,Sacramento,Californie,USCA - Ouest,FUR-FU-10003464,Mobilier,Meubles,"Seth Thomas 8 1/2"" Cubicle Clock",60.84,3,0,19.47
9600,US-2016-116841,4/14/2016,4/18/2016,Tarif normal,TP-21130,Theone Pippenger,Grand public,États-Unis,Springfield,Oregon,USCA - Ouest,OFF-AP-10002403,Fournitures de bureau,Électroménager,Acco Smartsocket Color-Coded Six-Outlet AC Adapter Model Surge Protectors,35.21,1,0.2,2.64
9605,US-2016-138625,11/2/2016,11/5/2016,Prioritaire,EG-13900,Emily Grady,Grand public,États-Unis,Chesapeake,Virginie,USCA - Sud,OFF-AP-10003099,Fournitures de bureau,Électroménager,"Eureka Hand Vacuum, Bagless",197.72,4,0,55.36
9640,US-2016-116638,1/28/2016,1/30/2016,J+2,JH-15985,Joseph Holt,Grand public,États-Unis,Concord,Caroline du Nord,USCA - Sud,FUR-TA-10000198,Mobilier,Tables,Chromcraft Bull-Nose Wood Oval Conference Tables & Bases,4297.64,13,0.4,-1862.31
9665,US-2016-120957,12/7/2016,12/7/2016,Le même jour,KH-16690,Kristen Hastings,Entreprise,États-Unis,Riverside,Californie,USCA - Ouest,OFF-PA-10003953,Fournitures de bureau,Papier,Xerox 218,12.96,2,0,6.22
9671,US-2016-133396,8/13/2016,8/15/2016,Prioritaire,GK-14620,Grace Kelly,Entreprise,États-Unis,Greensboro,Caroline du Nord,USCA - Sud,OFF-AR-10001446,Fournitures de bureau,Art,Newell 309,64.68,7,0.2,8.09
9680,US-2016-130113,12/27/2016,12/29/2016,Tarif normal,AH-10030,Aaron Hawkins,Entreprise,États-Unis,San Francisco,Californie,USCA - Ouest,OFF-ST-10000046,Fournitures de bureau,Stockage,Fellowes Super Stor/Drawer Files,323.1,2,0,61.39
9681,US-2016-130113,12/27/2016,12/29/2016,Tarif normal,AH-10030,Aaron Hawkins,Entreprise,États-Unis,San Francisco,Californie,USCA - Ouest,TEC-PH-10003505,Produits technologiques,Téléphones,Geemarc AmpliPOWER60,668.16,9,0.2,75.17
9692,US-2016-130183,11/13/2016,11/17/2016,Tarif normal,PO-18850,Patrick O'Brill,Grand public,États-Unis,Houston,Texas,USCA - Centre,FUR-BO-10001811,Mobilier,Bibliothèques,"Atlantic Metals Mobile 5-Shelf Bookcases, Custom Colors",614,3,0.3,-18.06
9693,US-2016-107902,8/28/2016,9/2/2016,Tarif normal,SM-20950,Suzanne McNair,Entreprise,États-Unis,Fairfield,Connecticut,USCA - Est,OFF-ST-10001837,Fournitures de bureau,Stockage,"SAFCO Mobile Desk Side File, Wire Frame",470.36,11,0,122.29
9725,US-2016-117898,12/5/2016,12/11/2016,Tarif normal,TB-21250,Tim Brockman,Grand public,États-Unis,Bloomington,Illinois,USCA - Centre,OFF-EN-10004459,Fournitures de bureau,Enveloppes,Security-Tint Envelopes,12.22,2,0.2,4.43
9737,US-2016-100069,6/29/2016,7/3/2016,Tarif normal,NF-18475,Neil Französisch,Bureau à domicile,États-Unis,Omaha,Nebraska,USCA - Centre,TEC-PH-10004667,Produits technologiques,Téléphones,Cisco 8x8 Inc. 6753i IP Business Phone System,269.98,2,0,72.89
9742,US-2016-117086,11/8/2016,11/12/2016,Tarif normal,QJ-19255,Quincy Jones,Entreprise,États-Unis,Burlington,Vermont,USCA - Est,FUR-BO-10004834,Mobilier,Bibliothèques,"Riverside Palais Royal Lawyers Bookcase, Royale Cherry Finish",4404.9,5,0,1013.13
9783,US-2016-149748,2/21/2016,2/23/2016,J+2,EM-13825,Elizabeth Moffitt,Entreprise,États-Unis,Paterson,New Jersey,USCA - Est,OFF-PA-10002120,Fournitures de bureau,Papier,Xerox 1889,274.8,5,0,134.65
9784,US-2016-149748,2/21/2016,2/23/2016,J+2,EM-13825,Elizabeth Moffitt,Entreprise,États-Unis,Paterson,New Jersey,USCA - Est,OFF-ST-10004340,Fournitures de bureau,Stockage,"Fellowes Mobile File Cart, Black",62.18,1,0,16.79
9785,US-2016-149748,2/21/2016,2/23/2016,J+2,EM-13825,Elizabeth Moffitt,Entreprise,États-Unis,Paterson,New Jersey,USCA - Est,FUR-FU-10001847,Mobilier,Meubles,Eldon Image Series Black Desk Accessories,8.28,2,0,2.98
9786,US-2016-155635,5/9/2016,5/13/2016,Tarif normal,ME-17725,Max Engle,Grand public,États-Unis,Louisville,Kentucky,USCA - Sud,OFF-BI-10000962,Fournitures de bureau,Classeurs,"Acco Flexible ACCOHIDE Square Ring Data Binder, Dark Blue, 11 1/2"" X 14"" 7/8""",48.81,3,0,23.92
9797,US-2016-128608,1/12/2016,1/17/2016,Tarif normal,CS-12490,Cindy Schnelling,Entreprise,États-Unis,Toledo,Ohio,USCA - Est,OFF-AR-10001374,Fournitures de bureau,Art,"BIC Brite Liner Highlighters, Chisel Tip",10.37,2,0.2,1.56
9798,US-2016-128608,1/12/2016,1/17/2016,Tarif normal,CS-12490,Cindy Schnelling,Entreprise,États-Unis,Toledo,Ohio,USCA - Est,TEC-PH-10004977,Produits technologiques,Téléphones,GE 30524EE4,235.19,2,0.4,-43.12
9799,US-2016-128608,1/12/2016,1/17/2016,Tarif normal,CS-12490,Cindy Schnelling,Entreprise,États-Unis,Toledo,Ohio,USCA - Est,TEC-PH-10000912,Produits technologiques,Téléphones,Anker 24W Portable Micro USB Car Charger,26.38,4,0.4,2.64
9800,US-2016-128608,1/12/2016,1/17/2016,Tarif normal,CS-12490,Cindy Schnelling,Entreprise,États-Unis,Toledo,Ohio,USCA - Est,TEC-AC-10000487,Produits technologiques,Accessoires,SanDisk Cruzer 4 GB USB Flash Drive,10.38,2,0.2,2.21
9801,US-2016-128608,1/12/2016,1/17/2016,Tarif normal,CS-12490,Cindy Schnelling,Entreprise,États-Unis,Toledo,Ohio,USCA - Est,TEC-PH-10002262,Produits technologiques,Téléphones,LG Electronics Tone+ HBS-730 Bluetooth Headset,107.12,3,0.4,-21.42
9803,US-2016-122973,7/18/2016,7/20/2016,J+2,PJ-19015,Pauline Johnson,Grand public,États-Unis,New York City,New York,USCA - Est,OFF-BI-10004182,Fournitures de bureau,Classeurs,Economy Binders,3.33,2,0.2,1.21
9804,US-2016-122973,7/18/2016,7/20/2016,J+2,PJ-19015,Pauline Johnson,Grand public,États-Unis,New York City,New York,USCA - Est,TEC-PH-10002468,Produits technologiques,Téléphones,"Plantronics CS 50-USB - headset - Convertible, Monaural",135.99,1,0,36.72
9805,US-2016-122973,7/18/2016,7/20/2016,J+2,PJ-19015,Pauline Johnson,Grand public,États-Unis,New York City,New York,USCA - Est,FUR-FU-10002364,Mobilier,Meubles,"Eldon Expressions Wood Desk Accessories, Oak",7.38,1,0,2.14
9816,US-2016-162201,6/8/2016,6/12/2016,Tarif normal,AG-10495,Andrew Gjertsen,Entreprise,États-Unis,Saint Petersburg,Floride,USCA - Sud,OFF-PA-10002581,Fournitures de bureau,Papier,Xerox 1951,173.49,7,0.2,54.22
9817,US-2016-162201,6/8/2016,6/12/2016,Tarif normal,AG-10495,Andrew Gjertsen,Entreprise,États-Unis,Saint Petersburg,Floride,USCA - Sud,OFF-ST-10000046,Fournitures de bureau,Stockage,Fellowes Super Stor/Drawer Files,516.96,4,0.2,-6.46
9818,US-2016-162201,6/8/2016,6/12/2016,Tarif normal,AG-10495,Andrew Gjertsen,Entreprise,États-Unis,Saint Petersburg,Floride,USCA - Sud,FUR-FU-10001185,Mobilier,Meubles,"Advantus Employee of the Month Certificate Frame, 11 x 13-1/2",173.21,7,0.2,45.47
9819,US-2016-162201,6/8/2016,6/12/2016,Tarif normal,AG-10495,Andrew Gjertsen,Entreprise,États-Unis,Saint Petersburg,Floride,USCA - Sud,OFF-AR-10003856,Fournitures de bureau,Art,Newell 344,4.45,2,0.2,0.33
9820,US-2016-162201,6/8/2016,6/12/2016,Tarif normal,AG-10495,Andrew Gjertsen,Entreprise,États-Unis,Saint Petersburg,Floride,USCA - Sud,OFF-LA-10001982,Fournitures de bureau,Étiquettes,Smead Alpha-Z Color-Coded Name Labels First Letter Starter Set,9,3,0.2,3.15
9821,US-2016-162201,6/8/2016,6/12/2016,Tarif normal,AG-10495,Andrew Gjertsen,Entreprise,États-Unis,Saint Petersburg,Floride,USCA - Sud,OFF-PA-10001215,Fournitures de bureau,Papier,Xerox 1963,42.24,10,0.2,13.2
9822,US-2016-162201,6/8/2016,6/12/2016,Tarif normal,AG-10495,Andrew Gjertsen,Entreprise,États-Unis,Saint Petersburg,Floride,USCA - Sud,OFF-BI-10002429,Fournitures de bureau,Classeurs,"Premier Elliptical Ring Binder, Black",18.26,2,0.7,-13.39
9858,US-2016-164301,3/26/2016,3/28/2016,Tarif normal,EB-13840,Ellis Ballard,Entreprise,États-Unis,Seattle,Washington,USCA - Ouest,FUR-TA-10001889,Mobilier,Tables,Bush Advantage Collection Racetrack Conference Table,3393.68,8,0,610.86
9867,US-2016-116981,3/26/2016,3/28/2016,J+2,SM-20950,Suzanne McNair,Entreprise,États-Unis,New York City,New York,USCA - Est,OFF-ST-10002615,Fournitures de bureau,Stockage,"Dual Level, Single-Width Filing Carts",1085.42,7,0,282.21
9868,US-2016-116981,3/26/2016,3/28/2016,J+2,SM-20950,Suzanne McNair,Entreprise,États-Unis,New York City,New York,USCA - Est,OFF-AP-10000595,Fournitures de bureau,Électroménager,Disposable Triple-Filter Dust Bags,13.11,3,0,3.41
9876,US-2016-130855,12/29/2016,1/5/2017,Tarif normal,RF-19840,Roy Französisch,Grand public,États-Unis,New York City,New York,USCA - Est,OFF-SU-10003936,Fournitures de bureau,Fournitures,Acme Serrated Blade Letter Opener,6.36,2,0,0.06
9881,US-2016-104297,5/29/2016,5/29/2016,Prioritaire,CC-12100,Chad Cunningham,Bureau à domicile,États-Unis,Cleveland,Ohio,USCA - Est,OFF-PA-10000474,Fournitures de bureau,Papier,Easy-staple paper,85.06,3,0.2,28.71
9889,US-2016-127544,8/8/2016,8/12/2016,Tarif normal,RD-19585,Rob Dowd,Grand public,États-Unis,Utica,New York,USCA - Est,TEC-AC-10000736,Produits technologiques,Accessoires,Logitech G600 MMO Gaming Mouse,79.99,1,0,28.8
9906,US-2016-129007,9/13/2016,9/15/2016,Prioritaire,KD-16615,Ken Dana,Entreprise,États-Unis,Anaheim,Californie,USCA - Ouest,FUR-FU-10004973,Mobilier,Meubles,Flat Face Poster Frame,131.88,7,0,55.39
9907,,9/13/2016,9/15/2016,Prioritaire,KD-16615,Ken Dana,Entreprise,États-Unis,Anaheim,Californie,USCA - Ouest,OFF-BI-10001628,Fournitures de bureau,Classeurs,"Acco Data Flex Cable Posts For Top & Bottom Load Binders, 6"" Capacity",25.03,3,0.2,7.82
9908,US-2016-129007,9/13/2016,9/15/2016,Prioritaire,KD-16615,Ken Dana,Entreprise,États-Unis,Anaheim,Californie,USCA - Ouest,FUR-CH-10000155,Mobilier,Chaises,Global Comet Stacking Armless Chair,717.72,3,0.2,71.77
9909,US-2016-129007,9/13/2016,9/15/2016,Prioritaire,KD-16615,Ken Dana,Entreprise,États-Unis,Anaheim,Californie,USCA - Ouest,FUR-FU-10002379,Mobilier,Meubles,Eldon Econocleat Chair Mats for Low Pile Carpets,207.35,5,0,24.88
9910,US-2016-129007,9/13/2016,9/15/2016,Prioritaire,KD-16615,Ken Dana,Entreprise,États-Unis,Anaheim,Californie,USCA - Ouest,FUR-FU-10004018,Mobilier,Meubles,Tensor Computer Mounted Lamp,44.67,3,0,12.06
9911,US-2016-129007,9/13/2016,9/15/2016,Prioritaire,KD-16615,Ken Dana,Entreprise,États-Unis,Anaheim,Californie,USCA - Ouest,OFF-PA-10000994,Fournitures de bureau,Papier,Xerox 1915,209.7,2,0,100.66
9913,US-2016-132388,10/10/2016,10/12/2016,Prioritaire,KN-16390,Katherine Nockton,Entreprise,États-Unis,Santa Barbara,Californie,USCA - Ouest,FUR-CH-10001714,Mobilier,Chaises,"Global Leather & Oak Executive Chair, Burgundy",362.14,3,0.2,-54.32
9914,US-2016-132388,10/10/2016,10/12/2016,Prioritaire,KN-16390,Katherine Nockton,Entreprise,États-Unis,Santa Barbara,Californie,USCA - Ouest,OFF-LA-10000414,Fournitures de bureau,Étiquettes,Avery 503,31.05,3,0,14.9
9919,US-2016-105508,9/24/2016,9/29/2016,Tarif normal,JF-15190,Jamie Frazer,Grand public,États-Unis,New York City,New York,USCA - Est,OFF-EN-10003055,Fournitures de bureau,Enveloppes,"Blue String-Tie & Button Interoffice Envelopes, 10 x 13",39.98,1,0,17.99
9924,US-2016-159534,3/20/2016,3/23/2016,Prioritaire,DH-13075,Dave Hallsten,Entreprise,États-Unis,New York City,New York,USCA - Est,OFF-BI-10003982,Fournitures de bureau,Classeurs,Wilson Jones Century Plastic Molded Ring Binders,49.85,3,0.2,16.82
9925,US-2016-159534,3/20/2016,3/23/2016,Prioritaire,DH-13075,Dave Hallsten,Entreprise,États-Unis,New York City,New York,USCA - Est,OFF-EN-10004386,Fournitures de bureau,Enveloppes,"Recycled Interoffice Envelopes with String and Button Closure, 10 x 13",23.99,1,0,12
9926,US-2016-159534,3/20/2016,3/23/2016,Prioritaire,DH-13075,Dave Hallsten,Entreprise,États-Unis,New York City,New York,USCA - Est,OFF-BI-10003656,Fournitures de bureau,Classeurs,Fellowes PB200 Plastic Comb Binding Machine,1087.94,8,0.2,353.58
9927,US-2016-159534,3/20/2016,3/23/2016,Prioritaire,DH-13075,Dave Hallsten,Entreprise,États-Unis,New York City,New York,USCA - Est,TEC-PH-10002310,Produits technologiques,Téléphones,Panasonic KX T7731-B Digital phone,199.98,2,0,53.99
9928,US-2016-159534,3/20/2016,3/23/2016,Prioritaire,DH-13075,Dave Hallsten,Entreprise,États-Unis,New York City,New York,USCA - Est,OFF-ST-10001172,Fournitures de bureau,Stockage,"Tennsco Lockers, Sand",83.92,4,0,20.14
9931,US-2016-104948,11/13/2016,11/17/2016,Tarif normal,KH-16510,Keith Herrera,Grand public,États-Unis,San Bernardino,Californie,USCA - Ouest,OFF-BI-10001267,Fournitures de bureau,Classeurs,"Universal Recycled Hanging Pressboard Report Binders, Letter Size",9.87,2,0.2,3.46
9932,US-2016-104948,11/13/2016,11/17/2016,Tarif normal,KH-16510,Keith Herrera,Grand public,États-Unis,San Bernardino,Californie,USCA - Ouest,FUR-BO-10004357,Mobilier,Bibliothèques,O'Sullivan Living Dimensions 3-Shelf Bookcases,683.33,4,0.2,-40.2
9933,US-2016-104948,11/13/2016,11/17/2016,Tarif normal,KH-16510,Keith Herrera,Grand public,États-Unis,San Bernardino,Californie,USCA - Ouest,OFF-PA-10004610,Fournitures de bureau,Papier,Xerox 1900,29.96,7,0,13.48
9945,US-2016-145415,4/12/2016,4/17/2016,J+2,RD-19660,Robert Dilbeck,Bureau à domicile,États-Unis,Seattle,Washington,USCA - Ouest,OFF-ST-10000419,Fournitures de bureau,Stockage,"Rogers Jumbo File, Granite",40.74,3,0,0.41
9953,US-2016-141593,12/14/2016,12/16/2016,J+2,DB-12970,Darren Budd,Entreprise,États-Unis,Los Angeles,Californie,USCA - Ouest,OFF-BI-10001153,Fournitures de bureau,Classeurs,Ibico Recycled Grain-Textured Covers,55.26,2,0.2,20.72
9954,US-2016-141593,12/14/2016,12/16/2016,J+2,DB-12970,Darren Budd,Entreprise,États-Unis,Los Angeles,Californie,USCA - Ouest,OFF-PA-10004983,Fournitures de bureau,Papier,Xerox 23,6.48,1,0,3.11
9955,US-2016-141593,12/14/2016,12/16/2016,J+2,DB-12970,Darren Budd,Entreprise,États-Unis,Los Angeles,Californie,USCA - Ouest,OFF-BI-10000948,Fournitures de bureau,Classeurs,"GBC Laser Imprintable Binding System Covers, Desert Sand",34.25,3,0.2,11.56
9956,US-2016-141593,12/14/2016,12/16/2016,J+2,DB-12970,Darren Budd,Entreprise,États-Unis,Los Angeles,Californie,USCA - Ouest,FUR-TA-10002622,Mobilier,Tables,"Bush Andora Conference Table, Maple/Graphite Gray Finish",273.57,2,0.2,10.26
9962,US-2016-168088,3/19/2016,3/22/2016,Prioritaire,CM-12655,Corinna Mitchell,Bureau à domicile,États-Unis,Houston,Texas,USCA - Centre,OFF-PA-10000675,Fournitures de bureau,Papier,Xerox 1919,65.58,2,0.2,23.77
9963,,3/19/2016,3/22/2016,Prioritaire,CM-12655,Corinna Mitchell,Bureau à domicile,États-Unis,Houston,Texas,USCA - Centre,FUR-BO-10004218,Mobilier,Bibliothèques,"Bush Heritage Pine Collection 5-Shelf Bookcase, Albany Pine Finish, *Special Order",383.47,4,0.3,-67.67
9964,US-2016-143700,7/26/2016,7/26/2016,Le même jour,AS-10240,Alan Shonely,Grand public,États-Unis,Philadelphia,Pennsylvanie,USCA - Est,OFF-PA-10003072,Fournitures de bureau,Papier,"Eureka Recycled Copy Paper 8 1/2"" x 11"", Ream",10.37,2,0.2,3.63
9971,US-2016-103772,6/28/2016,7/2/2016,Tarif normal,MP-17470,Mark Packer,Bureau à domicile,États-Unis,Smyrna,Géorgie,USCA - Sud,OFF-BI-10002867,Fournitures de bureau,Classeurs,GBC Recycled Regency Composition Covers,119.56,2,0,55
9972,US-2016-103772,6/28/2016,7/2/2016,Tarif normal,MP-17470,Mark Packer,Bureau à domicile,États-Unis,Smyrna,Géorgie,USCA - Sud,OFF-AR-10000538,Fournitures de bureau,Art,"Boston Model 1800 Electric Pencil Sharpener, Gray",140.75,5,0,42.23
9981,US-2016-151435,9/6/2016,9/9/2016,J+2,SW-20455,Shaun Weien,Grand public,États-Unis,Lafayette,Louisiane,USCA - Sud,FUR-TA-10001039,Mobilier,Tables,KI Adjustable-Height Table,85.98,1,0,22.35
9985,US-2016-100251,5/17/2016,5/23/2016,Tarif normal,DV-13465,Dianna Vittorini,Grand public,États-Unis,Long Beach,New York,USCA - Est,OFF-LA-10003766,Fournitures de bureau,Étiquettes,Self-Adhesive Removable Labels,31.5,10,0,15.12
9986,US-2016-100251,5/17/2016,5/23/2016,Tarif normal,DV-13465,Dianna Vittorini,Grand public,États-Unis,Long Beach,New York,USCA - Est,OFF-SU-10000898,Fournitures de bureau,Fournitures,"Acme Hot Forged Carbon Steel Scissors with Nickel-Plated Handles, 3 7/8"" Cut, 8""L",55.6,4,0,16.12
