ID ligne,ID commande,Date de commande,Date d'expédition,Mode d'expédition,ID client,Nom du client,Segment,Pays/région,Ville,État/Province,Région de vente,ID produit,Catégorie,Sous-catégorie,Nom du produit,Montant des ventes,Quantité,Remise,Profit
6,US-2015-115812,6/9/2015,6/14/2015,Tarif normal,BH-11710,Brosina Hoffman,Grand public,États-Unis,Los Angeles,Californie,USCA - Ouest,FUR-FU-10001487,Mobilier,Meubles,"Eldon Expressions Wood and Plastic Desk Accessories, Cherry Wood",48.86,7,0,14.169
7,US-2015-115812,6/9/2015,6/14/2015,Tarif normal,BH-11710,Brosina Hoffman,Grand public,États-Unis,Los Angeles,Californie,USCA - Ouest,OFF-AR-10002833,Fournitures de bureau,Art,Newell 322,7.28,4,0,1.966
8,US-2015-115812,6/9/2015,6/14/2015,Tarif normal,BH-11710,Brosina Hoffman,Grand public,États-Unis,Los Angeles,Californie,USCA - Ouest,TEC-PH-10002275,Produits technologiques,Téléphones,Mitel 5320 IP Phone VoIP phone,907.152,6,0.2,90.72
9,US-2015-115812,6/9/2015,6/14/2015,Tarif normal,BH-11710,Brosina Hoffman,Grand public,États-Unis,Los Angeles,Californie,USCA - Ouest,OFF-BI-10003910,Fournitures de bureau,Classeurs,DXL Angle-View Binders with Locking Rings by Samsill,18.504,3,0.2,5.78
10,US-2015-115812,6/9/2015,6/14/2015,Tarif normal,BH-11710,Brosina Hoffman,Grand public,États-Unis,Los Angeles,Californie,USCA - Ouest,OFF-AP-10002892,Fournitures de bureau,Électroménager,Belkin F5C206VTEL 6 Outlet Surge,114.9,5,0,34.47
11,US-2015-115812,6/9/2015,6/14/2015,Tarif normal,BH-11710,Brosina Hoffman,Grand public,États-Unis,Los Angeles,Californie,USCA - Ouest,FUR-TA-10001539,Mobilier,Tables,Chromcraft Rectangular Conference Tables,1706.184,9,0.2,85.31
12,US-2015-115812,6/9/2015,6/14/2015,Tarif normal,BH-11710,Brosina Hoffman,Grand public,États-Unis,Los Angeles,Californie,USCA - Ouest,TEC-PH-10002033,Produits technologiques,Téléphones,Konftel 250 Conference phone - Charcoal black,911.424,4,0.2,68.36
17,US-2015-105893,11/11/2015,11/18/2015,Tarif normal,PK-19075,Pete Kriz,Grand public,États-Unis,Madison,Wisconsin,USCA - Centre,OFF-ST-10004186,Fournitures de bureau,Stockage,"Stur-D-Stor Shelving, Vertical 5-Shelf: 72""H x 36""W x 18 1/2""D",665.88,6,0,13.32
18,US-2015-167164,5/13/2015,5/15/2015,J+2,AG-10270,Alejandro Grove,Grand public,États-Unis,West Jordan,Utah,USCA - Ouest,OFF-ST-10000107,Fournitures de bureau,Stockage,Fellowes Super Stor/Drawer,55.5,2,0,9.99
19,US-2015-143336,8/27/2015,9/1/2015,J+2,ZD-21925,Zuschuss Donatelli,Grand public,États-Unis,San Francisco,Californie,USCA - Ouest,OFF-AR-10003056,Fournitures de bureau,Art,Newell 341,8.56,2,0,2.48
20,US-2015-143336,8/27/2015,9/1/2015,J+2,ZD-21925,Zuschuss Donatelli,Grand public,États-Unis,San Francisco,Californie,USCA - Ouest,TEC-PH-10001949,Produits technologiques,Téléphones,Cisco SPA 501G IP Phone,213.48,3,0.2,16.01
21,US-2015-143336,8/27/2015,9/1/2015,J+2,ZD-21925,Zuschuss Donatelli,Grand public,États-Unis,San Francisco,Californie,USCA - Ouest,OFF-BI-10002215,Fournitures de bureau,Classeurs,"Wilson Jones Hanging View Binder, White, 1""",22.72,4,0.2,7.38
47,US-2015-146703,10/20/2015,10/25/2015,J+2,PO-18865,Patrick O'Donnell,Grand public,États-Unis,Westland,Michigan,USCA - Centre,OFF-ST-10001713,Fournitures de bureau,Stockage,"Gould Plastics 9-Pocket Panel Bin, 18-3/8w x 5-1/4d x 20-1/2h, Black",211.96,4,0,8.48
68,US-2015-106376,12/5/2015,12/10/2015,Tarif normal,BS-11590,Brendan Sweed,Entreprise,États-Unis,Gilbert,Arizona,USCA - Ouest,OFF-AR-10002671,Fournitures de bureau,Art,"Hunt BOSTON Model 1606 High-Volume Electric Pencil Sharpener, Beige",1113.02,8,0.2,111.3
69,US-2015-106376,12/5/2015,12/10/2015,Tarif normal,BS-11590,Brendan Sweed,Entreprise,États-Unis,Gilbert,Arizona,USCA - Ouest,TEC-PH-10002726,Produits technologiques,Téléphones,netTALK DUO VoIP Telephone Service,167.97,4,0.2,62.99
79,US-2015-147606,11/26/2015,12/1/2015,J+2,JE-15745,Joel Eaton,Grand public,États-Unis,Houston,Texas,USCA - Centre,FUR-FU-10003194,Mobilier,Meubles,"Eldon Expressions Desk Accessory, Wood Pencil Holder, Oak",19.3,5,0.6,-14.48
82,US-2015-139451,10/12/2015,10/16/2015,Tarif normal,DN-13690,Duane Noonan,Grand public,États-Unis,San Francisco,Californie,USCA - Ouest,OFF-AR-10002053,Fournitures de bureau,Art,"Premium Writing Pencils, Soft, #2 by Central Association for the Blind",14.9,5,0,4.17
83,US-2015-139451,10/12/2015,10/16/2015,Tarif normal,DN-13690,Duane Noonan,Grand public,États-Unis,San Francisco,Californie,USCA - Ouest,OFF-ST-10002370,Fournitures de bureau,Stockage,"Sortfiler Multipurpose Personal File Organizer, Black",21.39,1,0,6.2
114,US-2015-115259,8/25/2015,8/27/2015,J+2,RC-19960,Ryan Crowe,Grand public,États-Unis,Columbus,Ohio,USCA - Est,OFF-FA-10000621,Fournitures de bureau,Éléments de fixation,"OIC Colored Binder Clips, Assorted Sizes",40.1,14,0.2,14.53
115,US-2015-115259,8/25/2015,8/27/2015,J+2,RC-19960,Ryan Crowe,Grand public,États-Unis,Columbus,Ohio,USCA - Est,OFF-EN-10002600,Fournitures de bureau,Enveloppes,"Redi-Strip #10 Envelopes, 4 1/8 x 9 1/2",4.72,2,0.2,1.65
116,US-2015-115259,8/25/2015,8/27/2015,J+2,RC-19960,Ryan Crowe,Grand public,États-Unis,Columbus,Ohio,USCA - Est,OFF-PA-10004965,Fournitures de bureau,Papier,Xerox 1921,23.98,3,0.2,7.49
117,US-2015-115259,8/25/2015,8/27/2015,J+2,RC-19960,Ryan Crowe,Grand public,États-Unis,Columbus,Ohio,USCA - Est,OFF-EN-10002504,Fournitures de bureau,Enveloppes,"Tyvek  Top-Opening Peel & Seel Envelopes, Plain White",130.46,6,0.2,44.03
125,US-2015-152030,12/26/2015,12/28/2015,J+2,AD-10180,Alan Dominguez,Bureau à domicile,États-Unis,Houston,Texas,USCA - Centre,FUR-CH-10004063,Mobilier,Chaises,Global Deluxe High-Back Manager's Chair,600.56,3,0.3,-8.58
126,US-2015-134614,9/20/2015,9/25/2015,Tarif normal,PF-19165,Philip Fox,Grand public,États-Unis,Bloomington,Illinois,USCA - Centre,FUR-TA-10004534,Mobilier,Tables,Bevis 44 x 96 Conference Tables,617.7,6,0.5,-407.68
147,US-2015-110072,10/22/2015,10/28/2015,Tarif normal,MG-17680,Maureen Gastineau,Bureau à domicile,États-Unis,Newark,Ohio,USCA - Est,FUR-FU-10000521,Mobilier,Meubles,"Seth Thomas 14"" Putty-Colored Wall Clock",93.89,4,0.2,12.91
158,US-2015-104269,3/1/2015,3/6/2015,J+2,DB-13060,Dave Brooks,Grand public,États-Unis,Seattle,Washington,USCA - Ouest,FUR-CH-10004063,Mobilier,Chaises,Global Deluxe High-Back Manager's Chair,457.57,2,0.2,51.48
165,US-2015-139892,9/8/2015,9/12/2015,Tarif normal,BM-11140,Becky Martin,Grand public,États-Unis,San Antonio,Texas,USCA - Centre,OFF-AR-10004441,Fournitures de bureau,Art,BIC Brite Liner Highlighters,9.94,3,0.2,2.73
166,US-2015-139892,9/8/2015,9/12/2015,Tarif normal,BM-11140,Becky Martin,Grand public,États-Unis,San Antonio,Texas,USCA - Centre,TEC-MA-10000822,Produits technologiques,Machines,Lexmark MX611dhe Monochrome Laser Printer,8159.95,8,0.4,-1359.99
167,US-2015-139892,9/8/2015,9/12/2015,Tarif normal,BM-11140,Becky Martin,Grand public,États-Unis,San Antonio,Texas,USCA - Centre,OFF-ST-10000991,Fournitures de bureau,Stockage,Space Solutions HD Industrial Steel Shelving.,275.93,3,0.2,-58.63
168,US-2015-139892,9/8/2015,9/12/2015,Tarif normal,BM-11140,Becky Martin,Grand public,États-Unis,San Antonio,Texas,USCA - Centre,FUR-CH-10004287,Mobilier,Chaises,SAFCO Arco Folding Chair,1740.06,9,0.3,-24.86
169,US-2015-139892,9/8/2015,9/12/2015,Tarif normal,BM-11140,Becky Martin,Grand public,États-Unis,San Antonio,Texas,USCA - Centre,OFF-AR-10002656,Fournitures de bureau,Art,Sanford Liquid Accent Highlighters,32.06,6,0.2,6.81
170,US-2015-139892,9/8/2015,9/12/2015,Tarif normal,BM-11140,Becky Martin,Grand public,États-Unis,San Antonio,Texas,USCA - Centre,OFF-AP-10002518,Fournitures de bureau,Électroménager,Kensington 7 Outlet MasterPiece Power Center,177.98,5,0.8,-453.85
171,US-2015-139892,9/8/2015,9/12/2015,Tarif normal,BM-11140,Becky Martin,Grand public,États-Unis,San Antonio,Texas,USCA - Centre,TEC-PH-10003931,Produits technologiques,Téléphones,JBL Micro Wireless Portable Bluetooth Speaker,143.98,3,0.2,9
172,US-2015-118962,8/5/2015,8/9/2015,Tarif normal,CS-12130,Chad Sievert,Grand public,États-Unis,Los Angeles,Californie,USCA - Ouest,OFF-PA-10000659,Fournitures de bureau,Papier,"Adams Phone Message Book, Professional, 400 Message Capacity, 5 3/6” x 11”",20.94,3,0,9.84
173,US-2015-118962,8/5/2015,8/9/2015,Tarif normal,CS-12130,Chad Sievert,Grand public,États-Unis,Los Angeles,Californie,USCA - Ouest,OFF-PA-10001144,Fournitures de bureau,Papier,Xerox 1913,110.96,2,0,53.26
174,US-2015-118962,8/5/2015,8/9/2015,Tarif normal,CS-12130,Chad Sievert,Grand public,États-Unis,Los Angeles,Californie,USCA - Ouest,FUR-CH-10003817,Mobilier,Chaises,"Global Value Steno Chair, Gray",340.14,7,0.2,21.26
175,US-2015-100853,9/14/2015,9/19/2015,Tarif normal,JB-15400,Jennifer Braxton,Entreprise,États-Unis,Chicago,Illinois,USCA - Centre,OFF-AP-10000891,Fournitures de bureau,Électroménager,Kensington 7 Outlet MasterPiece HOMEOFFICE Power Control Center,52.45,2,0.8,-131.12
176,US-2015-100853,9/14/2015,9/19/2015,Tarif normal,JB-15400,Jennifer Braxton,Entreprise,États-Unis,Chicago,Illinois,USCA - Centre,OFF-LA-10003148,Fournitures de bureau,Étiquettes,Avery 51,20.16,4,0.2,6.55
181,US-2015-166191,12/5/2015,12/9/2015,J+2,DK-13150,David Kendrick,Entreprise,États-Unis,Decatur,Illinois,USCA - Centre,OFF-ST-10003455,Fournitures de bureau,Stockage,"Tenex File Box, Personal Filing Tote with Lid, Black",24.82,2,0.2,1.86
182,US-2015-166191,12/5/2015,12/9/2015,J+2,DK-13150,David Kendrick,Entreprise,États-Unis,Decatur,Illinois,USCA - Centre,TEC-AC-10004659,Produits technologiques,Accessoires,Imation Secure+ Hardware Encrypted USB 2.0 Flash Drive; 16GB,408.74,7,0.2,76.64
183,US-2015-158274,11/19/2015,11/24/2015,J+2,RM-19675,Robert Marley,Bureau à domicile,États-Unis,Monroe,Louisiane,USCA - Sud,TEC-PH-10003273,Produits technologiques,Téléphones,AT&T TR1909W,503.96,4,0,131.03
184,US-2015-158274,11/19/2015,11/24/2015,J+2,RM-19675,Robert Marley,Bureau à domicile,États-Unis,Monroe,Louisiane,USCA - Sud,TEC-PH-10004896,Produits technologiques,Téléphones,Nokia Lumia 521 (T-Mobile),149.95,5,0,41.99
185,US-2015-158274,11/19/2015,11/24/2015,J+2,RM-19675,Robert Marley,Bureau à domicile,États-Unis,Monroe,Louisiane,USCA - Sud,TEC-AC-10002345,Produits technologiques,Accessoires,HP Standard 104 key PS/2 Keyboard,29,2,0,7.25
187,US-2015-123260,8/26/2015,8/30/2015,Tarif normal,FM-14290,Frank Merwin,Bureau à domicile,États-Unis,Los Angeles,Californie,USCA - Ouest,TEC-AC-10002323,Produits technologiques,Accessoires,SanDisk Ultra 32 GB MicroSDHC Class 10 Memory Card,176.8,8,0,22.98
196,US-2015-140004,3/21/2015,3/25/2015,Tarif normal,CB-12025,Cassandra Brandow,Grand public,États-Unis,Hamilton,Ohio,USCA - Est,OFF-AR-10004685,Fournitures de bureau,Art,"Binney & Smith Crayola Metallic Colored Pencils, 8-Color Set",7.41,2,0.2,1.2
197,US-2015-140004,3/21/2015,3/25/2015,Tarif normal,CB-12025,Cassandra Brandow,Grand public,États-Unis,Hamilton,Ohio,USCA - Est,OFF-AR-10004027,Fournitures de bureau,Art,"Binney & Smith inkTank Erasable Desk Highlighter, Chisel Tip, Yellow, 12/Box",6.05,3,0.2,1.59
202,US-2015-133690,8/3/2015,8/5/2015,Prioritaire,BS-11755,Bruce Stewart,Grand public,États-Unis,Denver,Colorado,USCA - Ouest,FUR-TA-10004289,Mobilier,Tables,BoxOffice By Design Rectangular and Half-Moon Meeting Room Tables,218.75,2,0.5,-161.88
203,US-2015-133690,8/3/2015,8/5/2015,Prioritaire,BS-11755,Bruce Stewart,Grand public,États-Unis,Denver,Colorado,USCA - Ouest,OFF-AP-10003622,Fournitures de bureau,Électroménager,"Bravo II Megaboss 12-Amp Hard Body Upright, Replacement Belts, 2 Belts per Pack",2.6,1,0.2,0.29
231,US-2015-156216,9/13/2015,9/17/2015,Tarif normal,EA-14035,Erin Ashbrook,Entreprise,États-Unis,Charlotte,Caroline du Nord,USCA - Sud,OFF-BI-10001679,Fournitures de bureau,Classeurs,GBC Instant Index System for Binding Systems,18.65,7,0.7,-12.43
245,US-2015-131926,6/1/2015,6/6/2015,J+2,DW-13480,Dianna Wilson,Bureau à domicile,États-Unis,Lakeville,Minnesota,USCA - Centre,FUR-CH-10004063,Mobilier,Chaises,Global Deluxe High-Back Manager's Chair,2001.86,7,0,580.54
246,US-2015-131926,6/1/2015,6/6/2015,J+2,DW-13480,Dianna Wilson,Bureau à domicile,États-Unis,Lakeville,Minnesota,USCA - Centre,OFF-ST-10002276,Fournitures de bureau,Stockage,Safco Steel Mobile File Cart,166.72,2,0,41.68
247,US-2015-131926,6/1/2015,6/6/2015,J+2,DW-13480,Dianna Wilson,Bureau à domicile,États-Unis,Lakeville,Minnesota,USCA - Centre,OFF-PA-10004082,Fournitures de bureau,Papier,"Adams Telephone Message Book w/Frequently-Called Numbers Space, 400 Messages per Book",47.88,6,0,23.94
248,US-2015-131926,6/1/2015,6/6/2015,J+2,DW-13480,Dianna Wilson,Bureau à domicile,États-Unis,Lakeville,Minnesota,USCA - Centre,OFF-AP-10002945,Fournitures de bureau,Électroménager,Honeywell Enviracaire Portable HEPA Air Cleaner for 17' x 22' Room,1503.25,5,0,496.07
249,US-2015-131926,6/1/2015,6/6/2015,J+2,DW-13480,Dianna Wilson,Bureau à domicile,États-Unis,Lakeville,Minnesota,USCA - Centre,OFF-PA-10000061,Fournitures de bureau,Papier,Xerox 205,25.92,4,0,12.44
263,US-2015-106992,9/19/2015,9/21/2015,J+2,SB-20290,Sean Braxton,Entreprise,États-Unis,Houston,Texas,USCA - Centre,TEC-MA-10000822,Produits technologiques,Machines,Lexmark MX611dhe Monochrome Laser Printer,3059.98,3,0.4,-510
264,US-2015-106992,9/19/2015,9/21/2015,J+2,SB-20290,Sean Braxton,Entreprise,États-Unis,Houston,Texas,USCA - Centre,TEC-MA-10003353,Produits technologiques,Machines,Xerox WorkCentre 6505DN Laser Multifunction Printer,2519.96,7,0.4,-252
294,US-2015-111451,12/26/2015,12/28/2015,Prioritaire,KL-16555,Kelly Lampkin,Entreprise,États-Unis,Colorado Springs,Colorado,USCA - Ouest,FUR-FU-10004091,Mobilier,Meubles,"Howard Miller 13"" Diameter Goldtone Round Wall Clock",300.42,8,0.2,78.86
295,US-2015-111451,12/26/2015,12/28/2015,Prioritaire,KL-16555,Kelly Lampkin,Entreprise,États-Unis,Colorado Springs,Colorado,USCA - Ouest,FUR-CH-10001891,Mobilier,Chaises,Global Deluxe Office Fabric Chairs,230.35,3,0.2,20.16
296,,12/26/2015,12/28/2015,Prioritaire,KL-16555,Kelly Lampkin,Entreprise,États-Unis,Colorado Springs,Colorado,USCA - Ouest,FUR-FU-10002918,Mobilier,Meubles,Eldon ClusterMat Chair Mat with Cordless Antistatic Protection,218.35,3,0.2,-24.56
297,US-2015-111451,12/26/2015,12/28/2015,Prioritaire,KL-16555,Kelly Lampkin,Entreprise,États-Unis,Colorado Springs,Colorado,USCA - Ouest,OFF-BI-10004593,Fournitures de bureau,Classeurs,Ibico Laser Imprintable Binding System Covers,78.6,5,0.7,-62.88
298,US-2015-111451,12/26/2015,12/28/2015,Prioritaire,KL-16555,Kelly Lampkin,Entreprise,États-Unis,Colorado Springs,Colorado,USCA - Ouest,OFF-FA-10004854,Fournitures de bureau,Éléments de fixation,"Vinyl Coated Wire Paper Clips in Organizer Box, 800/Box",27.55,3,0.2,9.3
306,US-2015-130960,12/30/2015,1/4/2016,Tarif normal,KB-16600,Ken Brennan,Entreprise,États-Unis,Taylor,Michigan,USCA - Centre,OFF-AR-10003651,Fournitures de bureau,Art,Newell 350,9.84,3,0,2.85
307,US-2015-111003,6/1/2015,6/6/2015,Tarif normal,CR-12625,Corey Roper,Bureau à domicile,États-Unis,Lakewood,New Jersey,USCA - Est,OFF-BI-10001072,Fournitures de bureau,Classeurs,"GBC Clear Cover, 8-1/2 x 11, unpunched, 25 covers per pack",45.48,3,0,20.92
308,US-2015-111003,6/1/2015,6/6/2015,Tarif normal,CR-12625,Corey Roper,Bureau à domicile,États-Unis,Lakewood,New Jersey,USCA - Est,OFF-AR-10002135,Fournitures de bureau,Art,Boston Heavy-Duty Trimline Electric Pencil Sharpeners,289.2,6,0,83.87
314,US-2015-120887,9/27/2015,10/3/2015,Tarif normal,TS-21205,Thomas Seio,Entreprise,États-Unis,Hackensack,New Jersey,USCA - Est,FUR-FU-10001588,Mobilier,Meubles,"Deflect-o SuperTray Unbreakable Stackable Tray, Letter, Black",87.54,3,0,37.64
315,US-2015-167850,8/9/2015,8/16/2015,Tarif normal,AG-10525,Andy Gerbode,Entreprise,États-Unis,Saint Petersburg,Floride,USCA - Sud,TEC-PH-10002398,Produits technologiques,Téléphones,AT&T 1070 Corded Phone,178.38,2,0.2,22.3
316,US-2015-167850,8/9/2015,8/16/2015,Tarif normal,AG-10525,Andy Gerbode,Entreprise,États-Unis,Saint Petersburg,Floride,USCA - Sud,OFF-PA-10001937,Fournitures de bureau,Papier,Xerox 21,15.55,3,0.2,5.44
317,US-2015-164259,12/28/2015,12/30/2015,Prioritaire,SP-20860,Sung Pak,Entreprise,États-Unis,Philadelphia,Pennsylvanie,USCA - Est,OFF-AR-10003373,Fournitures de bureau,Art,"Boston School Pro Electric Pencil Sharpener, 1670",99.14,4,0.2,8.67
318,US-2015-164973,11/4/2015,11/9/2015,Tarif normal,NM-18445,Nathan Mautz,Bureau à domicile,États-Unis,New York City,New York,USCA - Est,FUR-CH-10002602,Mobilier,Chaises,DMI Arturo Collection Mission-style Design Wood Chair,135.88,1,0.1,24.16
319,US-2015-164973,11/4/2015,11/9/2015,Tarif normal,NM-18445,Nathan Mautz,Bureau à domicile,États-Unis,New York City,New York,USCA - Est,TEC-MA-10002927,Produits technologiques,Machines,Canon imageCLASS MF7460 Monochrome Digital Laser Multifunction Copier,3991.98,2,0,1995.99
320,US-2015-164973,11/4/2015,11/9/2015,Tarif normal,NM-18445,Nathan Mautz,Bureau à domicile,États-Unis,New York City,New York,USCA - Est,TEC-PH-10004093,Produits technologiques,Téléphones,Panasonic Kx-TS550,275.94,6,0,80.02
321,US-2015-164973,11/4/2015,11/9/2015,Tarif normal,NM-18445,Nathan Mautz,Bureau à domicile,États-Unis,New York City,New York,USCA - Est,TEC-AC-10000892,Produits technologiques,Accessoires,NETGEAR N750 Dual Band Wi-Fi Gigabit Router,360,4,0,129.6
322,US-2015-164973,11/4/2015,11/9/2015,Tarif normal,NM-18445,Nathan Mautz,Bureau à domicile,États-Unis,New York City,New York,USCA - Est,OFF-ST-10002974,Fournitures de bureau,Stockage,"Trav-L-File Heavy-Duty Shuttle II, Black",43.57,1,0,13.07
323,US-2015-156601,9/19/2015,9/24/2015,Tarif normal,FA-14230,Frank Atkinson,Entreprise,États-Unis,Long Beach,Californie,USCA - Ouest,OFF-FA-10000624,Fournitures de bureau,Éléments de fixation,OIC Binder Clips,7.16,2,0,3.58
338,US-2015-129924,7/12/2015,7/17/2015,Tarif normal,AC-10420,Alyssa Crouse,Entreprise,États-Unis,San Francisco,Californie,USCA - Ouest,OFF-BI-10003314,Fournitures de bureau,Classeurs,Tuff Stuff Recycled Round Ring Binders,7.71,2,0.2,2.8
339,US-2015-129924,7/12/2015,7/17/2015,Tarif normal,AC-10420,Alyssa Crouse,Entreprise,États-Unis,San Francisco,Californie,USCA - Ouest,FUR-TA-10004575,Mobilier,Tables,Hon 5100 Series Wood Tables,698.35,3,0.2,-17.46
341,US-2015-122336,4/13/2015,4/17/2015,J+2,JD-15895,Jonathan Doherty,Entreprise,États-Unis,Philadelphia,Pennsylvanie,USCA - Est,OFF-AR-10000122,Fournitures de bureau,Art,Newell 314,17.86,4,0.2,1.12
342,US-2015-122336,4/13/2015,4/17/2015,J+2,JD-15895,Jonathan Doherty,Entreprise,États-Unis,Philadelphia,Pennsylvanie,USCA - Est,OFF-BI-10003656,Fournitures de bureau,Classeurs,Fellowes PB200 Plastic Comb Binding Machine,509.97,10,0.7,-407.98
343,US-2015-122336,4/13/2015,4/17/2015,J+2,JD-15895,Jonathan Doherty,Entreprise,États-Unis,Philadelphia,Pennsylvanie,USCA - Est,OFF-FA-10002780,Fournitures de bureau,Éléments de fixation,Staples,30.99,13,0.2,10.07
344,US-2015-122336,4/13/2015,4/17/2015,J+2,JD-15895,Jonathan Doherty,Entreprise,États-Unis,Philadelphia,Pennsylvanie,USCA - Est,TEC-PH-10000702,Produits technologiques,Téléphones,"Square Credit Card Reader, 4 1/2"" x 4 1/2"" x 1"", White",71.93,12,0.4,8.39
366,US-2015-123344,9/24/2015,9/29/2015,Tarif normal,JD-16060,Julia Dunbar,Grand public,États-Unis,San Francisco,Californie,USCA - Ouest,OFF-ST-10001713,Fournitures de bureau,Stockage,"Gould Plastics 9-Pocket Panel Bin, 18-3/8w x 5-1/4d x 20-1/2h, Black",211.96,4,0,8.48
373,US-2015-119137,7/23/2015,7/27/2015,Tarif normal,AG-10900,Arthur Gainer,Grand public,États-Unis,Tucson,Arizona,USCA - Ouest,OFF-BI-10001982,Fournitures de bureau,Classeurs,Wilson Jones Custom Binder Spines & Labels,8.16,5,0.7,-5.71
374,US-2015-119137,7/23/2015,7/27/2015,Tarif normal,AG-10900,Arthur Gainer,Grand public,États-Unis,Tucson,Arizona,USCA - Ouest,TEC-AC-10003911,Produits technologiques,Accessoires,NETGEAR AC1750 Dual Band Gigabit Smart WiFi Router,1023.94,8,0.2,179.19
375,US-2015-119137,7/23/2015,7/27/2015,Tarif normal,AG-10900,Arthur Gainer,Grand public,États-Unis,Tucson,Arizona,USCA - Ouest,OFF-AR-10000658,Fournitures de bureau,Art,Newell 324,9.24,1,0.2,0.92
376,US-2015-119137,7/23/2015,7/27/2015,Tarif normal,AG-10900,Arthur Gainer,Grand public,États-Unis,Tucson,Arizona,USCA - Ouest,TEC-AC-10002076,Produits technologiques,Accessoires,Microsoft Natural Keyboard Elite,479.04,10,0.2,-29.94
389,US-2015-115973,11/24/2015,11/26/2015,Prioritaire,NG-18430,Nathan Gelder,Grand public,États-Unis,Cincinnati,Ohio,USCA - Est,OFF-AR-10004757,Fournitures de bureau,Art,Crayola Colored Pencils,2.62,1,0.2,0.43
392,US-2015-135972,9/21/2015,9/23/2015,J+2,JG-15115,Jack Garza,Grand public,États-Unis,Des Moines,Washington,USCA - Ouest,TEC-PH-10003012,Produits technologiques,Téléphones,Nortel Meridian M3904 Professional Digital phone,246.38,2,0.2,27.72
393,US-2015-135972,9/21/2015,9/23/2015,J+2,JG-15115,Jack Garza,Grand public,États-Unis,Des Moines,Washington,USCA - Ouest,TEC-CO-10002313,Produits technologiques,Photocopieurs,Canon PC1080F Personal Copier,1799.97,3,0,701.99
394,US-2015-134971,6/7/2015,6/10/2015,J+2,BP-11095,Bart Pistole,Entreprise,États-Unis,Peoria,Illinois,USCA - Centre,OFF-BI-10003982,Fournitures de bureau,Classeurs,Wilson Jones Century Plastic Molded Ring Binders,12.46,3,0.8,-20.56
403,US-2015-113166,12/24/2015,12/26/2015,Prioritaire,LF-17185,Luke Foster,Grand public,États-Unis,Miami,Floride,USCA - Sud,OFF-PA-10001947,Fournitures de bureau,Papier,Xerox 1974,9.57,2,0.2,3.47
404,US-2015-155208,4/16/2015,4/20/2015,Tarif normal,SP-20650,Stephanie Phelps,Entreprise,États-Unis,Wilmington,Caroline du Nord,USCA - Sud,OFF-AR-10003478,Fournitures de bureau,Art,"Avery Hi-Liter EverBold Pen Style Fluorescent Highlighters, 4/Pack",39.07,6,0.2,9.77
422,US-2015-142048,6/22/2015,6/25/2015,Prioritaire,JE-15745,Joel Eaton,Grand public,États-Unis,Louisville,Colorado,USCA - Ouest,TEC-AC-10004114,Produits technologiques,Accessoires,KeyTronic 6101 Series - Keyboard - Black,196.75,6,0.2,56.57
428,US-2015-101476,9/12/2015,9/13/2015,Prioritaire,SD-20485,Shirley Daniels,Bureau à domicile,États-Unis,New Rochelle,New York,USCA - Est,TEC-MA-10000029,Produits technologiques,Machines,"Epson WorkForce WF-2530 All-in-One Printer, Copier Scanner",69.99,1,0,30.1
435,US-2015-150574,12/19/2015,12/25/2015,Tarif normal,MK-18160,Mike Kennedy,Grand public,États-Unis,Jacksonville,Floride,USCA - Sud,OFF-BI-10000773,Fournitures de bureau,Classeurs,Insertable Tab Post Binder Dividers,4.81,2,0.7,-3.69
436,US-2015-150574,12/19/2015,12/25/2015,Tarif normal,MK-18160,Mike Kennedy,Grand public,États-Unis,Jacksonville,Floride,USCA - Sud,TEC-AC-10002600,Produits technologiques,Accessoires,Belkin QODE FastFit Bluetooth Keyboard,247.8,5,0.2,-18.59
457,US-2015-110674,2/12/2015,2/18/2015,Tarif normal,SC-20095,Sanjit Chand,Grand public,États-Unis,Concord,Californie,USCA - Ouest,FUR-CH-10000225,Mobilier,Chaises,"Global Geo Office Task Chair, Gray",129.57,2,0.2,-24.29
472,US-2015-144666,11/9/2015,11/11/2015,J+2,JP-15520,Jeremy Pistek,Grand public,États-Unis,San Francisco,Californie,USCA - Ouest,OFF-ST-10002743,Fournitures de bureau,Stockage,SAFCO Boltless Steel Shelving,340.92,3,0,3.41
473,US-2015-144666,11/9/2015,11/11/2015,J+2,JP-15520,Jeremy Pistek,Grand public,États-Unis,San Francisco,Californie,USCA - Ouest,FUR-BO-10001601,Mobilier,Bibliothèques,"Sauder Mission Library with Doors, Fruitwood Finish",222.67,2,0.2,10.48
474,US-2015-144666,11/9/2015,11/11/2015,J+2,JP-15520,Jeremy Pistek,Grand public,États-Unis,San Francisco,Californie,USCA - Ouest,TEC-PH-10002680,Produits technologiques,Téléphones,Samsung Galaxy Note 3,703.97,4,0.2,88
475,US-2015-144666,11/9/2015,11/11/2015,J+2,JP-15520,Jeremy Pistek,Grand public,États-Unis,San Francisco,Californie,USCA - Ouest,OFF-ST-10001321,Fournitures de bureau,Stockage,"Decoflex Hanging Personal Folder File, Blue",92.52,6,0,24.98
476,US-2015-144666,11/9/2015,11/11/2015,J+2,JP-15520,Jeremy Pistek,Grand public,États-Unis,San Francisco,Californie,USCA - Ouest,OFF-PA-10001509,Fournitures de bureau,Papier,"Recycled Desk Saver Line ""While You Were Out"" Book, 5 1/2"" X 4""",62.65,7,0,28.82
477,US-2015-144666,11/9/2015,11/11/2015,J+2,JP-15520,Jeremy Pistek,Grand public,États-Unis,San Francisco,Californie,USCA - Ouest,OFF-PA-10003465,Fournitures de bureau,Papier,Xerox 1912,94.85,5,0,45.53
482,US-2015-134677,10/6/2015,10/10/2015,Tarif normal,XP-21865,Xylona Preis,Grand public,États-Unis,San Diego,Californie,USCA - Ouest,TEC-AC-10001445,Produits technologiques,Accessoires,Imation USB 2.0 Swivel Flash Drive USB flash drive - 4 GB - Pink,9.09,3,0,1.91
483,US-2015-127691,7/22/2015,7/27/2015,Tarif normal,EM-14065,Erin Mull,Grand public,États-Unis,New York City,New York,USCA - Est,OFF-AR-10002053,Fournitures de bureau,Art,"Premium Writing Pencils, Soft, #2 by Central Association for the Blind",5.96,2,0,1.67
484,US-2015-127691,7/22/2015,7/27/2015,Tarif normal,EM-14065,Erin Mull,Grand public,États-Unis,New York City,New York,USCA - Est,TEC-AC-10002567,Produits technologiques,Accessoires,Logitech G602 Wireless Gaming Mouse,159.98,2,0,57.59
488,US-2015-154627,10/29/2015,10/31/2015,Prioritaire,SA-20830,Sue Ann Reed,Grand public,États-Unis,Chicago,Illinois,USCA - Centre,TEC-PH-10001363,Produits technologiques,Téléphones,Apple iPhone 5S,2735.95,6,0.2,341.99
489,US-2015-133753,6/9/2015,6/13/2015,J+2,CW-11905,Carl Weiss,Bureau à domicile,États-Unis,Huntsville,Texas,USCA - Centre,TEC-PH-10000376,Produits technologiques,Téléphones,Square Credit Card Reader,7.99,1,0.2,0.6
490,US-2015-133753,6/9/2015,6/13/2015,J+2,CW-11905,Carl Weiss,Bureau à domicile,États-Unis,Huntsville,Texas,USCA - Centre,TEC-AC-10000303,Produits technologiques,Accessoires,Logitech M510 Wireless Mouse,63.98,2,0.2,10.4
491,US-2015-133753,6/9/2015,6/13/2015,J+2,CW-11905,Carl Weiss,Bureau à domicile,États-Unis,Huntsville,Texas,USCA - Centre,OFF-AR-10001953,Fournitures de bureau,Art,Boston 1645 Deluxe Heavier-Duty Electric Pencil Sharpener,70.37,2,0.2,6.16
492,US-2015-113362,9/14/2015,9/19/2015,Tarif normal,AJ-10960,Astrea Jones,Grand public,États-Unis,Rochester,New York,USCA - Est,OFF-ST-10001809,Fournitures de bureau,Stockage,Fellowes Officeware Wire Shelving,449.15,5,0,8.98
493,US-2015-113362,9/14/2015,9/19/2015,Tarif normal,AJ-10960,Astrea Jones,Grand public,États-Unis,Rochester,New York,USCA - Est,OFF-EN-10003845,Fournitures de bureau,Enveloppes,Colored Envelopes,11.07,3,0,5.09
541,US-2015-140795,2/1/2015,2/3/2015,Prioritaire,BD-11500,Bradley Drucker,Grand public,États-Unis,Green Bay,Wisconsin,USCA - Centre,TEC-AC-10001432,Produits technologiques,Accessoires,Enermax Aurora Lite Keyboard,468.9,6,0,206.32
544,US-2015-103849,5/11/2015,5/16/2015,Tarif normal,PG-18895,Paul Gonzalez,Grand public,États-Unis,Fort Worth,Texas,USCA - Centre,TEC-AC-10001465,Produits technologiques,Accessoires,SanDisk Cruzer 64 GB USB Flash Drive,58.11,2,0.2,7.26
545,US-2015-103849,5/11/2015,5/16/2015,Tarif normal,PG-18895,Paul Gonzalez,Grand public,États-Unis,Fort Worth,Texas,USCA - Centre,TEC-PH-10002597,Produits technologiques,Téléphones,Xblue XB-1670-86 X16 Small Office Telephone - Titanium,100.79,1,0.2,6.3
546,US-2015-103849,5/11/2015,5/16/2015,Tarif normal,PG-18895,Paul Gonzalez,Grand public,États-Unis,Fort Worth,Texas,USCA - Centre,FUR-FU-10000723,Mobilier,Meubles,"Deflect-o EconoMat Studded, No Bevel Mat for Low Pile Carpeting",66.11,4,0.6,-84.29
556,US-2015-155852,3/3/2015,3/7/2015,J+2,AJ-10945,Ashley Jarboe,Grand public,États-Unis,Wilmington,Caroline du Nord,USCA - Sud,OFF-AR-10003560,Fournitures de bureau,Art,Zebra Zazzle Fluorescent Highlighters,19.46,4,0.2,3.4
562,US-2015-145576,9/14/2015,9/18/2015,J+2,CA-12775,Cynthia Arntzen,Grand public,États-Unis,Tampa,Floride,USCA - Sud,OFF-AP-10003914,Fournitures de bureau,Électroménager,"Sanitaire Vibra Groomer IR Commercial Upright Vacuum, Replacement Belts",13,5,0.2,1.3
563,US-2015-145576,9/14/2015,9/18/2015,J+2,CA-12775,Cynthia Arntzen,Grand public,États-Unis,Tampa,Floride,USCA - Sud,FUR-FU-10004020,Mobilier,Meubles,Advantus Panel Wall Acrylic Frame,13.13,3,0.2,3.77
593,US-2015-135405,1/9/2015,1/13/2015,Tarif normal,MS-17830,Melanie Seite,Grand public,États-Unis,Laredo,Texas,USCA - Centre,OFF-AR-10004078,Fournitures de bureau,Art,Newell 312,9.34,2,0.2,1.17
594,US-2015-135405,1/9/2015,1/13/2015,Tarif normal,MS-17830,Melanie Seite,Grand public,États-Unis,Laredo,Texas,USCA - Centre,TEC-AC-10001266,Produits technologiques,Accessoires,Memorex Micro Travel Drive 8 GB,31.2,3,0.2,9.75
595,US-2015-131450,8/8/2015,8/15/2015,Tarif normal,LR-16915,Lena Radford,Grand public,États-Unis,San Diego,Californie,USCA - Ouest,OFF-AP-10004708,Fournitures de bureau,Électroménager,Fellowes Superior 10 Outlet Split Surge Protector,76.12,2,0,22.07
596,US-2015-131450,8/8/2015,8/15/2015,Tarif normal,LR-16915,Lena Radford,Grand public,États-Unis,San Diego,Californie,USCA - Ouest,TEC-CO-10004115,Produits technologiques,Photocopieurs,Sharp AL-1530CS Digital Copier,1199.98,3,0.2,434.99
597,US-2015-131450,8/8/2015,8/15/2015,Tarif normal,LR-16915,Lena Radford,Grand public,États-Unis,San Diego,Californie,USCA - Ouest,TEC-PH-10002398,Produits technologiques,Téléphones,AT&T 1070 Corded Phone,445.96,5,0.2,55.74
598,US-2015-131450,8/8/2015,8/15/2015,Tarif normal,LR-16915,Lena Radford,Grand public,États-Unis,San Diego,Californie,USCA - Ouest,FUR-FU-10001979,Mobilier,Meubles,Dana Halogen Swing-Arm Architect Lamp,327.76,8,0,91.77
603,US-2015-149958,3/15/2015,3/19/2015,Tarif normal,AS-10240,Alan Shonely,Grand public,États-Unis,Tampa,Floride,USCA - Sud,OFF-ST-10001490,Fournitures de bureau,Stockage,"Hot File 7-Pocket, Floor Stand",142.78,1,0.2,17.85
604,US-2015-149958,3/15/2015,3/19/2015,Tarif normal,AS-10240,Alan Shonely,Grand public,États-Unis,Tampa,Floride,USCA - Sud,FUR-FU-10001756,Mobilier,Meubles,"Eldon Expressions Desk Accessory, Wood Photo Frame, Mahogany",45.7,3,0.2,5.14
605,US-2015-149958,3/15/2015,3/19/2015,Tarif normal,AS-10240,Alan Shonely,Grand public,États-Unis,Tampa,Floride,USCA - Sud,OFF-BI-10000773,Fournitures de bureau,Classeurs,Insertable Tab Post Binder Dividers,7.22,3,0.7,-5.53
606,US-2015-149958,3/15/2015,3/19/2015,Tarif normal,AS-10240,Alan Shonely,Grand public,États-Unis,Tampa,Floride,USCA - Sud,OFF-BI-10001543,Fournitures de bureau,Classeurs,GBC VeloBinder Manual Binding System,43.19,4,0.7,-31.67
607,US-2015-149958,3/15/2015,3/19/2015,Tarif normal,AS-10240,Alan Shonely,Grand public,États-Unis,Tampa,Floride,USCA - Sud,OFF-PA-10002120,Fournitures de bureau,Papier,Xerox 1889,131.9,3,0.2,47.82
608,US-2015-105767,5/23/2015,5/27/2015,Tarif normal,AR-10510,Andrew Roberts,Grand public,États-Unis,Philadelphia,Pennsylvanie,USCA - Est,OFF-BI-10000848,Fournitures de bureau,Classeurs,Angle-D Ring Binders,3.28,2,0.7,-2.63
609,US-2015-105767,5/23/2015,5/27/2015,Tarif normal,AR-10510,Andrew Roberts,Grand public,États-Unis,Philadelphia,Pennsylvanie,USCA - Est,OFF-AR-10001246,Fournitures de bureau,Art,Newell 317,21.17,9,0.2,2.38
610,US-2015-105767,5/23/2015,5/27/2015,Tarif normal,AR-10510,Andrew Roberts,Grand public,États-Unis,Philadelphia,Pennsylvanie,USCA - Est,TEC-PH-10003092,Produits technologiques,Téléphones,Motorola L804,55.19,2,0.4,-10.12
622,US-2015-111171,12/26/2015,12/31/2015,Tarif normal,CA-12265,Christina Anderson,Grand public,États-Unis,Chicago,Illinois,USCA - Centre,OFF-BI-10002103,Fournitures de bureau,Classeurs,"Cardinal Slant-D Ring Binder, Heavy Gauge Vinyl",8.69,5,0.8,-14.77
669,US-2015-156314,12/24/2015,12/26/2015,Prioritaire,RP-19390,Resi Pölking,Grand public,États-Unis,Cleveland,Ohio,USCA - Est,FUR-FU-10003096,Mobilier,Meubles,"Master Giant Foot Doorstop, Safety Yellow",30.36,5,0.2,8.73
686,US-2015-157784,7/5/2015,7/8/2015,Prioritaire,MC-17845,Michael Chen,Grand public,États-Unis,Jackson,Mississippi,USCA - Sud,TEC-AC-10003911,Produits technologiques,Accessoires,NETGEAR AC1750 Dual Band Gigabit Smart WiFi Router,479.97,3,0,163.19
687,US-2015-157784,7/5/2015,7/8/2015,Prioritaire,MC-17845,Michael Chen,Grand public,États-Unis,Jackson,Mississippi,USCA - Sud,OFF-LA-10001934,Fournitures de bureau,Étiquettes,Avery 516,14.62,2,0,6.87
688,US-2015-157784,7/5/2015,7/8/2015,Prioritaire,MC-17845,Michael Chen,Grand public,États-Unis,Jackson,Mississippi,USCA - Sud,OFF-PA-10000304,Fournitures de bureau,Papier,Xerox 1995,19.44,3,0,9.33
690,US-2015-117135,6/21/2015,6/23/2015,J+2,NP-18325,Naresj Patel,Grand public,États-Unis,Waynesboro,Virginie,USCA - Sud,FUR-FU-10004071,Mobilier,Meubles,Luxo Professional Magnifying Clamp-On Fluorescent Lamps,104.01,1,0,14.56
691,US-2015-117135,6/21/2015,6/23/2015,J+2,NP-18325,Naresj Patel,Grand public,États-Unis,Waynesboro,Virginie,USCA - Sud,TEC-PH-10002033,Produits technologiques,Téléphones,Konftel 250 Conference phone - Charcoal black,284.82,1,0,74.05
692,US-2015-117135,6/21/2015,6/23/2015,J+2,NP-18325,Naresj Patel,Grand public,États-Unis,Waynesboro,Virginie,USCA - Sud,OFF-ST-10002444,Fournitures de bureau,Stockage,Recycled Eldon Regeneration Jumbo File,36.84,3,0,10.32
705,US-2015-138527,9/12/2015,9/17/2015,Tarif normal,BN-11470,Brad Norvell,Entreprise,États-Unis,Cary,Caroline du Nord,USCA - Sud,OFF-PA-10001800,Fournitures de bureau,Papier,Xerox 220,10.37,2,0.2,3.63
706,US-2015-138527,9/12/2015,9/17/2015,Tarif normal,BN-11470,Brad Norvell,Entreprise,États-Unis,Cary,Caroline du Nord,USCA - Sud,OFF-AP-10001469,Fournitures de bureau,Électroménager,Fellowes 8 Outlet Superior Workstation Surge Protector,166.84,5,0.2,18.77
707,US-2015-138527,9/12/2015,9/17/2015,Tarif normal,BN-11470,Brad Norvell,Entreprise,États-Unis,Cary,Caroline du Nord,USCA - Sud,TEC-AC-10002399,Produits technologiques,Accessoires,SanDisk Cruzer 32 GB USB Flash Drive,15.22,1,0.2,2.28
708,US-2015-112158,12/2/2015,12/4/2015,Prioritaire,DP-13165,David Philippe,Grand public,États-Unis,New York City,New York,USCA - Est,TEC-AC-10003628,Produits technologiques,Accessoires,Logitech 910-002974 M325 Wireless Mouse for Web Scrolling,119.96,4,0,52.78
709,US-2015-112158,12/2/2015,12/4/2015,Prioritaire,DP-13165,David Philippe,Grand public,États-Unis,New York City,New York,USCA - Est,FUR-BO-10003272,Mobilier,Bibliothèques,O'Sullivan Living Dimensions 5-Shelf Bookcases,883.92,5,0.2,-110.49
710,US-2015-112158,12/2/2015,12/4/2015,Prioritaire,DP-13165,David Philippe,Grand public,États-Unis,New York City,New York,USCA - Est,OFF-BI-10000050,Fournitures de bureau,Classeurs,"Angle-D Binders with Locking Rings, Label Holders",46.72,8,0.2,15.77
711,US-2015-113887,4/5/2015,4/7/2015,Prioritaire,TH-21550,Tracy Hopkins,Bureau à domicile,États-Unis,New York City,New York,USCA - Est,OFF-PA-10004071,Fournitures de bureau,Papier,"Eaton Premium Continuous-Feed Paper, 25% Cotton, Letter Size, White, 1000 Shts/Box",55.48,1,0,26.63
716,US-2015-153150,7/1/2015,7/6/2015,J+2,Dl-13600,Dorris liebe,Entreprise,États-Unis,Seattle,Washington,USCA - Ouest,OFF-BI-10003355,Fournitures de bureau,Classeurs,Cardinal Holdit Business Card Pockets,19.92,5,0.2,6.97
717,US-2015-130092,1/11/2015,1/14/2015,Prioritaire,SV-20365,Seth Vernon,Grand public,États-Unis,Dover,Delaware,USCA - Est,FUR-FU-10000010,Mobilier,Meubles,"DAX Value U-Channel Document Frames, Easel Back",9.94,2,0,3.08
719,US-2015-104472,6/2/2015,6/7/2015,Tarif normal,CK-12325,Christine Kargatis,Bureau à domicile,États-Unis,Orem,Utah,USCA - Ouest,OFF-BI-10001658,Fournitures de bureau,Classeurs,GBC Standard Therm-A-Bind Covers,59.81,3,0.2,19.44
720,US-2015-104472,6/2/2015,6/7/2015,Tarif normal,CK-12325,Christine Kargatis,Bureau à domicile,États-Unis,Orem,Utah,USCA - Ouest,FUR-FU-10000246,Mobilier,Meubles,Aluminum Document Frame,73.32,6,0,22
724,US-2015-117429,10/7/2015,10/13/2015,Tarif normal,MR-17545,Mathew Reese,Bureau à domicile,États-Unis,Philadelphia,Pennsylvanie,USCA - Est,FUR-FU-10000222,Mobilier,Meubles,"Seth Thomas 16"" Steel Case Clock",129.92,5,0.2,21.11
739,US-2015-132500,9/8/2015,9/12/2015,Tarif normal,GZ-14470,Gary Zandusky,Grand public,États-Unis,San Francisco,Californie,USCA - Ouest,TEC-AC-10001383,Produits technologiques,Accessoires,Logitech Wireless Touch Keyboard K400,49.98,2,0,8.5
740,US-2015-112326,1/4/2015,1/8/2015,Tarif normal,PO-19195,Phillina Ober,Bureau à domicile,États-Unis,Naperville,Illinois,USCA - Centre,OFF-LA-10003223,Fournitures de bureau,Étiquettes,Avery 508,11.78,3,0.2,4.27
741,US-2015-112326,1/4/2015,1/8/2015,Tarif normal,PO-19195,Phillina Ober,Bureau à domicile,États-Unis,Naperville,Illinois,USCA - Centre,OFF-ST-10002743,Fournitures de bureau,Stockage,SAFCO Boltless Steel Shelving,272.74,3,0.2,-64.77
742,US-2015-112326,1/4/2015,1/8/2015,Tarif normal,PO-19195,Phillina Ober,Bureau à domicile,États-Unis,Naperville,Illinois,USCA - Centre,OFF-BI-10004094,Fournitures de bureau,Classeurs,GBC Standard Plastic Binding Systems Combs,3.54,2,0.8,-5.49
747,US-2015-124429,5/27/2015,5/27/2015,Le même jour,MH-17785,Maya Herman,Entreprise,États-Unis,San Diego,Californie,USCA - Ouest,FUR-TA-10002607,Mobilier,Tables,KI Conference Tables,567.12,10,0.2,-28.36
748,,5/27/2015,5/27/2015,Le même jour,MH-17785,Maya Herman,Entreprise,États-Unis,San Diego,Californie,USCA - Ouest,OFF-ST-10001809,Fournitures de bureau,Stockage,Fellowes Officeware Wire Shelving,359.32,4,0,7.19
757,US-2015-106803,12/29/2015,1/2/2016,Tarif normal,DC-13285,Debra Catini,Grand public,États-Unis,Cottage Grove,Minnesota,USCA - Centre,OFF-ST-10002444,Fournitures de bureau,Stockage,Recycled Eldon Regeneration Jumbo File,24.56,2,0,6.88
758,US-2015-106803,12/29/2015,1/2/2016,Tarif normal,DC-13285,Debra Catini,Grand public,États-Unis,Cottage Grove,Minnesota,USCA - Centre,TEC-AC-10001267,Produits technologiques,Accessoires,Imation 32GB Pocket Pro USB 3.0 Flash Drive - 32 GB - Black - 1 P ...,119.8,4,0,47.92
764,US-2015-162775,1/13/2015,1/15/2015,J+2,CS-12250,Chris Selesnick,Entreprise,États-Unis,Bossier City,Louisiane,USCA - Sud,OFF-EN-10001990,Fournitures de bureau,Enveloppes,Staple envelope,11.36,2,0,5.34
765,US-2015-162775,1/13/2015,1/15/2015,J+2,CS-12250,Chris Selesnick,Entreprise,États-Unis,Bossier City,Louisiane,USCA - Sud,OFF-EN-10001532,Fournitures de bureau,Enveloppes,Brown Kraft Recycled Envelopes,50.94,3,0,25.47
766,US-2015-162775,1/13/2015,1/15/2015,J+2,CS-12250,Chris Selesnick,Entreprise,États-Unis,Bossier City,Louisiane,USCA - Sud,TEC-AC-10003174,Produits technologiques,Accessoires,Plantronics S12 Corded Telephone Headset System,646.74,6,0,258.7
767,US-2015-162775,1/13/2015,1/15/2015,J+2,CS-12250,Chris Selesnick,Entreprise,États-Unis,Bossier City,Louisiane,USCA - Sud,OFF-BI-10004187,Fournitures de bureau,Classeurs,3-ring staple pack,5.64,3,0,2.71
768,US-2015-162775,1/13/2015,1/15/2015,J+2,CS-12250,Chris Selesnick,Entreprise,États-Unis,Bossier City,Louisiane,USCA - Sud,OFF-ST-10000025,Fournitures de bureau,Stockage,Fellowes Stor/Drawer Steel Plus Storage Drawers,572.58,6,0,34.35
769,US-2015-106810,5/14/2015,5/20/2015,Tarif normal,AJ-10795,Anthony Johnson,Entreprise,États-Unis,Saint Petersburg,Floride,USCA - Sud,FUR-FU-10004306,Mobilier,Meubles,Electrix Halogen Magnifier Lamp,310.88,2,0.2,23.32
777,US-2015-165974,6/29/2015,7/6/2015,Tarif normal,DL-12865,Dan Lawera,Grand public,États-Unis,Cincinnati,Ohio,USCA - Est,OFF-AR-10003405,Fournitures de bureau,Art,"Dixon My First Ticonderoga Pencil, #2",32.76,7,0.2,3.69
794,US-2015-156433,9/20/2015,9/26/2015,Tarif normal,ES-14020,Erica Smith,Grand public,États-Unis,San Francisco,Californie,USCA - Ouest,OFF-LA-10001569,Fournitures de bureau,Étiquettes,Avery 499,9.96,2,0,4.58
795,US-2015-156433,9/20/2015,9/26/2015,Tarif normal,ES-14020,Erica Smith,Grand public,États-Unis,San Francisco,Californie,USCA - Ouest,OFF-PA-10003724,Fournitures de bureau,Papier,"Wirebound Message Book, 4 per Page",21.72,4,0,10.64
806,US-2015-134313,11/1/2015,11/7/2015,Tarif normal,RA-19915,Russell Applegate,Grand public,États-Unis,Denver,Colorado,USCA - Ouest,OFF-AR-10001897,Fournitures de bureau,Art,Model L Table or Wall-Mount Pencil Sharpener,43.18,3,0.2,4.32
807,US-2015-134313,11/1/2015,11/7/2015,Tarif normal,RA-19915,Russell Applegate,Grand public,États-Unis,Denver,Colorado,USCA - Ouest,TEC-PH-10001795,Produits technologiques,Téléphones,ClearOne CHATAttach 160 - speaker phone,1983.97,4,0.2,248
810,US-2015-151995,10/13/2015,10/15/2015,Prioritaire,ZC-21910,Zuschuss Carroll,Grand public,États-Unis,Edmonds,Washington,USCA - Ouest,OFF-AR-10003190,Fournitures de bureau,Art,Newell 32,11.52,4,0,3.23
811,US-2015-151995,10/13/2015,10/15/2015,Prioritaire,ZC-21910,Zuschuss Carroll,Grand public,États-Unis,Edmonds,Washington,USCA - Ouest,FUR-TA-10002903,Mobilier,Tables,"Bevis Round Bullnose 29"" High Table Top",1298.55,5,0,311.65
812,US-2015-151995,10/13/2015,10/15/2015,Prioritaire,ZC-21910,Zuschuss Carroll,Grand public,États-Unis,Edmonds,Washington,USCA - Ouest,OFF-AP-10000240,Fournitures de bureau,Électroménager,Belkin F9G930V10-GRY 9 Outlet Surge,213.92,4,0,62.04
813,US-2015-151995,10/13/2015,10/15/2015,Prioritaire,ZC-21910,Zuschuss Carroll,Grand public,États-Unis,Edmonds,Washington,USCA - Ouest,TEC-AC-10001101,Produits technologiques,Accessoires,Sony 16GB Class 10 Micro SDHC R40 Memory Card,25.78,2,0,2.58
818,US-2015-140858,6/28/2015,7/2/2015,Tarif normal,CA-12775,Cynthia Arntzen,Grand public,États-Unis,Philadelphia,Pennsylvanie,USCA - Est,OFF-PA-10000304,Fournitures de bureau,Papier,Xerox 1995,41.47,8,0.2,14.52
819,US-2015-140858,6/28/2015,7/2/2015,Tarif normal,CA-12775,Cynthia Arntzen,Grand public,États-Unis,Philadelphia,Pennsylvanie,USCA - Est,OFF-BI-10003094,Fournitures de bureau,Classeurs,Self-Adhesive Ring Binder Labels,3.17,3,0.7,-2.43
820,US-2015-140858,6/28/2015,7/2/2015,Tarif normal,CA-12775,Cynthia Arntzen,Grand public,États-Unis,Philadelphia,Pennsylvanie,USCA - Est,FUR-CH-10001394,Mobilier,Chaises,Global Leather Executive Chair,1228.47,5,0.3,0
821,US-2015-140858,6/28/2015,7/2/2015,Tarif normal,CA-12775,Cynthia Arntzen,Grand public,États-Unis,Philadelphia,Pennsylvanie,USCA - Est,OFF-BI-10004230,Fournitures de bureau,Classeurs,GBC Recycled Grain Textured Covers,31.09,3,0.7,-22.8
822,US-2015-140858,6/28/2015,7/2/2015,Tarif normal,CA-12775,Cynthia Arntzen,Grand public,États-Unis,Philadelphia,Pennsylvanie,USCA - Est,OFF-PA-10003395,Fournitures de bureau,Papier,Xerox 1941,335.52,4,0.2,117.43
825,US-2015-102071,5/9/2015,5/15/2015,Tarif normal,PG-18820,Patrick Gardner,Grand public,États-Unis,San Francisco,Californie,USCA - Ouest,TEC-AC-10003441,Produits technologiques,Accessoires,Kingston Digital DataTraveler 32GB USB 2.0,67.8,4,0,4.07
826,US-2015-102071,5/9/2015,5/15/2015,Tarif normal,PG-18820,Patrick Gardner,Grand public,États-Unis,San Francisco,Californie,USCA - Ouest,TEC-AC-10000109,Produits technologiques,Accessoires,Sony Micro Vault Click 16 GB USB 2.0 Flash Drive,167.97,3,0,40.31
837,US-2015-115987,9/8/2015,9/13/2015,J+2,LH-17020,Lisa Hazard,Grand public,États-Unis,Tyler,Texas,USCA - Centre,OFF-BI-10001071,Fournitures de bureau,Classeurs,GBC ProClick Punch Binding System,51.18,4,0.8,-79.34
850,US-2015-107755,2/7/2015,2/12/2015,Tarif normal,CK-12760,Cyma Kinney,Entreprise,États-Unis,Linden,New Jersey,USCA - Est,TEC-AC-10000710,Produits technologiques,Accessoires,Maxell DVD-RAM Discs,115.36,7,0,49.6
856,US-2015-125612,8/3/2015,8/8/2015,Tarif normal,BK-11260,Berenike Kampe,Grand public,États-Unis,New York City,New York,USCA - Est,OFF-PA-10001019,Fournitures de bureau,Papier,Xerox 1884,39.96,2,0,18.78
857,US-2015-125612,8/3/2015,8/8/2015,Tarif normal,BK-11260,Berenike Kampe,Grand public,États-Unis,New York City,New York,USCA - Est,OFF-SU-10002537,Fournitures de bureau,Fournitures,Acme Box Cutter Scissors,102.3,10,0,26.6
858,US-2015-125612,8/3/2015,8/8/2015,Tarif normal,BK-11260,Berenike Kampe,Grand public,États-Unis,New York City,New York,USCA - Est,OFF-ST-10003221,Fournitures de bureau,Stockage,Staple magnet,21.36,2,0,5.77
861,US-2015-133851,6/9/2015,6/16/2015,Tarif normal,CM-12445,Chuck Magee,Grand public,États-Unis,San Francisco,Californie,USCA - Ouest,OFF-SU-10001225,Fournitures de bureau,Fournitures,Staple remover,7.36,2,0,0.15
862,US-2015-133851,6/9/2015,6/16/2015,Tarif normal,CM-12445,Chuck Magee,Grand public,États-Unis,San Francisco,Californie,USCA - Ouest,OFF-AR-10003752,Fournitures de bureau,Art,Deluxe Chalkboard Eraser Cleaner,23.1,2,0,10.63
866,US-2015-149020,1/10/2015,1/15/2015,Tarif normal,AJ-10780,Anthony Jacobs,Entreprise,États-Unis,Springfield,Virginie,USCA - Sud,OFF-LA-10004272,Fournitures de bureau,Étiquettes,Avery 482,2.89,1,0,1.36
867,US-2015-149020,1/10/2015,1/15/2015,Tarif normal,AJ-10780,Anthony Jacobs,Entreprise,États-Unis,Springfield,Virginie,USCA - Sud,FUR-FU-10000965,Mobilier,Meubles,"Howard Miller 11-1/2"" Diameter Ridgewood Wall Clock",51.94,1,0,21.3
869,US-2015-136742,4/6/2015,4/10/2015,Tarif normal,GP-14740,Guy Phonely,Entreprise,États-Unis,Lancaster,Pennsylvanie,USCA - Est,OFF-BI-10003719,Fournitures de bureau,Classeurs,Large Capacity Hanging Post Binders,44.91,6,0.7,-35.93
873,US-2015-148488,12/10/2015,12/15/2015,Tarif normal,SM-20005,Sally Matthias,Grand public,États-Unis,New York City,New York,USCA - Est,OFF-PA-10004470,Fournitures de bureau,Papier,"Adams Write n' Stick Phone Message Book, 11"" X 5 1/4"", 200 Messages",11.36,2,0,5.23
874,US-2015-148488,12/10/2015,12/15/2015,Tarif normal,SM-20005,Sally Matthias,Grand public,États-Unis,New York City,New York,USCA - Est,OFF-BI-10000315,Fournitures de bureau,Classeurs,Poly Designer Cover & Back,106.34,7,0.2,37.22
879,US-2015-158638,9/17/2015,9/21/2015,Tarif normal,AG-10765,Anthony Garverick,Bureau à domicile,États-Unis,Philadelphia,Pennsylvanie,USCA - Est,OFF-BI-10003712,Fournitures de bureau,Classeurs,"Acco Pressboard Covers with Storage Hooks, 14 7/8"" x 11"", Light Blue",5.89,4,0.7,-4.12
885,US-2015-134061,4/29/2015,5/4/2015,Tarif normal,LL-16840,Lauren Leatherbury,Grand public,États-Unis,Rochester,New York,USCA - Est,FUR-FU-10001424,Mobilier,Meubles,Dax Clear Box Frame,17.46,2,0,5.94
889,US-2015-104976,12/9/2015,12/16/2015,Tarif normal,CK-12760,Cyma Kinney,Entreprise,États-Unis,San Francisco,Californie,USCA - Ouest,OFF-PA-10003845,Fournitures de bureau,Papier,Xerox 1987,34.68,6,0,16.99
898,US-2015-144407,9/9/2015,9/15/2015,Tarif normal,MS-17365,Maribeth Schnelling,Grand public,États-Unis,Detroit,Michigan,USCA - Centre,OFF-LA-10003923,Fournitures de bureau,Étiquettes,Alphabetical Labels for Top Tab Filing,103.6,7,0,51.8
916,US-2015-141215,6/15/2015,6/21/2015,Tarif normal,KL-16555,Kelly Lampkin,Entreprise,États-Unis,San Antonio,Texas,USCA - Centre,FUR-TA-10001520,Mobilier,Tables,"Lesro Sheffield Collection Coffee Table, End Table, Center Table, Corner Table",99.92,2,0.3,-18.56
917,US-2015-141215,6/15/2015,6/21/2015,Tarif normal,KL-16555,Kelly Lampkin,Entreprise,États-Unis,San Antonio,Texas,USCA - Centre,FUR-CH-10003379,Mobilier,Chaises,Global Commerce Series High-Back Swivel/Tilt Chairs,797.94,4,0.3,-57
918,US-2015-141215,6/15/2015,6/21/2015,Tarif normal,KL-16555,Kelly Lampkin,Entreprise,États-Unis,San Antonio,Texas,USCA - Centre,OFF-BI-10002706,Fournitures de bureau,Classeurs,Avery Premier Heavy-Duty Binder with Round Locking Rings,8.57,3,0.8,-14.57
921,US-2015-138296,12/5/2015,12/12/2015,Tarif normal,RC-19825,Roy Collins,Grand public,États-Unis,Alexandria,Virginie,USCA - Sud,OFF-ST-10002444,Fournitures de bureau,Stockage,Recycled Eldon Regeneration Jumbo File,24.56,2,0,6.88
926,US-2015-132962,9/13/2015,9/16/2015,Prioritaire,JM-15535,Jessica Myrick,Grand public,États-Unis,Philadelphia,Pennsylvanie,USCA - Est,OFF-PA-10003543,Fournitures de bureau,Papier,Xerox 1985,15.55,3,0.2,5.44
927,US-2015-132962,9/13/2015,9/16/2015,Prioritaire,JM-15535,Jessica Myrick,Grand public,États-Unis,Philadelphia,Pennsylvanie,USCA - Est,TEC-AC-10004353,Produits technologiques,Accessoires,Hypercom P1300 Pinpad,252,5,0.2,53.55
964,US-2015-127488,9/22/2015,9/24/2015,J+2,MS-17365,Maribeth Schnelling,Grand public,États-Unis,Boca Raton,Floride,USCA - Sud,OFF-LA-10001613,Fournitures de bureau,Étiquettes,Avery File Folder Labels,4.61,2,0.2,1.67
971,US-2015-115791,1/16/2015,1/18/2015,J+2,DL-13315,Delfina Latchford,Grand public,États-Unis,Philadelphia,Pennsylvanie,USCA - Est,FUR-FU-10001095,Mobilier,Meubles,DAX Black Cherry Wood-Tone Poster Frame,127.1,6,0.2,28.6
972,US-2015-115791,1/16/2015,1/18/2015,J+2,DL-13315,Delfina Latchford,Grand public,États-Unis,Philadelphia,Pennsylvanie,USCA - Est,TEC-PH-10004614,Produits technologiques,Téléphones,AT&T 841000 Phone,124.2,3,0.4,-31.05
973,US-2015-115791,1/16/2015,1/18/2015,J+2,DL-13315,Delfina Latchford,Grand public,États-Unis,Philadelphia,Pennsylvanie,USCA - Est,OFF-BI-10001575,Fournitures de bureau,Classeurs,GBC Linen Binding Covers,18.59,2,0.7,-13.63
974,US-2015-115791,1/16/2015,1/18/2015,J+2,DL-13315,Delfina Latchford,Grand public,États-Unis,Philadelphia,Pennsylvanie,USCA - Est,OFF-LA-10001074,Fournitures de bureau,Étiquettes,Round Specialty Laser Printer Labels,30.07,3,0.2,10.15
982,US-2015-163419,11/11/2015,11/14/2015,J+2,TZ-21580,Tracy Zic,Grand public,États-Unis,Louisville,Colorado,USCA - Ouest,OFF-AR-10000034,Fournitures de bureau,Art,"BIC Brite Liner Grip Highlighters, Assorted, 5/Pack",3.39,1,0.2,0.81
983,US-2015-163419,11/11/2015,11/14/2015,J+2,TZ-21580,Tracy Zic,Grand public,États-Unis,Louisville,Colorado,USCA - Ouest,TEC-PH-10000560,Produits technologiques,Téléphones,Samsung Galaxy S III - 16GB - pebble blue (T-Mobile),559.98,2,0.2,56
984,US-2015-163419,11/11/2015,11/14/2015,J+2,TZ-21580,Tracy Zic,Grand public,États-Unis,Louisville,Colorado,USCA - Ouest,FUR-CH-10000665,Mobilier,Chaises,"Global Airflow Leather Mesh Back Chair, Black",603.92,5,0.2,75.49
995,US-2015-117639,5/21/2015,5/25/2015,Tarif normal,MW-18235,Mitch Willingham,Entreprise,États-Unis,Virginia Beach,Virginie,USCA - Sud,OFF-BI-10003925,Fournitures de bureau,Classeurs,Fellowes PB300 Plastic Comb Binding Machine,2715.93,7,0,1276.49
996,US-2015-117639,5/21/2015,5/25/2015,Tarif normal,MW-18235,Mitch Willingham,Entreprise,États-Unis,Virginia Beach,Virginie,USCA - Sud,TEC-PH-10001530,Produits technologiques,Téléphones,Plantronics Voyager Pro Legend,617.97,3,0,173.03
1011,US-2015-158540,11/24/2015,11/26/2015,Prioritaire,VG-21790,Vivek Gonzalez,Grand public,États-Unis,San Diego,Californie,USCA - Ouest,FUR-FU-10001602,Mobilier,Meubles,"Eldon Delta Triangular Chair Mat, 52"" x 58"", Clear",151.72,4,0,27.31
1029,US-2015-163552,7/11/2015,7/15/2015,Tarif normal,LA-16780,Laura Armstrong,Entreprise,États-Unis,Hackensack,New Jersey,USCA - Est,OFF-PA-10000474,Fournitures de bureau,Papier,Easy-staple paper,177.2,5,0,83.28
1030,US-2015-163552,7/11/2015,7/15/2015,Tarif normal,LA-16780,Laura Armstrong,Entreprise,États-Unis,Hackensack,New Jersey,USCA - Est,TEC-PH-10003885,Produits technologiques,Téléphones,Cisco SPA508G,197.97,3,0,57.41
1031,US-2015-163552,7/11/2015,7/15/2015,Tarif normal,LA-16780,Laura Armstrong,Entreprise,États-Unis,Hackensack,New Jersey,USCA - Est,FUR-CH-10003379,Mobilier,Chaises,Global Commerce Series High-Back Swivel/Tilt Chairs,854.94,3,0,213.74
1032,US-2015-163552,7/11/2015,7/15/2015,Tarif normal,LA-16780,Laura Armstrong,Entreprise,États-Unis,Hackensack,New Jersey,USCA - Est,FUR-FU-10000629,Mobilier,Meubles,9-3/4 Diameter Round Wall Clock,124.11,9,0,52.13
1033,US-2015-163552,7/11/2015,7/15/2015,Tarif normal,LA-16780,Laura Armstrong,Entreprise,États-Unis,Hackensack,New Jersey,USCA - Est,OFF-LA-10001175,Fournitures de bureau,Étiquettes,Avery 514,14.4,5,0,7.06
1049,US-2015-139192,5/27/2015,6/1/2015,J+2,LC-16885,Lena Creighton,Grand public,États-Unis,San Francisco,Californie,USCA - Ouest,TEC-PH-10000486,Produits technologiques,Téléphones,Plantronics HL10 Handset Lifter,1113.5,12,0.2,125.27
1050,US-2015-139192,5/27/2015,6/1/2015,J+2,LC-16885,Lena Creighton,Grand public,États-Unis,San Francisco,Californie,USCA - Ouest,TEC-AC-10001606,Produits technologiques,Accessoires,Logitech Wireless Performance Mouse MX for PC and Mac,99.99,1,0,38
1098,US-2015-159338,6/25/2015,6/28/2015,Prioritaire,NS-18640,Noel Staavos,Entreprise,États-Unis,Los Angeles,Californie,USCA - Ouest,FUR-TA-10004147,Mobilier,Tables,Hon 4060 Series Tables,447.84,5,0.2,11.2
1122,US-2015-147627,1/20/2015,1/26/2015,Tarif normal,HL-15040,Hunter Lopez,Grand public,États-Unis,Jonesboro,Arkansas,USCA - Sud,TEC-PH-10001061,Produits technologiques,Téléphones,Apple iPhone 5C,699.93,7,0,181.98
1123,US-2015-147627,1/20/2015,1/26/2015,Tarif normal,HL-15040,Hunter Lopez,Grand public,États-Unis,Jonesboro,Arkansas,USCA - Sud,OFF-AR-10002375,Fournitures de bureau,Art,Newell 351,22.96,7,0,6.66
1124,US-2015-147627,1/20/2015,1/26/2015,Tarif normal,HL-15040,Hunter Lopez,Grand public,États-Unis,Jonesboro,Arkansas,USCA - Sud,FUR-FU-10003194,Mobilier,Meubles,"Eldon Expressions Desk Accessory, Wood Pencil Holder, Oak",38.6,4,0,11.58
1125,US-2015-147627,1/20/2015,1/26/2015,Tarif normal,HL-15040,Hunter Lopez,Grand public,États-Unis,Jonesboro,Arkansas,USCA - Sud,OFF-AR-10003811,Fournitures de bureau,Art,Newell 327,6.63,3,0,1.79
1126,US-2015-147627,1/20/2015,1/26/2015,Tarif normal,HL-15040,Hunter Lopez,Grand public,États-Unis,Jonesboro,Arkansas,USCA - Sud,OFF-EN-10001539,Fournitures de bureau,Enveloppes,Staple envelope,23.34,3,0,10.97
1127,US-2015-147627,1/20/2015,1/26/2015,Tarif normal,HL-15040,Hunter Lopez,Grand public,États-Unis,Jonesboro,Arkansas,USCA - Sud,FUR-CH-10002331,Mobilier,Chaises,Hon 4700 Series Mobuis Mid-Back Task Chairs with Adjustable Arms,1067.94,3,0,224.27
1142,US-2015-146969,9/29/2015,10/3/2015,Tarif normal,AP-10915,Arthur Prichep,Grand public,États-Unis,Los Angeles,Californie,USCA - Ouest,FUR-FU-10004188,Mobilier,Meubles,Luxo Professional Combination Clamp-On Lamps,204.6,2,0,53.2
1143,US-2015-146969,9/29/2015,10/3/2015,Tarif normal,AP-10915,Arthur Prichep,Grand public,États-Unis,Los Angeles,Californie,USCA - Ouest,OFF-FA-10001561,Fournitures de bureau,Éléments de fixation,Stockwell Push Pins,8.72,4,0,2.88
1144,US-2015-146969,9/29/2015,10/3/2015,Tarif normal,AP-10915,Arthur Prichep,Grand public,États-Unis,Los Angeles,Californie,USCA - Ouest,OFF-PA-10002105,Fournitures de bureau,Papier,Xerox 223,6.48,1,0,3.11
1145,US-2015-146969,9/29/2015,10/3/2015,Tarif normal,AP-10915,Arthur Prichep,Grand public,États-Unis,Los Angeles,Californie,USCA - Ouest,TEC-MA-10004241,Produits technologiques,Machines,Star Micronics TSP800 TSP847IIU Receipt Printer,686.32,2,0.2,223.05
1146,US-2015-146969,9/29/2015,10/3/2015,Tarif normal,AP-10915,Arthur Prichep,Grand public,États-Unis,Los Angeles,Californie,USCA - Ouest,OFF-ST-10004340,Fournitures de bureau,Stockage,"Fellowes Mobile File Cart, Black",62.18,1,0,16.79
1155,US-2015-136567,12/20/2015,12/21/2015,Prioritaire,PS-19045,Penelope Sewall,Bureau à domicile,États-Unis,Harrisonburg,Virginie,USCA - Sud,OFF-ST-10004337,Fournitures de bureau,Stockage,"SAFCO Commercial Wire Shelving, 72h",122.48,2,0,0
1156,US-2015-136567,12/20/2015,12/21/2015,Prioritaire,PS-19045,Penelope Sewall,Bureau à domicile,États-Unis,Harrisonburg,Virginie,USCA - Sud,FUR-TA-10001932,Mobilier,Tables,"Chromcraft 48"" x 96"" Racetrack Double Pedestal Table",2244.48,7,0,493.79
1157,US-2015-136567,12/20/2015,12/21/2015,Prioritaire,PS-19045,Penelope Sewall,Bureau à domicile,États-Unis,Harrisonburg,Virginie,USCA - Sud,OFF-BI-10003982,Fournitures de bureau,Classeurs,Wilson Jones Century Plastic Molded Ring Binders,62.31,3,0,29.29
1158,US-2015-136567,12/20/2015,12/21/2015,Prioritaire,PS-19045,Penelope Sewall,Bureau à domicile,États-Unis,Harrisonburg,Virginie,USCA - Sud,FUR-TA-10000617,Mobilier,Tables,"Hon Practical Foundations 30 x 60 Training Table, Light Gray/Charcoal",455.1,2,0,100.12
1162,US-2015-126522,9/1/2015,9/5/2015,J+2,LT-16765,Larry Tron,Grand public,États-Unis,Escondido,Californie,USCA - Ouest,OFF-AR-10004042,Fournitures de bureau,Art,"BOSTON Model 1800 Electric Pencil Sharpeners, Putty/Woodgrain",53.94,3,0,15.64
1163,US-2015-127964,3/3/2015,3/8/2015,Tarif normal,AP-10720,Anne Pryor,Bureau à domicile,États-Unis,New York City,New York,USCA - Est,TEC-PH-10004700,Produits technologiques,Téléphones,PowerGen Dual USB Car Charger,9.99,1,0,4.6
1164,US-2015-127964,3/3/2015,3/8/2015,Tarif normal,AP-10720,Anne Pryor,Bureau à domicile,États-Unis,New York City,New York,USCA - Est,OFF-BI-10004593,Fournitures de bureau,Classeurs,Ibico Laser Imprintable Binding System Covers,125.76,3,0.2,40.87
1165,US-2015-127964,3/3/2015,3/8/2015,Tarif normal,AP-10720,Anne Pryor,Bureau à domicile,États-Unis,New York City,New York,USCA - Est,OFF-BI-10003429,Fournitures de bureau,Classeurs,"Cardinal HOLDit! Binder Insert Strips,Extra Strips",25.32,5,0.2,9.18
1166,US-2015-117709,5/4/2015,5/8/2015,Tarif normal,PM-18940,Paul MacIntyre,Grand public,États-Unis,Jackson,Michigan,USCA - Centre,OFF-BI-10001294,Fournitures de bureau,Classeurs,Fellowes Binding Cases,46.8,4,0,21.06
1172,US-2015-100279,3/10/2015,3/14/2015,Tarif normal,SW-20275,Scott Williamson,Grand public,États-Unis,Royal Oak,Michigan,USCA - Centre,OFF-PA-10002259,Fournitures de bureau,Papier,"Geographics Note Cards, Blank, White, 8 1/2"" x 11""",22.38,2,0,10.74
1173,US-2015-158064,4/21/2015,4/25/2015,Tarif normal,AA-10375,Allen Armold,Grand public,États-Unis,Los Angeles,Californie,USCA - Ouest,OFF-BI-10002976,Fournitures de bureau,Classeurs,ACCOHIDE Binder by Acco,16.52,5,0.2,5.58
1177,US-2015-120243,12/27/2015,12/30/2015,J+2,AT-10435,Alyssa Tate,Bureau à domicile,États-Unis,Los Angeles,Californie,USCA - Ouest,OFF-LA-10004425,Fournitures de bureau,Étiquettes,Staple-on labels,11.56,4,0,5.43
1181,US-2015-128146,6/21/2015,6/25/2015,Tarif normal,DB-13060,Dave Brooks,Grand public,États-Unis,Lakewood,New Jersey,USCA - Est,TEC-PH-10004539,Produits technologiques,Téléphones,Wireless Extenders zBoost YX545 SOHO Signal Booster,1322.93,7,0,357.19
1182,US-2015-128146,6/21/2015,6/25/2015,Tarif normal,DB-13060,Dave Brooks,Grand public,États-Unis,Lakewood,New Jersey,USCA - Est,OFF-AR-10001919,Fournitures de bureau,Art,"OIC #2 Pencils, Medium Soft",3.76,2,0,1.09
1185,US-2015-127131,11/24/2015,11/30/2015,Tarif normal,HR-14830,Harold Ryan,Entreprise,États-Unis,Seattle,Washington,USCA - Ouest,OFF-BI-10004656,Fournitures de bureau,Classeurs,Peel & Stick Add-On Corner Pockets,12.1,7,0.2,4.23
1186,US-2015-127131,11/24/2015,11/30/2015,Tarif normal,HR-14830,Harold Ryan,Entreprise,États-Unis,Seattle,Washington,USCA - Ouest,OFF-ST-10002344,Fournitures de bureau,Stockage,"Carina 42""Hx23 3/4""W Media Storage Unit",485.88,6,0,9.72
1187,US-2015-127131,11/24/2015,11/30/2015,Tarif normal,HR-14830,Harold Ryan,Entreprise,États-Unis,Seattle,Washington,USCA - Ouest,OFF-PA-10001800,Fournitures de bureau,Papier,Xerox 220,25.92,4,0,12.44
1188,US-2015-127131,11/24/2015,11/30/2015,Tarif normal,HR-14830,Harold Ryan,Entreprise,États-Unis,Seattle,Washington,USCA - Ouest,OFF-ST-10000036,Fournitures de bureau,Stockage,"Recycled Data-Pak for Archival Bound Computer Printouts, 12-1/2 x 12-1/2 x 16",197.58,2,0,53.35
1221,US-2015-110184,7/12/2015,7/16/2015,Tarif normal,BF-11170,Ben Ferrer,Bureau à domicile,États-Unis,Los Angeles,Californie,USCA - Ouest,OFF-ST-10000107,Fournitures de bureau,Stockage,Fellowes Super Stor/Drawer,249.75,9,0,44.96
1222,US-2015-110184,7/12/2015,7/16/2015,Tarif normal,BF-11170,Ben Ferrer,Bureau à domicile,États-Unis,Los Angeles,Californie,USCA - Ouest,TEC-PH-10000439,Produits technologiques,Téléphones,GE DSL Phone Line Filter,255.94,8,0.2,28.79
1239,US-2015-127012,8/11/2015,8/15/2015,Tarif normal,GM-14680,Greg Matthias,Grand public,États-Unis,Seattle,Washington,USCA - Ouest,FUR-FU-10003691,Mobilier,Meubles,"Eldon Image Series Desk Accessories, Ebony",12.35,1,0,5.43
1240,US-2015-127012,8/11/2015,8/15/2015,Tarif normal,GM-14680,Greg Matthias,Grand public,États-Unis,Seattle,Washington,USCA - Ouest,OFF-AR-10003903,Fournitures de bureau,Art,Sanford 52201 APSCO Electric Pencil Sharpener,40.97,1,0,10.65
1241,US-2015-127012,8/11/2015,8/15/2015,Tarif normal,GM-14680,Greg Matthias,Grand public,États-Unis,Seattle,Washington,USCA - Ouest,OFF-FA-10004854,Fournitures de bureau,Éléments de fixation,"Vinyl Coated Wire Paper Clips in Organizer Box, 800/Box",22.96,2,0,10.79
1246,US-2015-168494,12/12/2015,12/14/2015,J+2,NP-18700,Nora Preis,Grand public,États-Unis,Fresno,Californie,USCA - Ouest,FUR-TA-10004619,Mobilier,Tables,Hon Non-Folding Utility Tables,764.69,6,0.2,95.59
1247,US-2015-168494,12/12/2015,12/14/2015,J+2,NP-18700,Nora Preis,Grand public,États-Unis,Fresno,Californie,USCA - Ouest,FUR-TA-10003473,Mobilier,Tables,Bretford Rectangular Conference Table Tops,3610.85,12,0.2,135.41
1248,US-2015-168494,12/12/2015,12/14/2015,J+2,NP-18700,Nora Preis,Grand public,États-Unis,Fresno,Californie,USCA - Ouest,FUR-BO-10004467,Mobilier,Bibliothèques,Bestar Classic Bookcase,254.97,3,0.2,12
1267,US-2015-167738,12/24/2015,12/29/2015,Tarif normal,JC-16105,Julie Creighton,Entreprise,États-Unis,Los Angeles,Californie,USCA - Ouest,OFF-ST-10003306,Fournitures de bureau,Stockage,Letter Size Cart,142.86,1,0,41.43
1268,US-2015-167738,12/24/2015,12/29/2015,Tarif normal,JC-16105,Julie Creighton,Entreprise,États-Unis,Los Angeles,Californie,USCA - Ouest,FUR-CH-10001146,Mobilier,Chaises,"Global Value Mid-Back Manager's Chair, Gray",292.27,6,0.2,18.27
1279,US-2015-163293,9/8/2015,9/11/2015,Prioritaire,KC-16255,Karen Carlisle,Entreprise,États-Unis,Macon,Géorgie,USCA - Sud,TEC-AC-10004209,Produits technologiques,Accessoires,Memorex Froggy Flash Drive 4 GB,32.97,3,0,12.86
1280,US-2015-163293,9/8/2015,9/11/2015,Prioritaire,KC-16255,Karen Carlisle,Entreprise,États-Unis,Macon,Géorgie,USCA - Sud,TEC-AC-10000023,Produits technologiques,Accessoires,"Maxell 74 Minute CD-R Spindle, 50/Pack",83.88,4,0,30.2
1319,US-2015-160773,7/1/2015,7/5/2015,Tarif normal,LW-16825,Laurel Workman,Entreprise,États-Unis,Deltona,Floride,USCA - Sud,TEC-PH-10004586,Produits technologiques,Téléphones,Wilson SignalBoost 841262 DB PRO Amplifier Kit,575.92,2,0.2,71.99
1320,US-2015-160773,7/1/2015,7/5/2015,Tarif normal,LW-16825,Laurel Workman,Entreprise,États-Unis,Deltona,Floride,USCA - Sud,OFF-BI-10000546,Fournitures de bureau,Classeurs,Avery Durable Binders,5.18,6,0.7,-3.63
1325,CA-2015-107153,9/28/2015,10/3/2015,Tarif normal,GZ-14545,George Zrebassa,Entreprise,Canada,Montréal,Québec,USCA - Est,OFF-ST-10001321,Fournitures de bureau,Stockage,"Decoflex Hanging Personal Folder File, Blue",46.26,3,0,12.49
1326,US-2015-117058,5/27/2015,5/30/2015,Prioritaire,LE-16810,Laurel Elliston,Grand public,États-Unis,Chicago,Illinois,USCA - Centre,OFF-BI-10004139,Fournitures de bureau,Classeurs,Fellowes Presentation Covers for Comb Binding Machines,17.46,6,0.8,-30.56
1333,US-2015-122567,2/16/2015,2/21/2015,Tarif normal,MN-17935,Michael Nguyen,Grand public,États-Unis,Dallas,Texas,USCA - Centre,OFF-BI-10002012,Fournitures de bureau,Classeurs,Wilson Jones Easy Flow II Sheet Lifters,1.08,3,0.8,-1.73
1334,US-2015-122567,2/16/2015,2/21/2015,Tarif normal,MN-17935,Michael Nguyen,Grand public,États-Unis,Dallas,Texas,USCA - Centre,OFF-AP-10001303,Fournitures de bureau,Électroménager,"Holmes Cool Mist Humidifier for the Whole House with 8-Gallon Output per Day, Extended Life Filter",7.96,2,0.8,-13.93
1335,US-2015-121664,5/6/2015,5/10/2015,Tarif normal,HP-14815,Harold Pawlan,Bureau à domicile,États-Unis,Los Angeles,Californie,USCA - Ouest,OFF-BI-10003684,Fournitures de bureau,Classeurs,Wilson Jones Legal Size Ring Binders,140.74,8,0.2,52.78
1346,US-2015-118339,3/17/2015,3/24/2015,Tarif normal,BN-11515,Bradley Nguyen,Grand public,États-Unis,Lakeville,Minnesota,USCA - Centre,OFF-AP-10001154,Fournitures de bureau,Électroménager,Bionaire Personal Warm Mist Humidifier/Vaporizer,93.78,2,0,36.57
1347,US-2015-118339,3/17/2015,3/24/2015,Tarif normal,BN-11515,Bradley Nguyen,Grand public,États-Unis,Lakeville,Minnesota,USCA - Centre,OFF-PA-10000466,Fournitures de bureau,Papier,"Memo Book, 100 Message Capacity, 5 3/8” x 11”",47.18,7,0,23.59
1348,US-2015-118339,3/17/2015,3/24/2015,Tarif normal,BN-11515,Bradley Nguyen,Grand public,États-Unis,Lakeville,Minnesota,USCA - Centre,OFF-AR-10003829,Fournitures de bureau,Art,Newell 35,19.68,6,0,5.71
1349,US-2015-118339,3/17/2015,3/24/2015,Tarif normal,BN-11515,Bradley Nguyen,Grand public,États-Unis,Lakeville,Minnesota,USCA - Centre,OFF-BI-10001758,Fournitures de bureau,Classeurs,Wilson Jones 14 Line Acrylic Coated Pressboard Data Binders,53.4,10,0,25.1
1350,US-2015-118339,3/17/2015,3/24/2015,Tarif normal,BN-11515,Bradley Nguyen,Grand public,États-Unis,Lakeville,Minnesota,USCA - Centre,OFF-BI-10000136,Fournitures de bureau,Classeurs,Avery Non-Stick Heavy Duty View Round Locking Ring Binders,35.88,6,0,17.22
1351,US-2015-153976,10/3/2015,10/8/2015,J+2,BP-11290,Beth Paige,Grand public,États-Unis,Evanston,Illinois,USCA - Centre,FUR-CH-10002880,Mobilier,Chaises,"Global High-Back Leather Tilter, Burgundy",258.28,3,0.3,-70.1
1356,US-2015-160444,7/5/2015,7/5/2015,Le même jour,DC-12850,Dan Campbell,Grand public,États-Unis,Houston,Texas,USCA - Centre,OFF-ST-10001522,Fournitures de bureau,Stockage,"Gould Plastics 18-Pocket Panel Bin, 34w x 5-1/4d x 20-1/2h",220.78,3,0.2,-44.16
1357,US-2015-160444,7/5/2015,7/5/2015,Le même jour,DC-12850,Dan Campbell,Grand public,États-Unis,Houston,Texas,USCA - Centre,OFF-ST-10000563,Fournitures de bureau,Stockage,Fellowes Bankers Box Stor/Drawer Steel Plus,281.42,11,0.2,-35.18
1360,US-2015-151925,9/26/2015,10/1/2015,J+2,KT-16465,Kean Takahito,Grand public,États-Unis,Los Angeles,Californie,USCA - Ouest,FUR-CH-10002961,Mobilier,Chaises,"Leather Task Chair, Black",145.57,2,0.2,0
1373,US-2015-157021,4/1/2015,4/6/2015,J+2,KM-16720,Kunst Miller,Grand public,États-Unis,Vallejo,Californie,USCA - Ouest,OFF-LA-10002312,Fournitures de bureau,Étiquettes,Avery 490,29.6,2,0,14.8
1374,US-2015-157021,4/1/2015,4/6/2015,J+2,KM-16720,Kunst Miller,Grand public,États-Unis,Vallejo,Californie,USCA - Ouest,OFF-BI-10000042,Fournitures de bureau,Classeurs,"Pressboard Data Binder, Crimson, 12"" X 8 1/2""",17.09,4,0.2,5.55
1376,US-2015-126361,8/4/2015,8/9/2015,J+2,VD-21670,Valerie Dominguez,Grand public,États-Unis,Pleasant Grove,Utah,USCA - Ouest,OFF-AP-10003590,Fournitures de bureau,Électroménager,Hoover WindTunnel Plus Canister Vacuum,1089.75,3,0,305.13
1377,US-2015-126361,8/4/2015,8/9/2015,J+2,VD-21670,Valerie Dominguez,Grand public,États-Unis,Pleasant Grove,Utah,USCA - Ouest,OFF-PA-10000806,Fournitures de bureau,Papier,Xerox 1934,447.84,8,0,219.44
1378,US-2015-126361,8/4/2015,8/9/2015,J+2,VD-21670,Valerie Dominguez,Grand public,États-Unis,Pleasant Grove,Utah,USCA - Ouest,OFF-AR-10000896,Fournitures de bureau,Art,Newell 329,16.4,5,0,4.26
1379,US-2015-126361,8/4/2015,8/9/2015,J+2,VD-21670,Valerie Dominguez,Grand public,États-Unis,Pleasant Grove,Utah,USCA - Ouest,TEC-PH-10002310,Produits technologiques,Téléphones,Panasonic KX T7731-B Digital phone,399.96,5,0.2,35
1380,US-2015-126361,8/4/2015,8/9/2015,J+2,VD-21670,Valerie Dominguez,Grand public,États-Unis,Pleasant Grove,Utah,USCA - Ouest,OFF-ST-10002289,Fournitures de bureau,Stockage,"Safco Wire Cube Shelving System, For Use as 4 or 5 14"" Cubes, Black",158.9,5,0,7.94
1381,US-2015-126361,8/4/2015,8/9/2015,J+2,VD-21670,Valerie Dominguez,Grand public,États-Unis,Pleasant Grove,Utah,USCA - Ouest,OFF-BI-10002852,Fournitures de bureau,Classeurs,Ibico Standard Transparent Covers,13.18,1,0.2,4.78
1405,US-2015-118486,4/6/2015,4/8/2015,Prioritaire,SD-20485,Shirley Daniels,Bureau à domicile,États-Unis,Philadelphia,Pennsylvanie,USCA - Est,OFF-SU-10004498,Fournitures de bureau,Fournitures,Martin-Yale Premier Letter Opener,10.3,1,0.2,-2.19
1406,,4/6/2015,4/8/2015,Prioritaire,SD-20485,Shirley Daniels,Bureau à domicile,États-Unis,Philadelphia,Pennsylvanie,USCA - Est,FUR-TA-10001039,Mobilier,Tables,KI Adjustable-Height Table,154.76,3,0.4,-36.11
1407,US-2015-118486,4/6/2015,4/8/2015,Prioritaire,SD-20485,Shirley Daniels,Bureau à domicile,États-Unis,Philadelphia,Pennsylvanie,USCA - Est,TEC-AC-10004659,Produits technologiques,Accessoires,Imation Secure+ Hardware Encrypted USB 2.0 Flash Drive; 16GB,116.78,2,0.2,21.9
1414,US-2015-146640,6/30/2015,7/5/2015,Tarif normal,HA-14905,Helen Abelman,Grand public,États-Unis,New York City,New York,USCA - Est,OFF-BI-10002867,Fournitures de bureau,Classeurs,GBC Recycled Regency Composition Covers,334.77,7,0.2,108.8
1432,US-2015-120768,12/19/2015,12/21/2015,J+2,IM-15070,Irene Maddox,Grand public,États-Unis,Florence,Alabama,USCA - Sud,OFF-BI-10001191,Fournitures de bureau,Classeurs,Canvas Sectional Post Binders,152.76,6,0,74.85
1433,US-2015-120768,12/19/2015,12/21/2015,J+2,IM-15070,Irene Maddox,Grand public,États-Unis,Florence,Alabama,USCA - Sud,OFF-SU-10004115,Fournitures de bureau,Fournitures,Acme Stainless Steel Office Snips,7.27,1,0,1.96
1434,US-2015-120768,12/19/2015,12/21/2015,J+2,IM-15070,Irene Maddox,Grand public,États-Unis,Florence,Alabama,USCA - Sud,FUR-CH-10000513,Mobilier,Chaises,High-Back Leather Manager's Chair,1819.86,14,0,163.79
1449,US-2015-112564,4/23/2015,4/24/2015,Prioritaire,TS-21160,Theresa Swint,Entreprise,États-Unis,Philadelphia,Pennsylvanie,USCA - Est,OFF-BI-10004876,Fournitures de bureau,Classeurs,Wilson Jones Suede Grain Vinyl Binders,2.5,3,0.7,-1.75
1460,US-2015-155271,5/4/2015,5/4/2015,Le même jour,AA-10480,Andrew Allen,Grand public,États-Unis,Middletown,Connecticut,USCA - Est,FUR-FU-10001473,Mobilier,Meubles,DAX Wood Document Frame,27.46,2,0,9.89
1466,US-2015-151708,8/8/2015,8/14/2015,Tarif normal,MB-17305,Maria Bertelson,Grand public,États-Unis,Glendale,Arizona,USCA - Ouest,FUR-FU-10001602,Mobilier,Meubles,"Eldon Delta Triangular Chair Mat, 52"" x 58"", Clear",121.38,4,0.2,-3.03
1467,US-2015-151708,8/8/2015,8/14/2015,Tarif normal,MB-17305,Maria Bertelson,Grand public,États-Unis,Glendale,Arizona,USCA - Ouest,TEC-AC-10001767,Produits technologiques,Accessoires,SanDisk Ultra 64 GB MicroSDHC Class 10 Memory Card,95.98,3,0.2,-10.8
1486,US-2015-119032,11/27/2015,12/3/2015,Tarif normal,MS-17770,Maxwell Schwartz,Grand public,États-Unis,New York City,New York,USCA - Est,OFF-FA-10003021,Fournitures de bureau,Éléments de fixation,Staples,3.76,2,0,1.32
1490,US-2015-136280,11/29/2015,12/6/2015,Tarif normal,Co-12640,Corey-Lock,Grand public,États-Unis,Philadelphia,Pennsylvanie,USCA - Est,OFF-LA-10000452,Fournitures de bureau,Étiquettes,Avery 488,5.04,2,0.2,1.76
1495,US-2015-123925,12/17/2015,12/19/2015,J+2,RF-19840,Roy Französisch,Grand public,États-Unis,Columbus,Géorgie,USCA - Sud,OFF-AR-10002952,Fournitures de bureau,Art,Stanley Contemporary Battery Pencil Sharpeners,40.05,3,0,11.21
1518,US-2015-111059,2/3/2015,2/6/2015,J+2,TB-21400,Tom Boeckenhauer,Grand public,États-Unis,Seattle,Washington,USCA - Ouest,OFF-BI-10004593,Fournitures de bureau,Classeurs,Ibico Laser Imprintable Binding System Covers,83.84,2,0.2,27.25
1519,US-2015-111059,2/3/2015,2/6/2015,J+2,TB-21400,Tom Boeckenhauer,Grand public,États-Unis,Seattle,Washington,USCA - Ouest,OFF-BI-10002827,Fournitures de bureau,Classeurs,Avery Durable Poly Binders,13.27,3,0.2,4.31
1542,US-2015-166884,3/11/2015,3/16/2015,J+2,CK-12205,Chloris Kastensmidt,Grand public,États-Unis,Columbus,Ohio,USCA - Est,FUR-FU-10003981,Mobilier,Meubles,Eldon Wave Desk Accessories,8.32,5,0.2,2.29
1543,US-2015-166884,3/11/2015,3/16/2015,J+2,CK-12205,Chloris Kastensmidt,Grand public,États-Unis,Columbus,Ohio,USCA - Est,OFF-FA-10001561,Fournitures de bureau,Éléments de fixation,Stockwell Push Pins,10.46,6,0.2,1.7
1544,US-2015-107181,2/4/2015,2/8/2015,Tarif normal,DB-13270,Deborah Brumfield,Bureau à domicile,États-Unis,San Diego,Californie,USCA - Ouest,OFF-BI-10004230,Fournitures de bureau,Classeurs,GBC Recycled Grain Textured Covers,82.9,3,0.2,29.01
1545,US-2015-107181,2/4/2015,2/8/2015,Tarif normal,DB-13270,Deborah Brumfield,Bureau à domicile,États-Unis,San Diego,Californie,USCA - Ouest,OFF-PA-10000350,Fournitures de bureau,Papier,"Message Book, Standard Line ""While You Were Out"", 5 1/2"" X 4"", 200 Sets/Book",34.24,4,0,16.09
1546,US-2015-150245,12/31/2015,1/4/2016,J+2,PC-18745,Pamela Coakley,Entreprise,États-Unis,Watertown,New York,USCA - Est,FUR-BO-10002613,Mobilier,Bibliothèques,"Atlantic Metals Mobile 4-Shelf Bookcases, Custom Colors",1573.49,7,0.2,196.69
1550,US-2015-134278,7/6/2015,7/8/2015,Prioritaire,EP-13915,Emily Phan,Grand public,États-Unis,New York City,New York,USCA - Est,TEC-CO-10001046,Produits technologiques,Photocopieurs,Canon Imageclass D680 Copier / Fax,559.99,1,0.2,175
1553,US-2015-130274,5/3/2015,5/5/2015,Prioritaire,JS-15940,Joni Sundaresam,Bureau à domicile,États-Unis,Appleton,Wisconsin,USCA - Centre,OFF-LA-10002195,Fournitures de bureau,Étiquettes,Avery 481,21.56,7,0,10.35
1561,US-2015-105172,4/4/2015,4/9/2015,Tarif normal,PK-18910,Paul Knutson,Bureau à domicile,États-Unis,San Francisco,Californie,USCA - Ouest,OFF-LA-10001641,Fournitures de bureau,Étiquettes,Avery 518,18.9,6,0,9.07
1565,US-2015-116239,3/4/2015,3/4/2015,Le même jour,CL-12565,Clay Ludtke,Grand public,États-Unis,Columbia,Caroline du Sud,USCA - Sud,OFF-ST-10001370,Fournitures de bureau,Stockage,Sensible Storage WireTech Storage Systems,354.9,5,0,17.75
1571,US-2015-157385,11/23/2015,11/25/2015,Prioritaire,SC-20095,Sanjit Chand,Grand public,États-Unis,Los Angeles,Californie,USCA - Ouest,FUR-CH-10000863,Mobilier,Chaises,Novimex Swivel Fabric Task Chair,603.92,5,0.2,-67.94
1572,US-2015-157385,11/23/2015,11/25/2015,Prioritaire,SC-20095,Sanjit Chand,Grand public,États-Unis,Los Angeles,Californie,USCA - Ouest,OFF-EN-10003160,Fournitures de bureau,Enveloppes,Pastel Pink Envelopes,21.84,3,0,10.48
1573,US-2015-157385,11/23/2015,11/25/2015,Prioritaire,SC-20095,Sanjit Chand,Grand public,États-Unis,Los Angeles,Californie,USCA - Ouest,TEC-AC-10003280,Produits technologiques,Accessoires,Belkin F8E887 USB Wired Ergonomic Keyboard,29.99,1,0,6.3
1574,US-2015-157385,11/23/2015,11/25/2015,Prioritaire,SC-20095,Sanjit Chand,Grand public,États-Unis,Los Angeles,Californie,USCA - Ouest,FUR-CH-10000595,Mobilier,Chaises,Safco Contoured Stacking Chairs,381.44,2,0.2,23.84
1575,US-2015-101602,12/15/2015,12/18/2015,Prioritaire,MC-18100,Mick Crebagga,Grand public,États-Unis,El Paso,Texas,USCA - Centre,TEC-PH-10000169,Produits technologiques,Téléphones,ARKON Windshield Dashboard Air Vent Car Mount Holder,40.68,3,0.2,-9.15
1576,US-2015-101602,12/15/2015,12/18/2015,Prioritaire,MC-18100,Mick Crebagga,Grand public,États-Unis,El Paso,Texas,USCA - Centre,FUR-CH-10004675,Mobilier,Chaises,"Lifetime Advantage Folding Chairs, 4/Carton",763.28,5,0.3,-21.81
1594,US-2015-117317,10/19/2015,10/19/2015,Le même jour,JF-15490,Jeremy Farry,Grand public,États-Unis,Los Angeles,Californie,USCA - Ouest,OFF-PA-10004519,Fournitures de bureau,Papier,Spiral Phone Message Books with Labels by Adams,13.44,3,0,6.59
1611,US-2015-156349,5/26/2015,5/30/2015,Tarif normal,ML-17395,Marina Lichtenstein,Entreprise,États-Unis,Los Angeles,Californie,USCA - Ouest,FUR-BO-10000362,Mobilier,Bibliothèques,Sauder Inglewood Library Bookcases,290.67,2,0.2,27.36
1612,US-2015-156349,5/26/2015,5/30/2015,Tarif normal,ML-17395,Marina Lichtenstein,Entreprise,États-Unis,Los Angeles,Californie,USCA - Ouest,TEC-PH-10000441,Produits technologiques,Téléphones,VTech DS6151,201.58,2,0.2,20.16
1613,US-2015-156349,5/26/2015,5/30/2015,Tarif normal,ML-17395,Marina Lichtenstein,Entreprise,États-Unis,Los Angeles,Californie,USCA - Ouest,TEC-PH-10002726,Produits technologiques,Téléphones,netTALK DUO VoIP Telephone Service,83.98,2,0.2,31.49
1636,US-2015-168984,11/26/2015,12/2/2015,Tarif normal,NW-18400,Natalie Webber,Grand public,États-Unis,Tigard,Oregon,USCA - Ouest,OFF-PA-10001166,Fournitures de bureau,Papier,Xerox 2,15.55,3,0.2,5.44
1637,US-2015-168984,11/26/2015,12/2/2015,Tarif normal,NW-18400,Natalie Webber,Grand public,États-Unis,Tigard,Oregon,USCA - Ouest,OFF-ST-10001097,Fournitures de bureau,Stockage,Office Impressions Heavy Duty Welded Shelving & Multimedia Storage Drawers,669.08,5,0.2,-167.27
1638,US-2015-168984,11/26/2015,12/2/2015,Tarif normal,NW-18400,Natalie Webber,Grand public,États-Unis,Tigard,Oregon,USCA - Ouest,TEC-PH-10000038,Produits technologiques,Téléphones,Jawbone MINI JAMBOX Wireless Bluetooth Speaker,438.34,4,0.2,-87.67
1643,US-2015-134712,11/29/2015,12/4/2015,Tarif normal,BS-11380,Bill Stewart,Entreprise,États-Unis,Skokie,Illinois,USCA - Centre,OFF-FA-10003112,Fournitures de bureau,Éléments de fixation,Staples,12.62,2,0.2,3.95
1651,US-2015-135699,8/29/2015,8/29/2015,Le même jour,HH-15010,Hilary Holden,Entreprise,États-Unis,San Francisco,Californie,USCA - Ouest,OFF-PA-10004475,Fournitures de bureau,Papier,Xerox 1940,109.92,2,0,53.86
1652,US-2015-135699,8/29/2015,8/29/2015,Le même jour,HH-15010,Hilary Holden,Entreprise,États-Unis,San Francisco,Californie,USCA - Ouest,OFF-PA-10003001,Fournitures de bureau,Papier,Xerox 1986,13.36,2,0,6.41
1658,US-2015-127159,5/12/2015,5/15/2015,Prioritaire,HL-15040,Hunter Lopez,Grand public,États-Unis,Milwaukee,Wisconsin,USCA - Centre,FUR-FU-10000010,Mobilier,Meubles,"DAX Value U-Channel Document Frames, Easel Back",34.79,7,0,10.78
1679,US-2015-122882,9/7/2015,9/13/2015,Tarif normal,SB-20290,Sean Braxton,Entreprise,États-Unis,Philadelphia,Pennsylvanie,USCA - Est,OFF-ST-10002344,Fournitures de bureau,Stockage,"Carina 42""Hx23 3/4""W Media Storage Unit",64.78,1,0.2,-14.58
1680,US-2015-122882,9/7/2015,9/13/2015,Tarif normal,SB-20290,Sean Braxton,Entreprise,États-Unis,Philadelphia,Pennsylvanie,USCA - Est,TEC-PH-10003589,Produits technologiques,Téléphones,invisibleSHIELD by ZAGG Smudge-Free Screen Protector,32.38,3,0.4,4.32
1681,US-2015-122882,9/7/2015,9/13/2015,Tarif normal,SB-20290,Sean Braxton,Entreprise,États-Unis,Philadelphia,Pennsylvanie,USCA - Est,FUR-FU-10000758,Mobilier,Meubles,DAX Natural Wood-Tone Poster Frame,42.37,2,0.2,8.47
1682,US-2015-122882,9/7/2015,9/13/2015,Tarif normal,SB-20290,Sean Braxton,Entreprise,États-Unis,Philadelphia,Pennsylvanie,USCA - Est,TEC-MA-10004679,Produits technologiques,Machines,StarTech.com 10/100 VDSL2 Ethernet Extender Kit,399.54,4,0.7,-559.36
1690,US-2015-142839,8/16/2015,8/20/2015,Tarif normal,TS-21610,Troy Staebel,Grand public,États-Unis,Philadelphia,Pennsylvanie,USCA - Est,FUR-TA-10001539,Mobilier,Tables,Chromcraft Rectangular Conference Tables,853.09,6,0.4,-227.49
1700,US-2015-135657,6/3/2015,6/7/2015,J+2,SC-20725,Steven Cartwright,Grand public,États-Unis,Seattle,Washington,USCA - Ouest,FUR-TA-10004086,Mobilier,Tables,KI Adjustable-Height Table,515.88,6,0,113.49
1704,US-2015-139857,2/2/2015,2/6/2015,Tarif normal,CD-12790,Cynthia Delaney,Bureau à domicile,États-Unis,San Diego,Californie,USCA - Ouest,OFF-FA-10001843,Fournitures de bureau,Éléments de fixation,Staples,12.35,5,0,5.8
1731,US-2015-125136,9/28/2015,10/3/2015,Tarif normal,KD-16495,Keith Dawkins,Entreprise,États-Unis,Fayetteville,Caroline du Nord,USCA - Sud,OFF-PA-10001457,Fournitures de bureau,Papier,White GlueTop Scratch Pads,96.26,8,0.2,31.28
1732,US-2015-125136,9/28/2015,10/3/2015,Tarif normal,KD-16495,Keith Dawkins,Entreprise,États-Unis,Fayetteville,Caroline du Nord,USCA - Sud,OFF-PA-10001804,Fournitures de bureau,Papier,Xerox 195,10.69,2,0.2,3.74
1741,US-2015-110527,8/9/2015,8/16/2015,Tarif normal,ED-13885,Emily Ducich,Bureau à domicile,États-Unis,San Diego,Californie,USCA - Ouest,OFF-LA-10000262,Fournitures de bureau,Étiquettes,Avery 494,20.88,8,0,9.6
1746,US-2015-133270,6/6/2015,6/9/2015,Prioritaire,BM-11785,Bryan Mills,Grand public,États-Unis,Rochester,New York,USCA - Est,OFF-AR-10002656,Fournitures de bureau,Art,Sanford Liquid Accent Highlighters,13.36,2,0,4.94
1749,US-2015-157406,4/25/2015,4/29/2015,Tarif normal,DA-13450,Dianna Arnett,Bureau à domicile,États-Unis,Houston,Texas,USCA - Centre,OFF-PA-10003543,Fournitures de bureau,Papier,Xerox 1985,10.37,2,0.2,3.63
1750,US-2015-157406,4/25/2015,4/29/2015,Tarif normal,DA-13450,Dianna Arnett,Bureau à domicile,États-Unis,Houston,Texas,USCA - Centre,OFF-AR-10002221,Fournitures de bureau,Art,12 Colored Short Pencils,6.24,3,0.2,0.55
1759,US-2015-139017,5/11/2015,5/17/2015,Tarif normal,RM-19375,Raymond Messe,Grand public,États-Unis,Houston,Texas,USCA - Centre,TEC-AC-10001013,Produits technologiques,Accessoires,Logitech ClearChat Comfort/USB Headset H390,46.86,2,0.2,7.62
1760,US-2015-141817,1/5/2015,1/12/2015,Tarif normal,MB-18085,Mick Brown,Grand public,États-Unis,Philadelphia,Pennsylvanie,USCA - Est,OFF-AR-10003478,Fournitures de bureau,Art,"Avery Hi-Liter EverBold Pen Style Fluorescent Highlighters, 4/Pack",19.54,3,0.2,4.88
1768,US-2015-158057,3/22/2015,3/26/2015,Tarif normal,CC-12685,Craig Carroll,Grand public,États-Unis,Greensboro,Caroline du Nord,USCA - Sud,OFF-BI-10004410,Fournitures de bureau,Classeurs,"C-Line Peel & Stick Add-On Filing Pockets, 8-3/4 x 5-1/8, 10/Pack",7.64,4,0.7,-5.86
1769,US-2015-158057,3/22/2015,3/26/2015,Tarif normal,CC-12685,Craig Carroll,Grand public,États-Unis,Greensboro,Caroline du Nord,USCA - Sud,OFF-BI-10002735,Fournitures de bureau,Classeurs,GBC Prestige Therm-A-Bind Covers,51.47,5,0.7,-39.46
1774,US-2015-118976,4/28/2015,5/3/2015,Tarif normal,MY-18295,Muhammed Yedwab,Entreprise,États-Unis,Baltimore,Maryland,USCA - Est,OFF-BI-10001628,Fournitures de bureau,Classeurs,"Acco Data Flex Cable Posts For Top & Bottom Load Binders, 6"" Capacity",20.86,2,0,9.39
1775,US-2015-118976,4/28/2015,5/3/2015,Tarif normal,MY-18295,Muhammed Yedwab,Entreprise,États-Unis,Baltimore,Maryland,USCA - Est,OFF-ST-10000877,Fournitures de bureau,Stockage,Recycled Steel Personal File for Standard File Folders,497.61,9,0,129.38
1776,US-2015-118976,4/28/2015,5/3/2015,Tarif normal,MY-18295,Muhammed Yedwab,Entreprise,États-Unis,Baltimore,Maryland,USCA - Est,OFF-AR-10004752,Fournitures de bureau,Art,Blackstonian Pencils,5.34,2,0,1.5
1777,US-2015-118976,4/28/2015,5/3/2015,Tarif normal,MY-18295,Muhammed Yedwab,Entreprise,États-Unis,Baltimore,Maryland,USCA - Est,OFF-LA-10000452,Fournitures de bureau,Étiquettes,Avery 488,3.15,1,0,1.51
1791,US-2015-102008,9/30/2015,10/4/2015,Tarif normal,RA-19915,Russell Applegate,Grand public,États-Unis,New York City,New York,USCA - Est,OFF-PA-10004092,Fournitures de bureau,Papier,Tops Green Bar Computer Printout Paper,48.94,1,0,24.47
1792,US-2015-120474,12/1/2015,12/3/2015,Prioritaire,RP-19390,Resi Pölking,Grand public,États-Unis,Madison,Wisconsin,USCA - Centre,FUR-CH-10001854,Mobilier,Chaises,Office Star - Professional Matrix Back Chair with 2-to-1 Synchro Tilt and Mesh Fabric Seat,2807.84,8,0,673.88
1793,US-2015-120474,12/1/2015,12/3/2015,Prioritaire,RP-19390,Resi Pölking,Grand public,États-Unis,Madison,Wisconsin,USCA - Centre,OFF-AR-10000475,Fournitures de bureau,Art,"Hunt BOSTON Vista Battery-Operated Pencil Sharpener, Black",46.64,4,0,12.59
1794,US-2015-104773,12/8/2015,12/13/2015,Tarif normal,TB-21175,Thomas Boland,Entreprise,États-Unis,Houston,Texas,USCA - Centre,OFF-ST-10000777,Fournitures de bureau,Stockage,"Companion Letter/Legal File, Black",60.42,2,0.2,6.04
1812,US-2015-132612,6/9/2015,6/11/2015,J+2,FO-14305,Frank Olsen,Grand public,États-Unis,Harrisonburg,Virginie,USCA - Sud,FUR-TA-10004534,Mobilier,Tables,Bevis 44 x 96 Conference Tables,1441.3,7,0,245.02
1819,US-2015-130379,5/25/2015,5/29/2015,Tarif normal,JL-15235,Janet Lee,Grand public,États-Unis,Chicago,Illinois,USCA - Centre,OFF-AP-10001394,Fournitures de bureau,Électroménager,Harmony Air Purifier,75.6,2,0.8,-166.32
1820,US-2015-130379,5/25/2015,5/29/2015,Tarif normal,JL-15235,Janet Lee,Grand public,États-Unis,Chicago,Illinois,USCA - Centre,FUR-FU-10002553,Mobilier,Meubles,"Electrix Incandescent Magnifying Lamp, Black",29.32,2,0.6,-24.19
1830,US-2015-103373,5/18/2015,5/24/2015,Tarif normal,BS-11755,Bruce Stewart,Grand public,États-Unis,Cleveland,Ohio,USCA - Est,TEC-PH-10002885,Produits technologiques,Téléphones,Apple iPhone 5,779.8,2,0.4,-168.96
1836,US-2015-141278,6/21/2015,6/24/2015,Prioritaire,RM-19375,Raymond Messe,Grand public,États-Unis,Meriden,Connecticut,USCA - Est,OFF-AR-10003056,Fournitures de bureau,Art,Newell 341,21.4,5,0,6.21
1838,US-2015-117345,8/1/2015,8/5/2015,Tarif normal,BF-10975,Barbara Fisher,Entreprise,États-Unis,Charlotte,Caroline du Nord,USCA - Sud,OFF-LA-10000240,Fournitures de bureau,Étiquettes,Self-Adhesive Address Labels for Typewriters by Universal,17.54,3,0.2,5.92
1839,US-2015-117345,8/1/2015,8/5/2015,Tarif normal,BF-10975,Barbara Fisher,Entreprise,États-Unis,Charlotte,Caroline du Nord,USCA - Sud,FUR-FU-10000629,Mobilier,Meubles,9-3/4 Diameter Round Wall Clock,44.13,4,0.2,12.14
1840,US-2015-117345,8/1/2015,8/5/2015,Tarif normal,BF-10975,Barbara Fisher,Entreprise,États-Unis,Charlotte,Caroline du Nord,USCA - Sud,OFF-AP-10001005,Fournitures de bureau,Électroménager,Honeywell Quietcare HEPA Air Cleaner,62.92,1,0.2,10.22
1841,US-2015-117345,8/1/2015,8/5/2015,Tarif normal,BF-10975,Barbara Fisher,Entreprise,États-Unis,Charlotte,Caroline du Nord,USCA - Sud,OFF-PA-10002377,Fournitures de bureau,Papier,Xerox 1916,78.3,2,0.2,29.36
1856,US-2015-114643,6/13/2015,6/17/2015,Tarif normal,FM-14215,Filia McAdams,Entreprise,États-Unis,Los Angeles,Californie,USCA - Ouest,OFF-AR-10003631,Fournitures de bureau,Art,Staples in misc. colors,14.52,3,0,4.79
1863,US-2015-151078,11/12/2015,11/12/2015,Le même jour,RF-19840,Roy Französisch,Grand public,États-Unis,San Antonio,Texas,USCA - Centre,OFF-ST-10001328,Fournitures de bureau,Stockage,"Personal Filing Tote with Lid, Black/Gray",49.63,4,0.2,4.96
1871,US-2015-116932,7/21/2015,7/25/2015,Tarif normal,ME-18010,Michelle Ellison,Entreprise,États-Unis,San Francisco,Californie,USCA - Ouest,OFF-AR-10002067,Fournitures de bureau,Art,Newell 334,99.2,5,0,25.79
1872,US-2015-116932,7/21/2015,7/25/2015,Tarif normal,ME-18010,Michelle Ellison,Entreprise,États-Unis,San Francisco,Californie,USCA - Ouest,FUR-CH-10001215,Mobilier,Chaises,Global Troy Executive Leather Low-Back Tilter,801.57,2,0.2,50.1
1873,US-2015-116932,7/21/2015,7/25/2015,Tarif normal,ME-18010,Michelle Ellison,Entreprise,États-Unis,San Francisco,Californie,USCA - Ouest,FUR-TA-10004175,Mobilier,Tables,"Hon 30"" x 60"" Table with Locking Drawer",272.85,1,0.2,27.28
1875,US-2015-147914,6/4/2015,6/9/2015,Tarif normal,MP-17470,Mark Packer,Bureau à domicile,États-Unis,Columbus,Ohio,USCA - Est,OFF-PA-10001685,Fournitures de bureau,Papier,Easy-staple paper,16.22,2,0.2,5.88
1887,US-2015-140165,5/13/2015,5/15/2015,Prioritaire,EH-14005,Erica Hernandez,Bureau à domicile,États-Unis,Hialeah,Floride,USCA - Sud,OFF-FA-10002815,Fournitures de bureau,Éléments de fixation,Staples,7.1,2,0.2,2.4
1888,US-2015-140165,5/13/2015,5/15/2015,Prioritaire,EH-14005,Erica Hernandez,Bureau à domicile,États-Unis,Hialeah,Floride,USCA - Sud,OFF-BI-10004519,Fournitures de bureau,Classeurs,GBC DocuBind P100 Manual Binding Machine,398.35,8,0.7,-331.96
1889,US-2015-142587,10/21/2015,10/22/2015,Prioritaire,TB-21520,Tracy Blumstein,Grand public,États-Unis,Fairfield,Ohio,USCA - Est,OFF-AP-10004708,Fournitures de bureau,Électroménager,Fellowes Superior 10 Outlet Split Surge Protector,121.79,4,0.2,13.7
1890,US-2015-142587,10/21/2015,10/22/2015,Prioritaire,TB-21520,Tracy Blumstein,Grand public,États-Unis,Fairfield,Ohio,USCA - Est,FUR-TA-10000617,Mobilier,Tables,"Hon Practical Foundations 30 x 60 Training Table, Light Gray/Charcoal",409.59,3,0.4,-122.88
1891,US-2015-157623,3/14/2015,3/18/2015,Tarif normal,DK-13225,Dean Katz,Entreprise,États-Unis,Huntington Beach,Californie,USCA - Ouest,OFF-PA-10001204,Fournitures de bureau,Papier,Xerox 1972,10.56,2,0,4.75
1892,US-2015-157623,3/14/2015,3/18/2015,Tarif normal,DK-13225,Dean Katz,Entreprise,États-Unis,Huntington Beach,Californie,USCA - Ouest,OFF-AR-10003723,Fournitures de bureau,Art,Avery Hi-Liter Fluorescent Desk Style Markers,3.38,1,0,1.25
1898,US-2015-169775,8/29/2015,9/2/2015,J+2,RA-19945,Ryan Akin,Grand public,États-Unis,Miami,Floride,USCA - Sud,OFF-EN-10001749,Fournitures de bureau,Enveloppes,Jiffy Padded Mailers with Self-Seal Closure,29.81,2,0.2,10.81
1899,US-2015-169775,8/29/2015,9/2/2015,J+2,RA-19945,Ryan Akin,Grand public,États-Unis,Miami,Floride,USCA - Sud,OFF-BI-10004390,Fournitures de bureau,Classeurs,GBC DocuBind 200 Manual Binding Machine,505.18,4,0.7,-336.78
1900,US-2015-169775,8/29/2015,9/2/2015,J+2,RA-19945,Ryan Akin,Grand public,États-Unis,Miami,Floride,USCA - Sud,FUR-TA-10001857,Mobilier,Tables,Balt Solid Wood Rectangular Table,174.06,3,0.5,-110.76
1914,US-2015-103366,1/15/2015,1/17/2015,Prioritaire,EH-13990,Erica Hackney,Grand public,États-Unis,Roswell,Géorgie,USCA - Sud,TEC-AC-10003628,Produits technologiques,Accessoires,Logitech 910-002974 M325 Wireless Mouse for Web Scrolling,149.95,5,0,65.98
1973,US-2015-148950,12/14/2015,12/19/2015,Tarif normal,JD-16015,Joy Daniels,Grand public,États-Unis,Chicago,Illinois,USCA - Centre,OFF-BI-10001249,Fournitures de bureau,Classeurs,Avery Heavy-Duty EZD View Binder with Locking Rings,5.1,4,0.8,-8.68
1974,US-2015-148950,12/14/2015,12/19/2015,Tarif normal,JD-16015,Joy Daniels,Grand public,États-Unis,Chicago,Illinois,USCA - Centre,OFF-FA-10003059,Fournitures de bureau,Éléments de fixation,Assorted Color Push Pins,2.9,2,0.2,0.47
1975,US-2015-148950,12/14/2015,12/19/2015,Tarif normal,JD-16015,Joy Daniels,Grand public,États-Unis,Chicago,Illinois,USCA - Centre,TEC-AC-10002718,Produits technologiques,Accessoires,Belkin Standard 104 key USB Keyboard,35.02,3,0.2,-2.19
1976,US-2015-110408,10/18/2015,10/20/2015,J+2,AS-10225,Alan Schoenberger,Entreprise,États-Unis,Montgomery,Alabama,USCA - Sud,OFF-ST-10001522,Fournitures de bureau,Stockage,"Gould Plastics 18-Pocket Panel Bin, 34w x 5-1/4d x 20-1/2h",275.97,3,0,11.04
1977,US-2015-110408,10/18/2015,10/20/2015,J+2,AS-10225,Alan Schoenberger,Entreprise,États-Unis,Montgomery,Alabama,USCA - Sud,TEC-PH-10002352,Produits technologiques,Téléphones,Avaya IP Phone 1140E VoIP phone,1394.95,5,0,362.69
1978,US-2015-110408,10/18/2015,10/20/2015,J+2,AS-10225,Alan Schoenberger,Entreprise,États-Unis,Montgomery,Alabama,USCA - Sud,FUR-CH-10003774,Mobilier,Chaises,"Global Wood Trimmed Manager's Task Chair, Khaki",545.88,6,0,70.96
1983,US-2015-122749,12/3/2015,12/9/2015,Tarif normal,NG-18430,Nathan Gelder,Grand public,États-Unis,Oklahoma City,Oklahoma,USCA - Centre,TEC-PH-10003811,Produits technologiques,Téléphones,Jabra Supreme Plus Driver Edition Headset,479.96,4,0,134.39
1984,US-2015-164721,11/25/2015,11/27/2015,J+2,LW-16825,Laurel Workman,Entreprise,États-Unis,Brentwood,Californie,USCA - Ouest,OFF-AP-10000240,Fournitures de bureau,Électroménager,Belkin F9G930V10-GRY 9 Outlet Surge,320.88,6,0,93.06
1985,US-2015-164721,11/25/2015,11/27/2015,J+2,LW-16825,Laurel Workman,Entreprise,États-Unis,Brentwood,Californie,USCA - Ouest,FUR-FU-10001940,Mobilier,Meubles,Staple-based wall hangings,23.88,3,0,10.51
1986,US-2015-164721,11/25/2015,11/27/2015,J+2,LW-16825,Laurel Workman,Entreprise,États-Unis,Brentwood,Californie,USCA - Ouest,OFF-PA-10000575,Fournitures de bureau,Papier,"Wirebound Message Books, Four 2 3/4 x 5 White Forms per Page",26.76,4,0,12.31
1998,US-2015-131905,2/6/2015,2/9/2015,Prioritaire,ND-18460,Neil Ducich,Entreprise,États-Unis,Chesapeake,Virginie,USCA - Sud,OFF-LA-10002787,Fournitures de bureau,Étiquettes,Avery 480,15,4,0,7.2
1999,US-2015-131905,2/6/2015,2/9/2015,Prioritaire,ND-18460,Neil Ducich,Entreprise,États-Unis,Chesapeake,Virginie,USCA - Sud,TEC-PH-10003645,Produits technologiques,Téléphones,Aastra 57i VoIP phone,161.61,1,0,42.02
2000,US-2015-131905,2/6/2015,2/9/2015,Prioritaire,ND-18460,Neil Ducich,Entreprise,États-Unis,Chesapeake,Virginie,USCA - Sud,TEC-PH-10001615,Produits technologiques,Téléphones,AT&T CL82213,144.95,5,0,42.04
2006,US-2015-111150,12/31/2015,1/4/2016,Tarif normal,RW-19630,Rob Williams,Entreprise,États-Unis,Columbia,Missouri,USCA - Centre,OFF-AR-10000034,Fournitures de bureau,Art,"BIC Brite Liner Grip Highlighters, Assorted, 5/Pack",29.68,7,0,11.58
2007,US-2015-111150,12/31/2015,1/4/2016,Tarif normal,RW-19630,Rob Williams,Entreprise,États-Unis,Columbia,Missouri,USCA - Centre,TEC-AC-10000290,Produits technologiques,Accessoires,Sabrent 4-Port USB 2.0 Hub,47.53,7,0,16.16
2009,US-2015-116407,11/15/2015,11/21/2015,Tarif normal,JF-15190,Jamie Frazer,Grand public,États-Unis,Johnson City,Tennessee,USCA - Sud,OFF-AR-10001315,Fournitures de bureau,Art,Newell 310,4.22,3,0.2,0.48
2010,US-2015-116407,11/15/2015,11/21/2015,Tarif normal,JF-15190,Jamie Frazer,Grand public,États-Unis,Johnson City,Tennessee,USCA - Sud,OFF-AP-10002118,Fournitures de bureau,Électroménager,"1.7 Cubic Foot Compact ""Cube"" Office Refrigerators",333.06,2,0.2,29.14
2011,US-2015-116407,11/15/2015,11/21/2015,Tarif normal,JF-15190,Jamie Frazer,Grand public,États-Unis,Johnson City,Tennessee,USCA - Sud,OFF-PA-10002137,Fournitures de bureau,Papier,"Southworth 100% Résumé Paper, 24lb.",24.9,4,0.2,7.78
2045,US-2015-129168,8/17/2015,8/23/2015,Tarif normal,KB-16585,Ken Black,Entreprise,États-Unis,Houston,Texas,USCA - Centre,OFF-PA-10001639,Fournitures de bureau,Papier,Xerox 203,15.55,3,0.2,5.44
2060,US-2015-106439,10/31/2015,11/4/2015,Tarif normal,GG-14650,Greg Guthrie,Entreprise,États-Unis,Los Angeles,Californie,USCA - Ouest,OFF-FA-10002975,Fournitures de bureau,Éléments de fixation,Staples,11.34,3,0,5.22
2061,US-2015-106439,10/31/2015,11/4/2015,Tarif normal,GG-14650,Greg Guthrie,Entreprise,États-Unis,Los Angeles,Californie,USCA - Ouest,OFF-ST-10003996,Fournitures de bureau,Stockage,"Letter/Legal File Tote with Clear Snap-On Lid, Black Granite",80.3,5,0,20.88
2062,US-2015-106439,10/31/2015,11/4/2015,Tarif normal,GG-14650,Greg Guthrie,Entreprise,États-Unis,Los Angeles,Californie,USCA - Ouest,OFF-BI-10002571,Fournitures de bureau,Classeurs,"Avery Framed View Binder, EZD Ring (Locking), Navy, 1 1/2""",15.97,2,0.2,5.39
2063,US-2015-106439,10/31/2015,11/4/2015,Tarif normal,GG-14650,Greg Guthrie,Entreprise,États-Unis,Los Angeles,Californie,USCA - Ouest,OFF-PA-10000477,Fournitures de bureau,Papier,Xerox 1952,64.74,13,0,30.43
2064,US-2015-106439,10/31/2015,11/4/2015,Tarif normal,GG-14650,Greg Guthrie,Entreprise,États-Unis,Los Angeles,Californie,USCA - Ouest,OFF-BI-10004209,Fournitures de bureau,Classeurs,"Fellowes Twister Kit, Gray/Clear, 3/pkg",19.3,3,0.2,6.03
2065,US-2015-106439,10/31/2015,11/4/2015,Tarif normal,GG-14650,Greg Guthrie,Entreprise,États-Unis,Los Angeles,Californie,USCA - Ouest,OFF-ST-10001963,Fournitures de bureau,Stockage,Tennsco Regal Shelving Units,405.64,4,0,12.17
2066,US-2015-106439,10/31/2015,11/4/2015,Tarif normal,GG-14650,Greg Guthrie,Entreprise,États-Unis,Los Angeles,Californie,USCA - Ouest,FUR-CH-10003833,Mobilier,Chaises,Novimex Fabric Task Chair,146.35,3,0.2,-9.15
2067,US-2015-106439,10/31/2015,11/4/2015,Tarif normal,GG-14650,Greg Guthrie,Entreprise,États-Unis,Los Angeles,Californie,USCA - Ouest,TEC-AC-10004568,Produits technologiques,Accessoires,Maxell LTO Ultrium - 800 GB,251.91,9,0,47.86
2068,US-2015-106439,10/31/2015,11/4/2015,Tarif normal,GG-14650,Greg Guthrie,Entreprise,États-Unis,Los Angeles,Californie,USCA - Ouest,OFF-AR-10001419,Fournitures de bureau,Art,Newell 325,12.39,3,0,3.72
2076,US-2015-131051,12/1/2015,12/5/2015,Tarif normal,TR-21325,Toby Ritter,Grand public,États-Unis,San Francisco,Californie,USCA - Ouest,FUR-FU-10001861,Mobilier,Meubles,"Floodlight Indoor Halogen Bulbs, 1 Bulb per Pack, 60 Watts",58.2,3,0,28.52
2084,US-2015-110352,11/23/2015,11/29/2015,Tarif normal,ED-13885,Emily Ducich,Bureau à domicile,États-Unis,Houston,Texas,USCA - Centre,OFF-LA-10003923,Fournitures de bureau,Étiquettes,Alphabetical Labels for Top Tab Filing,23.68,2,0.2,8.88
2093,US-2015-145926,11/17/2015,11/21/2015,Tarif normal,MP-17470,Mark Packer,Bureau à domicile,États-Unis,Moorhead,Minnesota,USCA - Centre,FUR-CH-10004289,Mobilier,Chaises,Global Super Steno Chair,479.9,5,0,81.58
2101,US-2015-140116,3/10/2015,3/17/2015,Tarif normal,KT-16480,Kean Thornton,Grand public,États-Unis,Denver,Colorado,USCA - Ouest,OFF-ST-10000078,Fournitures de bureau,Stockage,Tennsco 6- and 18-Compartment Lockers,636.41,3,0.2,-15.91
2102,US-2015-140116,3/10/2015,3/17/2015,Tarif normal,KT-16480,Kean Thornton,Grand public,États-Unis,Denver,Colorado,USCA - Ouest,OFF-AR-10001044,Fournitures de bureau,Art,"BOSTON Ranger #55 Pencil Sharpener, Black",83.17,4,0.2,9.36
2103,US-2015-123295,7/18/2015,7/18/2015,Le même jour,AH-10120,Adrian Hane,Bureau à domicile,États-Unis,Tucson,Arizona,USCA - Ouest,FUR-CH-10002372,Mobilier,Chaises,Office Star - Ergonomically Designed Knee Chair,259.14,4,0.2,-25.91
2106,US-2015-167633,9/30/2015,10/5/2015,Tarif normal,BW-11200,Ben Wallace,Grand public,États-Unis,Boynton Beach,Floride,USCA - Sud,OFF-PA-10004888,Fournitures de bureau,Papier,Xerox 217,15.55,3,0.2,5.44
2107,US-2015-152723,9/26/2015,9/26/2015,Le même jour,HG-14965,Henry Goldwyn,Entreprise,États-Unis,Mesquite,Texas,USCA - Centre,OFF-BI-10003460,Fournitures de bureau,Classeurs,Acco 3-Hole Punch,0.88,1,0.8,-1.4
2127,US-2015-126032,6/23/2015,6/28/2015,Tarif normal,BS-11665,Brian Stugart,Grand public,États-Unis,Philadelphia,Pennsylvanie,USCA - Est,TEC-AC-10000158,Produits technologiques,Accessoires,Sony 64GB Class 10 Micro SDHC R40 Memory Card,86.38,3,0.2,1.08
2130,US-2015-114188,5/20/2015,5/22/2015,J+2,RF-19345,Randy Ferguson,Entreprise,États-Unis,Dover,New Hampshire,USCA - Est,OFF-AP-10000124,Fournitures de bureau,Électroménager,Acco 6 Outlet Guardian Basic Surge Suppressor,33.28,4,0,9.32
2131,US-2015-114188,5/20/2015,5/22/2015,J+2,RF-19345,Randy Ferguson,Entreprise,États-Unis,Dover,New Hampshire,USCA - Est,OFF-AR-10004511,Fournitures de bureau,Art,"Sanford Colorific Scented Colored Pencils, 12/Pack",38.52,9,0,11.94
2132,US-2015-114188,5/20/2015,5/22/2015,J+2,RF-19345,Randy Ferguson,Entreprise,États-Unis,Dover,New Hampshire,USCA - Est,FUR-FU-10000076,Mobilier,Meubles,24-Hour Round Wall Clock,139.86,7,0,60.14
2140,US-2015-159520,6/6/2015,6/11/2015,Tarif normal,GT-14635,Grant Thornton,Entreprise,États-Unis,Long Beach,New York,USCA - Est,OFF-BI-10003982,Fournitures de bureau,Classeurs,Wilson Jones Century Plastic Molded Ring Binders,149.54,9,0.2,50.47
2141,US-2015-159520,6/6/2015,6/11/2015,Tarif normal,GT-14635,Grant Thornton,Entreprise,États-Unis,Long Beach,New York,USCA - Est,OFF-SU-10001664,Fournitures de bureau,Fournitures,Acme Office Executive Series Stainless Steel Trimmers,17.14,2,0,4.46
2142,US-2015-159520,6/6/2015,6/11/2015,Tarif normal,GT-14635,Grant Thornton,Entreprise,États-Unis,Long Beach,New York,USCA - Est,FUR-TA-10003238,Mobilier,Tables,"Chromcraft Bull-Nose Wood 48"" x 96"" Rectangular Conference Tables",991.76,3,0.4,-347.12
2149,US-2015-141607,12/12/2015,12/17/2015,Tarif normal,WB-21850,William Brown,Grand public,États-Unis,Concord,Californie,USCA - Ouest,FUR-FU-10003975,Mobilier,Meubles,Eldon Advantage Chair Mats for Low to Medium Pile Carpets,43.31,1,0,4.33
2152,US-2015-167360,11/24/2015,11/29/2015,J+2,RB-19435,Richard Bierner,Grand public,États-Unis,Saint Louis,Missouri,USCA - Centre,TEC-AC-10001772,Produits technologiques,Accessoires,Memorex Mini Travel Drive 16 GB USB 2.0 Flash Drive,111.79,7,0,43.6
2157,US-2015-124646,6/22/2015,6/24/2015,Prioritaire,DV-13465,Dianna Vittorini,Grand public,États-Unis,Minneapolis,Minnesota,USCA - Centre,OFF-ST-10001097,Fournitures de bureau,Stockage,Office Impressions Heavy Duty Welded Shelving & Multimedia Storage Drawers,501.81,3,0,0
2158,US-2015-124646,6/22/2015,6/24/2015,Prioritaire,DV-13465,Dianna Vittorini,Grand public,États-Unis,Minneapolis,Minnesota,USCA - Centre,OFF-ST-10001469,Fournitures de bureau,Stockage,Fellowes Bankers Box Recycled Super Stor/Drawer,161.94,3,0,9.72
2173,US-2015-152296,8/1/2015,8/3/2015,Prioritaire,IL-15100,Ivan Liston,Grand public,États-Unis,San Francisco,Californie,USCA - Ouest,OFF-BI-10004506,Fournitures de bureau,Classeurs,Wilson Jones data.warehouse D-Ring Binders with DublLock,19.75,3,0.2,6.91
2198,US-2015-163013,11/28/2015,12/4/2015,Tarif normal,BF-11080,Bart Folk,Grand public,États-Unis,Montgomery,Alabama,USCA - Sud,OFF-AR-10001954,Fournitures de bureau,Art,Newell 331,14.67,3,0,3.96
2201,US-2015-165659,6/1/2015,6/6/2015,Tarif normal,LT-17110,Liz Thompson,Grand public,États-Unis,Little Rock,Arkansas,USCA - Sud,FUR-FU-10001935,Mobilier,Meubles,3M Hangers With Command Adhesive,22.2,6,0,9.1
2202,US-2015-165659,6/1/2015,6/6/2015,Tarif normal,LT-17110,Liz Thompson,Grand public,États-Unis,Little Rock,Arkansas,USCA - Sud,TEC-PH-10002563,Produits technologiques,Téléphones,Adtran 1202752G1,881.93,7,0,229.3
2207,US-2015-103905,7/14/2015,7/20/2015,Tarif normal,AW-10930,Arthur Wiediger,Bureau à domicile,États-Unis,Aurora,Illinois,USCA - Centre,OFF-BI-10001098,Fournitures de bureau,Classeurs,Acco D-Ring Binder w/DublLock,29.93,7,0.8,-46.39
2208,US-2015-103905,7/14/2015,7/20/2015,Tarif normal,AW-10930,Arthur Wiediger,Bureau à domicile,États-Unis,Aurora,Illinois,USCA - Centre,TEC-PH-10001552,Produits technologiques,Téléphones,I Need's 3d Hello Kitty Hybrid Silicone Case Cover for HTC One X 4g with 3d Hello Kitty Stylus Pen Green/pink,38.27,4,0.2,3.83
2210,US-2015-125556,11/14/2015,11/16/2015,J+2,ML-17410,Maris LaWare,Grand public,États-Unis,Fairfield,Connecticut,USCA - Est,TEC-PH-10001079,Produits technologiques,Téléphones,Polycom SoundPoint Pro SE-225 Corded phone,832.93,7,0,233.22
2211,US-2015-125556,11/14/2015,11/16/2015,J+2,ML-17410,Maris LaWare,Grand public,États-Unis,Fairfield,Connecticut,USCA - Est,OFF-BI-10003460,Fournitures de bureau,Classeurs,Acco 3-Hole Punch,43.8,10,0,21.02
2218,US-2015-151953,9/20/2015,9/25/2015,Tarif normal,DB-13555,Dorothy Badders,Entreprise,États-Unis,Jacksonville,Floride,USCA - Sud,OFF-AR-10003469,Fournitures de bureau,Art,Nontoxic Chalk,2.82,2,0.2,0.99
2230,US-2015-128055,3/31/2015,4/5/2015,Tarif normal,AA-10315,Alex Avila,Grand public,États-Unis,San Francisco,Californie,USCA - Ouest,OFF-BI-10004390,Fournitures de bureau,Classeurs,GBC DocuBind 200 Manual Binding Machine,673.57,2,0.2,252.59
2231,US-2015-128055,3/31/2015,4/5/2015,Tarif normal,AA-10315,Alex Avila,Grand public,États-Unis,San Francisco,Californie,USCA - Ouest,OFF-AP-10002765,Fournitures de bureau,Électroménager,Fellowes Advanced Computer Series Surge Protectors,52.98,2,0,14.83
2275,US-2015-157882,10/3/2015,10/8/2015,J+2,AR-10405,Allen Rosenblatt,Entreprise,États-Unis,Los Angeles,Californie,USCA - Ouest,FUR-TA-10001866,Mobilier,Tables,Bevis Round Conference Room Tables and Bases,143.43,1,0.2,3.59
2276,US-2015-157882,10/3/2015,10/8/2015,J+2,AR-10405,Allen Rosenblatt,Entreprise,États-Unis,Los Angeles,Californie,USCA - Ouest,FUR-CH-10002774,Mobilier,Chaises,"Global Deluxe Stacking Chair, Gray",122.35,3,0.2,13.76
2277,US-2015-104283,6/27/2015,7/1/2015,Tarif normal,LM-17065,Liz MacKendrick,Grand public,États-Unis,Southaven,Mississippi,USCA - Sud,OFF-ST-10004337,Fournitures de bureau,Stockage,"SAFCO Commercial Wire Shelving, 72h",306.2,5,0,0
2278,US-2015-104283,6/27/2015,7/1/2015,Tarif normal,LM-17065,Liz MacKendrick,Grand public,États-Unis,Southaven,Mississippi,USCA - Sud,FUR-TA-10001039,Mobilier,Tables,KI Adjustable-Height Table,85.98,1,0,22.35
2279,US-2015-104283,6/27/2015,7/1/2015,Tarif normal,LM-17065,Liz MacKendrick,Grand public,États-Unis,Southaven,Mississippi,USCA - Sud,TEC-AC-10000109,Produits technologiques,Accessoires,Sony Micro Vault Click 16 GB USB 2.0 Flash Drive,223.96,4,0,53.75
2301,US-2015-162362,11/14/2015,11/18/2015,Tarif normal,JL-15505,Jeremy Lonsdale,Grand public,États-Unis,Midland,Michigan,USCA - Centre,OFF-BI-10000756,Fournitures de bureau,Classeurs,Storex DuraTech Recycled Plastic Frosted Binders,12.72,3,0,6.36
2302,US-2015-162362,11/14/2015,11/18/2015,Tarif normal,JL-15505,Jeremy Lonsdale,Grand public,États-Unis,Midland,Michigan,USCA - Centre,OFF-BI-10000546,Fournitures de bureau,Classeurs,Avery Durable Binders,11.52,4,0,5.64
2335,US-2015-140886,9/30/2015,10/4/2015,Tarif normal,KW-16570,Kelly Williams,Grand public,États-Unis,Clarksville,Tennessee,USCA - Sud,OFF-AP-10000696,Fournitures de bureau,Électroménager,Holmes Odor Grabber,69.22,6,0.2,11.25
2338,US-2015-110639,8/23/2015,8/23/2015,Le même jour,RH-19495,Rick Hansen,Grand public,États-Unis,New York City,New York,USCA - Est,OFF-PA-10003936,Fournitures de bureau,Papier,Xerox 1994,25.92,4,0,12.44
2339,US-2015-110639,8/23/2015,8/23/2015,Le même jour,RH-19495,Rick Hansen,Grand public,États-Unis,New York City,New York,USCA - Est,OFF-PA-10004530,Fournitures de bureau,Papier,Personal Creations Ink Jet Cards and Labels,45.92,4,0,22.5
2340,US-2015-121727,8/19/2015,8/24/2015,Tarif normal,JK-15625,Jim Karlsson,Grand public,États-Unis,Columbus,Ohio,USCA - Est,OFF-AR-10004930,Fournitures de bureau,Art,Turquoise Lead Holder with Pocket Clip,10.72,2,0.2,1.74
2342,US-2015-143231,12/31/2015,1/3/2016,Prioritaire,GM-14455,Gary Mitchum,Bureau à domicile,États-Unis,Franklin,Massachusetts,USCA - Est,FUR-FU-10002501,Mobilier,Meubles,Nu-Dell Executive Frame,63.2,5,0,23.38
2343,US-2015-143231,12/31/2015,1/3/2016,Prioritaire,GM-14455,Gary Mitchum,Bureau à domicile,États-Unis,Franklin,Massachusetts,USCA - Est,TEC-AC-10000358,Produits technologiques,Accessoires,Imation Secure Drive + Hardware Encrypted USB flash drive - 16 GB,113.97,3,0,27.35
2344,US-2015-155894,7/26/2015,7/30/2015,J+2,CL-11890,Carl Ludwig,Grand public,États-Unis,Chicago,Illinois,USCA - Centre,OFF-ST-10004804,Fournitures de bureau,Stockage,"Belkin 19"" Vented Equipment Shelf, Black",123.55,3,0.2,-29.34
2358,US-2015-148838,3/17/2015,3/21/2015,Tarif normal,CP-12340,Christine Phan,Entreprise,États-Unis,New York City,New York,USCA - Est,FUR-TA-10003473,Mobilier,Tables,Bretford Rectangular Conference Table Tops,1579.75,7,0.4,-447.59
2359,US-2015-148838,3/17/2015,3/21/2015,Tarif normal,CP-12340,Christine Phan,Entreprise,États-Unis,New York City,New York,USCA - Est,FUR-TA-10001950,Mobilier,Tables,Balt Solid Wood Round Tables,1071.58,4,0.4,-553.65
2360,US-2015-148838,3/17/2015,3/21/2015,Tarif normal,CP-12340,Christine Phan,Entreprise,États-Unis,New York City,New York,USCA - Est,FUR-TA-10004175,Mobilier,Tables,"Hon 30"" x 60"" Table with Locking Drawer",613.91,3,0.4,-122.78
2361,US-2015-148838,3/17/2015,3/21/2015,Tarif normal,CP-12340,Christine Phan,Entreprise,États-Unis,New York City,New York,USCA - Est,OFF-PA-10002960,Fournitures de bureau,Papier,Xerox 1926,34.86,7,0,16.38
2362,US-2015-148838,3/17/2015,3/21/2015,Tarif normal,CP-12340,Christine Phan,Entreprise,États-Unis,New York City,New York,USCA - Est,OFF-PA-10000919,Fournitures de bureau,Papier,Xerox 1918,155.04,4,0,75.97
2367,US-2015-102295,11/24/2015,11/26/2015,J+2,EH-13990,Erica Hackney,Grand public,États-Unis,Sacramento,Californie,USCA - Ouest,FUR-CH-10001714,Mobilier,Chaises,"Global Leather & Oak Executive Chair, Burgundy",120.71,1,0.2,-18.11
2377,US-2015-164616,8/19/2015,8/21/2015,J+2,MS-17770,Maxwell Schwartz,Grand public,États-Unis,Columbus,Ohio,USCA - Est,OFF-BI-10001718,Fournitures de bureau,Classeurs,GBC DocuBind P50 Personal Binding Machine,76.78,4,0.7,-58.86
2378,US-2015-164616,8/19/2015,8/21/2015,J+2,MS-17770,Maxwell Schwartz,Grand public,États-Unis,Columbus,Ohio,USCA - Est,OFF-SU-10004768,Fournitures de bureau,Fournitures,Acme Kleencut Forged Steel Scissors,9.18,2,0.2,1.15
2411,US-2015-162684,8/1/2015,8/6/2015,Tarif normal,AS-10630,Ann Steele,Bureau à domicile,États-Unis,Philadelphia,Pennsylvanie,USCA - Est,OFF-FA-10000992,Fournitures de bureau,Éléments de fixation,"Acco Clips to Go Binder Clips, 24 Clips in Two Sizes",5.68,2,0.2,1.92
2413,US-2015-151295,11/12/2015,11/16/2015,Tarif normal,JA-15970,Joseph Airdo,Grand public,États-Unis,Los Angeles,Californie,USCA - Ouest,OFF-PA-10001947,Fournitures de bureau,Papier,Xerox 1974,11.96,2,0,5.86
2414,US-2015-151295,11/12/2015,11/16/2015,Tarif normal,JA-15970,Joseph Airdo,Grand public,États-Unis,Los Angeles,Californie,USCA - Ouest,FUR-TA-10002356,Mobilier,Tables,Bevis Boat-Shaped Conference Table,629.06,3,0.2,31.45
2433,US-2015-148586,3/25/2015,4/1/2015,Tarif normal,AZ-10750,Annie Zypern,Grand public,États-Unis,New York City,New York,USCA - Est,FUR-CH-10002439,Mobilier,Chaises,"Iceberg Nesting Folding Chair, 19w x 6d x 43h",366.79,7,0.1,65.21
2438,US-2015-164210,11/18/2015,11/20/2015,J+2,PW-19240,Pierre Wener,Grand public,États-Unis,Louisville,Colorado,USCA - Ouest,FUR-TA-10000849,Mobilier,Tables,Bevis Rectangular Conference Tables,145.98,2,0.5,-99.27
2439,US-2015-164210,11/18/2015,11/20/2015,J+2,PW-19240,Pierre Wener,Grand public,États-Unis,Louisville,Colorado,USCA - Ouest,OFF-PA-10002259,Fournitures de bureau,Papier,"Geographics Note Cards, Blank, White, 8 1/2"" x 11""",35.81,4,0.2,12.53
2479,US-2015-145212,9/13/2015,9/19/2015,Tarif normal,DC-12850,Dan Campbell,Grand public,États-Unis,New York City,New York,USCA - Est,OFF-AR-10002833,Fournitures de bureau,Art,Newell 322,5.46,3,0,1.47
2492,US-2015-113579,12/13/2015,12/15/2015,J+2,KD-16345,Katherine Ducich,Grand public,États-Unis,Los Angeles,Californie,USCA - Ouest,OFF-PA-10001457,Fournitures de bureau,Papier,White GlueTop Scratch Pads,90.24,6,0,41.51
2493,US-2015-144624,11/19/2015,11/23/2015,Tarif normal,JM-15865,John Murray,Grand public,États-Unis,Jamestown,New York,USCA - Est,TEC-PH-10002885,Produits technologiques,Téléphones,Apple iPhone 5,4548.81,7,0,1228.18
2496,US-2015-136644,6/16/2015,6/22/2015,Tarif normal,SC-20575,Sonia Cooley,Grand public,États-Unis,Mishawaka,Indiana,USCA - Centre,FUR-CH-10000225,Mobilier,Chaises,"Global Geo Office Task Chair, Gray",647.84,8,0,32.39
2505,US-2015-143917,7/25/2015,7/27/2015,J+2,KL-16645,Ken Lonsdale,Grand public,États-Unis,San Francisco,Californie,USCA - Ouest,OFF-ST-10001228,Fournitures de bureau,Stockage,"Fellowes Personal Hanging Folder Files, Navy",53.72,4,0,15.04
2506,US-2015-143917,7/25/2015,7/27/2015,J+2,KL-16645,Ken Lonsdale,Grand public,États-Unis,San Francisco,Californie,USCA - Ouest,OFF-SU-10000151,Fournitures de bureau,Fournitures,High Speed Automatic Electric Letter Opener,8187.65,5,0,327.51
2507,US-2015-143917,7/25/2015,7/27/2015,J+2,KL-16645,Ken Lonsdale,Grand public,États-Unis,San Francisco,Californie,USCA - Ouest,FUR-FU-10004351,Mobilier,Meubles,Staple-based wall hangings,77.92,8,0,34.28
2516,US-2015-106572,9/5/2015,9/10/2015,Tarif normal,NP-18700,Nora Preis,Grand public,États-Unis,Bowling Green,Ohio,USCA - Est,OFF-ST-10000585,Fournitures de bureau,Stockage,Economy Rollaway Files,264.32,2,0.2,19.82
2517,US-2015-128888,11/15/2015,11/22/2015,Tarif normal,PB-19105,Peter Bühler,Grand public,États-Unis,Houston,Texas,USCA - Centre,OFF-EN-10003001,Fournitures de bureau,Enveloppes,Ames Color-File Green Diamond Border X-ray Mailers,604.66,9,0.2,204.07
2530,US-2015-108707,10/24/2015,10/29/2015,Tarif normal,DB-12910,Daniel Byrd,Bureau à domicile,États-Unis,Fort Lauderdale,Floride,USCA - Sud,OFF-PA-10000788,Fournitures de bureau,Papier,Xerox 210,10.37,2,0.2,3.63
2531,US-2015-111500,8/17/2015,8/21/2015,Tarif normal,DJ-13510,Don Jones,Entreprise,États-Unis,Little Rock,Arkansas,USCA - Sud,OFF-PA-10000595,Fournitures de bureau,Papier,Xerox 1929,114.2,5,0,52.53
2532,US-2015-111500,8/17/2015,8/21/2015,Tarif normal,DJ-13510,Don Jones,Entreprise,États-Unis,Little Rock,Arkansas,USCA - Sud,OFF-BI-10000829,Fournitures de bureau,Classeurs,Avery Non-Stick Binders,17.96,4,0,8.26
2533,US-2015-111500,8/17/2015,8/21/2015,Tarif normal,DJ-13510,Don Jones,Entreprise,États-Unis,Little Rock,Arkansas,USCA - Sud,OFF-FA-10002676,Fournitures de bureau,Éléments de fixation,Colored Push Pins,12.67,7,0,4.56
2534,US-2015-111500,8/17/2015,8/21/2015,Tarif normal,DJ-13510,Don Jones,Entreprise,États-Unis,Little Rock,Arkansas,USCA - Sud,TEC-AC-10000844,Produits technologiques,Accessoires,Logitech Gaming G510s - Keyboard,339.96,4,0,122.39
2543,US-2015-164385,9/26/2015,10/1/2015,J+2,NB-18580,Nicole Brennan,Entreprise,États-Unis,Philadelphia,Pennsylvanie,USCA - Est,OFF-AP-10002191,Fournitures de bureau,Électroménager,Belkin 8 Outlet SurgeMaster II Gold Surge Protector,143.95,3,0.2,14.4
2575,US-2015-129091,11/22/2015,11/27/2015,Tarif normal,RA-19885,Ruben Ausman,Entreprise,États-Unis,Columbus,Géorgie,USCA - Sud,OFF-EN-10004955,Fournitures de bureau,Enveloppes,Fashion Color Clasp Envelopes,16.23,3,0,7.95
2576,US-2015-129091,11/22/2015,11/27/2015,Tarif normal,RA-19885,Ruben Ausman,Entreprise,États-Unis,Columbus,Géorgie,USCA - Sud,OFF-BI-10001071,Fournitures de bureau,Classeurs,GBC ProClick Punch Binding System,319.9,5,0,156.75
2577,US-2015-129091,11/22/2015,11/27/2015,Tarif normal,RA-19885,Ruben Ausman,Entreprise,États-Unis,Columbus,Géorgie,USCA - Sud,OFF-EN-10001990,Fournitures de bureau,Enveloppes,Staple envelope,11.36,2,0,5.34
2578,US-2015-129091,11/22/2015,11/27/2015,Tarif normal,RA-19885,Ruben Ausman,Entreprise,États-Unis,Columbus,Géorgie,USCA - Sud,OFF-AP-10002734,Fournitures de bureau,Électroménager,Holmes Harmony HEPA Air Purifier for 17 x 20 Room,675.12,3,0,290.3
2579,US-2015-155502,1/26/2015,1/31/2015,Tarif normal,SD-20485,Shirley Daniels,Bureau à domicile,États-Unis,Alexandria,Virginie,USCA - Sud,FUR-FU-10004587,Mobilier,Meubles,"GE General Use Halogen Bulbs, 100 Watts, 1 Bulb per Pack",62.82,3,0,30.78
2580,US-2015-155502,1/26/2015,1/31/2015,Tarif normal,SD-20485,Shirley Daniels,Bureau à domicile,États-Unis,Alexandria,Virginie,USCA - Sud,OFF-ST-10004337,Fournitures de bureau,Stockage,"SAFCO Commercial Wire Shelving, 72h",489.92,8,0,0
2581,US-2015-155502,1/26/2015,1/31/2015,Tarif normal,SD-20485,Shirley Daniels,Bureau à domicile,États-Unis,Alexandria,Virginie,USCA - Sud,OFF-PA-10003072,Fournitures de bureau,Papier,"Eureka Recycled Copy Paper 8 1/2"" x 11"", Ream",19.44,3,0,9.33
2582,US-2015-155502,1/26/2015,1/31/2015,Tarif normal,SD-20485,Shirley Daniels,Bureau à domicile,États-Unis,Alexandria,Virginie,USCA - Sud,OFF-PA-10000380,Fournitures de bureau,Papier,"REDIFORM Incoming/Outgoing Call Register, 11"" X 8 1/2"", 100 Messages",16.68,2,0,8.34
2583,US-2015-155502,1/26/2015,1/31/2015,Tarif normal,SD-20485,Shirley Daniels,Bureau à domicile,États-Unis,Alexandria,Virginie,USCA - Sud,TEC-PH-10004833,Produits technologiques,Téléphones,Macally Suction Cup Mount,155.35,13,0,0
2584,US-2015-155502,1/26/2015,1/31/2015,Tarif normal,SD-20485,Shirley Daniels,Bureau à domicile,États-Unis,Alexandria,Virginie,USCA - Sud,FUR-FU-10001847,Mobilier,Meubles,Eldon Image Series Black Desk Accessories,12.42,3,0,4.47
2585,US-2015-155502,1/26/2015,1/31/2015,Tarif normal,SD-20485,Shirley Daniels,Bureau à domicile,États-Unis,Alexandria,Virginie,USCA - Sud,TEC-PH-10002103,Produits technologiques,Téléphones,Jabra SPEAK 410,187.98,2,0,52.63
2606,US-2015-112718,12/16/2015,12/21/2015,Tarif normal,KN-16450,Kean Nguyen,Entreprise,États-Unis,Jacksonville,Floride,USCA - Sud,OFF-BI-10000591,Fournitures de bureau,Classeurs,Avery Binder Labels,1.17,1,0.7,-0.86
2608,US-2015-127446,11/25/2015,11/30/2015,Tarif normal,MC-17590,Matt Collister,Entreprise,États-Unis,Arlington,Texas,USCA - Centre,TEC-AC-10001635,Produits technologiques,Accessoires,KeyTronic KT400U2 - Keyboard - Black,24.67,3,0.2,0
2609,US-2015-127446,11/25/2015,11/30/2015,Tarif normal,MC-17590,Matt Collister,Entreprise,États-Unis,Arlington,Texas,USCA - Centre,OFF-LA-10001317,Fournitures de bureau,Étiquettes,Avery 520,2.52,1,0.2,0.88
2610,US-2015-127446,11/25/2015,11/30/2015,Tarif normal,MC-17590,Matt Collister,Entreprise,États-Unis,Arlington,Texas,USCA - Centre,FUR-TA-10000577,Mobilier,Tables,Bretford CR4500 Series Slim Rectangular Table,1218.74,5,0.3,-121.87
2611,US-2015-127446,11/25/2015,11/30/2015,Tarif normal,MC-17590,Matt Collister,Entreprise,États-Unis,Arlington,Texas,USCA - Centre,OFF-LA-10000248,Fournitures de bureau,Étiquettes,Avery 52,5.9,2,0.2,1.99
2612,US-2015-127446,11/25/2015,11/30/2015,Tarif normal,MC-17590,Matt Collister,Entreprise,États-Unis,Arlington,Texas,USCA - Centre,OFF-PA-10000955,Fournitures de bureau,Papier,Southworth 25% Cotton Granite Paper & Envelopes,15.7,3,0.2,5.1
2613,US-2015-127446,11/25/2015,11/30/2015,Tarif normal,MC-17590,Matt Collister,Entreprise,États-Unis,Arlington,Texas,USCA - Centre,FUR-FU-10000221,Mobilier,Meubles,"Master Caster Door Stop, Brown",6.1,3,0.6,-3.96
2615,US-2015-147298,4/26/2015,5/3/2015,Tarif normal,AG-10300,Aleksandra Gannaway,Entreprise,États-Unis,Los Angeles,Californie,USCA - Ouest,FUR-CH-10004886,Mobilier,Chaises,Bevis Steel Folding Chairs,230.28,3,0.2,23.03
2616,US-2015-147298,4/26/2015,5/3/2015,Tarif normal,AG-10300,Aleksandra Gannaway,Entreprise,États-Unis,Los Angeles,Californie,USCA - Ouest,OFF-BI-10001525,Fournitures de bureau,Classeurs,"Acco Pressboard Covers with Storage Hooks, 14 7/8"" x 11"", Executive Red",18.29,6,0.2,5.72
2623,US-2015-164861,12/3/2015,12/6/2015,J+2,MC-17635,Matthew Clasen,Entreprise,États-Unis,Saint Louis,Missouri,USCA - Centre,OFF-PA-10001972,Fournitures de bureau,Papier,Xerox 214,25.92,4,0,12.44
2646,US-2015-131002,9/7/2015,9/12/2015,J+2,TB-21400,Tom Boeckenhauer,Grand public,États-Unis,Tulsa,Oklahoma,USCA - Centre,FUR-FU-10004270,Mobilier,Meubles,"Executive Impressions 13"" Clairmont Wall Clock",57.69,3,0,23.65
2647,US-2015-131002,9/7/2015,9/12/2015,J+2,TB-21400,Tom Boeckenhauer,Grand public,États-Unis,Tulsa,Oklahoma,USCA - Centre,OFF-BI-10000948,Fournitures de bureau,Classeurs,"GBC Laser Imprintable Binding System Covers, Desert Sand",42.81,3,0,20.12
2648,US-2015-131002,9/7/2015,9/12/2015,J+2,TB-21400,Tom Boeckenhauer,Grand public,États-Unis,Tulsa,Oklahoma,USCA - Centre,OFF-PA-10000223,Fournitures de bureau,Papier,Xerox 2000,12.96,2,0,6.22
2649,US-2015-131002,9/7/2015,9/12/2015,J+2,TB-21400,Tom Boeckenhauer,Grand public,États-Unis,Tulsa,Oklahoma,USCA - Centre,FUR-FU-10004665,Mobilier,Meubles,"3M Polarizing Task Lamp with Clamp Arm, Light Gray",821.88,6,0,213.69
2650,US-2015-131002,9/7/2015,9/12/2015,J+2,TB-21400,Tom Boeckenhauer,Grand public,États-Unis,Tulsa,Oklahoma,USCA - Centre,TEC-PH-10000215,Produits technologiques,Téléphones,Plantronics Cordless Phone Headset with In-line Volume - M214C,104.85,3,0,28.31
2671,US-2015-126403,9/9/2015,9/12/2015,J+2,RR-19525,Rick Reed,Entreprise,États-Unis,Lowell,Massachusetts,USCA - Est,OFF-PA-10001144,Fournitures de bureau,Papier,Xerox 1913,166.44,3,0,79.89
2672,US-2015-126403,9/9/2015,9/12/2015,J+2,RR-19525,Rick Reed,Entreprise,États-Unis,Lowell,Massachusetts,USCA - Est,FUR-CH-10003761,Mobilier,Chaises,Global Italian Leather Office Chair,785.88,6,0,212.19
2673,US-2015-126403,9/9/2015,9/12/2015,J+2,RR-19525,Rick Reed,Entreprise,États-Unis,Lowell,Massachusetts,USCA - Est,OFF-PA-10004665,Fournitures de bureau,Papier,Advantus Motivational Note Cards,26.2,2,0,12.84
2674,US-2015-126403,9/9/2015,9/12/2015,J+2,RR-19525,Rick Reed,Entreprise,États-Unis,Lowell,Massachusetts,USCA - Est,OFF-ST-10000078,Fournitures de bureau,Stockage,Tennsco 6- and 18-Compartment Lockers,1325.85,5,0,238.65
2678,US-2015-160780,6/21/2015,6/21/2015,Le même jour,SV-20785,Stewart Visinsky,Grand public,États-Unis,Pueblo,Colorado,USCA - Ouest,OFF-BI-10001116,Fournitures de bureau,Classeurs,"Wilson Jones 1"" Hanging DublLock Ring Binders",11.09,7,0.7,-8.13
2679,US-2015-160780,6/21/2015,6/21/2015,Le même jour,SV-20785,Stewart Visinsky,Grand public,États-Unis,Pueblo,Colorado,USCA - Ouest,OFF-BI-10002931,Fournitures de bureau,Classeurs,"Avery Trapezoid Extra Heavy Duty 4"" Binders",25.16,2,0.7,-16.78
2690,US-2015-123064,6/30/2015,7/2/2015,Prioritaire,RA-19915,Russell Applegate,Grand public,États-Unis,Chicago,Illinois,USCA - Centre,OFF-AR-10004582,Fournitures de bureau,Art,BIC Brite Liner Grip Highlighters,5.25,4,0.2,1.64
2695,US-2015-143182,10/15/2015,10/20/2015,Tarif normal,DL-12865,Dan Lawera,Grand public,États-Unis,Hialeah,Floride,USCA - Sud,FUR-FU-10004270,Mobilier,Meubles,"Executive Impressions 13"" Clairmont Wall Clock",15.38,1,0.2,4.04
2697,US-2015-145317,3/18/2015,3/23/2015,Tarif normal,SM-20320,Sean Miller,Bureau à domicile,États-Unis,Jacksonville,Floride,USCA - Sud,TEC-MA-10003626,Produits technologiques,Machines,Hewlett-Packard Deskjet 6540 Color Inkjet Printer,821.3,4,0.5,-16.43
2698,US-2015-145317,3/18/2015,3/23/2015,Tarif normal,SM-20320,Sean Miller,Bureau à domicile,États-Unis,Jacksonville,Floride,USCA - Sud,TEC-MA-10002412,Produits technologiques,Machines,Cisco TelePresence System EX90 Videoconferencing Unit,22638.48,6,0.5,-1811.08
2699,US-2015-145317,3/18/2015,3/23/2015,Tarif normal,SM-20320,Sean Miller,Bureau à domicile,États-Unis,Jacksonville,Floride,USCA - Sud,OFF-PA-10001804,Fournitures de bureau,Papier,Xerox 195,21.38,4,0.2,7.48
2700,US-2015-145317,3/18/2015,3/23/2015,Tarif normal,SM-20320,Sean Miller,Bureau à domicile,États-Unis,Jacksonville,Floride,USCA - Sud,OFF-AR-10003183,Fournitures de bureau,Art,Avery Fluorescent Highlighter Four-Color Set,8.02,3,0.2,1
2701,US-2015-145317,3/18/2015,3/23/2015,Tarif normal,SM-20320,Sean Miller,Bureau à domicile,États-Unis,Jacksonville,Floride,USCA - Sud,FUR-FU-10004270,Mobilier,Meubles,"Executive Impressions 13"" Clairmont Wall Clock",30.77,2,0.2,8.08
2702,US-2015-145317,3/18/2015,3/23/2015,Tarif normal,SM-20320,Sean Miller,Bureau à domicile,États-Unis,Jacksonville,Floride,USCA - Sud,OFF-FA-10003112,Fournitures de bureau,Éléments de fixation,Staples,18.94,3,0.2,5.92
2703,US-2015-145317,3/18/2015,3/23/2015,Tarif normal,SM-20320,Sean Miller,Bureau à domicile,États-Unis,Jacksonville,Floride,USCA - Sud,FUR-FU-10001986,Mobilier,Meubles,"Dana Fluorescent Magnifying Lamp, White, 36""",122.35,3,0.2,15.29
2704,US-2015-143413,5/24/2015,5/30/2015,Tarif normal,RP-19390,Resi Pölking,Grand public,États-Unis,Baltimore,Maryland,USCA - Est,OFF-PA-10002319,Fournitures de bureau,Papier,Xerox 1944,116.28,3,0,56.98
2714,US-2015-110100,4/25/2015,4/29/2015,Tarif normal,LC-16885,Lena Creighton,Grand public,États-Unis,Wilmington,Caroline du Nord,USCA - Sud,TEC-PH-10004531,Produits technologiques,Téléphones,AT&T CL2909,302.38,3,0.2,37.8
2716,US-2015-127187,12/4/2015,12/8/2015,Tarif normal,CP-12085,Cathy Prescott,Entreprise,États-Unis,New York City,New York,USCA - Est,TEC-PH-10000673,Produits technologiques,Téléphones,Plantronics Voyager Pro HD - Bluetooth Headset,129.98,2,0,62.39
2718,US-2015-100006,9/7/2015,9/13/2015,Tarif normal,DK-13375,Dennis Kane,Grand public,États-Unis,New York City,New York,USCA - Est,TEC-PH-10002075,Produits technologiques,Téléphones,AT&T EL51110 DECT,377.97,3,0,109.61
2720,US-2015-110030,12/6/2015,12/8/2015,J+2,LF-17185,Luke Foster,Grand public,États-Unis,Houston,Texas,USCA - Centre,FUR-FU-10002759,Mobilier,Meubles,12-1/2 Diameter Round Wall Clock,23.98,3,0.6,-14.39
2721,US-2015-121286,11/4/2015,11/8/2015,J+2,ON-18715,Odella Nelson,Entreprise,États-Unis,Cary,Caroline du Nord,USCA - Sud,OFF-FA-10000585,Fournitures de bureau,Éléments de fixation,OIC Bulk Pack Metal Binder Clips,8.38,3,0.2,2.72
2722,US-2015-121286,11/4/2015,11/8/2015,J+2,ON-18715,Odella Nelson,Entreprise,États-Unis,Cary,Caroline du Nord,USCA - Sud,OFF-AP-10004859,Fournitures de bureau,Électroménager,Acco 6 Outlet Guardian Premium Surge Suppressor,58.24,5,0.2,5.1
2724,US-2015-153479,10/4/2015,10/8/2015,Tarif normal,DF-13135,David Flashing,Grand public,États-Unis,Vallejo,Californie,USCA - Ouest,OFF-LA-10004689,Fournitures de bureau,Étiquettes,Avery 512,14.45,5,0,6.79
2725,US-2015-153479,10/4/2015,10/8/2015,Tarif normal,DF-13135,David Flashing,Grand public,États-Unis,Vallejo,Californie,USCA - Ouest,OFF-BI-10002867,Fournitures de bureau,Classeurs,GBC Recycled Regency Composition Covers,95.65,2,0.2,31.09
2733,US-2015-107594,7/2/2015,7/6/2015,Tarif normal,EH-13945,Eric Hoffmann,Grand public,États-Unis,Plainfield,New Jersey,USCA - Est,TEC-PH-10002923,Produits technologiques,Téléphones,"Logitech B530 USB Headset - headset - Full size, Binaural",73.98,2,0,19.97
2734,US-2015-107594,7/2/2015,7/6/2015,Tarif normal,EH-13945,Eric Hoffmann,Grand public,États-Unis,Plainfield,New Jersey,USCA - Est,OFF-AR-10000716,Fournitures de bureau,Art,DIXON Ticonderoga Erasable Checking Pencils,5.58,1,0,2.18
2743,US-2015-149244,11/4/2015,11/8/2015,Tarif normal,MS-17530,MaryBeth Skach,Grand public,États-Unis,San Diego,Californie,USCA - Ouest,FUR-FU-10004671,Mobilier,Meubles,"Executive Impressions 12"" Wall Clock",35.34,2,0,13.43
2747,US-2015-155887,5/12/2015,5/17/2015,Tarif normal,KT-16480,Kean Thornton,Grand public,États-Unis,Franklin,Massachusetts,USCA - Est,FUR-TA-10002228,Mobilier,Tables,"Bevis Traditional Conference Table Top, Plinth Base",700.06,3,0.3,-130.01
2750,US-2015-141257,6/8/2015,6/14/2015,Tarif normal,CS-11950,Carlos Soltero,Grand public,États-Unis,Seattle,Washington,USCA - Ouest,FUR-CH-10002758,Mobilier,Chaises,"Hon Deluxe Fabric Upholstered Stacking Chairs, Squared Back",585.55,3,0.2,73.19
2751,US-2015-154669,8/8/2015,8/11/2015,J+2,TM-21010,Tamara Manning,Grand public,États-Unis,Vacaville,Californie,USCA - Ouest,OFF-ST-10000532,Fournitures de bureau,Stockage,Advantus Rolling Drawer Organizers,423.28,11,0,110.05
2752,US-2015-158029,5/26/2015,5/30/2015,Tarif normal,HF-14995,Herbert Flentye,Grand public,États-Unis,Los Angeles,Californie,USCA - Ouest,FUR-CH-10000988,Mobilier,Chaises,Hon Olson Stacker Stools,225.3,2,0.2,22.53
2761,US-2015-129574,5/26/2015,5/29/2015,Prioritaire,Dp-13240,Dean percer,Bureau à domicile,États-Unis,Murray,Utah,USCA - Ouest,OFF-PA-10002893,Fournitures de bureau,Papier,"Wirebound Service Call Books, 5 1/2"" x 4""",48.4,5,0,23.23
2788,US-2015-117744,12/2/2015,12/6/2015,Tarif normal,MD-17860,Michael Dominguez,Entreprise,États-Unis,Corpus Christi,Texas,USCA - Centre,FUR-FU-10001588,Mobilier,Meubles,"Deflect-o SuperTray Unbreakable Stackable Tray, Letter, Black",58.36,5,0.6,-24.8
2789,US-2015-117744,12/2/2015,12/6/2015,Tarif normal,MD-17860,Michael Dominguez,Entreprise,États-Unis,Corpus Christi,Texas,USCA - Centre,OFF-AR-10000940,Fournitures de bureau,Art,Newell 343,16.46,7,0.2,1.44
2790,US-2015-117744,12/2/2015,12/6/2015,Tarif normal,MD-17860,Michael Dominguez,Entreprise,États-Unis,Corpus Christi,Texas,USCA - Centre,FUR-FU-10002759,Mobilier,Meubles,12-1/2 Diameter Round Wall Clock,39.96,5,0.6,-23.98
2791,US-2015-125514,9/21/2015,9/22/2015,Prioritaire,BM-11650,Brian Moss,Entreprise,États-Unis,Omaha,Nebraska,USCA - Centre,OFF-AP-10000358,Fournitures de bureau,Électroménager,Fellowes Basic Home/Office Series Surge Protectors,25.96,2,0,7.53
2792,US-2015-125514,9/21/2015,9/22/2015,Prioritaire,BM-11650,Brian Moss,Entreprise,États-Unis,Omaha,Nebraska,USCA - Centre,OFF-AP-10003281,Fournitures de bureau,Électroménager,Acco 6 Outlet Guardian Standard Surge Suppressor,36.27,3,0,10.88
2793,US-2015-125514,9/21/2015,9/22/2015,Prioritaire,BM-11650,Brian Moss,Entreprise,États-Unis,Omaha,Nebraska,USCA - Centre,OFF-PA-10000029,Fournitures de bureau,Papier,Xerox 224,6.48,1,0,3.11
2794,US-2015-154599,4/12/2015,4/17/2015,Tarif normal,KN-16450,Kean Nguyen,Entreprise,États-Unis,Redondo Beach,Californie,USCA - Ouest,TEC-PH-10001557,Produits technologiques,Téléphones,Pyle PMP37LED,1075.09,14,0.2,94.07
2795,US-2015-154599,4/12/2015,4/17/2015,Tarif normal,KN-16450,Kean Nguyen,Entreprise,États-Unis,Redondo Beach,Californie,USCA - Ouest,TEC-PH-10000576,Produits technologiques,Téléphones,AT&T 1080 Corded phone,438.37,4,0.2,38.36
2796,US-2015-154599,4/12/2015,4/17/2015,Tarif normal,KN-16450,Kean Nguyen,Entreprise,États-Unis,Redondo Beach,Californie,USCA - Ouest,OFF-BI-10002764,Fournitures de bureau,Classeurs,Recycled Pressboard Report Cover with Reinforced Top Hinge,18.09,7,0.2,6.56
2797,US-2015-154599,4/12/2015,4/17/2015,Tarif normal,KN-16450,Kean Nguyen,Entreprise,États-Unis,Redondo Beach,Californie,USCA - Ouest,FUR-BO-10001337,Mobilier,Bibliothèques,O'Sullivan Living Dimensions 2-Shelf Bookcases,308.5,3,0.2,-18.15
2825,US-2015-112914,9/25/2015,9/30/2015,Tarif normal,MT-18070,Michelle Tran,Bureau à domicile,États-Unis,Houston,Texas,USCA - Centre,OFF-PA-10003270,Fournitures de bureau,Papier,Xerox 1954,33.79,8,0.2,10.56
2826,US-2015-112914,9/25/2015,9/30/2015,Tarif normal,MT-18070,Michelle Tran,Bureau à domicile,États-Unis,Houston,Texas,USCA - Centre,FUR-BO-10003272,Mobilier,Bibliothèques,O'Sullivan Living Dimensions 5-Shelf Bookcases,300.53,2,0.3,-97.23
2827,US-2015-112914,9/25/2015,9/30/2015,Tarif normal,MT-18070,Michelle Tran,Bureau à domicile,États-Unis,Houston,Texas,USCA - Centre,OFF-BI-10002982,Fournitures de bureau,Classeurs,Avery Self-Adhesive Photo Pockets for Polaroid Photos,2.72,2,0.8,-4.36
2828,US-2015-112914,9/25/2015,9/30/2015,Tarif normal,MT-18070,Michelle Tran,Bureau à domicile,États-Unis,Houston,Texas,USCA - Centre,OFF-EN-10001509,Fournitures de bureau,Enveloppes,Poly String Tie Envelopes,3.26,2,0.2,1.1
2832,US-2015-148915,11/1/2015,11/5/2015,Tarif normal,ND-18370,Natalie DeCherney,Grand public,États-Unis,Portland,Oregon,USCA - Ouest,OFF-ST-10001128,Fournitures de bureau,Stockage,"Carina Mini System Audio Rack, Model AR050B",443.92,5,0.2,-94.33
2833,US-2015-148915,11/1/2015,11/5/2015,Tarif normal,ND-18370,Natalie DeCherney,Grand public,États-Unis,Portland,Oregon,USCA - Ouest,TEC-PH-10000673,Produits technologiques,Téléphones,Plantronics Voyager Pro HD - Bluetooth Headset,155.98,3,0.2,54.59
2841,US-2015-125521,3/14/2015,3/19/2015,Tarif normal,CK-12325,Christine Kargatis,Bureau à domicile,États-Unis,Chesapeake,Virginie,USCA - Sud,FUR-CH-10003379,Mobilier,Chaises,Global Commerce Series High-Back Swivel/Tilt Chairs,1139.92,4,0,284.98
2871,US-2015-148040,3/22/2015,3/26/2015,Tarif normal,BF-11275,Beth Fritzler,Entreprise,États-Unis,Tucson,Arizona,USCA - Ouest,OFF-PA-10002581,Fournitures de bureau,Papier,Xerox 1951,74.35,3,0.2,23.24
2872,US-2015-148040,3/22/2015,3/26/2015,Tarif normal,BF-11275,Beth Fritzler,Entreprise,États-Unis,Tucson,Arizona,USCA - Ouest,FUR-CH-10001482,Mobilier,Chaises,Office Star - Mesh Screen back chair with Vinyl seat,314.35,3,0.2,-35.36
2883,US-2015-165540,2/21/2015,2/25/2015,Tarif normal,TM-21010,Tamara Manning,Grand public,États-Unis,Woodstock,Illinois,USCA - Centre,OFF-BI-10004094,Fournitures de bureau,Classeurs,GBC Standard Plastic Binding Systems Combs,8.85,5,0.8,-13.72
2891,US-2015-142727,4/29/2015,5/1/2015,J+2,HG-14845,Harry Greene,Grand public,États-Unis,Lake Charles,Louisiane,USCA - Sud,FUR-CH-10002304,Mobilier,Chaises,"Global Stack Chair without Arms, Black",51.96,2,0,12.99
2892,US-2015-142727,4/29/2015,5/1/2015,J+2,HG-14845,Harry Greene,Grand public,États-Unis,Lake Charles,Louisiane,USCA - Sud,OFF-BI-10000136,Fournitures de bureau,Classeurs,Avery Non-Stick Heavy Duty View Round Locking Ring Binders,17.94,3,0,8.61
2897,US-2015-169033,3/30/2015,4/3/2015,Tarif normal,KM-16720,Kunst Miller,Grand public,États-Unis,Long Beach,New York,USCA - Est,OFF-AR-10001915,Fournitures de bureau,Art,Peel-Off China Markers,49.65,5,0,20.85
2906,US-2015-127586,9/26/2015,9/30/2015,Tarif normal,CS-12400,Christopher Schild,Bureau à domicile,États-Unis,Seattle,Washington,USCA - Ouest,OFF-ST-10002615,Fournitures de bureau,Stockage,"Dual Level, Single-Width Filing Carts",310.12,2,0,80.63
2912,US-2015-113929,6/16/2015,6/21/2015,Tarif normal,CK-12205,Chloris Kastensmidt,Grand public,États-Unis,Hempstead,New York,USCA - Est,OFF-EN-10003286,Fournitures de bureau,Enveloppes,Staple envelope,41.4,5,0,19.46
2913,US-2015-113929,6/16/2015,6/21/2015,Tarif normal,CK-12205,Chloris Kastensmidt,Grand public,États-Unis,Hempstead,New York,USCA - Est,OFF-AR-10003772,Fournitures de bureau,Art,Boston 16750 Black Compact Battery Pencil Sharpener,35,4,0,10.5
2914,US-2015-113929,6/16/2015,6/21/2015,Tarif normal,CK-12205,Chloris Kastensmidt,Grand public,États-Unis,Hempstead,New York,USCA - Est,OFF-BI-10002852,Fournitures de bureau,Classeurs,Ibico Standard Transparent Covers,39.55,3,0.2,14.34
2924,US-2015-156993,6/28/2015,7/4/2015,Tarif normal,RW-19630,Rob Williams,Entreprise,États-Unis,Detroit,Michigan,USCA - Centre,OFF-FA-10003495,Fournitures de bureau,Éléments de fixation,Staples,6.08,1,0,3.04
2925,US-2015-157721,9/2/2015,9/5/2015,Prioritaire,JM-16195,Justin MacKendrick,Grand public,États-Unis,Watertown,New York,USCA - Est,OFF-AP-10001303,Fournitures de bureau,Électroménager,"Holmes Cool Mist Humidifier for the Whole House with 8-Gallon Output per Day, Extended Life Filter",19.9,1,0,8.96
2926,US-2015-157721,9/2/2015,9/5/2015,Prioritaire,JM-16195,Justin MacKendrick,Grand public,États-Unis,Watertown,New York,USCA - Est,FUR-FU-10002116,Mobilier,Meubles,"Tenex Carpeted, Granite-Look or Clear Contemporary Contour Shape Chair Mats",70.71,1,0,4.95
2967,US-2015-162866,12/27/2015,12/31/2015,Tarif normal,Co-12640,Corey-Lock,Grand public,États-Unis,Skokie,Illinois,USCA - Centre,FUR-FU-10001473,Mobilier,Meubles,DAX Wood Document Frame,32.95,6,0.6,-19.77
2968,US-2015-162866,12/27/2015,12/31/2015,Tarif normal,Co-12640,Corey-Lock,Grand public,États-Unis,Skokie,Illinois,USCA - Centre,OFF-ST-10002562,Fournitures de bureau,Stockage,Staple magnet,30.02,4,0.2,3
2979,US-2015-109232,1/13/2015,1/16/2015,J+2,ND-18370,Natalie DeCherney,Grand public,États-Unis,Mount Pleasant,Caroline du Sud,USCA - Sud,FUR-CH-10000422,Mobilier,Chaises,Global Highback Leather Tilter in Burgundy,545.94,6,0,87.35
2982,US-2015-131310,7/12/2015,7/18/2015,Tarif normal,CL-12565,Clay Ludtke,Grand public,États-Unis,Seattle,Washington,USCA - Ouest,FUR-CH-10001797,Mobilier,Chaises,"Safco Chair Connectors, 6/Carton",123.14,4,0.2,13.85
2983,US-2015-131310,7/12/2015,7/18/2015,Tarif normal,CL-12565,Clay Ludtke,Grand public,États-Unis,Seattle,Washington,USCA - Ouest,OFF-BI-10003094,Fournitures de bureau,Classeurs,Self-Adhesive Ring Binder Labels,11.26,4,0.2,3.8
2984,US-2015-112872,12/6/2015,12/11/2015,J+2,RC-19960,Ryan Crowe,Grand public,États-Unis,Springfield,Oregon,USCA - Ouest,OFF-ST-10002205,Fournitures de bureau,Stockage,File Shuttle I and Handi-File,53.42,3,0.2,4.67
2985,US-2015-112872,12/6/2015,12/11/2015,J+2,RC-19960,Ryan Crowe,Grand public,États-Unis,Springfield,Oregon,USCA - Ouest,FUR-TA-10003238,Mobilier,Tables,"Chromcraft Bull-Nose Wood 48"" x 96"" Rectangular Conference Tables",275.49,1,0.5,-170.8
2996,US-2015-150532,7/14/2015,7/21/2015,Tarif normal,PB-19150,Philip Brown,Grand public,États-Unis,Phoenix,Arizona,USCA - Ouest,OFF-ST-10000760,Fournitures de bureau,Stockage,Eldon Fold 'N Roll Cart System,55.92,5,0.2,6.29
2997,US-2015-138317,6/21/2015,6/25/2015,Tarif normal,NW-18400,Natalie Webber,Grand public,États-Unis,Philadelphia,Pennsylvanie,USCA - Est,OFF-EN-10001539,Fournitures de bureau,Enveloppes,Staple envelope,24.9,4,0.2,8.4
2998,US-2015-138317,6/21/2015,6/25/2015,Tarif normal,NW-18400,Natalie Webber,Grand public,États-Unis,Philadelphia,Pennsylvanie,USCA - Est,FUR-FU-10000550,Mobilier,Meubles,Stacking Trays by OIC,3.98,1,0.2,0.65
2999,US-2015-138317,6/21/2015,6/25/2015,Tarif normal,NW-18400,Natalie Webber,Grand public,États-Unis,Philadelphia,Pennsylvanie,USCA - Est,TEC-AC-10003628,Produits technologiques,Accessoires,Logitech 910-002974 M325 Wireless Mouse for Web Scrolling,95.97,4,0.2,28.79
3000,US-2015-138317,6/21/2015,6/25/2015,Tarif normal,NW-18400,Natalie Webber,Grand public,États-Unis,Philadelphia,Pennsylvanie,USCA - Est,TEC-MA-10004521,Produits technologiques,Machines,Epson Perfection V600 Photo Scanner,206.99,3,0.7,-172.49
3001,US-2015-138317,6/21/2015,6/25/2015,Tarif normal,NW-18400,Natalie Webber,Grand public,États-Unis,Philadelphia,Pennsylvanie,USCA - Est,OFF-AP-10003860,Fournitures de bureau,Électroménager,Fellowes Advanced 8 Outlet Surge Suppressor with Phone/Fax Protection,44.42,2,0.2,3.89
3002,US-2015-138317,6/21/2015,6/25/2015,Tarif normal,NW-18400,Natalie Webber,Grand public,États-Unis,Philadelphia,Pennsylvanie,USCA - Est,OFF-BI-10000069,Fournitures de bureau,Classeurs,"GBC Prepunched Paper, 19-Hole, for Binding Systems, 24-lb",9.01,2,0.7,-7.2
3006,US-2015-148761,5/17/2015,5/21/2015,Tarif normal,PA-19060,Pete Armstrong,Bureau à domicile,États-Unis,Eau Claire,Wisconsin,USCA - Centre,OFF-BI-10000666,Fournitures de bureau,Classeurs,Surelock Post Binders,91.68,3,0,45.84
3008,US-2015-130729,10/24/2015,10/29/2015,Tarif normal,AA-10375,Allen Armold,Grand public,États-Unis,Rancho Cucamonga,Californie,USCA - Ouest,OFF-BI-10002706,Fournitures de bureau,Classeurs,Avery Premier Heavy-Duty Binder with Round Locking Rings,34.27,3,0.2,11.14
3028,US-2015-106719,8/24/2015,8/24/2015,Le même jour,RB-19645,Robert Barroso,Entreprise,États-Unis,Billings,Montana,USCA - Ouest,OFF-BI-10002799,Fournitures de bureau,Classeurs,"SlimView Poly Binder, 3/8""",8.29,2,0.2,2.69
3048,US-2015-137351,9/30/2015,10/4/2015,Tarif normal,DB-13615,Doug Bickford,Grand public,États-Unis,Seattle,Washington,USCA - Ouest,OFF-BI-10003910,Fournitures de bureau,Classeurs,DXL Angle-View Binders with Locking Rings by Samsill,43.18,7,0.2,13.49
3071,US-2015-119375,11/17/2015,11/22/2015,Tarif normal,YC-21895,Yoseph Carroll,Entreprise,États-Unis,Newark,Delaware,USCA - Est,OFF-ST-10002011,Fournitures de bureau,Stockage,Smead Adjustable Mobile File Trolley with Lockable Top,2934.33,7,0,792.27
3072,US-2015-119375,11/17/2015,11/22/2015,Tarif normal,YC-21895,Yoseph Carroll,Entreprise,États-Unis,Newark,Delaware,USCA - Est,FUR-FU-10002379,Mobilier,Meubles,Eldon Econocleat Chair Mats for Low Pile Carpets,124.41,3,0,14.93
3073,US-2015-119375,11/17/2015,11/22/2015,Tarif normal,YC-21895,Yoseph Carroll,Entreprise,États-Unis,Newark,Delaware,USCA - Est,OFF-AR-10003752,Fournitures de bureau,Art,Deluxe Chalkboard Eraser Cleaner,57.75,5,0,26.57
3076,US-2015-143903,7/20/2015,7/24/2015,Tarif normal,KM-16375,Katherine Murray,Bureau à domicile,États-Unis,Dallas,Texas,USCA - Centre,OFF-ST-10003306,Fournitures de bureau,Stockage,Letter Size Cart,342.86,3,0.2,38.57
3077,US-2015-143903,7/20/2015,7/24/2015,Tarif normal,KM-16375,Katherine Murray,Bureau à domicile,États-Unis,Dallas,Texas,USCA - Centre,FUR-FU-10003724,Mobilier,Meubles,Westinghouse Clip-On Gooseneck Lamps,16.74,5,0.6,-14.23
3078,US-2015-143903,7/20/2015,7/24/2015,Tarif normal,KM-16375,Katherine Murray,Bureau à domicile,États-Unis,Dallas,Texas,USCA - Centre,FUR-CH-10002024,Mobilier,Chaises,HON 5400 Series Task Chairs for Big and Tall,981.37,2,0.3,-140.2
3079,US-2015-104780,5/21/2015,5/25/2015,Tarif normal,BT-11530,Bradley Talbott,Bureau à domicile,États-Unis,San Diego,Californie,USCA - Ouest,OFF-AR-10003514,Fournitures de bureau,Art,4009 Highlighters by Sanford,31.84,8,0,10.51
3084,US-2015-100328,1/28/2015,2/3/2015,Tarif normal,JC-15340,Jasper Cacioppo,Grand public,États-Unis,New York City,New York,USCA - Est,OFF-BI-10000343,Fournitures de bureau,Classeurs,"Pressboard Covers with Storage Hooks, 9 1/2"" x 11"", Light Blue",3.93,1,0.2,1.33
3129,US-2015-136399,12/16/2015,12/17/2015,Prioritaire,CC-12100,Chad Cunningham,Bureau à domicile,États-Unis,Los Angeles,Californie,USCA - Ouest,FUR-FU-10004090,Mobilier,Meubles,"Executive Impressions 14"" Contract Wall Clock",44.46,2,0,14.67
3130,US-2015-136399,12/16/2015,12/17/2015,Prioritaire,CC-12100,Chad Cunningham,Bureau à domicile,États-Unis,Los Angeles,Californie,USCA - Ouest,FUR-CH-10002602,Mobilier,Chaises,DMI Arturo Collection Mission-style Design Wood Chair,241.57,2,0.2,18.12
3131,US-2015-136399,12/16/2015,12/17/2015,Prioritaire,CC-12100,Chad Cunningham,Bureau à domicile,États-Unis,Los Angeles,Californie,USCA - Ouest,TEC-AC-10001142,Produits technologiques,Accessoires,First Data FD10 PIN Pad,395,5,0,39.5
3132,US-2015-136399,12/16/2015,12/17/2015,Prioritaire,CC-12100,Chad Cunningham,Bureau à domicile,États-Unis,Los Angeles,Californie,USCA - Ouest,TEC-PH-10004977,Produits technologiques,Téléphones,GE 30524EE4,627.17,4,0.2,70.56
3133,US-2015-107916,8/24/2015,8/26/2015,Prioritaire,JP-15460,Jennifer Patt,Entreprise,États-Unis,Oceanside,New York,USCA - Est,FUR-FU-10004586,Mobilier,Meubles,G.E. Longer-Life Indoor Recessed Floodlight Bulbs,13.28,2,0,6.37
3134,US-2015-107916,8/24/2015,8/26/2015,Prioritaire,JP-15460,Jennifer Patt,Entreprise,États-Unis,Oceanside,New York,USCA - Est,OFF-BI-10001116,Fournitures de bureau,Classeurs,"Wilson Jones 1"" Hanging DublLock Ring Binders",12.67,3,0.2,4.44
3142,US-2015-122959,12/12/2015,12/12/2015,Le même jour,CY-12745,Craig Yedwab,Entreprise,États-Unis,San Antonio,Texas,USCA - Centre,OFF-BI-10003650,Fournitures de bureau,Classeurs,GBC DocuBind 300 Electric Binding Machine,210.39,2,0.8,-336.63
3148,US-2015-109218,6/30/2015,7/3/2015,J+2,AR-10825,Anthony Rawles,Entreprise,États-Unis,Los Angeles,Californie,USCA - Ouest,OFF-AR-10001374,Fournitures de bureau,Art,"BIC Brite Liner Highlighters, Chisel Tip",32.4,5,0,10.37
3150,US-2015-109036,12/20/2015,12/25/2015,Tarif normal,KH-16510,Keith Herrera,Grand public,États-Unis,Seattle,Washington,USCA - Ouest,OFF-LA-10002043,Fournitures de bureau,Étiquettes,Avery 489,31.05,3,0,14.9
3156,US-2015-128986,8/3/2015,8/5/2015,J+2,GH-14410,Gary Hansen,Bureau à domicile,États-Unis,Glendale,Arizona,USCA - Ouest,OFF-PA-10001289,Fournitures de bureau,Papier,White Computer Printout Paper by Universal,93.02,3,0.2,33.72
3161,US-2015-150924,9/12/2015,9/16/2015,J+2,PT-19090,Pete Takahito,Grand public,États-Unis,Houston,Texas,USCA - Centre,OFF-BI-10004040,Fournitures de bureau,Classeurs,Wilson Jones Impact Binders,5.18,5,0.8,-8.03
3162,US-2015-153969,9/21/2015,9/25/2015,Tarif normal,HF-14995,Herbert Flentye,Grand public,États-Unis,San Francisco,Californie,USCA - Ouest,OFF-EN-10001539,Fournitures de bureau,Enveloppes,Staple envelope,15.56,2,0,7.31
3163,US-2015-153969,9/21/2015,9/25/2015,Tarif normal,HF-14995,Herbert Flentye,Grand public,États-Unis,San Francisco,Californie,USCA - Ouest,OFF-EN-10004483,Fournitures de bureau,Enveloppes,"#10 White Business Envelopes,4 1/8 x 9 1/2",78.35,5,0,36.82
3164,US-2015-153969,9/21/2015,9/25/2015,Tarif normal,HF-14995,Herbert Flentye,Grand public,États-Unis,San Francisco,Californie,USCA - Ouest,OFF-AR-10001615,Fournitures de bureau,Art,Newell 34,59.52,3,0,15.48
3165,US-2015-153969,9/21/2015,9/25/2015,Tarif normal,HF-14995,Herbert Flentye,Grand public,États-Unis,San Francisco,Californie,USCA - Ouest,OFF-PA-10000327,Fournitures de bureau,Papier,Xerox 1971,38.52,9,0,17.33
3166,US-2015-153969,9/21/2015,9/25/2015,Tarif normal,HF-14995,Herbert Flentye,Grand public,États-Unis,San Francisco,Californie,USCA - Ouest,TEC-PH-10001299,Produits technologiques,Téléphones,Polycom CX300 Desktop Phone USB VoIP phone,239.98,2,0.2,24
3167,US-2015-153969,9/21/2015,9/25/2015,Tarif normal,HF-14995,Herbert Flentye,Grand public,États-Unis,San Francisco,Californie,USCA - Ouest,OFF-PA-10002246,Fournitures de bureau,Papier,"Wirebound Four 2-3/4 x 5 Forms per Page, 400 Sets per Book",19.35,3,0,9.48
3186,US-2015-123498,11/7/2015,11/9/2015,Prioritaire,TC-20980,Tamara Chand,Entreprise,États-Unis,Houston,Texas,USCA - Centre,OFF-BI-10000632,Fournitures de bureau,Classeurs,Satellite Sectional Post Binders,26.05,3,0.8,-44.28
3187,US-2015-123498,11/7/2015,11/9/2015,Prioritaire,TC-20980,Tamara Chand,Entreprise,États-Unis,Houston,Texas,USCA - Centre,OFF-EN-10004773,Fournitures de bureau,Enveloppes,Staple envelope,74.35,3,0.2,26.95
3194,US-2015-165428,9/1/2015,9/4/2015,Prioritaire,JL-15130,Jack Lebron,Grand public,États-Unis,Houston,Texas,USCA - Centre,OFF-BI-10002949,Fournitures de bureau,Classeurs,Prestige Round Ring Binders,3.65,3,0.8,-6.02
3195,US-2015-165428,9/1/2015,9/4/2015,Prioritaire,JL-15130,Jack Lebron,Grand public,États-Unis,Houston,Texas,USCA - Centre,OFF-PA-10004100,Fournitures de bureau,Papier,Xerox 216,31.1,6,0.2,10.89
3199,US-2015-131527,12/1/2015,12/7/2015,Tarif normal,TB-21280,Toby Braunhardt,Grand public,États-Unis,Jacksonville,Caroline du Nord,USCA - Sud,TEC-PH-10001644,Produits technologiques,Téléphones,"BlueLounge Milo Smartphone Stand, White/Metallic",95.97,4,0.2,9.6
3201,US-2015-164224,5/18/2015,5/20/2015,J+2,TT-21070,Ted Trevino,Grand public,États-Unis,Akron,Ohio,USCA - Est,FUR-FU-10000308,Mobilier,Meubles,Deflect-o Glass Clear Studded Chair Mats,149.23,3,0.2,3.73
3202,US-2015-164224,5/18/2015,5/20/2015,J+2,TT-21070,Ted Trevino,Grand public,États-Unis,Akron,Ohio,USCA - Est,OFF-PA-10001526,Fournitures de bureau,Papier,Xerox 1949,15.94,4,0.2,5.78
3203,US-2015-158372,11/10/2015,11/16/2015,Tarif normal,RD-19900,Ruben Dartt,Grand public,États-Unis,San Diego,Californie,USCA - Ouest,TEC-PH-10002103,Produits technologiques,Téléphones,Jabra SPEAK 410,601.54,8,0.2,60.15
3204,US-2015-158372,11/10/2015,11/16/2015,Tarif normal,RD-19900,Ruben Dartt,Grand public,États-Unis,San Diego,Californie,USCA - Ouest,TEC-AC-10004209,Produits technologiques,Accessoires,Memorex Froggy Flash Drive 4 GB,10.99,1,0,4.29
3205,US-2015-158372,11/10/2015,11/16/2015,Tarif normal,RD-19900,Ruben Dartt,Grand public,États-Unis,San Diego,Californie,USCA - Ouest,FUR-FU-10000397,Mobilier,Meubles,Luxo Economy Swing Arm Lamp,39.88,2,0,11.17
3206,US-2015-158372,11/10/2015,11/16/2015,Tarif normal,RD-19900,Ruben Dartt,Grand public,États-Unis,San Diego,Californie,USCA - Ouest,OFF-PA-10002137,Fournitures de bureau,Papier,"Southworth 100% Résumé Paper, 24lb.",62.24,8,0,28.01
3207,US-2015-158372,11/10/2015,11/16/2015,Tarif normal,RD-19900,Ruben Dartt,Grand public,États-Unis,San Diego,Californie,USCA - Ouest,FUR-FU-10001867,Mobilier,Meubles,"Eldon Expressions Punched Metal & Wood Desk Accessories, Pewter & Cherry",53.2,5,0,14.9
3208,US-2015-158372,11/10/2015,11/16/2015,Tarif normal,RD-19900,Ruben Dartt,Grand public,États-Unis,San Diego,Californie,USCA - Ouest,OFF-LA-10000407,Fournitures de bureau,Étiquettes,Avery White Multi-Purpose Labels,39.84,8,0,18.33
3213,US-2015-142314,12/23/2015,12/28/2015,Tarif normal,SF-20200,Sarah Foster,Grand public,États-Unis,Richmond,Indiana,USCA - Centre,OFF-AP-10002350,Fournitures de bureau,Électroménager,Belkin F9H710-06 7 Outlet SurgeMaster Surge Protector,207.24,11,0,58.03
3217,US-2015-114433,5/13/2015,5/17/2015,Tarif normal,NP-18325,Naresj Patel,Grand public,États-Unis,Oakland,Californie,USCA - Ouest,TEC-AC-10002800,Produits technologiques,Accessoires,Plantronics Audio 478 Stereo USB Headset,149.97,3,0,52.49
3223,US-2015-108189,10/2/2015,10/5/2015,Prioritaire,ES-14080,Erin Smith,Entreprise,États-Unis,Tempe,Arizona,USCA - Ouest,OFF-PA-10001838,Fournitures de bureau,Papier,"Adams Telephone Message Book W/Dividers/Space For Phone Numbers, 5 1/4""X8 1/2"", 300/Messages",9.41,2,0.2,3.41
3224,US-2015-108189,10/2/2015,10/5/2015,Prioritaire,ES-14080,Erin Smith,Entreprise,États-Unis,Tempe,Arizona,USCA - Ouest,OFF-FA-10000735,Fournitures de bureau,Éléments de fixation,Staples,4.67,2,0.2,1.46
3225,US-2015-108189,10/2/2015,10/5/2015,Prioritaire,ES-14080,Erin Smith,Entreprise,États-Unis,Tempe,Arizona,USCA - Ouest,TEC-PH-10001760,Produits technologiques,Téléphones,Bose SoundLink Bluetooth Speaker,318.4,2,0.2,107.46
3226,US-2015-108189,10/2/2015,10/5/2015,Prioritaire,ES-14080,Erin Smith,Entreprise,États-Unis,Tempe,Arizona,USCA - Ouest,OFF-EN-10004846,Fournitures de bureau,Enveloppes,Letter or Legal Size Expandable Poly String Tie Envelopes,12.77,6,0.2,4.63
3227,US-2015-108189,10/2/2015,10/5/2015,Prioritaire,ES-14080,Erin Smith,Entreprise,États-Unis,Tempe,Arizona,USCA - Ouest,OFF-SU-10003567,Fournitures de bureau,Fournitures,Stiletto Hand Letter Openers,15.36,2,0.2,-3.26
3228,US-2015-108189,10/2/2015,10/5/2015,Prioritaire,ES-14080,Erin Smith,Entreprise,États-Unis,Tempe,Arizona,USCA - Ouest,TEC-PH-10001557,Produits technologiques,Téléphones,Pyle PMP37LED,230.38,3,0.2,20.16
3229,US-2015-108189,10/2/2015,10/5/2015,Prioritaire,ES-14080,Erin Smith,Entreprise,États-Unis,Tempe,Arizona,USCA - Ouest,TEC-AC-10003038,Produits technologiques,Accessoires,Kingston Digital DataTraveler 16GB USB 2.0,7.16,1,0.2,-0.09
3230,US-2015-154641,8/11/2015,8/16/2015,Tarif normal,KL-16645,Ken Lonsdale,Grand public,États-Unis,New York City,New York,USCA - Est,OFF-ST-10004459,Fournitures de bureau,Stockage,Tennsco Single-Tier Lockers,375.34,1,0,18.77
3261,US-2015-151554,11/14/2015,11/15/2015,Prioritaire,CM-11815,Candace McMahon,Entreprise,États-Unis,Pasadena,Texas,USCA - Centre,OFF-PA-10004609,Fournitures de bureau,Papier,Xerox 221,20.74,4,0.2,7.26
3262,US-2015-140662,11/17/2015,11/19/2015,Prioritaire,TS-21205,Thomas Seio,Entreprise,États-Unis,San Francisco,Californie,USCA - Ouest,TEC-AC-10001314,Produits technologiques,Accessoires,Case Logic 2.4GHz Wireless Keyboard,99.98,2,0,8
3263,US-2015-140662,11/17/2015,11/19/2015,Prioritaire,TS-21205,Thomas Seio,Entreprise,États-Unis,San Francisco,Californie,USCA - Ouest,OFF-PA-10003395,Fournitures de bureau,Papier,Xerox 1941,733.95,7,0,352.3
3264,US-2015-140662,11/17/2015,11/19/2015,Prioritaire,TS-21205,Thomas Seio,Entreprise,États-Unis,San Francisco,Californie,USCA - Ouest,OFF-AP-10001242,Fournitures de bureau,Électroménager,APC 7 Outlet Network SurgeArrest Surge Protector,241.44,3,0,72.43
3266,US-2015-126571,10/11/2015,10/15/2015,Tarif normal,JF-15565,Jill Fjeld,Grand public,États-Unis,Philadelphia,Pennsylvanie,USCA - Est,OFF-ST-10003816,Fournitures de bureau,Stockage,Fellowes High-Stak Drawer Files,281.9,2,0.2,10.57
3267,US-2015-126571,10/11/2015,10/15/2015,Tarif normal,JF-15565,Jill Fjeld,Grand public,États-Unis,Philadelphia,Pennsylvanie,USCA - Est,OFF-EN-10002230,Fournitures de bureau,Enveloppes,Airmail Envelopes,201.43,3,0.2,67.98
3268,US-2015-143840,5/22/2015,5/29/2015,Tarif normal,EH-14185,Evan Henry,Grand public,États-Unis,Decatur,Alabama,USCA - Sud,TEC-PH-10002660,Produits technologiques,Téléphones,Nortel Networks T7316 E Nt8 B27,135.98,2,0,34
3269,US-2015-143840,5/22/2015,5/29/2015,Tarif normal,EH-14185,Evan Henry,Grand public,États-Unis,Decatur,Alabama,USCA - Sud,TEC-PH-10003171,Produits technologiques,Téléphones,Plantronics Encore H101 Dual Earpieces Headset,44.95,1,0,12.59
3270,US-2015-115980,7/15/2015,7/19/2015,Tarif normal,VW-21775,Victoria Wilson,Entreprise,États-Unis,Sioux Falls,Dakota du Sud,USCA - Centre,TEC-AC-10003709,Produits technologiques,Accessoires,Maxell 4.7GB DVD-R 5/Pack,2.97,3,0,1.31
3271,US-2015-115980,7/15/2015,7/19/2015,Tarif normal,VW-21775,Victoria Wilson,Entreprise,États-Unis,Sioux Falls,Dakota du Sud,USCA - Centre,OFF-FA-10000304,Fournitures de bureau,Éléments de fixation,Advantus Push Pins,6.54,3,0,2.68
3277,US-2015-102988,4/5/2015,4/9/2015,J+2,GM-14695,Greg Maxwell,Entreprise,États-Unis,Alexandria,Virginie,USCA - Sud,OFF-AR-10004757,Fournitures de bureau,Art,Crayola Colored Pencils,22.96,7,0,7.58
3278,US-2015-102988,4/5/2015,4/9/2015,J+2,GM-14695,Greg Maxwell,Entreprise,États-Unis,Alexandria,Virginie,USCA - Sud,TEC-PH-10001615,Produits technologiques,Téléphones,AT&T CL82213,28.99,1,0,8.41
3279,US-2015-102988,4/5/2015,4/9/2015,J+2,GM-14695,Greg Maxwell,Entreprise,États-Unis,Alexandria,Virginie,USCA - Sud,OFF-PA-10003349,Fournitures de bureau,Papier,Xerox 1957,12.96,2,0,6.35
3280,US-2015-102988,4/5/2015,4/9/2015,J+2,GM-14695,Greg Maxwell,Entreprise,États-Unis,Alexandria,Virginie,USCA - Sud,OFF-AR-10000127,Fournitures de bureau,Art,Newell 321,22.96,7,0,6.66
3281,US-2015-102988,4/5/2015,4/9/2015,J+2,GM-14695,Greg Maxwell,Entreprise,États-Unis,Alexandria,Virginie,USCA - Sud,OFF-SU-10002881,Fournitures de bureau,Fournitures,Martin Yale Chadless Opener Electric Letter Opener,4164.05,5,0,83.28
3282,US-2015-117170,9/17/2015,9/24/2015,Tarif normal,KT-16465,Kean Takahito,Grand public,États-Unis,Raleigh,Caroline du Nord,USCA - Sud,TEC-AC-10001109,Produits technologiques,Accessoires,Logitech Trackman Marble Mouse,47.98,2,0.2,13.2
3283,US-2015-117170,9/17/2015,9/24/2015,Tarif normal,KT-16465,Kean Takahito,Grand public,États-Unis,Raleigh,Caroline du Nord,USCA - Sud,OFF-PA-10000682,Fournitures de bureau,Papier,Xerox 1924,4.62,1,0.2,1.68
3284,US-2015-159478,9/30/2015,10/6/2015,Tarif normal,MH-17785,Maya Herman,Entreprise,États-Unis,New York City,New York,USCA - Est,FUR-FU-10000221,Mobilier,Meubles,"Master Caster Door Stop, Brown",15.24,3,0,5.18
3285,US-2015-103702,9/12/2015,9/17/2015,Tarif normal,AF-10885,Art Foster,Grand public,États-Unis,Fairfield,Ohio,USCA - Est,OFF-BI-10002429,Fournitures de bureau,Classeurs,"Premier Elliptical Ring Binder, Black",63.92,7,0.7,-46.88
3293,US-2015-106264,12/26/2015,12/30/2015,Tarif normal,CK-12595,Clytie Kelty,Grand public,États-Unis,San Diego,Californie,USCA - Ouest,OFF-SU-10002189,Fournitures de bureau,Fournitures,Acme Rosewood Handle Letter Opener,11.91,3,0,0.12
3294,US-2015-106264,12/26/2015,12/30/2015,Tarif normal,CK-12595,Clytie Kelty,Grand public,États-Unis,San Diego,Californie,USCA - Ouest,FUR-FU-10001852,Mobilier,Meubles,"Eldon Regeneration Recycled Desk Accessories, Smoke",3.48,2,0,1.11
3295,US-2015-138023,8/15/2015,8/18/2015,Prioritaire,KH-16510,Keith Herrera,Grand public,États-Unis,Dallas,Texas,USCA - Centre,OFF-BI-10003638,Fournitures de bureau,Classeurs,GBC Durable Plastic Covers,30.96,8,0.8,-52.63
3300,US-2015-159926,11/18/2015,11/22/2015,Tarif normal,CS-11950,Carlos Soltero,Grand public,États-Unis,Philadelphia,Pennsylvanie,USCA - Est,OFF-BI-10003656,Fournitures de bureau,Classeurs,Fellowes PB200 Plastic Comb Binding Machine,51,1,0.7,-40.8
3301,US-2015-159926,11/18/2015,11/22/2015,Tarif normal,CS-11950,Carlos Soltero,Grand public,États-Unis,Philadelphia,Pennsylvanie,USCA - Est,OFF-ST-10003656,Fournitures de bureau,Stockage,Safco Industrial Wire Shelving,76.79,1,0.2,-16.32
3302,US-2015-159926,11/18/2015,11/22/2015,Tarif normal,CS-11950,Carlos Soltero,Grand public,États-Unis,Philadelphia,Pennsylvanie,USCA - Est,TEC-PH-10001128,Produits technologiques,Téléphones,Motorola Droid Maxx,539.96,6,0.4,-107.99
3303,US-2015-159926,11/18/2015,11/22/2015,Tarif normal,CS-11950,Carlos Soltero,Grand public,États-Unis,Philadelphia,Pennsylvanie,USCA - Est,FUR-FU-10001473,Mobilier,Meubles,"Eldon Executive Woodline II Desk Accessories, Mahogany",60.31,3,0.2,5.28
3304,US-2015-159926,11/18/2015,11/22/2015,Tarif normal,CS-11950,Carlos Soltero,Grand public,États-Unis,Philadelphia,Pennsylvanie,USCA - Est,OFF-BI-10004656,Fournitures de bureau,Classeurs,Peel & Stick Add-On Corner Pockets,1.94,3,0.7,-1.43
3305,US-2015-104738,12/30/2015,1/1/2016,J+2,SP-20620,Stefania Perrino,Entreprise,États-Unis,Laredo,Texas,USCA - Centre,OFF-EN-10004955,Fournitures de bureau,Enveloppes,Fashion Color Clasp Envelopes,12.98,3,0.2,4.71
3306,US-2015-104738,12/30/2015,1/1/2016,J+2,SP-20620,Stefania Perrino,Entreprise,États-Unis,Laredo,Texas,USCA - Centre,TEC-PH-10002468,Produits technologiques,Téléphones,"Plantronics CS 50-USB - headset - Convertible, Monaural",217.58,2,0.2,19.04
3307,US-2015-104738,12/30/2015,1/1/2016,J+2,SP-20620,Stefania Perrino,Entreprise,États-Unis,Laredo,Texas,USCA - Centre,TEC-PH-10000576,Produits technologiques,Téléphones,AT&T 1080 Corded phone,328.78,3,0.2,28.77
3308,US-2015-104738,12/30/2015,1/1/2016,J+2,SP-20620,Stefania Perrino,Entreprise,États-Unis,Laredo,Texas,USCA - Centre,OFF-BI-10002160,Fournitures de bureau,Classeurs,Acco Hanging Data Binders,2.29,3,0.8,-3.66
3309,US-2015-104738,12/30/2015,1/1/2016,J+2,SP-20620,Stefania Perrino,Entreprise,États-Unis,Laredo,Texas,USCA - Centre,TEC-AC-10003628,Produits technologiques,Accessoires,Logitech 910-002974 M325 Wireless Mouse for Web Scrolling,47.98,2,0.2,14.4
3313,US-2015-133130,9/27/2015,10/1/2015,Tarif normal,TH-21100,Thea Hendricks,Grand public,États-Unis,San Diego,Californie,USCA - Ouest,FUR-CH-10002602,Mobilier,Chaises,DMI Arturo Collection Mission-style Design Wood Chair,603.92,5,0.2,45.29
3314,US-2015-133130,9/27/2015,10/1/2015,Tarif normal,TH-21100,Thea Hendricks,Grand public,États-Unis,San Diego,Californie,USCA - Ouest,OFF-PA-10000675,Fournitures de bureau,Papier,Xerox 1919,81.98,2,0,40.17
3320,US-2015-134551,12/20/2015,12/25/2015,Tarif normal,TS-21505,Tony Sayre,Grand public,États-Unis,Columbia,Tennessee,USCA - Sud,OFF-AP-10004868,Fournitures de bureau,Électroménager,Hoover Commercial Soft Guard Upright Vacuum And Disposable Filtration Bags,43.51,7,0.2,3.81
3321,US-2015-134551,12/20/2015,12/25/2015,Tarif normal,TS-21505,Tony Sayre,Grand public,États-Unis,Columbia,Tennessee,USCA - Sud,FUR-CH-10004287,Mobilier,Chaises,SAFCO Arco Folding Chair,662.88,3,0.2,74.57
3322,US-2015-134551,12/20/2015,12/25/2015,Tarif normal,TS-21505,Tony Sayre,Grand public,États-Unis,Columbia,Tennessee,USCA - Sud,OFF-PA-10002689,Fournitures de bureau,Papier,Weyerhaeuser First Choice Laser/Copy Paper (20Lb. and 88 Bright),25.92,5,0.2,9.07
3325,US-2015-165309,11/11/2015,11/15/2015,Tarif normal,KD-16270,Karen Daniels,Grand public,États-Unis,Houston,Texas,USCA - Centre,OFF-BI-10001359,Fournitures de bureau,Classeurs,GBC DocuBind TL300 Electric Binding System,896.99,5,0.8,-1480.03
3326,US-2015-165309,11/11/2015,11/15/2015,Tarif normal,KD-16270,Karen Daniels,Grand public,États-Unis,Houston,Texas,USCA - Centre,OFF-BI-10001267,Fournitures de bureau,Classeurs,"Universal Recycled Hanging Pressboard Report Binders, Letter Size",1.23,1,0.8,-1.97
3327,US-2015-165309,11/11/2015,11/15/2015,Tarif normal,KD-16270,Karen Daniels,Grand public,États-Unis,Houston,Texas,USCA - Centre,OFF-AR-10003582,Fournitures de bureau,Art,"Boston Electric Pencil Sharpener, Model 1818, Charcoal Black",67.56,3,0.2,6.76
3328,US-2015-165309,11/11/2015,11/15/2015,Tarif normal,KD-16270,Karen Daniels,Grand public,États-Unis,Houston,Texas,USCA - Centre,OFF-PA-10003724,Fournitures de bureau,Papier,"Wirebound Message Book, 4 per Page",21.72,5,0.2,7.87
3329,US-2015-165309,11/11/2015,11/15/2015,Tarif normal,KD-16270,Karen Daniels,Grand public,États-Unis,Houston,Texas,USCA - Centre,OFF-PA-10001033,Fournitures de bureau,Papier,Xerox 1893,262.34,8,0.2,95.1
3330,US-2015-165309,11/11/2015,11/15/2015,Tarif normal,KD-16270,Karen Daniels,Grand public,États-Unis,Houston,Texas,USCA - Centre,TEC-PH-10003505,Produits technologiques,Téléphones,Geemarc AmpliPOWER60,148.48,2,0.2,16.7
3331,US-2015-165309,11/11/2015,11/15/2015,Tarif normal,KD-16270,Karen Daniels,Grand public,États-Unis,Houston,Texas,USCA - Centre,TEC-PH-10004959,Produits technologiques,Téléphones,Classic Ivory Antique Telephone ZL1810,241.18,3,0.2,15.07
3352,US-2015-134733,9/23/2015,9/28/2015,Tarif normal,BM-11650,Brian Moss,Entreprise,États-Unis,San Diego,Californie,USCA - Ouest,FUR-BO-10002916,Mobilier,Bibliothèques,"Rush Hierlooms Collection 1"" Thick Stackable Bookcases",436,3,0.2,20.52
3353,US-2015-134733,9/23/2015,9/28/2015,Tarif normal,BM-11650,Brian Moss,Entreprise,États-Unis,San Diego,Californie,USCA - Ouest,TEC-PH-10002726,Produits technologiques,Téléphones,netTALK DUO VoIP Telephone Service,83.98,2,0.2,31.49
3354,US-2015-150434,7/19/2015,7/24/2015,Tarif normal,CA-12310,Christine Abelman,Entreprise,États-Unis,Bristol,Connecticut,USCA - Est,TEC-PH-10000895,Produits technologiques,Téléphones,Polycom VVX 310 VoIP phone,359.98,2,0,93.59
3355,US-2015-150434,7/19/2015,7/24/2015,Tarif normal,CA-12310,Christine Abelman,Entreprise,États-Unis,Bristol,Connecticut,USCA - Est,FUR-TA-10004152,Mobilier,Tables,"Barricks 18"" x 48"" Non-Folding Utility Table with Bottom Storage Shelf",70.56,1,0.3,-4.03
3356,US-2015-150434,7/19/2015,7/24/2015,Tarif normal,CA-12310,Christine Abelman,Entreprise,États-Unis,Bristol,Connecticut,USCA - Est,OFF-BI-10003694,Fournitures de bureau,Classeurs,"Avery 3 1/2"" Diskette Storage Pages, 10/Pack",20.88,2,0,9.6
3357,US-2015-150434,7/19/2015,7/24/2015,Tarif normal,CA-12310,Christine Abelman,Entreprise,États-Unis,Bristol,Connecticut,USCA - Est,OFF-BI-10002160,Fournitures de bureau,Classeurs,Acco Hanging Data Binders,3.81,1,0,1.83
3366,US-2015-115161,1/31/2015,2/2/2015,Prioritaire,LC-17050,Liz Carlisle,Grand public,États-Unis,Mission Viejo,Californie,USCA - Ouest,FUR-BO-10003966,Mobilier,Bibliothèques,"Sauder Facets Collection Library, Sky Alder Finish",290.67,2,0.2,3.42
3367,US-2015-165379,7/9/2015,7/15/2015,Tarif normal,BM-11650,Brian Moss,Entreprise,États-Unis,Dallas,Texas,USCA - Centre,OFF-PA-10003072,Fournitures de bureau,Papier,"Eureka Recycled Copy Paper 8 1/2"" x 11"", Ream",10.37,2,0.2,3.63
3368,US-2015-165379,7/9/2015,7/15/2015,Tarif normal,BM-11650,Brian Moss,Entreprise,États-Unis,Dallas,Texas,USCA - Centre,OFF-PA-10002245,Fournitures de bureau,Papier,Xerox 1895,14.35,3,0.2,4.49
3392,US-2015-166471,8/9/2015,8/13/2015,Tarif normal,MG-17650,Matthew Grinstein,Bureau à domicile,États-Unis,Seattle,Washington,USCA - Ouest,TEC-PH-10001530,Produits technologiques,Téléphones,Cisco Unified IP Phone 7945G VoIP phone,1091.17,4,0.2,68.2
3393,US-2015-166471,8/9/2015,8/13/2015,Tarif normal,MG-17650,Matthew Grinstein,Bureau à domicile,États-Unis,Seattle,Washington,USCA - Ouest,TEC-PH-10000038,Produits technologiques,Téléphones,Jawbone MINI JAMBOX Wireless Bluetooth Speaker,219.17,2,0.2,-43.83
3394,US-2015-105340,11/22/2015,11/25/2015,Prioritaire,EH-14185,Evan Henry,Grand public,États-Unis,Pasadena,Texas,USCA - Centre,OFF-BI-10001765,Fournitures de bureau,Classeurs,Wilson Jones Heavy-Duty Casebound Ring Binders with Metal Hinges,6.93,1,0.8,-11.08
3399,US-2015-102274,11/21/2015,11/26/2015,Tarif normal,DH-13075,Dave Hallsten,Entreprise,États-Unis,Richmond,Kentucky,USCA - Sud,TEC-PH-10002923,Produits technologiques,Téléphones,"Logitech B530 USB Headset - headset - Full size, Binaural",36.99,1,0,9.99
3400,US-2015-102274,11/21/2015,11/26/2015,Tarif normal,DH-13075,Dave Hallsten,Entreprise,États-Unis,Richmond,Kentucky,USCA - Sud,OFF-PA-10004359,Fournitures de bureau,Papier,Multicolor Computer Printout Paper,629.1,6,0,301.97
3401,US-2015-102274,11/21/2015,11/26/2015,Tarif normal,DH-13075,Dave Hallsten,Entreprise,États-Unis,Richmond,Kentucky,USCA - Sud,OFF-ST-10001511,Fournitures de bureau,Stockage,Space Solutions Commercial Steel Shelving,193.95,3,0,9.7
3402,US-2015-102274,11/21/2015,11/26/2015,Tarif normal,DH-13075,Dave Hallsten,Entreprise,États-Unis,Richmond,Kentucky,USCA - Sud,OFF-AR-10002833,Fournitures de bureau,Art,Newell 322,5.46,3,0,1.47
3406,US-2015-150119,4/23/2015,4/27/2015,Tarif normal,LB-16795,Laurel Beltran,Bureau à domicile,États-Unis,Columbus,Ohio,USCA - Est,FUR-CH-10002965,Mobilier,Chaises,"Global Leather Highback Executive Chair with Pneumatic Height Adjustment, Black",281.37,2,0.3,-12.06
3407,US-2015-150119,4/23/2015,4/27/2015,Tarif normal,LB-16795,Laurel Beltran,Bureau à domicile,États-Unis,Columbus,Ohio,USCA - Est,FUR-CH-10002965,Mobilier,Chaises,"Global Leather Highback Executive Chair with Pneumatic Height Adjustment, Black",281.37,2,0.3,-12.06
3408,US-2015-150119,4/23/2015,4/27/2015,Tarif normal,LB-16795,Laurel Beltran,Bureau à domicile,États-Unis,Columbus,Ohio,USCA - Est,OFF-BI-10000145,Fournitures de bureau,Classeurs,Zipper Ring Binder Pockets,7.49,8,0.7,-5.24
3409,US-2015-150119,4/23/2015,4/27/2015,Tarif normal,LB-16795,Laurel Beltran,Bureau à domicile,États-Unis,Columbus,Ohio,USCA - Est,FUR-FU-10002191,Mobilier,Meubles,G.E. Halogen Desk Lamp Bulbs,22.34,4,0.2,7.82
3442,US-2015-158337,3/11/2015,3/14/2015,J+2,KA-16525,Kelly Andreada,Grand public,États-Unis,New York City,New York,USCA - Est,OFF-PA-10002137,Fournitures de bureau,Papier,"Southworth 100% Résumé Paper, 24lb.",108.92,14,0,49.01
3450,US-2015-168592,9/8/2015,9/14/2015,Tarif normal,DP-13390,Dennis Pardue,Bureau à domicile,États-Unis,San Francisco,Californie,USCA - Ouest,OFF-AP-10004785,Fournitures de bureau,Électroménager,"Holmes Replacement Filter for HEPA Air Cleaner, Medium Room",56.65,5,0,24.36
3451,US-2015-168592,9/8/2015,9/14/2015,Tarif normal,DP-13390,Dennis Pardue,Bureau à domicile,États-Unis,San Francisco,Californie,USCA - Ouest,OFF-ST-10002406,Fournitures de bureau,Stockage,Pizazz Global Quick File,14.97,1,0,4.19
3452,US-2015-168592,9/8/2015,9/14/2015,Tarif normal,DP-13390,Dennis Pardue,Bureau à domicile,États-Unis,San Francisco,Californie,USCA - Ouest,OFF-FA-10002988,Fournitures de bureau,Éléments de fixation,Ideal Clamps,4.02,2,0,1.97
3453,US-2015-157609,3/16/2015,3/21/2015,J+2,KN-16705,Kristina Nunn,Bureau à domicile,États-Unis,Raleigh,Caroline du Nord,USCA - Sud,TEC-PH-10002415,Produits technologiques,Téléphones,Polycom VoiceStation 500 Conference phone,471.92,2,0.2,29.5
3478,US-2015-143385,8/31/2015,9/5/2015,Tarif normal,SJ-20500,Shirley Jackson,Grand public,États-Unis,Santa Fe,Nouveau-Mexique,USCA - Ouest,TEC-AC-10001635,Produits technologiques,Accessoires,KeyTronic KT400U2 - Keyboard - Black,92.52,9,0,18.5
3482,US-2015-124023,4/7/2015,4/10/2015,Prioritaire,PJ-19015,Pauline Johnson,Grand public,États-Unis,Mobile,Alabama,USCA - Sud,FUR-FU-10004415,Mobilier,Meubles,"Stacking Tray, Side-Loading, Legal, Smoke",8.96,2,0,2.78
3483,US-2015-124688,8/27/2015,8/29/2015,Prioritaire,CC-12610,Corey Catlett,Entreprise,États-Unis,Springfield,Virginie,USCA - Sud,TEC-PH-10000455,Produits technologiques,Téléphones,GE 30522EE2,579.95,5,0,168.19
3484,US-2015-124688,8/27/2015,8/29/2015,Prioritaire,CC-12610,Corey Catlett,Entreprise,États-Unis,Springfield,Virginie,USCA - Sud,FUR-FU-10002456,Mobilier,Meubles,"Master Caster Door Stop, Large Neon Orange",29.12,4,0,12.52
3485,US-2015-124688,8/27/2015,8/29/2015,Prioritaire,CC-12610,Corey Catlett,Entreprise,États-Unis,Springfield,Virginie,USCA - Sud,FUR-TA-10003569,Mobilier,Tables,Bretford CR8500 Series Meeting Room Furniture,1202.94,3,0,300.74
3506,US-2015-166863,6/20/2015,6/24/2015,Tarif normal,SC-20020,Sam Craven,Grand public,États-Unis,Plano,Texas,USCA - Centre,TEC-PH-10000369,Produits technologiques,Téléphones,HTC One Mini,201.58,2,0.2,20.16
3507,US-2015-166863,6/20/2015,6/24/2015,Tarif normal,SC-20020,Sam Craven,Grand public,États-Unis,Plano,Texas,USCA - Centre,OFF-BI-10000756,Fournitures de bureau,Classeurs,Storex DuraTech Recycled Plastic Frosted Binders,3.39,4,0.8,-5.09
3508,US-2015-166863,6/20/2015,6/24/2015,Tarif normal,SC-20020,Sam Craven,Grand public,États-Unis,Plano,Texas,USCA - Centre,FUR-BO-10001608,Mobilier,Bibliothèques,"Hon Metal Bookcases, Black",193.07,4,0.3,-19.87
3509,US-2015-166863,6/20/2015,6/24/2015,Tarif normal,SC-20020,Sam Craven,Grand public,États-Unis,Plano,Texas,USCA - Centre,OFF-PA-10001166,Fournitures de bureau,Papier,Xerox 2,15.55,3,0.2,5.44
3510,US-2015-166863,6/20/2015,6/24/2015,Tarif normal,SC-20020,Sam Craven,Grand public,États-Unis,Plano,Texas,USCA - Centre,OFF-PA-10000587,Fournitures de bureau,Papier,"Array Parchment Paper, Assorted Colors",11.65,2,0.2,4.08
3511,US-2015-166863,6/20/2015,6/24/2015,Tarif normal,SC-20020,Sam Craven,Grand public,États-Unis,Plano,Texas,USCA - Centre,TEC-MA-10001972,Produits technologiques,Machines,Okidata C331dn Printer,418.8,2,0.4,-97.72
3512,US-2015-166863,6/20/2015,6/24/2015,Tarif normal,SC-20020,Sam Craven,Grand public,États-Unis,Plano,Texas,USCA - Centre,OFF-ST-10004123,Fournitures de bureau,Stockage,Safco Industrial Wire Shelving System,509.49,7,0.2,-127.37
3533,US-2015-110849,4/18/2015,4/23/2015,Tarif normal,JL-15835,John Lee,Grand public,États-Unis,Los Angeles,Californie,USCA - Ouest,TEC-MA-10002859,Produits technologiques,Machines,Ativa MDM8000 8-Sheet Micro-Cut Shredder,287.97,4,0.2,97.19
3534,US-2015-110849,4/18/2015,4/23/2015,Tarif normal,JL-15835,John Lee,Grand public,États-Unis,Los Angeles,Californie,USCA - Ouest,OFF-AR-10002375,Fournitures de bureau,Art,Newell 351,13.12,4,0,3.8
3535,US-2015-110849,4/18/2015,4/23/2015,Tarif normal,JL-15835,John Lee,Grand public,États-Unis,Los Angeles,Californie,USCA - Ouest,OFF-AR-10000657,Fournitures de bureau,Art,"Binney & Smith inkTank Desk Highlighter, Chisel Tip, Yellow, 12/Box",10.75,5,0,3.55
3536,US-2015-110849,4/18/2015,4/23/2015,Tarif normal,JL-15835,John Lee,Grand public,États-Unis,Los Angeles,Californie,USCA - Ouest,OFF-FA-10000134,Fournitures de bureau,Éléments de fixation,"Advantus Push Pins, Aluminum Head",11.62,2,0,3.6
3538,US-2015-158771,5/9/2015,5/9/2015,Le même jour,SB-20290,Sean Braxton,Entreprise,États-Unis,Henderson,Kentucky,USCA - Sud,OFF-ST-10000107,Fournitures de bureau,Stockage,Fellowes Super Stor/Drawer,83.25,3,0,14.99
3539,US-2015-158771,5/9/2015,5/9/2015,Le même jour,SB-20290,Sean Braxton,Entreprise,États-Unis,Henderson,Kentucky,USCA - Sud,OFF-LA-10001641,Fournitures de bureau,Étiquettes,Avery 518,9.45,3,0,4.54
3540,US-2015-158771,5/9/2015,5/9/2015,Le même jour,SB-20290,Sean Braxton,Entreprise,États-Unis,Henderson,Kentucky,USCA - Sud,OFF-LA-10003121,Fournitures de bureau,Étiquettes,Avery 506,20.65,5,0,9.5
3541,US-2015-158771,5/9/2015,5/9/2015,Le même jour,SB-20290,Sean Braxton,Entreprise,États-Unis,Henderson,Kentucky,USCA - Sud,OFF-PA-10002689,Fournitures de bureau,Papier,Weyerhaeuser First Choice Laser/Copy Paper (20Lb. and 88 Bright),45.36,7,0,21.77
3555,US-2015-120838,3/23/2015,3/26/2015,J+2,PO-18865,Patrick O'Donnell,Grand public,États-Unis,Los Angeles,Californie,USCA - Ouest,OFF-ST-10000585,Fournitures de bureau,Stockage,Economy Rollaway Files,330.4,2,0,85.9
3556,US-2015-120838,3/23/2015,3/26/2015,J+2,PO-18865,Patrick O'Donnell,Grand public,États-Unis,Los Angeles,Californie,USCA - Ouest,TEC-PH-10003484,Produits technologiques,Téléphones,Ooma Telo VoIP Home Phone System,604.75,6,0.2,37.8
3592,US-2015-154186,12/13/2015,12/15/2015,J+2,RA-19285,Ralph Arnett,Grand public,États-Unis,Houston,Texas,USCA - Centre,OFF-SU-10001574,Fournitures de bureau,Fournitures,Acme Value Line Scissors,2.92,1,0.2,0.37
3597,US-2015-102869,9/9/2015,9/14/2015,J+2,LC-17140,Logan Currie,Grand public,États-Unis,Philadelphia,Pennsylvanie,USCA - Est,OFF-PA-10000788,Fournitures de bureau,Papier,Xerox 210,15.55,3,0.2,5.44
3598,US-2015-102869,9/9/2015,9/14/2015,J+2,LC-17140,Logan Currie,Grand public,États-Unis,Philadelphia,Pennsylvanie,USCA - Est,TEC-AC-10002134,Produits technologiques,Accessoires,Rosewill 107 Normal Keys USB Wired Standard Keyboard,64.7,6,0.2,-4.85
3599,US-2015-102869,9/9/2015,9/14/2015,J+2,LC-17140,Logan Currie,Grand public,États-Unis,Philadelphia,Pennsylvanie,USCA - Est,FUR-FU-10002456,Mobilier,Meubles,"Master Caster Door Stop, Large Neon Orange",17.47,3,0.2,5.02
3600,US-2015-102869,9/9/2015,9/14/2015,J+2,LC-17140,Logan Currie,Grand public,États-Unis,Philadelphia,Pennsylvanie,USCA - Est,TEC-PH-10002549,Produits technologiques,Téléphones,Polycom SoundPoint IP 450 VoIP phone,135.52,1,0.4,-31.62
3602,US-2015-159835,11/17/2015,11/24/2015,Tarif normal,RB-19330,Randy Bradley,Grand public,États-Unis,Philadelphia,Pennsylvanie,USCA - Est,OFF-PA-10002137,Fournitures de bureau,Papier,"Southworth 100% Résumé Paper, 24lb.",12.45,2,0.2,3.89
3603,US-2015-159835,11/17/2015,11/24/2015,Tarif normal,RB-19330,Randy Bradley,Grand public,États-Unis,Philadelphia,Pennsylvanie,USCA - Est,FUR-CH-10004997,Mobilier,Chaises,Hon Every-Day Series Multi-Task Chairs,657.93,5,0.3,-93.99
3608,US-2015-163559,9/23/2015,9/28/2015,J+2,ST-20530,Shui Tom,Grand public,États-Unis,New York City,New York,USCA - Est,OFF-BI-10002026,Fournitures de bureau,Classeurs,Avery Arch Ring Binders,139.44,3,0.2,47.06
3609,US-2015-140228,4/28/2015,5/3/2015,Tarif normal,GB-14530,George Bell,Entreprise,États-Unis,Newark,Ohio,USCA - Est,OFF-LA-10001613,Fournitures de bureau,Étiquettes,Avery File Folder Labels,6.91,3,0.2,2.51
3610,US-2015-140228,4/28/2015,5/3/2015,Tarif normal,GB-14530,George Bell,Entreprise,États-Unis,Newark,Ohio,USCA - Est,OFF-ST-10002214,Fournitures de bureau,Stockage,X-Rack File for Hanging Folders,27.1,3,0.2,2.03
3611,US-2015-140228,4/28/2015,5/3/2015,Tarif normal,GB-14530,George Bell,Entreprise,États-Unis,Newark,Ohio,USCA - Est,OFF-ST-10001128,Fournitures de bureau,Stockage,"Carina Mini System Audio Rack, Model AR050B",177.57,2,0.2,-37.73
3623,US-2015-159184,9/14/2015,9/19/2015,Tarif normal,JC-15775,John Castell,Grand public,États-Unis,Macon,Géorgie,USCA - Sud,FUR-FU-10002878,Mobilier,Meubles,"Seth Thomas 14"" Day/Date Wall Clock",142.4,5,0,52.69
3624,US-2015-159184,9/14/2015,9/19/2015,Tarif normal,JC-15775,John Castell,Grand public,États-Unis,Macon,Géorgie,USCA - Sud,OFF-BI-10001890,Fournitures de bureau,Classeurs,Avery Poly Binder Pockets,7.16,2,0,3.44
3629,US-2015-169726,8/9/2015,8/13/2015,Tarif normal,JH-15985,Joseph Holt,Grand public,États-Unis,Seattle,Washington,USCA - Ouest,OFF-BI-10004600,Fournitures de bureau,Classeurs,Ibico Ibimaster 300 Manual Binding System,2060.74,7,0.2,643.98
3643,US-2015-156594,12/20/2015,12/23/2015,J+2,MC-17845,Michael Chen,Grand public,États-Unis,Los Angeles,Californie,USCA - Ouest,OFF-BI-10004632,Fournitures de bureau,Classeurs,Ibico Hi-Tech Manual Binding System,487.98,2,0.2,152.5
3644,US-2015-156594,12/20/2015,12/23/2015,J+2,MC-17845,Michael Chen,Grand public,États-Unis,Los Angeles,Californie,USCA - Ouest,OFF-AR-10001725,Fournitures de bureau,Art,Boston Home & Office Model 2000 Electric Pencil Sharpeners,47.3,2,0,12.3
3645,US-2015-156594,12/20/2015,12/23/2015,J+2,MC-17845,Michael Chen,Grand public,États-Unis,Los Angeles,Californie,USCA - Ouest,OFF-AR-10004269,Fournitures de bureau,Art,Newell 31,4.13,1,0,1.16
3646,US-2015-156594,12/20/2015,12/23/2015,J+2,MC-17845,Michael Chen,Grand public,États-Unis,Los Angeles,Californie,USCA - Ouest,OFF-BI-10003007,Fournitures de bureau,Classeurs,"Premium Transparent Presentation Covers, No Pattern/Clear, 8 1/2"" x 11""",155.12,5,0.2,50.41
3647,US-2015-146528,7/25/2015,7/27/2015,J+2,VF-21715,Vicky Freymann,Bureau à domicile,États-Unis,Los Angeles,Californie,USCA - Ouest,OFF-PA-10002195,Fournitures de bureau,Papier,Xerox 1966,6.48,1,0,3.18
3648,US-2015-146528,7/25/2015,7/27/2015,J+2,VF-21715,Vicky Freymann,Bureau à domicile,États-Unis,Los Angeles,Californie,USCA - Ouest,OFF-SU-10002522,Fournitures de bureau,Fournitures,Acme Kleen Earth Office Shears,15.52,4,0,4.5
3665,US-2015-129364,12/8/2015,12/13/2015,Tarif normal,TB-21250,Tim Brockman,Grand public,États-Unis,Salem,Oregon,USCA - Ouest,OFF-LA-10001569,Fournitures de bureau,Étiquettes,Avery 499,27.89,7,0.2,9.06
3666,US-2015-129364,12/8/2015,12/13/2015,Tarif normal,TB-21250,Tim Brockman,Grand public,États-Unis,Salem,Oregon,USCA - Ouest,OFF-BI-10001132,Fournitures de bureau,Classeurs,"Acco PRESSTEX Data Binder with Storage Hooks, Dark Blue, 9 1/2"" X 11""",6.46,4,0.7,-4.52
3667,US-2015-129364,12/8/2015,12/13/2015,Tarif normal,TB-21250,Tim Brockman,Grand public,États-Unis,Salem,Oregon,USCA - Ouest,TEC-PH-10003095,Produits technologiques,Téléphones,Samsung HM1900 Bluetooth Headset,52.68,3,0.2,19.76
3668,US-2015-129364,12/8/2015,12/13/2015,Tarif normal,TB-21250,Tim Brockman,Grand public,États-Unis,Salem,Oregon,USCA - Ouest,OFF-SU-10000432,Fournitures de bureau,Fournitures,Acco Side-Punched Conventional Columnar Pads,13.88,5,0.2,-2.6
3669,US-2015-129364,12/8/2015,12/13/2015,Tarif normal,TB-21250,Tim Brockman,Grand public,États-Unis,Salem,Oregon,USCA - Ouest,TEC-AC-10004227,Produits technologiques,Accessoires,SanDisk Ultra 16 GB MicroSDHC Class 10 Memory Card,103.92,10,0.2,-18.19
3670,US-2015-129364,12/8/2015,12/13/2015,Tarif normal,TB-21250,Tim Brockman,Grand public,États-Unis,Salem,Oregon,USCA - Ouest,OFF-LA-10004409,Fournitures de bureau,Étiquettes,Avery 492,11.52,5,0.2,3.74
3671,US-2015-129364,12/8/2015,12/13/2015,Tarif normal,TB-21250,Tim Brockman,Grand public,États-Unis,Salem,Oregon,USCA - Ouest,OFF-PA-10001569,Fournitures de bureau,Papier,Xerox 232,10.37,2,0.2,3.63
3672,US-2015-129364,12/8/2015,12/13/2015,Tarif normal,TB-21250,Tim Brockman,Grand public,États-Unis,Salem,Oregon,USCA - Ouest,OFF-ST-10001031,Fournitures de bureau,Stockage,Adjustable Personal File Tote,39.07,3,0.2,2.93
3699,US-2015-140039,9/13/2015,9/17/2015,Tarif normal,ON-18715,Odella Nelson,Entreprise,États-Unis,Tempe,Arizona,USCA - Ouest,OFF-ST-10001034,Fournitures de bureau,Stockage,Eldon File Chest Portable File,79.4,5,0.2,5.96
3708,US-2015-120544,11/23/2015,11/27/2015,Tarif normal,SS-20140,Saphhira Shifley,Entreprise,États-Unis,Mesquite,Texas,USCA - Centre,FUR-FU-10001940,Mobilier,Meubles,Staple-based wall hangings,6.37,2,0.6,-2.55
3709,US-2015-120544,11/23/2015,11/27/2015,Tarif normal,SS-20140,Saphhira Shifley,Entreprise,États-Unis,Mesquite,Texas,USCA - Centre,OFF-AP-10004336,Fournitures de bureau,Électroménager,"Conquest 14 Commercial Heavy-Duty Upright Vacuum, Collection System, Accessory Kit",34.18,3,0.8,-87.15
3710,US-2015-120544,11/23/2015,11/27/2015,Tarif normal,SS-20140,Saphhira Shifley,Entreprise,États-Unis,Mesquite,Texas,USCA - Centre,TEC-AC-10003709,Produits technologiques,Accessoires,Maxell 4.7GB DVD-R 5/Pack,5.54,7,0.2,1.66
3715,US-2015-135608,12/8/2015,12/10/2015,J+2,JK-15625,Jim Karlsson,Grand public,États-Unis,Olympia,Washington,USCA - Ouest,OFF-PA-10001954,Fournitures de bureau,Papier,Xerox 1964,45.68,2,0,21.01
3716,US-2015-135608,12/8/2015,12/10/2015,J+2,JK-15625,Jim Karlsson,Grand public,États-Unis,Olympia,Washington,USCA - Ouest,FUR-CH-10002602,Mobilier,Chaises,DMI Arturo Collection Mission-style Design Wood Chair,603.92,5,0.2,45.29
3724,US-2015-169789,12/30/2015,1/4/2016,Tarif normal,MF-17665,Maureen Fritzler,Entreprise,États-Unis,Phoenix,Arizona,USCA - Ouest,OFF-BI-10004600,Fournitures de bureau,Classeurs,Ibico Ibimaster 300 Manual Binding System,551.99,5,0.7,-459.99
3745,US-2015-113047,10/24/2015,10/24/2015,Le même jour,AP-10915,Arthur Prichep,Grand public,États-Unis,Rock Hill,Caroline du Sud,USCA - Sud,OFF-FA-10002763,Fournitures de bureau,Éléments de fixation,Advantus Map Pennant Flags and Round Head Tacks,11.85,3,0,3.79
3769,US-2015-153913,12/16/2015,12/20/2015,J+2,KB-16585,Ken Black,Entreprise,États-Unis,Hialeah,Floride,USCA - Sud,FUR-CH-10000988,Mobilier,Chaises,Hon Olson Stacker Stools,1013.83,9,0.2,101.38
3770,US-2015-153913,12/16/2015,12/20/2015,J+2,KB-16585,Ken Black,Entreprise,États-Unis,Hialeah,Floride,USCA - Sud,OFF-FA-10000490,Fournitures de bureau,Éléments de fixation,"OIC Binder Clips, Mini, 1/4"" Capacity, Black",1.98,2,0.2,0.67
3773,US-2015-115357,8/6/2015,8/11/2015,J+2,RF-19735,Roland Fjeld,Grand public,États-Unis,Columbia,Caroline du Sud,USCA - Sud,TEC-AC-10000023,Produits technologiques,Accessoires,"Maxell 74 Minute CD-R Spindle, 50/Pack",62.91,3,0,22.65
3774,US-2015-102715,4/11/2015,4/13/2015,J+2,JK-15370,Jay Kimmel,Grand public,États-Unis,Miami,Floride,USCA - Sud,OFF-FA-10001332,Fournitures de bureau,Éléments de fixation,"Acco Banker's Clasps, 5 3/4""-Long",6.91,3,0.2,2.33
3775,US-2015-102715,4/11/2015,4/13/2015,J+2,JK-15370,Jay Kimmel,Grand public,États-Unis,Miami,Floride,USCA - Sud,TEC-AC-10002001,Produits technologiques,Accessoires,Logitech Wireless Gaming Headset G930,383.98,3,0.2,81.59
3776,US-2015-102715,4/11/2015,4/13/2015,J+2,JK-15370,Jay Kimmel,Grand public,États-Unis,Miami,Floride,USCA - Sud,OFF-PA-10000029,Fournitures de bureau,Papier,Xerox 224,10.37,2,0.2,3.63
3777,US-2015-102715,4/11/2015,4/13/2015,J+2,JK-15370,Jay Kimmel,Grand public,États-Unis,Miami,Floride,USCA - Sud,TEC-AC-10001874,Produits technologiques,Accessoires,Logitech Wireless Anywhere Mouse MX for PC and Mac,335.94,7,0.2,41.99
3781,US-2015-149643,11/16/2015,11/20/2015,Tarif normal,RH-19510,Rick Huthwaite,Bureau à domicile,États-Unis,Manhattan,Kansas,USCA - Centre,TEC-PH-10000038,Produits technologiques,Téléphones,Jawbone MINI JAMBOX Wireless Bluetooth Speaker,273.96,2,0,10.96
3791,US-2015-107139,7/5/2015,7/11/2015,Tarif normal,DP-13390,Dennis Pardue,Bureau à domicile,États-Unis,Los Angeles,Californie,USCA - Ouest,OFF-BI-10001670,Fournitures de bureau,Classeurs,Vinyl Sectional Post Binders,180.96,6,0.2,67.86
3795,US-2015-117163,1/27/2015,2/2/2015,Tarif normal,EJ-13720,Ed Jacobs,Grand public,États-Unis,San Diego,Californie,USCA - Ouest,OFF-ST-10003692,Fournitures de bureau,Stockage,Recycled Steel Personal File for Hanging File Folders,57.23,1,0,14.31
3796,US-2015-117163,1/27/2015,2/2/2015,Tarif normal,EJ-13720,Ed Jacobs,Grand public,États-Unis,San Diego,Californie,USCA - Ouest,FUR-TA-10003469,Mobilier,Tables,Balt Split Level Computer Training Table,333,3,0.2,-16.65
3797,US-2015-117163,1/27/2015,2/2/2015,Tarif normal,EJ-13720,Ed Jacobs,Grand public,États-Unis,San Diego,Californie,USCA - Ouest,OFF-AR-10003179,Fournitures de bureau,Art,Dixon Ticonderoga Core-Lock Colored Pencils,36.44,4,0,12.03
3827,US-2015-132801,10/7/2015,10/12/2015,Tarif normal,JG-15805,John Grady,Entreprise,États-Unis,Dallas,Texas,USCA - Centre,OFF-ST-10001228,Fournitures de bureau,Stockage,"Fellowes Personal Hanging Folder Files, Navy",107.44,10,0.2,10.74
3834,US-2015-105984,11/24/2015,11/24/2015,Le même jour,MY-18295,Muhammed Yedwab,Entreprise,États-Unis,Columbus,Ohio,USCA - Est,TEC-PH-10000560,Produits technologiques,Téléphones,Samsung Galaxy S III - 16GB - pebble blue (T-Mobile),1049.97,5,0.4,-209.99
3835,US-2015-105984,11/24/2015,11/24/2015,Le même jour,MY-18295,Muhammed Yedwab,Entreprise,États-Unis,Columbus,Ohio,USCA - Est,FUR-CH-10000847,Mobilier,Chaises,Global Executive Mid-Back Manager's Chair,611.06,3,0.3,-34.92
3836,US-2015-100363,4/8/2015,4/15/2015,Tarif normal,JM-15655,Jim Mitchum,Entreprise,États-Unis,Glendale,Arizona,USCA - Ouest,OFF-FA-10000611,Fournitures de bureau,Éléments de fixation,Binder Clips by OIC,2.37,2,0.2,0.83
3837,US-2015-100363,4/8/2015,4/15/2015,Tarif normal,JM-15655,Jim Mitchum,Entreprise,États-Unis,Glendale,Arizona,USCA - Ouest,OFF-PA-10004733,Fournitures de bureau,Papier,Things To Do Today Spiral Book,19.01,3,0.2,6.89
3838,US-2015-126760,7/26/2015,8/2/2015,Tarif normal,KM-16720,Kunst Miller,Grand public,États-Unis,North Las Vegas,Nevada,USCA - Ouest,TEC-PH-10001363,Produits technologiques,Téléphones,Apple iPhone 5S,911.98,2,0.2,114
3839,US-2015-126760,7/26/2015,8/2/2015,Tarif normal,KM-16720,Kunst Miller,Grand public,États-Unis,North Las Vegas,Nevada,USCA - Ouest,FUR-CH-10003312,Mobilier,Chaises,Hon 2090 “Pillow Soft” Series Mid Back Swivel/Tilt Chairs,674.35,3,0.2,-109.58
3840,US-2015-126760,7/26/2015,8/2/2015,Tarif normal,KM-16720,Kunst Miller,Grand public,États-Unis,North Las Vegas,Nevada,USCA - Ouest,FUR-FU-10004018,Mobilier,Meubles,Tensor Computer Mounted Lamp,134.01,9,0,36.18
3841,US-2015-126760,7/26/2015,8/2/2015,Tarif normal,KM-16720,Kunst Miller,Grand public,États-Unis,North Las Vegas,Nevada,USCA - Ouest,TEC-AC-10004814,Produits technologiques,Accessoires,Logitech Illuminated Ultrathin Keyboard with Backlighting,170.97,3,0,70.1
3842,US-2015-109162,6/8/2015,6/12/2015,Tarif normal,KE-16420,Katrina Edelman,Entreprise,États-Unis,Bristol,Tennessee,USCA - Sud,FUR-CH-10002647,Mobilier,Chaises,"Situations Contoured Folding Chairs, 4/Set",170.35,3,0.2,10.65
3843,US-2015-101931,10/28/2015,10/31/2015,Prioritaire,TS-21370,Todd Sumrall,Entreprise,États-Unis,Los Angeles,Californie,USCA - Ouest,OFF-BI-10004140,Fournitures de bureau,Classeurs,Avery Non-Stick Binders,7.18,2,0.2,2.25
3844,US-2015-101931,10/28/2015,10/31/2015,Prioritaire,TS-21370,Todd Sumrall,Entreprise,États-Unis,Los Angeles,Californie,USCA - Ouest,OFF-SU-10002301,Fournitures de bureau,Fournitures,Serrated Blade or Curved Handle Hand Letter Openers,6.28,2,0,0.06
3845,US-2015-101931,10/28/2015,10/31/2015,Prioritaire,TS-21370,Todd Sumrall,Entreprise,États-Unis,Los Angeles,Californie,USCA - Ouest,OFF-SU-10000646,Fournitures de bureau,Fournitures,Premier Automatic Letter Opener,480.74,2,0,14.42
3846,US-2015-101931,10/28/2015,10/31/2015,Prioritaire,TS-21370,Todd Sumrall,Entreprise,États-Unis,Los Angeles,Californie,USCA - Ouest,FUR-BO-10001337,Mobilier,Bibliothèques,O'Sullivan Living Dimensions 2-Shelf Bookcases,617,6,0.2,-36.29
3847,US-2015-101931,10/28/2015,10/31/2015,Prioritaire,TS-21370,Todd Sumrall,Entreprise,États-Unis,Los Angeles,Californie,USCA - Ouest,OFF-ST-10003442,Fournitures de bureau,Stockage,Eldon Portable Mobile Manager,141.4,5,0,38.18
3859,US-2015-140816,12/20/2015,12/20/2015,Le même jour,TC-21295,Toby Carlisle,Grand public,États-Unis,Thornton,Colorado,USCA - Ouest,TEC-AC-10001539,Produits technologiques,Accessoires,Logitech G430 Surround Sound Gaming Headset with Dolby 7.1 Technology,447.94,7,0.2,89.59
3862,US-2015-135755,5/3/2015,5/10/2015,Tarif normal,NC-18415,Nathan Cano,Grand public,États-Unis,Yonkers,New York,USCA - Est,OFF-BI-10004828,Fournitures de bureau,Classeurs,GBC Poly Designer Binding Covers,40.18,3,0.2,14.56
3863,US-2015-135755,5/3/2015,5/10/2015,Tarif normal,NC-18415,Nathan Cano,Grand public,États-Unis,Yonkers,New York,USCA - Est,OFF-BI-10003981,Fournitures de bureau,Classeurs,"Avery Durable Plastic 1"" Binders",10.9,3,0.2,3.95
3866,US-2015-124709,7/27/2015,7/29/2015,J+2,GW-14605,Giulietta Weimer,Grand public,États-Unis,San Francisco,Californie,USCA - Ouest,TEC-AC-10002842,Produits technologiques,Accessoires,WD My Passport Ultra 2TB Portable External Hard Drive,238,2,0,38.08
3879,US-2015-151001,4/5/2015,4/7/2015,Prioritaire,JG-15805,John Grady,Entreprise,États-Unis,Decatur,Illinois,USCA - Centre,OFF-ST-10003455,Fournitures de bureau,Stockage,"Tenex File Box, Personal Filing Tote with Lid, Black",49.63,4,0.2,3.72
3880,US-2015-151001,4/5/2015,4/7/2015,Prioritaire,JG-15805,John Grady,Entreprise,États-Unis,Decatur,Illinois,USCA - Centre,OFF-ST-10001031,Fournitures de bureau,Stockage,Adjustable Personal File Tote,52.1,4,0.2,3.91
3885,US-2015-152849,7/5/2015,7/12/2015,Tarif normal,DW-13195,David Wiener,Entreprise,États-Unis,Knoxville,Tennessee,USCA - Sud,OFF-AR-10002833,Fournitures de bureau,Art,Newell 322,4.37,3,0.2,0.38
3888,US-2015-100895,6/2/2015,6/6/2015,Tarif normal,SV-20785,Stewart Visinsky,Grand public,États-Unis,Roswell,Géorgie,USCA - Sud,OFF-AR-10004511,Fournitures de bureau,Art,"Sanford Colorific Scented Colored Pencils, 12/Pack",8.56,2,0,2.65
3889,US-2015-100895,6/2/2015,6/6/2015,Tarif normal,SV-20785,Stewart Visinsky,Grand public,États-Unis,Roswell,Géorgie,USCA - Sud,TEC-PH-10001425,Produits technologiques,Téléphones,Mophie Juice Pack Helium for iPhone,239.97,3,0,67.19
3890,US-2015-100895,6/2/2015,6/6/2015,Tarif normal,SV-20785,Stewart Visinsky,Grand public,États-Unis,Roswell,Géorgie,USCA - Sud,OFF-ST-10001490,Fournitures de bureau,Stockage,"Hot File 7-Pocket, Floor Stand",356.94,2,0,107.08
3895,US-2015-112200,11/22/2015,11/28/2015,Tarif normal,TC-21475,Tony Chapman,Bureau à domicile,États-Unis,Bolingbrook,Illinois,USCA - Centre,OFF-BI-10002571,Fournitures de bureau,Classeurs,"Avery Framed View Binder, EZD Ring (Locking), Navy, 1 1/2""",9.98,5,0.8,-16.47
3925,US-2015-103940,9/17/2015,9/21/2015,Tarif normal,BN-11515,Bradley Nguyen,Grand public,États-Unis,Seattle,Washington,USCA - Ouest,OFF-ST-10004963,Fournitures de bureau,Stockage,Eldon Gobal File Keepers,30.28,2,0,1.21
3926,US-2015-103940,9/17/2015,9/21/2015,Tarif normal,BN-11515,Bradley Nguyen,Grand public,États-Unis,Seattle,Washington,USCA - Ouest,OFF-ST-10000943,Fournitures de bureau,Stockage,Eldon ProFile File 'N Store Portable File Tub Letter/Legal Size Black,57.93,3,0,16.22
3927,US-2015-103940,9/17/2015,9/21/2015,Tarif normal,BN-11515,Bradley Nguyen,Grand public,États-Unis,Seattle,Washington,USCA - Ouest,FUR-FU-10004671,Mobilier,Meubles,"Executive Impressions 12"" Wall Clock",35.34,2,0,13.43
3928,US-2015-103940,9/17/2015,9/21/2015,Tarif normal,BN-11515,Bradley Nguyen,Grand public,États-Unis,Seattle,Washington,USCA - Ouest,OFF-BI-10002735,Fournitures de bureau,Classeurs,GBC Prestige Therm-A-Bind Covers,137.24,5,0.2,46.32
3952,US-2015-121167,11/28/2015,11/30/2015,J+2,MO-17500,Mary O'Rourke,Grand public,États-Unis,Freeport,New York,USCA - Est,OFF-BI-10003676,Fournitures de bureau,Classeurs,"GBC Standard Recycled Report Covers, Clear Plastic Sheets",17.25,2,0.2,6.04
3955,US-2015-133228,4/4/2015,4/9/2015,Tarif normal,MS-17710,Maurice Satty,Grand public,États-Unis,Detroit,Michigan,USCA - Centre,FUR-FU-10004020,Mobilier,Meubles,Advantus Panel Wall Acrylic Frame,5.47,1,0,2.35
3956,US-2015-133228,4/4/2015,4/9/2015,Tarif normal,MS-17710,Maurice Satty,Grand public,États-Unis,Detroit,Michigan,USCA - Centre,OFF-AR-10001955,Fournitures de bureau,Art,Newell 319,79.36,4,0,23.81
3966,US-2015-164910,11/12/2015,11/17/2015,J+2,DM-13345,Denise Monton,Entreprise,États-Unis,Asheville,Caroline du Nord,USCA - Sud,OFF-AR-10003651,Fournitures de bureau,Art,Newell 350,7.87,3,0.2,0.89
3971,US-2015-135090,11/22/2015,11/26/2015,Tarif normal,SP-20920,Susan Pistek,Grand public,États-Unis,Los Angeles,Californie,USCA - Ouest,OFF-PA-10002245,Fournitures de bureau,Papier,Xerox 1895,53.82,9,0,24.22
3980,US-2015-114517,12/23/2015,12/27/2015,Tarif normal,TH-21235,Tiffany House,Entreprise,États-Unis,New York City,New York,USCA - Est,FUR-TA-10001676,Mobilier,Tables,Hon 61000 Series Interactive Training Tables,53.32,2,0.4,-19.55
3981,US-2015-114517,12/23/2015,12/27/2015,Tarif normal,TH-21235,Tiffany House,Entreprise,États-Unis,New York City,New York,USCA - Est,OFF-AP-10002350,Fournitures de bureau,Électroménager,Belkin F9H710-06 7 Outlet SurgeMaster Surge Protector,56.52,3,0,15.83
3990,US-2015-122588,11/25/2015,11/27/2015,J+2,AR-10540,Andy Reiter,Grand public,États-Unis,Woonsocket,Rhode Island,USCA - Est,FUR-FU-10001095,Mobilier,Meubles,DAX Black Cherry Wood-Tone Poster Frame,52.96,2,0,20.12
3991,US-2015-137589,11/3/2015,11/8/2015,Tarif normal,MS-17770,Maxwell Schwartz,Grand public,États-Unis,Lancaster,Pennsylvanie,USCA - Est,OFF-SU-10000157,Fournitures de bureau,Fournitures,Compact Automatic Electric Letter Opener,286.34,3,0.2,-64.43
4001,US-2015-116834,10/11/2015,10/16/2015,Tarif normal,Dp-13240,Dean percer,Bureau à domicile,États-Unis,Seattle,Washington,USCA - Ouest,FUR-FU-10001196,Mobilier,Meubles,DAX Cubicle Frames - 8x10,63.47,11,0,19.04
4002,US-2015-116834,10/11/2015,10/16/2015,Tarif normal,Dp-13240,Dean percer,Bureau à domicile,États-Unis,Seattle,Washington,USCA - Ouest,TEC-AC-10002942,Produits technologiques,Accessoires,WD My Passport Ultra 1TB Portable External Hard Drive,345,5,0,58.65
4021,US-2015-154963,6/22/2015,6/27/2015,Tarif normal,AA-10645,Anna Andreadi,Grand public,États-Unis,Chester,Pennsylvanie,USCA - Est,FUR-CH-10004698,Mobilier,Chaises,"Padded Folding Chairs, Black, 4/Carton",170.06,3,0.3,-4.86
4022,US-2015-154963,6/22/2015,6/27/2015,Tarif normal,AA-10645,Anna Andreadi,Grand public,États-Unis,Chester,Pennsylvanie,USCA - Est,TEC-PH-10004093,Produits technologiques,Téléphones,Panasonic Kx-TS550,82.78,3,0.4,-15.18
4023,US-2015-154963,6/22/2015,6/27/2015,Tarif normal,AA-10645,Anna Andreadi,Grand public,États-Unis,Chester,Pennsylvanie,USCA - Est,FUR-CH-10000454,Mobilier,Chaises,"Hon Deluxe Fabric Upholstered Stacking Chairs, Rounded Back",853.93,5,0.3,0
4038,US-2015-110786,12/29/2015,1/2/2016,Tarif normal,AJ-10795,Anthony Johnson,Entreprise,États-Unis,San Francisco,Californie,USCA - Ouest,FUR-FU-10000550,Mobilier,Meubles,Stacking Trays by OIC,24.9,5,0,8.22
4039,US-2015-110786,12/29/2015,1/2/2016,Tarif normal,AJ-10795,Anthony Johnson,Entreprise,États-Unis,San Francisco,Californie,USCA - Ouest,OFF-PA-10000528,Fournitures de bureau,Papier,Xerox 1981,21.12,4,0,9.5
4040,US-2015-110786,12/29/2015,1/2/2016,Tarif normal,AJ-10795,Anthony Johnson,Entreprise,États-Unis,San Francisco,Californie,USCA - Ouest,TEC-MA-10003183,Produits technologiques,Machines,DYMO CardScan Personal V9 Business Card Scanner,767.95,6,0.2,287.98
4041,US-2015-110786,12/29/2015,1/2/2016,Tarif normal,AJ-10795,Anthony Johnson,Entreprise,États-Unis,San Francisco,Californie,USCA - Ouest,OFF-BI-10003305,Fournitures de bureau,Classeurs,Avery Hanging File Binders,14.35,3,0.2,4.66
4042,US-2015-110786,12/29/2015,1/2/2016,Tarif normal,AJ-10795,Anthony Johnson,Entreprise,États-Unis,San Francisco,Californie,USCA - Ouest,TEC-PH-10001425,Produits technologiques,Téléphones,Mophie Juice Pack Helium for iPhone,191.98,3,0.2,19.2
4043,US-2015-110786,12/29/2015,1/2/2016,Tarif normal,AJ-10795,Anthony Johnson,Entreprise,États-Unis,San Francisco,Californie,USCA - Ouest,OFF-LA-10001474,Fournitures de bureau,Étiquettes,Avery 477,274.77,9,0,126.39
4044,US-2015-110786,12/29/2015,1/2/2016,Tarif normal,AJ-10795,Anthony Johnson,Entreprise,États-Unis,San Francisco,Californie,USCA - Ouest,FUR-FU-10000672,Mobilier,Meubles,"Executive Impressions 10"" Spectator Wall Clock",70.56,6,0,23.99
4052,US-2015-122931,9/29/2015,10/3/2015,Tarif normal,SM-20950,Suzanne McNair,Entreprise,États-Unis,Philadelphia,Pennsylvanie,USCA - Est,OFF-AR-10003469,Fournitures de bureau,Art,Nontoxic Chalk,4.22,3,0.2,1.48
4053,US-2015-122931,9/29/2015,10/3/2015,Tarif normal,SM-20950,Suzanne McNair,Entreprise,États-Unis,Philadelphia,Pennsylvanie,USCA - Est,FUR-TA-10004175,Mobilier,Tables,"Hon 30"" x 60"" Table with Locking Drawer",409.27,2,0.4,-81.85
4054,US-2015-122931,9/29/2015,10/3/2015,Tarif normal,SM-20950,Suzanne McNair,Entreprise,États-Unis,Philadelphia,Pennsylvanie,USCA - Est,OFF-LA-10002945,Fournitures de bureau,Étiquettes,"Permanent Self-Adhesive File Folder Labels for Typewriters, 1 1/8 x 3 1/2, White",55.44,11,0.2,18.02
4055,US-2015-122931,9/29/2015,10/3/2015,Tarif normal,SM-20950,Suzanne McNair,Entreprise,États-Unis,Philadelphia,Pennsylvanie,USCA - Est,OFF-PA-10000533,Fournitures de bureau,Papier,Southworth Parchment Paper & Envelopes,20.93,4,0.2,6.8
4056,US-2015-122931,9/29/2015,10/3/2015,Tarif normal,SM-20950,Suzanne McNair,Entreprise,États-Unis,Philadelphia,Pennsylvanie,USCA - Est,OFF-ST-10004459,Fournitures de bureau,Stockage,Tennsco Single-Tier Lockers,1801.63,6,0.2,-337.81
4057,US-2015-122931,9/29/2015,10/3/2015,Tarif normal,SM-20950,Suzanne McNair,Entreprise,États-Unis,Philadelphia,Pennsylvanie,USCA - Est,FUR-TA-10004147,Mobilier,Tables,Hon 4060 Series Tables,67.18,1,0.4,-20.15
4058,US-2015-163034,11/24/2015,11/28/2015,Tarif normal,DK-12985,Darren Koutras,Grand public,États-Unis,Chicago,Illinois,USCA - Centre,OFF-ST-10000046,Fournitures de bureau,Stockage,Fellowes Super Stor/Drawer Files,646.2,5,0.2,-8.08
4064,US-2015-130358,6/23/2015,6/26/2015,Prioritaire,DL-13330,Denise Leinenbach,Grand public,États-Unis,Concord,Caroline du Nord,USCA - Sud,OFF-AR-10002766,Fournitures de bureau,Art,Prang Drawing Pencil Set,20.02,9,0.2,1.75
4065,US-2015-130358,6/23/2015,6/26/2015,Prioritaire,DL-13330,Denise Leinenbach,Grand public,États-Unis,Concord,Caroline du Nord,USCA - Sud,OFF-SU-10002522,Fournitures de bureau,Fournitures,Acme Kleen Earth Office Shears,3.1,1,0.2,0.35
4066,US-2015-102673,11/1/2015,11/5/2015,Tarif normal,KH-16630,Ken Heidel,Entreprise,États-Unis,Charlotte,Caroline du Nord,USCA - Sud,OFF-FA-10003021,Fournitures de bureau,Éléments de fixation,Staples,7.52,5,0.2,1.41
4067,US-2015-102673,11/1/2015,11/5/2015,Tarif normal,KH-16630,Ken Heidel,Entreprise,États-Unis,Charlotte,Caroline du Nord,USCA - Sud,OFF-AR-10000634,Fournitures de bureau,Art,Newell 320,10.27,3,0.2,0.9
4068,US-2015-102673,11/1/2015,11/5/2015,Tarif normal,KH-16630,Ken Heidel,Entreprise,États-Unis,Charlotte,Caroline du Nord,USCA - Sud,OFF-LA-10001771,Fournitures de bureau,Étiquettes,Avery 513,47.81,12,0.2,15.54
4069,US-2015-102673,11/1/2015,11/5/2015,Tarif normal,KH-16630,Ken Heidel,Entreprise,États-Unis,Charlotte,Caroline du Nord,USCA - Sud,TEC-PH-10004434,Produits technologiques,Téléphones,Cisco IP Phone 7961G VoIP phone - Dark gray,978.84,9,0.2,110.12
4089,US-2015-156559,8/19/2015,8/26/2015,Tarif normal,LH-16900,Lena Hernandez,Grand public,États-Unis,Jonesboro,Arkansas,USCA - Sud,FUR-BO-10000711,Mobilier,Bibliothèques,"Hon Metal Bookcases, Gray",638.82,9,0,172.48
4097,US-2015-116904,9/23/2015,9/28/2015,Tarif normal,SC-20095,Sanjit Chand,Grand public,États-Unis,Minneapolis,Minnesota,USCA - Centre,OFF-PA-10004888,Fournitures de bureau,Papier,Xerox 217,32.4,5,0,15.55
4098,US-2015-116904,9/23/2015,9/28/2015,Tarif normal,SC-20095,Sanjit Chand,Grand public,États-Unis,Minneapolis,Minnesota,USCA - Centre,OFF-ST-10000736,Fournitures de bureau,Stockage,Carina Double Wide Media Storage Towers in Natural & Black,404.9,5,0,16.2
4099,US-2015-116904,9/23/2015,9/28/2015,Tarif normal,SC-20095,Sanjit Chand,Grand public,États-Unis,Minneapolis,Minnesota,USCA - Centre,OFF-BI-10001120,Fournitures de bureau,Classeurs,Ibico EPK-21 Electric Binding System,9449.95,5,0,4630.48
4100,US-2015-116904,9/23/2015,9/28/2015,Tarif normal,SC-20095,Sanjit Chand,Grand public,États-Unis,Minneapolis,Minnesota,USCA - Centre,OFF-BI-10000301,Fournitures de bureau,Classeurs,GBC Instant Report Kit,12.94,2,0,6.47
4125,US-2015-127523,5/11/2015,5/18/2015,Tarif normal,BG-11695,Brooke Gillingham,Entreprise,États-Unis,Watertown,New York,USCA - Est,OFF-AP-10004249,Fournitures de bureau,Électroménager,Staple holder,35.91,3,0,9.7
4128,US-2015-127299,9/19/2015,9/24/2015,Tarif normal,JL-15835,John Lee,Grand public,États-Unis,Charlotte,Caroline du Nord,USCA - Sud,OFF-ST-10003722,Fournitures de bureau,Stockage,Project Tote Personal File,67.34,6,0.2,7.58
4129,US-2015-127299,9/19/2015,9/24/2015,Tarif normal,JL-15835,John Lee,Grand public,États-Unis,Charlotte,Caroline du Nord,USCA - Sud,TEC-MA-10001127,Produits technologiques,Machines,"HP Designjet T520 Inkjet Large Format Printer - 24"" Color",2624.99,3,0.5,-944.99
4131,US-2015-115336,11/18/2015,11/25/2015,Tarif normal,AB-10600,Ann Blume,Entreprise,États-Unis,Chicago,Illinois,USCA - Centre,OFF-BI-10001107,Fournitures de bureau,Classeurs,"GBC White Gloss Covers, Plain Front",14.48,5,0.8,-23.89
4134,US-2015-128839,9/8/2015,9/13/2015,Tarif normal,TT-21070,Ted Trevino,Grand public,États-Unis,Chesapeake,Virginie,USCA - Sud,OFF-FA-10002280,Fournitures de bureau,Éléments de fixation,Advantus Plastic Paper Clips,45,9,0,21.6
4135,US-2015-128839,9/8/2015,9/13/2015,Tarif normal,TT-21070,Ted Trevino,Grand public,États-Unis,Chesapeake,Virginie,USCA - Sud,TEC-MA-10000029,Produits technologiques,Machines,"Epson WorkForce WF-2530 All-in-One Printer, Copier Scanner",209.97,3,0,90.29
4143,US-2015-107699,5/19/2015,5/23/2015,Tarif normal,JH-15820,John Huston,Grand public,États-Unis,Midland,Michigan,USCA - Centre,OFF-BI-10001249,Fournitures de bureau,Classeurs,Avery Heavy-Duty EZD View Binder with Locking Rings,57.42,9,0,26.41
4159,US-2015-126907,11/1/2015,11/8/2015,Tarif normal,SM-20950,Suzanne McNair,Entreprise,États-Unis,Chicago,Illinois,USCA - Centre,OFF-PA-10000533,Fournitures de bureau,Papier,Southworth Parchment Paper & Envelopes,15.7,3,0.2,5.1
4168,US-2015-157924,10/11/2015,10/13/2015,Prioritaire,HA-14920,Helen Andreada,Grand public,États-Unis,Pasadena,Californie,USCA - Ouest,OFF-ST-10002352,Fournitures de bureau,Stockage,Iris Project Case,31.92,4,0,8.3
4169,US-2015-157924,10/11/2015,10/13/2015,Prioritaire,HA-14920,Helen Andreada,Grand public,États-Unis,Pasadena,Californie,USCA - Ouest,FUR-CH-10000229,Mobilier,Chaises,Global Enterprise Series Seating High-Back Swivel/Tilt Chairs,433.57,2,0.2,-65.04
4177,US-2015-128846,4/7/2015,4/12/2015,Tarif normal,RS-19765,Roland Schwarz,Entreprise,États-Unis,Columbia,Caroline du Sud,USCA - Sud,TEC-PH-10003273,Produits technologiques,Téléphones,AT&T TR1909W,629.95,5,0,163.79
4178,US-2015-128846,4/7/2015,4/12/2015,Tarif normal,RS-19765,Roland Schwarz,Entreprise,États-Unis,Columbia,Caroline du Sud,USCA - Sud,OFF-PA-10000100,Fournitures de bureau,Papier,Xerox 1945,122.97,3,0,60.26
4204,US-2015-145387,10/31/2015,11/2/2015,J+2,AM-10705,Anne McFarland,Grand public,États-Unis,Cranston,Rhode Island,USCA - Est,OFF-AR-10001683,Fournitures de bureau,Art,Lumber Crayons,49.25,5,0,18.72
4205,US-2015-145387,10/31/2015,11/2/2015,J+2,AM-10705,Anne McFarland,Grand public,États-Unis,Cranston,Rhode Island,USCA - Est,OFF-PA-10002195,Fournitures de bureau,Papier,"RSVP Cards & Envelopes, Blank White, 8-1/2"" X 11"", 24 Cards/25 Envelopes/Set",10.16,2,0,4.78
4206,US-2015-145387,10/31/2015,11/2/2015,J+2,AM-10705,Anne McFarland,Grand public,États-Unis,Cranston,Rhode Island,USCA - Est,FUR-FU-10002364,Mobilier,Meubles,"Eldon Expressions Wood Desk Accessories, Oak",14.76,2,0,4.28
4207,US-2015-145387,10/31/2015,11/2/2015,J+2,AM-10705,Anne McFarland,Grand public,États-Unis,Cranston,Rhode Island,USCA - Est,OFF-BI-10004001,Fournitures de bureau,Classeurs,GBC Recycled VeloBinder Covers,34.08,2,0,15.68
4208,US-2015-145387,10/31/2015,11/2/2015,J+2,AM-10705,Anne McFarland,Grand public,États-Unis,Cranston,Rhode Island,USCA - Est,FUR-FU-10000023,Mobilier,Meubles,Eldon Wave Desk Accessories,17.67,3,0,7.77
4209,US-2015-145387,10/31/2015,11/2/2015,J+2,AM-10705,Anne McFarland,Grand public,États-Unis,Cranston,Rhode Island,USCA - Est,FUR-CH-10002320,Mobilier,Chaises,Hon Pagoda Stacking Chairs,1604.9,5,0,481.47
4210,US-2015-145387,10/31/2015,11/2/2015,J+2,AM-10705,Anne McFarland,Grand public,États-Unis,Cranston,Rhode Island,USCA - Est,FUR-TA-10003238,Mobilier,Tables,"Chromcraft Bull-Nose Wood 48"" x 96"" Rectangular Conference Tables",385.69,1,0.3,-60.61
4212,US-2015-166457,5/5/2015,5/9/2015,J+2,PF-19120,Peter Fuller,Grand public,États-Unis,Richmond,Kentucky,USCA - Sud,OFF-PA-10003016,Fournitures de bureau,Papier,"Adams ""While You Were Out"" Message Pads",9.42,3,0,4.24
4213,US-2015-166457,5/5/2015,5/9/2015,J+2,PF-19120,Peter Fuller,Grand public,États-Unis,Richmond,Kentucky,USCA - Sud,OFF-AR-10003651,Fournitures de bureau,Art,Newell 350,6.56,2,0,1.9
4214,US-2015-166457,5/5/2015,5/9/2015,J+2,PF-19120,Peter Fuller,Grand public,États-Unis,Richmond,Kentucky,USCA - Sud,OFF-PA-10001363,Fournitures de bureau,Papier,Xerox 1933,24.56,2,0,11.54
4216,US-2015-103590,11/30/2015,12/4/2015,Tarif normal,JL-15505,Jeremy Lonsdale,Grand public,États-Unis,Mount Vernon,New York,USCA - Est,OFF-EN-10004007,Fournitures de bureau,Enveloppes,Park Ridge Embossed Executive Business Envelopes,62.28,4,0,29.27
4226,US-2015-102631,12/13/2015,12/17/2015,Tarif normal,EB-13840,Ellis Ballard,Entreprise,États-Unis,Chicago,Illinois,USCA - Centre,FUR-FU-10003930,Mobilier,Meubles,Howard Miller 12-3/4 Diameter Accuwave DS  Wall Clock,94.43,3,0.6,-42.49
4235,US-2015-168823,9/21/2015,9/24/2015,Prioritaire,MA-17560,Matt Abelman,Bureau à domicile,États-Unis,Philadelphia,Pennsylvanie,USCA - Est,OFF-PA-10004000,Fournitures de bureau,Papier,"While You Were Out Pads, 50 per Pad, 4 x 5 1/4, Green Cycle",11.35,3,0.2,4.12
4236,US-2015-168823,9/21/2015,9/24/2015,Prioritaire,MA-17560,Matt Abelman,Bureau à domicile,États-Unis,Philadelphia,Pennsylvanie,USCA - Est,OFF-LA-10004425,Fournitures de bureau,Étiquettes,Staple-on labels,20.81,9,0.2,7.02
4241,US-2015-133704,9/20/2015,9/26/2015,Tarif normal,MA-17995,Michelle Arnett,Bureau à domicile,États-Unis,Los Angeles,Californie,USCA - Ouest,OFF-AP-10001366,Fournitures de bureau,Électroménager,Staple holder,43.92,4,0,11.86
4242,US-2015-133704,9/20/2015,9/26/2015,Tarif normal,MA-17995,Michelle Arnett,Bureau à domicile,États-Unis,Los Angeles,Californie,USCA - Ouest,OFF-BI-10001636,Fournitures de bureau,Classeurs,Ibico Plastic and Wire Spiral Binding Combs,20.23,3,0.2,6.58
4245,US-2015-138436,3/26/2015,3/30/2015,Tarif normal,JD-15895,Jonathan Doherty,Entreprise,États-Unis,Los Angeles,Californie,USCA - Ouest,TEC-AC-10002323,Produits technologiques,Accessoires,SanDisk Ultra 32 GB MicroSDHC Class 10 Memory Card,66.3,3,0,8.62
4251,US-2015-168130,9/19/2015,9/19/2015,Le même jour,BS-11365,Bill Shonely,Entreprise,États-Unis,New York City,New York,USCA - Est,FUR-CH-10000988,Mobilier,Chaises,Hon Olson Stacker Stools,887.1,7,0.1,177.42
4281,US-2015-166989,11/14/2015,11/18/2015,Tarif normal,RM-19675,Robert Marley,Bureau à domicile,États-Unis,New York City,New York,USCA - Est,OFF-PA-10004470,Fournitures de bureau,Papier,"Adams Write n' Stick Phone Message Book, 11"" X 5 1/4"", 200 Messages",11.36,2,0,5.23
4282,US-2015-166989,11/14/2015,11/18/2015,Tarif normal,RM-19675,Robert Marley,Bureau à domicile,États-Unis,New York City,New York,USCA - Est,FUR-CH-10001797,Mobilier,Chaises,"Safco Chair Connectors, 6/Carton",69.26,2,0.1,14.62
4283,US-2015-103100,12/20/2015,12/23/2015,Prioritaire,AB-10105,Adrian Barton,Grand public,États-Unis,Indianapolis,Indiana,USCA - Centre,OFF-LA-10003720,Fournitures de bureau,Étiquettes,Avery 487,3.69,1,0,1.73
4284,US-2015-103100,12/20/2015,12/23/2015,Prioritaire,AB-10105,Adrian Barton,Grand public,États-Unis,Indianapolis,Indiana,USCA - Centre,OFF-BI-10004600,Fournitures de bureau,Classeurs,Ibico Ibimaster 300 Manual Binding System,1103.97,3,0,496.79
4303,US-2015-123253,8/22/2015,8/25/2015,J+2,DE-13255,Deanra Eno,Bureau à domicile,États-Unis,Lakewood,Ohio,USCA - Est,OFF-AR-10002804,Fournitures de bureau,Art,Faber Castell Col-Erase Pencils,3.91,1,0.2,1.03
4305,US-2015-162278,10/26/2015,10/30/2015,J+2,AH-10585,Angele Hood,Grand public,États-Unis,Seattle,Washington,USCA - Ouest,FUR-FU-10000448,Mobilier,Meubles,Tenex Chairmats For Use With Carpeted Floors,63.92,4,0,3.2
4306,US-2015-162278,10/26/2015,10/30/2015,J+2,AH-10585,Angele Hood,Grand public,États-Unis,Seattle,Washington,USCA - Ouest,TEC-PH-10000526,Produits technologiques,Téléphones,Vtech CS6719,383.96,5,0.2,38.4
4309,US-2015-125829,11/4/2015,11/11/2015,Tarif normal,WB-21850,William Brown,Grand public,États-Unis,Los Angeles,Californie,USCA - Ouest,TEC-PH-10001079,Produits technologiques,Téléphones,Polycom SoundPoint Pro SE-225 Corded phone,666.34,7,0.2,66.63
4310,US-2015-125829,11/4/2015,11/11/2015,Tarif normal,WB-21850,William Brown,Grand public,États-Unis,Los Angeles,Californie,USCA - Ouest,FUR-TA-10002041,Mobilier,Tables,"Bevis Round Conference Table Top, X-Base",573.73,4,0.2,-64.54
4311,US-2015-125829,11/4/2015,11/11/2015,Tarif normal,WB-21850,William Brown,Grand public,États-Unis,Los Angeles,Californie,USCA - Ouest,OFF-BI-10001036,Fournitures de bureau,Classeurs,Cardinal EasyOpen D-Ring Binders,21.94,3,0.2,8.23
4312,US-2015-125829,11/4/2015,11/11/2015,Tarif normal,WB-21850,William Brown,Grand public,États-Unis,Los Angeles,Californie,USCA - Ouest,OFF-PA-10000223,Fournitures de bureau,Papier,Xerox 2000,19.44,3,0,9.33
4313,US-2015-125829,11/4/2015,11/11/2015,Tarif normal,WB-21850,William Brown,Grand public,États-Unis,Los Angeles,Californie,USCA - Ouest,TEC-MA-10003246,Produits technologiques,Machines,Hewlett-Packard Deskjet D4360 Printer,447.97,4,0.2,139.99
4314,US-2015-123127,9/8/2015,9/12/2015,Tarif normal,SP-20620,Stefania Perrino,Entreprise,États-Unis,Long Beach,New York,USCA - Est,OFF-AP-10001962,Fournitures de bureau,Électroménager,Black & Decker Filter for Double Action Dustbuster Cordless Vac BLDV7210,16.78,2,0,4.2
4320,US-2015-152345,12/29/2015,1/3/2016,J+2,ST-20530,Shui Tom,Grand public,États-Unis,Albuquerque,Nouveau-Mexique,USCA - Ouest,TEC-PH-10004897,Produits technologiques,Téléphones,Mediabridge Sport Armband iPhone 5s,23.98,3,0.2,-5.69
4321,US-2015-152345,12/29/2015,1/3/2016,J+2,ST-20530,Shui Tom,Grand public,États-Unis,Albuquerque,Nouveau-Mexique,USCA - Ouest,OFF-ST-10003123,Fournitures de bureau,Stockage,Fellowes Bases and Tops For Staxonsteel/High-Stak Systems,33.29,1,0,7.99
4341,US-2015-129609,3/22/2015,3/22/2015,Le même jour,VM-21835,Vivian Mathis,Grand public,États-Unis,Portage,Indiana,USCA - Centre,OFF-AR-10003478,Fournitures de bureau,Art,"Avery Hi-Liter EverBold Pen Style Fluorescent Highlighters, 4/Pack",16.28,2,0,6.51
4376,US-2015-166954,4/25/2015,4/30/2015,Tarif normal,BT-11305,Beth Thompson,Bureau à domicile,États-Unis,San Gabriel,Californie,USCA - Ouest,FUR-FU-10003708,Mobilier,Meubles,"Tenex Traditional Chairmats for Medium Pile Carpet, Standard Lip, 36"" x 48""",303.25,5,0,63.68
4377,US-2015-166954,4/25/2015,4/30/2015,Tarif normal,BT-11305,Beth Thompson,Bureau à domicile,États-Unis,San Gabriel,Californie,USCA - Ouest,OFF-AP-10001391,Fournitures de bureau,Électroménager,Kensington 6 Outlet MasterPiece HOMEOFFICE Power Control Center,270.72,3,0,78.51
4378,US-2015-166954,4/25/2015,4/30/2015,Tarif normal,BT-11305,Beth Thompson,Bureau à domicile,États-Unis,San Gabriel,Californie,USCA - Ouest,FUR-CH-10003973,Mobilier,Chaises,GuestStacker Chair with Chrome Finish Legs,1487.04,5,0.2,148.7
4395,US-2015-142965,7/20/2015,7/20/2015,Le même jour,SW-20245,Scot Wooten,Grand public,États-Unis,Springfield,Ohio,USCA - Est,OFF-ST-10002583,Fournitures de bureau,Stockage,Fellowes Neat Ideas Storage Cubes,25.98,1,0.2,-5.2
4396,US-2015-142965,7/20/2015,7/20/2015,Le même jour,SW-20245,Scot Wooten,Grand public,États-Unis,Springfield,Ohio,USCA - Est,OFF-BI-10000977,Fournitures de bureau,Classeurs,Ibico Plastic Spiral Binding Combs,27.36,3,0.7,-21.89
4398,US-2015-138758,7/7/2015,7/11/2015,Tarif normal,JL-15835,John Lee,Grand public,États-Unis,Philadelphia,Pennsylvanie,USCA - Est,FUR-CH-10002880,Mobilier,Chaises,"Global High-Back Leather Tilter, Burgundy",172.19,2,0.3,-46.74
4399,US-2015-138758,7/7/2015,7/11/2015,Tarif normal,JL-15835,John Lee,Grand public,États-Unis,Philadelphia,Pennsylvanie,USCA - Est,FUR-FU-10003039,Mobilier,Meubles,"Howard Miller 11-1/2"" Diameter Grantwood Wall Clock",69.01,2,0.2,12.08
4404,US-2015-127936,9/2/2015,9/4/2015,Prioritaire,CL-12565,Clay Ludtke,Grand public,États-Unis,New York City,New York,USCA - Est,OFF-AR-10002445,Fournitures de bureau,Art,SANFORD Major Accent Highlighters,21.24,3,0,8.07
4410,US-2015-154879,5/6/2015,5/11/2015,Tarif normal,SN-20710,Steve Nguyen,Bureau à domicile,États-Unis,Los Angeles,Californie,USCA - Ouest,OFF-LA-10004425,Fournitures de bureau,Étiquettes,Staple-on labels,5.78,2,0,2.72
4411,US-2015-154879,5/6/2015,5/11/2015,Tarif normal,SN-20710,Steve Nguyen,Bureau à domicile,États-Unis,Los Angeles,Californie,USCA - Ouest,OFF-AR-10001897,Fournitures de bureau,Art,Model L Table or Wall-Mount Pencil Sharpener,107.94,6,0,30.22
4412,US-2015-130624,6/21/2015,6/24/2015,Prioritaire,TB-21280,Toby Braunhardt,Grand public,États-Unis,New York City,New York,USCA - Est,OFF-PA-10003883,Fournitures de bureau,Papier,"Message Book, Phone, Wirebound Standard Line Memo, 2 3/4"" X 5""",19.65,3,0,9.04
4413,US-2015-130624,6/21/2015,6/24/2015,Prioritaire,TB-21280,Toby Braunhardt,Grand public,États-Unis,New York City,New York,USCA - Est,TEC-PH-10003963,Produits technologiques,Téléphones,GE 2-Jack Phone Line Splitter,617.97,3,0,160.67
4414,US-2015-130624,6/21/2015,6/24/2015,Prioritaire,TB-21280,Toby Braunhardt,Grand public,États-Unis,New York City,New York,USCA - Est,OFF-AP-10001303,Fournitures de bureau,Électroménager,"Holmes Cool Mist Humidifier for the Whole House with 8-Gallon Output per Day, Extended Life Filter",59.7,3,0,26.87
4416,US-2015-153983,11/29/2015,12/6/2015,Tarif normal,AH-10210,Alan Hwang,Grand public,États-Unis,San Francisco,Californie,USCA - Ouest,TEC-PH-10004586,Produits technologiques,Téléphones,Wilson SignalBoost 841262 DB PRO Amplifier Kit,575.92,2,0.2,71.99
4417,US-2015-153983,11/29/2015,12/6/2015,Tarif normal,AH-10210,Alan Hwang,Grand public,États-Unis,San Francisco,Californie,USCA - Ouest,OFF-FA-10003495,Fournitures de bureau,Éléments de fixation,Staples,30.4,5,0,15.2
4419,US-2015-160157,12/20/2015,12/27/2015,Tarif normal,MH-17455,Mark Hamilton,Grand public,États-Unis,Hamilton,Ohio,USCA - Est,FUR-FU-10003773,Mobilier,Meubles,Eldon Cleatmat Plus Chair Mats for High Pile Carpets,190.85,3,0.2,-21.47
4420,US-2015-139633,12/17/2015,12/24/2015,Tarif normal,EC-14050,Erin Creighton,Grand public,États-Unis,Columbus,Ohio,USCA - Est,OFF-BI-10002954,Fournitures de bureau,Classeurs,Newell 3-Hole Punched Plastic Slotted Magazine Holders for Binders,5.48,4,0.7,-4.02
4422,US-2015-117016,3/4/2015,3/9/2015,Tarif normal,SC-20095,Sanjit Chand,Grand public,États-Unis,Margate,Floride,USCA - Sud,OFF-AR-10001374,Fournitures de bureau,Art,"BIC Brite Liner Highlighters, Chisel Tip",15.55,3,0.2,2.33
4445,US-2015-147704,11/16/2015,11/21/2015,Tarif normal,SR-20740,Steven Roelle,Bureau à domicile,États-Unis,Bloomington,Indiana,USCA - Centre,OFF-EN-10004483,Fournitures de bureau,Enveloppes,"#10 White Business Envelopes,4 1/8 x 9 1/2",78.35,5,0,36.82
4446,US-2015-147704,11/16/2015,11/21/2015,Tarif normal,SR-20740,Steven Roelle,Bureau à domicile,États-Unis,Bloomington,Indiana,USCA - Centre,OFF-PA-10003270,Fournitures de bureau,Papier,Xerox 1954,31.68,6,0,14.26
4447,US-2015-147704,11/16/2015,11/21/2015,Tarif normal,SR-20740,Steven Roelle,Bureau à domicile,États-Unis,Bloomington,Indiana,USCA - Centre,OFF-BI-10001634,Fournitures de bureau,Classeurs,Wilson Jones Active Use Binders,29.12,4,0,14.27
4448,US-2015-147704,11/16/2015,11/21/2015,Tarif normal,SR-20740,Steven Roelle,Bureau à domicile,États-Unis,Bloomington,Indiana,USCA - Centre,OFF-ST-10000675,Fournitures de bureau,Stockage,"File Shuttle II and Handi-File, Black",169.45,5,0,42.36
4480,US-2015-147235,3/24/2015,3/28/2015,Tarif normal,CD-11920,Carlos Daly,Grand public,États-Unis,New York City,New York,USCA - Est,OFF-PA-10004948,Fournitures de bureau,Papier,Xerox 190,24.9,5,0,11.7
4492,US-2015-150798,12/1/2015,12/3/2015,J+2,JK-15730,Joe Kamberova,Grand public,États-Unis,Columbus,Ohio,USCA - Est,TEC-CO-10001571,Produits technologiques,Photocopieurs,Sharp 1540cs Digital Laser Copier,659.99,2,0.4,110
4493,US-2015-150798,12/1/2015,12/3/2015,J+2,JK-15730,Joe Kamberova,Grand public,États-Unis,Columbus,Ohio,USCA - Est,FUR-FU-10000221,Mobilier,Meubles,"Master Caster Door Stop, Brown",8.13,2,0.2,1.42
4494,US-2015-150798,12/1/2015,12/3/2015,J+2,JK-15730,Joe Kamberova,Grand public,États-Unis,Columbus,Ohio,USCA - Est,OFF-PA-10001972,Fournitures de bureau,Papier,Xerox 214,36.29,7,0.2,12.7
4495,US-2015-150798,12/1/2015,12/3/2015,J+2,JK-15730,Joe Kamberova,Grand public,États-Unis,Columbus,Ohio,USCA - Est,FUR-CH-10000015,Mobilier,Chaises,Hon Multipurpose Stacking Arm Chairs,909.72,6,0.3,-51.98
4499,US-2015-103401,11/21/2015,11/26/2015,Tarif normal,GR-14560,Georgia Rosenberg,Entreprise,États-Unis,San Francisco,Californie,USCA - Ouest,OFF-PA-10003309,Fournitures de bureau,Papier,Xerox 211,12.96,2,0,6.22
4502,US-2015-116757,6/30/2015,7/4/2015,Tarif normal,MS-17980,Michael Stewart,Entreprise,États-Unis,Houston,Texas,USCA - Centre,OFF-PA-10002005,Fournitures de bureau,Papier,Xerox 225,25.92,5,0.2,9.07
4503,US-2015-116757,6/30/2015,7/4/2015,Tarif normal,MS-17980,Michael Stewart,Entreprise,États-Unis,Houston,Texas,USCA - Centre,OFF-FA-10002815,Fournitures de bureau,Éléments de fixation,Staples,21.31,6,0.2,7.19
4504,US-2015-138247,12/24/2015,12/29/2015,Tarif normal,BF-11170,Ben Ferrer,Bureau à domicile,États-Unis,Los Angeles,Californie,USCA - Ouest,TEC-PH-10000213,Produits technologiques,Téléphones,Seidio BD2-HK3IPH5-BK DILEX Case and Holster Combo for Apple iPhone 5/5s - Black,173.66,7,0.2,17.37
4505,US-2015-138247,12/24/2015,12/29/2015,Tarif normal,BF-11170,Ben Ferrer,Bureau à domicile,États-Unis,Los Angeles,Californie,USCA - Ouest,OFF-AP-10000828,Fournitures de bureau,Électroménager,Avanti 4.4 Cu. Ft. Refrigerator,361.96,2,0,101.35
4506,US-2015-138247,12/24/2015,12/29/2015,Tarif normal,BF-11170,Ben Ferrer,Bureau à domicile,États-Unis,Los Angeles,Californie,USCA - Ouest,TEC-AC-10004708,Produits technologiques,Accessoires,Sony 32GB Class 10 Micro SDHC R40 Memory Card,62.85,3,0,13.2
4507,US-2015-138247,12/24/2015,12/29/2015,Tarif normal,BF-11170,Ben Ferrer,Bureau à domicile,États-Unis,Los Angeles,Californie,USCA - Ouest,TEC-PH-10001530,Produits technologiques,Téléphones,Cisco Unified IP Phone 7945G VoIP phone,818.38,3,0.2,51.15
4508,US-2015-138247,12/24/2015,12/29/2015,Tarif normal,BF-11170,Ben Ferrer,Bureau à domicile,États-Unis,Los Angeles,Californie,USCA - Ouest,OFF-ST-10002301,Fournitures de bureau,Stockage,Tennsco Commercial Shelving,20.34,1,0,0.2
4509,US-2015-138247,12/24/2015,12/29/2015,Tarif normal,BF-11170,Ben Ferrer,Bureau à domicile,États-Unis,Los Angeles,Californie,USCA - Ouest,FUR-FU-10002554,Mobilier,Meubles,"Westinghouse Floor Lamp with Metal Mesh Shade, Black",23.99,1,0,5.52
4521,US-2015-109491,2/20/2015,2/26/2015,Tarif normal,LC-16930,Linda Cazamias,Entreprise,États-Unis,Richmond,Indiana,USCA - Centre,TEC-AC-10001284,Produits technologiques,Accessoires,Enermax Briskie RF Wireless Keyboard and Mouse Combo,62.31,3,0,22.43
4522,US-2015-109491,2/20/2015,2/26/2015,Tarif normal,LC-16930,Linda Cazamias,Entreprise,États-Unis,Richmond,Indiana,USCA - Centre,FUR-FU-10000221,Mobilier,Meubles,"Master Caster Door Stop, Brown",20.32,4,0,6.91
4524,US-2015-107454,11/2/2015,11/6/2015,Tarif normal,RD-19720,Roger Demir,Grand public,États-Unis,New York City,New York,USCA - Est,OFF-LA-10001569,Fournitures de bureau,Étiquettes,Avery 499,34.86,7,0,16.04
4525,US-2015-107454,11/2/2015,11/6/2015,Tarif normal,RD-19720,Roger Demir,Grand public,États-Unis,New York City,New York,USCA - Est,FUR-FU-10004018,Mobilier,Meubles,Tensor Computer Mounted Lamp,89.34,6,0,24.12
4533,US-2015-140403,10/10/2015,10/10/2015,Le même jour,TN-21040,Tanja Norvell,Bureau à domicile,États-Unis,Manteca,Californie,USCA - Ouest,FUR-CH-10002774,Mobilier,Chaises,"Global Deluxe Stacking Chair, Gray",122.35,3,0.2,13.76
4534,US-2015-140403,10/10/2015,10/10/2015,Le même jour,TN-21040,Tanja Norvell,Bureau à domicile,États-Unis,Manteca,Californie,USCA - Ouest,OFF-EN-10001219,Fournitures de bureau,Enveloppes,"#10- 4 1/8"" x 9 1/2"" Security-Tint Envelopes",15.28,2,0,7.49
4552,US-2015-165862,7/13/2015,7/17/2015,Tarif normal,GK-14620,Grace Kelly,Entreprise,États-Unis,Los Angeles,Californie,USCA - Ouest,FUR-TA-10002855,Mobilier,Tables,Bevis Round Conference Table Top & Single Column Base,351.22,3,0.2,4.39
4553,US-2015-106334,12/27/2015,1/2/2016,Tarif normal,JF-15490,Jeremy Farry,Grand public,États-Unis,San Francisco,Californie,USCA - Ouest,FUR-CH-10004886,Mobilier,Chaises,Bevis Steel Folding Chairs,230.28,3,0.2,23.03
4554,US-2015-106334,12/27/2015,1/2/2016,Tarif normal,JF-15490,Jeremy Farry,Grand public,États-Unis,San Francisco,Californie,USCA - Ouest,OFF-PA-10003657,Fournitures de bureau,Papier,Xerox 1927,12.84,3,0,5.78
4559,US-2015-127383,12/31/2015,1/5/2016,Tarif normal,CM-11815,Candace McMahon,Entreprise,États-Unis,El Paso,Texas,USCA - Centre,OFF-EN-10004773,Fournitures de bureau,Enveloppes,Staple envelope,49.57,2,0.2,17.97
4560,US-2015-110219,5/5/2015,5/8/2015,Prioritaire,EB-13870,Emily Burns,Grand public,États-Unis,San Antonio,Texas,USCA - Centre,FUR-CH-10001146,Mobilier,Chaises,"Global Value Mid-Back Manager's Chair, Gray",127.87,3,0.3,-9.13
4565,US-2015-101175,12/9/2015,12/14/2015,Tarif normal,DM-12955,Dario Medina,Entreprise,États-Unis,Mesa,Arizona,USCA - Ouest,OFF-ST-10004950,Fournitures de bureau,Stockage,Acco Perma 3000 Stacking Storage Drawers,100.7,6,0.2,-1.26
4570,US-2015-169460,4/19/2015,4/21/2015,J+2,NF-18595,Nicole Fjeld,Bureau à domicile,États-Unis,San Jose,Californie,USCA - Ouest,FUR-FU-10004017,Mobilier,Meubles,"Executive Impressions 13"" Chairman Wall Clock",76.14,3,0,26.65
4578,US-2015-121734,4/11/2015,4/16/2015,Tarif normal,SE-20110,Sanjit Engle,Grand public,États-Unis,Lewiston,Idaho,USCA - Ouest,OFF-BI-10004817,Fournitures de bureau,Classeurs,GBC Personal VeloBind Strips,9.58,1,0.2,3.35
4580,US-2015-150126,7/27/2015,8/2/2015,Tarif normal,AS-10045,Aaron Smayling,Entreprise,États-Unis,New York City,New York,USCA - Est,OFF-PA-10002709,Fournitures de bureau,Papier,Xerox 1956,65.78,11,0,32.23
4647,US-2015-146885,5/30/2015,6/5/2015,Tarif normal,EB-13840,Ellis Ballard,Entreprise,États-Unis,Richmond,Virginie,USCA - Sud,OFF-PA-10001622,Fournitures de bureau,Papier,"Ampad Poly Cover Wirebound Steno Book, 6"" x 9"" Assorted Colors, Gregg Ruled",13.62,3,0,6.13
4656,US-2015-160738,5/5/2015,5/10/2015,Tarif normal,KH-16330,Katharine Harms,Entreprise,États-Unis,Freeport,Illinois,USCA - Centre,OFF-ST-10003442,Fournitures de bureau,Stockage,Eldon Portable Mobile Manager,45.25,2,0.2,3.96
4677,US-2015-114510,3/14/2015,3/19/2015,Tarif normal,JF-15295,Jason Fortune-,Grand public,États-Unis,Logan,Utah,USCA - Ouest,OFF-BI-10001617,Fournitures de bureau,Classeurs,GBC Wire Binding Combs,33.09,4,0.2,11.17
4678,US-2015-114510,3/14/2015,3/19/2015,Tarif normal,JF-15295,Jason Fortune-,Grand public,États-Unis,Logan,Utah,USCA - Ouest,OFF-ST-10000736,Fournitures de bureau,Stockage,Carina Double Wide Media Storage Towers in Natural & Black,80.98,1,0,3.24
4679,US-2015-114510,3/14/2015,3/19/2015,Tarif normal,JF-15295,Jason Fortune-,Grand public,États-Unis,Logan,Utah,USCA - Ouest,TEC-AC-10004877,Produits technologiques,Accessoires,Imation 30456 USB Flash Drive 8GB,82.8,12,0,6.62
4680,US-2015-114510,3/14/2015,3/19/2015,Tarif normal,JF-15295,Jason Fortune-,Grand public,États-Unis,Logan,Utah,USCA - Ouest,OFF-ST-10003221,Fournitures de bureau,Stockage,Staple magnet,21.36,2,0,5.77
4681,US-2015-114510,3/14/2015,3/19/2015,Tarif normal,JF-15295,Jason Fortune-,Grand public,États-Unis,Logan,Utah,USCA - Ouest,OFF-BI-10003007,Fournitures de bureau,Classeurs,"Premium Transparent Presentation Covers, No Pattern/Clear, 8 1/2"" x 11""",62.05,2,0.2,20.17
4690,US-2015-138681,12/20/2015,12/22/2015,Prioritaire,CT-11995,Carol Triggs,Grand public,États-Unis,Tucson,Arizona,USCA - Ouest,FUR-FU-10001876,Mobilier,Meubles,"Computer Room Manger, 14""",51.97,2,0.2,10.39
4691,US-2015-138681,12/20/2015,12/22/2015,Prioritaire,CT-11995,Carol Triggs,Grand public,États-Unis,Tucson,Arizona,USCA - Ouest,TEC-AC-10003628,Produits technologiques,Accessoires,Logitech 910-002974 M325 Wireless Mouse for Web Scrolling,71.98,3,0.2,21.59
4692,US-2015-138681,12/20/2015,12/22/2015,Prioritaire,CT-11995,Carol Triggs,Grand public,États-Unis,Tucson,Arizona,USCA - Ouest,FUR-CH-10004860,Mobilier,Chaises,Global Low Back Tilter Chair,242.35,3,0.2,-42.41
4693,US-2015-138681,12/20/2015,12/22/2015,Prioritaire,CT-11995,Carol Triggs,Grand public,États-Unis,Tucson,Arizona,USCA - Ouest,OFF-PA-10000357,Fournitures de bureau,Papier,Xerox 1888,221.92,5,0.2,77.67
4694,US-2015-138681,12/20/2015,12/22/2015,Prioritaire,CT-11995,Carol Triggs,Grand public,États-Unis,Tucson,Arizona,USCA - Ouest,OFF-PA-10003270,Fournitures de bureau,Papier,Xerox 1954,8.45,2,0.2,2.64
4712,US-2015-112403,3/31/2015,3/31/2015,Le même jour,JO-15280,Jas O'Carroll,Grand public,États-Unis,Philadelphia,Pennsylvanie,USCA - Est,OFF-BI-10003529,Fournitures de bureau,Classeurs,Avery Round Ring Poly Binders,0.85,1,0.7,-0.6
4713,US-2015-108273,12/16/2015,12/21/2015,Tarif normal,EJ-13720,Ed Jacobs,Grand public,États-Unis,Huntsville,Texas,USCA - Centre,OFF-PA-10000029,Fournitures de bureau,Papier,Xerox 224,36.29,7,0.2,12.7
4714,US-2015-108273,12/16/2015,12/21/2015,Tarif normal,EJ-13720,Ed Jacobs,Grand public,États-Unis,Huntsville,Texas,USCA - Centre,FUR-FU-10002116,Mobilier,Meubles,"Tenex Carpeted, Granite-Look or Clear Contemporary Contour Shape Chair Mats",56.57,2,0.6,-74.95
4722,US-2015-106229,6/7/2015,6/11/2015,J+2,NR-18550,Nick Radford,Grand public,États-Unis,Aurora,Illinois,USCA - Centre,FUR-TA-10002041,Mobilier,Tables,"Bevis Round Conference Table Top, X-Base",268.94,3,0.5,-209.77
4727,US-2015-119151,11/25/2015,11/29/2015,J+2,MP-18175,Mike Pelletier,Bureau à domicile,États-Unis,New York City,New York,USCA - Est,OFF-ST-10003470,Fournitures de bureau,Stockage,"Tennsco Snap-Together Open Shelving Units, Starter Sets and Add-On Units",1117.92,4,0,55.9
4728,US-2015-119151,11/25/2015,11/29/2015,J+2,MP-18175,Mike Pelletier,Bureau à domicile,États-Unis,New York City,New York,USCA - Est,FUR-BO-10003159,Mobilier,Bibliothèques,"Sauder Camden County Collection Libraries, Planked Cherry Finish",275.95,3,0.2,-37.94
4729,US-2015-123323,11/7/2015,11/12/2015,Tarif normal,LH-16900,Lena Hernandez,Grand public,États-Unis,San Francisco,Californie,USCA - Ouest,OFF-BI-10003684,Fournitures de bureau,Classeurs,Wilson Jones Legal Size Ring Binders,123.14,7,0.2,46.18
4759,US-2015-121573,11/3/2015,11/7/2015,Tarif normal,SG-20605,Speros Goranitis,Grand public,États-Unis,New York City,New York,USCA - Est,TEC-PH-10000984,Produits technologiques,Téléphones,Panasonic KX-TG9471B,783.96,4,0,219.51
4760,US-2015-121573,11/3/2015,11/7/2015,Tarif normal,SG-20605,Speros Goranitis,Grand public,États-Unis,New York City,New York,USCA - Est,OFF-BI-10000666,Fournitures de bureau,Classeurs,Surelock Post Binders,48.9,2,0.2,18.34
4761,US-2015-121573,11/3/2015,11/7/2015,Tarif normal,SG-20605,Speros Goranitis,Grand public,États-Unis,New York City,New York,USCA - Est,OFF-BI-10003712,Fournitures de bureau,Classeurs,"Acco Pressboard Covers with Storage Hooks, 14 7/8"" x 11"", Light Blue",7.86,2,0.2,2.85
4764,US-2015-112851,9/17/2015,9/21/2015,Tarif normal,NR-18550,Nick Radford,Grand public,États-Unis,Chula Vista,Californie,USCA - Ouest,OFF-EN-10001453,Fournitures de bureau,Enveloppes,"Tyvek Interoffice Envelopes, 9 1/2"" x 12 1/2"", 100/Box",182.94,3,0,85.98
4772,US-2015-167262,10/31/2015,11/3/2015,J+2,AC-10450,Amy Cox,Grand public,États-Unis,Avondale,Arizona,USCA - Ouest,TEC-PH-10000486,Produits technologiques,Téléphones,Plantronics HL10 Handset Lifter,742.34,8,0.2,83.51
4780,US-2015-150301,7/8/2015,7/10/2015,Prioritaire,MH-18025,Michelle Huthwaite,Grand public,États-Unis,Buffalo,New York,USCA - Est,FUR-CH-10002647,Mobilier,Chaises,"Situations Contoured Folding Chairs, 4/Set",63.88,1,0.1,10.65
4781,US-2015-159310,11/7/2015,11/12/2015,Tarif normal,SC-20725,Steven Cartwright,Grand public,États-Unis,Houston,Texas,USCA - Centre,FUR-CH-10002758,Mobilier,Chaises,"Hon Deluxe Fabric Upholstered Stacking Chairs, Squared Back",683.14,4,0.3,0
4782,US-2015-159310,11/7/2015,11/12/2015,Tarif normal,SC-20725,Steven Cartwright,Grand public,États-Unis,Houston,Texas,USCA - Centre,OFF-BI-10000201,Fournitures de bureau,Classeurs,"Avery Triangle Shaped Sheet Lifters, Black, 2/Pack",1.48,3,0.8,-2.21
4783,US-2015-159310,11/7/2015,11/12/2015,Tarif normal,SC-20725,Steven Cartwright,Grand public,États-Unis,Houston,Texas,USCA - Centre,OFF-SU-10004115,Fournitures de bureau,Fournitures,Acme Stainless Steel Office Snips,40.71,7,0.2,3.56
4809,US-2015-149055,11/23/2015,11/28/2015,Tarif normal,PB-19210,Phillip Breyer,Entreprise,États-Unis,Philadelphia,Pennsylvanie,USCA - Est,OFF-EN-10003040,Fournitures de bureau,Enveloppes,Quality Park Security Envelopes,62.81,3,0.2,21.2
4816,US-2015-139598,12/26/2015,12/31/2015,Tarif normal,MG-17695,Maureen Gnade,Grand public,États-Unis,Philadelphia,Pennsylvanie,USCA - Est,OFF-PA-10004569,Fournitures de bureau,Papier,"Wirebound Message Books, Two 4 1/4"" x 5"" Forms per Page",18.26,3,0.2,6.16
4817,US-2015-139598,12/26/2015,12/31/2015,Tarif normal,MG-17695,Maureen Gnade,Grand public,États-Unis,Philadelphia,Pennsylvanie,USCA - Est,OFF-AP-10002998,Fournitures de bureau,Électroménager,Holmes 99% HEPA Air Purifier,34.66,2,0.2,5.63
4818,US-2015-139598,12/26/2015,12/31/2015,Tarif normal,MG-17695,Maureen Gnade,Grand public,États-Unis,Philadelphia,Pennsylvanie,USCA - Est,OFF-AP-10003287,Fournitures de bureau,Électroménager,Tripp Lite TLP810NET Broadband Surge for Modem/Fax,81.55,2,0.2,8.16
4819,US-2015-139598,12/26/2015,12/31/2015,Tarif normal,MG-17695,Maureen Gnade,Grand public,États-Unis,Philadelphia,Pennsylvanie,USCA - Est,OFF-ST-10001370,Fournitures de bureau,Stockage,Sensible Storage WireTech Storage Systems,227.14,4,0.2,-42.59
4828,US-2015-152562,11/1/2015,11/8/2015,Tarif normal,JO-15145,Jack O'Briant,Entreprise,États-Unis,Richmond,Kentucky,USCA - Sud,OFF-ST-10000464,Fournitures de bureau,Stockage,"Multi-Use Personal File Cart and Caster Set, Three Stacking Bins",69.52,2,0,19.47
4829,US-2015-152562,11/1/2015,11/8/2015,Tarif normal,JO-15145,Jack O'Briant,Entreprise,États-Unis,Richmond,Kentucky,USCA - Sud,OFF-AR-10001919,Fournitures de bureau,Art,"OIC #2 Pencils, Medium Soft",5.64,3,0,1.64
4831,US-2015-120278,11/7/2015,11/12/2015,Tarif normal,MS-17365,Maribeth Schnelling,Grand public,États-Unis,Wausau,Wisconsin,USCA - Centre,OFF-AP-10001293,Fournitures de bureau,Électroménager,Belkin 8 Outlet Surge Protector,245.88,6,0,68.85
4832,US-2015-120278,11/7/2015,11/12/2015,Tarif normal,MS-17365,Maribeth Schnelling,Grand public,États-Unis,Wausau,Wisconsin,USCA - Centre,OFF-ST-10004258,Fournitures de bureau,Stockage,Portable Personal File Box,36.63,3,0,9.89
4833,US-2015-120278,11/7/2015,11/12/2015,Tarif normal,MS-17365,Maribeth Schnelling,Grand public,États-Unis,Wausau,Wisconsin,USCA - Centre,OFF-ST-10002214,Fournitures de bureau,Stockage,X-Rack File for Hanging Folders,22.58,2,0,5.87
4834,US-2015-120278,11/7/2015,11/12/2015,Tarif normal,MS-17365,Maribeth Schnelling,Grand public,États-Unis,Wausau,Wisconsin,USCA - Centre,OFF-BI-10004970,Fournitures de bureau,Classeurs,"ACCOHIDE 3-Ring Binder, Blue, 1""",12.39,3,0,5.82
4845,US-2015-128685,4/4/2015,4/5/2015,Prioritaire,MZ-17515,Mary Zewe,Entreprise,États-Unis,Los Angeles,Californie,USCA - Ouest,OFF-BI-10004140,Fournitures de bureau,Classeurs,Avery Non-Stick Binders,7.18,2,0.2,2.25
4847,US-2015-164469,6/25/2015,6/27/2015,J+2,GK-14620,Grace Kelly,Entreprise,États-Unis,Salem,Oregon,USCA - Ouest,TEC-PH-10002115,Produits technologiques,Téléphones,Plantronics 81402,263.96,5,0.2,19.8
4848,US-2015-164469,6/25/2015,6/27/2015,J+2,GK-14620,Grace Kelly,Entreprise,États-Unis,Salem,Oregon,USCA - Ouest,OFF-AR-10003478,Fournitures de bureau,Art,"Avery Hi-Liter EverBold Pen Style Fluorescent Highlighters, 4/Pack",71.63,11,0.2,17.91
4849,US-2015-164469,6/25/2015,6/27/2015,J+2,GK-14620,Grace Kelly,Entreprise,États-Unis,Salem,Oregon,USCA - Ouest,OFF-AR-10000475,Fournitures de bureau,Art,"Hunt BOSTON Vista Battery-Operated Pencil Sharpener, Black",9.33,1,0.2,0.82
4850,US-2015-107818,9/8/2015,9/14/2015,Tarif normal,MC-17275,Marc Crier,Grand public,États-Unis,Pasco,Washington,USCA - Ouest,OFF-AR-10003045,Fournitures de bureau,Art,Prang Colored Pencils,5.88,2,0,2.65
4851,US-2015-107818,9/8/2015,9/14/2015,Tarif normal,MC-17275,Marc Crier,Grand public,États-Unis,Pasco,Washington,USCA - Ouest,FUR-CH-10000454,Mobilier,Chaises,"Hon Deluxe Fabric Upholstered Stacking Chairs, Rounded Back",975.92,5,0.2,121.99
4852,US-2015-107818,9/8/2015,9/14/2015,Tarif normal,MC-17275,Marc Crier,Grand public,États-Unis,Pasco,Washington,USCA - Ouest,OFF-AR-10000380,Fournitures de bureau,Art,"Hunt PowerHouse Electric Pencil Sharpener, Blue",303.84,8,0,91.15
4853,US-2015-107818,9/8/2015,9/14/2015,Tarif normal,MC-17275,Marc Crier,Grand public,États-Unis,Pasco,Washington,USCA - Ouest,OFF-ST-10000736,Fournitures de bureau,Stockage,Carina Double Wide Media Storage Towers in Natural & Black,485.88,6,0,19.44
4854,US-2015-113320,12/12/2015,12/15/2015,J+2,LH-17155,Logan Haushalter,Grand public,États-Unis,Oakland,Californie,USCA - Ouest,FUR-FU-10004270,Mobilier,Meubles,"Eldon Image Series Desk Accessories, Burgundy",12.54,3,0,4.51
4855,US-2015-113320,12/12/2015,12/15/2015,J+2,LH-17155,Logan Haushalter,Grand public,États-Unis,Oakland,Californie,USCA - Ouest,OFF-ST-10000617,Fournitures de bureau,Stockage,Woodgrain Magazine Files by Perma,8.94,3,0,0.63
4856,US-2015-113320,12/12/2015,12/15/2015,J+2,LH-17155,Logan Haushalter,Grand public,États-Unis,Oakland,Californie,USCA - Ouest,FUR-FU-10001706,Mobilier,Meubles,Longer-Life Soft White Bulbs,9.24,3,0,4.44
4862,US-2015-138940,4/11/2015,4/16/2015,J+2,GM-14455,Gary Mitchum,Bureau à domicile,États-Unis,Austin,Texas,USCA - Centre,TEC-PH-10001835,Produits technologiques,Téléphones,Jawbone JAMBOX Wireless Bluetooth Speaker,758.35,6,0.2,265.42
4876,US-2015-132864,12/2/2015,12/7/2015,Tarif normal,KN-16390,Katherine Nockton,Entreprise,États-Unis,Columbus,Ohio,USCA - Est,TEC-AC-10001267,Produits technologiques,Accessoires,Imation 32GB Pocket Pro USB 3.0 Flash Drive - 32 GB - Black - 1 P ...,119.8,5,0.2,29.95
4877,US-2015-155817,10/3/2015,10/9/2015,Tarif normal,SL-20155,Sara Luxemburg,Bureau à domicile,États-Unis,Durham,Caroline du Nord,USCA - Sud,OFF-ST-10000532,Fournitures de bureau,Stockage,Advantus Rolling Drawer Organizers,61.57,2,0.2,4.62
4878,US-2015-155817,10/3/2015,10/9/2015,Tarif normal,SL-20155,Sara Luxemburg,Bureau à domicile,États-Unis,Durham,Caroline du Nord,USCA - Sud,OFF-AR-10002335,Fournitures de bureau,Art,DIXON Oriole Pencils,6.19,3,0.2,0.46
4886,US-2015-151379,12/16/2015,12/20/2015,Tarif normal,SC-20695,Steve Chapman,Entreprise,États-Unis,Detroit,Michigan,USCA - Centre,OFF-PA-10000595,Fournitures de bureau,Papier,Xerox 1929,114.2,5,0,52.53
4898,US-2015-122021,10/15/2015,10/17/2015,Prioritaire,AC-10660,Anna Chung,Grand public,États-Unis,Parma,Ohio,USCA - Est,FUR-CH-10003761,Mobilier,Chaises,Global Italian Leather Office Chair,183.37,2,0.3,-7.86
4899,US-2015-122021,10/15/2015,10/17/2015,Prioritaire,AC-10660,Anna Chung,Grand public,États-Unis,Parma,Ohio,USCA - Est,OFF-PA-10002230,Fournitures de bureau,Papier,Xerox 1897,7.97,2,0.2,2.89
4905,US-2015-161613,12/1/2015,12/3/2015,J+2,MC-17605,Matt Connell,Entreprise,États-Unis,Houston,Texas,USCA - Centre,FUR-CH-10003746,Mobilier,Chaises,Hon 4070 Series Pagoda Round Back Stacking Chairs,674.06,3,0.3,-19.26
4906,US-2015-146353,10/14/2015,10/16/2015,J+2,JE-15610,Jim Epp,Entreprise,États-Unis,Concord,New Hampshire,USCA - Est,OFF-BI-10003476,Fournitures de bureau,Classeurs,Avery Metallic Poly Binders,22.92,4,0,11
4907,US-2015-146353,10/14/2015,10/16/2015,J+2,JE-15610,Jim Epp,Entreprise,États-Unis,Concord,New Hampshire,USCA - Est,OFF-ST-10001469,Fournitures de bureau,Stockage,Fellowes Bankers Box Recycled Super Stor/Drawer,269.9,5,0,16.19
4908,US-2015-133809,11/18/2015,11/23/2015,J+2,MS-17530,MaryBeth Skach,Grand public,États-Unis,Fairfield,Ohio,USCA - Est,OFF-BI-10001757,Fournitures de bureau,Classeurs,Pressboard Hanging Data Binders for Unburst Sheets,11.81,8,0.7,-8.66
4909,US-2015-133809,11/18/2015,11/23/2015,J+2,MS-17530,MaryBeth Skach,Grand public,États-Unis,Fairfield,Ohio,USCA - Est,TEC-PH-10004875,Produits technologiques,Téléphones,PNY Rapid USB Car Charger - Black,9.59,2,0.4,-2.08
4930,US-2015-138828,9/2/2015,9/3/2015,Prioritaire,KD-16345,Katherine Ducich,Grand public,États-Unis,New York City,New York,USCA - Est,OFF-AR-10000658,Fournitures de bureau,Art,Newell 324,57.75,5,0,16.17
4931,US-2015-138828,9/2/2015,9/3/2015,Prioritaire,KD-16345,Katherine Ducich,Grand public,États-Unis,New York City,New York,USCA - Est,OFF-PA-10000349,Fournitures de bureau,Papier,Easy-staple paper,14.94,3,0,7.02
4938,US-2015-157147,1/13/2015,1/18/2015,Tarif normal,BD-11605,Brian Dahlen,Grand public,États-Unis,San Francisco,Californie,USCA - Ouest,OFF-ST-10000078,Fournitures de bureau,Stockage,Tennsco 6- and 18-Compartment Lockers,1325.85,5,0,238.65
4939,US-2015-157147,1/13/2015,1/18/2015,Tarif normal,BD-11605,Brian Dahlen,Grand public,États-Unis,San Francisco,Californie,USCA - Ouest,FUR-BO-10003034,Mobilier,Bibliothèques,"O'Sullivan Elevations Bookcase, Cherry Finish",334,3,0.2,3.93
4940,US-2015-157147,1/13/2015,1/18/2015,Tarif normal,BD-11605,Brian Dahlen,Grand public,États-Unis,San Francisco,Californie,USCA - Ouest,OFF-AR-10003514,Fournitures de bureau,Art,4009 Highlighters by Sanford,19.9,5,0,6.57
4948,US-2015-102085,10/4/2015,10/9/2015,Tarif normal,JD-16015,Joy Daniels,Grand public,États-Unis,Seattle,Washington,USCA - Ouest,OFF-LA-10002475,Fournitures de bureau,Étiquettes,Avery 519,29.24,4,0,13.74
4955,US-2015-160262,6/9/2015,6/13/2015,J+2,TS-21205,Thomas Seio,Entreprise,États-Unis,North Las Vegas,Nevada,USCA - Ouest,OFF-AR-10002335,Fournitures de bureau,Art,DIXON Oriole Pencils,18.06,7,0,4.7
4956,US-2015-160262,6/9/2015,6/13/2015,J+2,TS-21205,Thomas Seio,Entreprise,États-Unis,North Las Vegas,Nevada,USCA - Ouest,OFF-PA-10003641,Fournitures de bureau,Papier,Xerox 1909,79.14,3,0,36.4
4957,US-2015-160262,6/9/2015,6/13/2015,J+2,TS-21205,Thomas Seio,Entreprise,États-Unis,North Las Vegas,Nevada,USCA - Ouest,FUR-FU-10002685,Mobilier,Meubles,"Executive Impressions 13-1/2"" Indoor/Outdoor Wall Clock",37.4,2,0,14.21
4962,US-2015-156587,3/7/2015,3/8/2015,Prioritaire,AB-10015,Aaron Bergman,Grand public,États-Unis,Seattle,Washington,USCA - Ouest,FUR-CH-10004477,Mobilier,Chaises,"Global Push Button Manager's Chair, Indigo",48.71,1,0.2,5.48
4963,US-2015-156587,3/7/2015,3/8/2015,Prioritaire,AB-10015,Aaron Bergman,Grand public,États-Unis,Seattle,Washington,USCA - Ouest,OFF-AR-10001427,Fournitures de bureau,Art,Newell 330,17.94,3,0,4.66
4964,US-2015-156587,3/7/2015,3/8/2015,Prioritaire,AB-10015,Aaron Bergman,Grand public,États-Unis,Seattle,Washington,USCA - Ouest,OFF-ST-10002344,Fournitures de bureau,Stockage,"Carina 42""Hx23 3/4""W Media Storage Unit",242.94,3,0,4.86
4983,US-2015-160066,11/16/2015,11/22/2015,Tarif normal,AH-10075,Adam Hart,Entreprise,États-Unis,Huntington Beach,Californie,USCA - Ouest,OFF-LA-10001045,Fournitures de bureau,Étiquettes,Permanent Self-Adhesive File Folder Labels for Typewriters by Universal,5.22,2,0,2.4
4986,US-2015-125171,9/3/2015,9/3/2015,Le même jour,AG-10390,Allen Goldenen,Grand public,États-Unis,New York City,New York,USCA - Est,OFF-LA-10001175,Fournitures de bureau,Étiquettes,Avery 514,14.4,5,0,7.06
4996,US-2015-132227,11/4/2015,11/10/2015,Tarif normal,SZ-20035,Sam Zeldin,Bureau à domicile,États-Unis,New York City,New York,USCA - Est,OFF-BI-10000962,Fournitures de bureau,Classeurs,"Acco Flexible ACCOHIDE Square Ring Data Binder, Dark Blue, 11 1/2"" X 14"" 7/8""",52.06,4,0.2,18.87
5005,US-2015-156006,4/30/2015,5/2/2015,J+2,TM-21010,Tamara Manning,Grand public,États-Unis,Jackson,Mississippi,USCA - Sud,TEC-AC-10002550,Produits technologiques,Accessoires,Maxell 4.7GB DVD-RW 3/Pack,47.79,3,0,16.25
5016,US-2015-153850,11/24/2015,11/29/2015,Tarif normal,TH-21100,Thea Hendricks,Grand public,États-Unis,Toledo,Ohio,USCA - Est,FUR-FU-10002960,Mobilier,Meubles,"Eldon 200 Class Desk Accessories, Burgundy",35.17,7,0.2,9.67
5017,US-2015-153850,11/24/2015,11/29/2015,Tarif normal,TH-21100,Thea Hendricks,Grand public,États-Unis,Toledo,Ohio,USCA - Est,TEC-PH-10002584,Produits technologiques,Téléphones,Samsung Galaxy S4,1502.38,4,0.4,-250.4
5018,US-2015-127558,11/15/2015,11/18/2015,Prioritaire,SS-20410,Shahid Shariari,Grand public,États-Unis,Los Angeles,Californie,USCA - Ouest,FUR-FU-10002505,Mobilier,Meubles,Eldon 100 Class Desk Accessories,10.11,3,0,3.24
5019,US-2015-127558,11/15/2015,11/18/2015,Prioritaire,SS-20410,Shahid Shariari,Grand public,États-Unis,Los Angeles,Californie,USCA - Ouest,TEC-AC-10003832,Produits technologiques,Accessoires,Logitech P710e Mobile Speakerphone,772.47,3,0,146.77
5020,US-2015-127558,11/15/2015,11/18/2015,Prioritaire,SS-20410,Shahid Shariari,Grand public,États-Unis,Los Angeles,Californie,USCA - Ouest,OFF-SU-10002537,Fournitures de bureau,Fournitures,Acme Box Cutter Scissors,20.46,2,0,5.32
5029,US-2015-151792,9/2/2015,9/7/2015,J+2,CV-12295,Christina VanderZanden,Grand public,États-Unis,Chicago,Illinois,USCA - Centre,TEC-AC-10001606,Produits technologiques,Accessoires,Logitech Wireless Performance Mouse MX for PC and Mac,239.98,3,0.2,53.99
5036,US-2015-169803,4/6/2015,4/12/2015,Tarif normal,SC-20260,Scott Cohen,Entreprise,États-Unis,Seattle,Washington,USCA - Ouest,FUR-TA-10000688,Mobilier,Tables,"Chromcraft Bull-Nose Wood Round Conference Table Top, Wood Base",653.55,3,0,111.1
5037,US-2015-169803,4/6/2015,4/12/2015,Tarif normal,SC-20260,Scott Cohen,Entreprise,États-Unis,Seattle,Washington,USCA - Ouest,TEC-AC-10003441,Produits technologiques,Accessoires,Kingston Digital DataTraveler 32GB USB 2.0,33.9,2,0,2.03
5049,US-2015-104759,3/31/2015,4/4/2015,Tarif normal,DD-13570,Dorothy Dickinson,Grand public,États-Unis,Chicago,Illinois,USCA - Centre,OFF-BI-10002071,Fournitures de bureau,Classeurs,Fellowes Black Plastic Comb Bindings,8.13,7,0.8,-13.83
5050,US-2015-104759,3/31/2015,4/4/2015,Tarif normal,DD-13570,Dorothy Dickinson,Grand public,États-Unis,Chicago,Illinois,USCA - Centre,TEC-AC-10004901,Produits technologiques,Accessoires,Kensington SlimBlade Notebook Wireless Mouse with Nano Receiver,79.98,2,0.2,14
5069,US-2015-124478,8/8/2015,8/12/2015,Tarif normal,MA-17560,Matt Abelman,Bureau à domicile,États-Unis,Trenton,Michigan,USCA - Centre,TEC-CO-10001571,Produits technologiques,Photocopieurs,Sharp 1540cs Digital Laser Copier,549.99,1,0,275
5070,US-2015-124478,8/8/2015,8/12/2015,Tarif normal,MA-17560,Matt Abelman,Bureau à domicile,États-Unis,Trenton,Michigan,USCA - Centre,OFF-AP-10002495,Fournitures de bureau,Électroménager,"Acco Smartsocket Table Surge Protector, 6 Color-Coded Adapter Outlets",167.54,3,0.1,37.23
5071,US-2015-124478,8/8/2015,8/12/2015,Tarif normal,MA-17560,Matt Abelman,Bureau à domicile,États-Unis,Trenton,Michigan,USCA - Centre,OFF-EN-10002500,Fournitures de bureau,Enveloppes,Globe Weis Peel & Seel First Class Envelopes,38.34,3,0,17.25
5072,US-2015-124478,8/8/2015,8/12/2015,Tarif normal,MA-17560,Matt Abelman,Bureau à domicile,États-Unis,Trenton,Michigan,USCA - Centre,FUR-FU-10002088,Mobilier,Meubles,Nu-Dell Float Frame 11 x 14 1/2,53.88,6,0,22.63
5073,US-2015-124478,8/8/2015,8/12/2015,Tarif normal,MA-17560,Matt Abelman,Bureau à domicile,États-Unis,Trenton,Michigan,USCA - Centre,TEC-PH-10001128,Produits technologiques,Téléphones,Motorola Droid Maxx,299.98,2,0,83.99
5076,US-2015-134572,4/20/2015,4/22/2015,J+2,SV-20365,Seth Vernon,Grand public,États-Unis,Houston,Texas,USCA - Centre,FUR-TA-10001705,Mobilier,Tables,Bush Advantage Collection Round Conference Table,744.1,5,0.3,-95.67
5077,US-2015-134572,4/20/2015,4/22/2015,J+2,SV-20365,Seth Vernon,Grand public,États-Unis,Houston,Texas,USCA - Centre,OFF-ST-10004634,Fournitures de bureau,Stockage,"Personal Folder Holder, Ebony",44.84,5,0.2,5.61
5078,US-2015-134572,4/20/2015,4/22/2015,J+2,SV-20365,Seth Vernon,Grand public,États-Unis,Houston,Texas,USCA - Centre,FUR-TA-10004442,Mobilier,Tables,Riverside Furniture Stanwyck Manor Table Series,401.59,2,0.3,-131.95
5094,US-2015-140452,12/6/2015,12/10/2015,Tarif normal,BK-11260,Berenike Kampe,Grand public,États-Unis,Chicago,Illinois,USCA - Centre,OFF-AP-10004036,Fournitures de bureau,Électroménager,Bionaire 99.97% HEPA Air Cleaner,14.02,4,0.8,-31.54
5095,US-2015-140452,12/6/2015,12/10/2015,Tarif normal,BK-11260,Berenike Kampe,Grand public,États-Unis,Chicago,Illinois,USCA - Centre,FUR-TA-10004086,Mobilier,Tables,KI Adjustable-Height Table,214.95,5,0.5,-120.37
5096,US-2015-140452,12/6/2015,12/10/2015,Tarif normal,BK-11260,Berenike Kampe,Grand public,États-Unis,Chicago,Illinois,USCA - Centre,TEC-PH-10000307,Produits technologiques,Téléphones,Shocksock Galaxy S4 Armband,35.04,4,0.2,-7.01
5097,US-2015-140452,12/6/2015,12/10/2015,Tarif normal,BK-11260,Berenike Kampe,Grand public,États-Unis,Chicago,Illinois,USCA - Centre,FUR-FU-10002088,Mobilier,Meubles,Nu-Dell Float Frame 11 x 14 1/2,10.78,3,0.6,-4.85
5098,US-2015-140452,12/6/2015,12/10/2015,Tarif normal,BK-11260,Berenike Kampe,Grand public,États-Unis,Chicago,Illinois,USCA - Centre,OFF-BI-10004965,Fournitures de bureau,Classeurs,Ibico Covers for Plastic or Wire Binding Elements,4.6,2,0.8,-8.05
5099,US-2015-140452,12/6/2015,12/10/2015,Tarif normal,BK-11260,Berenike Kampe,Grand public,États-Unis,Chicago,Illinois,USCA - Centre,OFF-ST-10002485,Fournitures de bureau,Stockage,Rogers Deluxe File Chest,35.17,2,0.2,-8.35
5101,US-2015-158442,3/17/2015,3/17/2015,Le même jour,AZ-10750,Annie Zypern,Grand public,États-Unis,Dallas,Texas,USCA - Centre,OFF-AR-10003732,Fournitures de bureau,Art,Newell 333,4.45,2,0.2,0.33
5102,US-2015-158442,3/17/2015,3/17/2015,Le même jour,AZ-10750,Annie Zypern,Grand public,États-Unis,Dallas,Texas,USCA - Centre,OFF-PA-10002195,Fournitures de bureau,Papier,Xerox 1966,5.18,1,0.2,1.88
5103,US-2015-158442,3/17/2015,3/17/2015,Le même jour,AZ-10750,Annie Zypern,Grand public,États-Unis,Dallas,Texas,USCA - Centre,OFF-PA-10002365,Fournitures de bureau,Papier,Xerox 1967,15.55,3,0.2,5.44
5106,US-2015-116568,12/14/2015,12/20/2015,Tarif normal,BM-11785,Bryan Mills,Grand public,États-Unis,Deltona,Floride,USCA - Sud,FUR-CH-10002439,Mobilier,Chaises,"Iceberg Nesting Folding Chair, 19w x 6d x 43h",186.3,4,0.2,13.97
5110,US-2015-138450,10/18/2015,10/22/2015,Tarif normal,EH-13765,Edward Hooks,Entreprise,États-Unis,Philadelphia,Pennsylvanie,USCA - Est,OFF-EN-10001335,Fournitures de bureau,Enveloppes,"White Business Envelopes with Contemporary Seam, Recycled White Business Envelopes",52.51,6,0.2,19.69
5111,US-2015-138450,10/18/2015,10/22/2015,Tarif normal,EH-13765,Edward Hooks,Entreprise,États-Unis,Philadelphia,Pennsylvanie,USCA - Est,OFF-ST-10003479,Fournitures de bureau,Stockage,"Eldon Base for stackable storage shelf, platinum",186.91,6,0.2,-35.05
5112,US-2015-138450,10/18/2015,10/22/2015,Tarif normal,EH-13765,Edward Hooks,Entreprise,États-Unis,Philadelphia,Pennsylvanie,USCA - Est,OFF-PA-10003016,Fournitures de bureau,Papier,"Adams ""While You Were Out"" Message Pads",10.05,4,0.2,3.14
5121,US-2015-149538,4/4/2015,4/8/2015,Tarif normal,KB-16585,Ken Black,Entreprise,États-Unis,Lafayette,Louisiane,USCA - Sud,OFF-ST-10004180,Fournitures de bureau,Stockage,Safco Commercial Shelving,232.55,5,0,9.3
5122,US-2015-149538,4/4/2015,4/8/2015,Tarif normal,KB-16585,Ken Black,Entreprise,États-Unis,Lafayette,Louisiane,USCA - Sud,TEC-AC-10002926,Produits technologiques,Accessoires,Logitech Wireless Marathon Mouse M705,99.98,2,0,42.99
5123,US-2015-149538,4/4/2015,4/8/2015,Tarif normal,KB-16585,Ken Black,Entreprise,États-Unis,Lafayette,Louisiane,USCA - Sud,OFF-PA-10003797,Fournitures de bureau,Papier,Xerox 209,19.44,3,0,9.33
5124,US-2015-149538,4/4/2015,4/8/2015,Tarif normal,KB-16585,Ken Black,Entreprise,États-Unis,Lafayette,Louisiane,USCA - Sud,OFF-PA-10002195,Fournitures de bureau,Papier,Xerox 1966,12.96,2,0,6.35
5125,US-2015-160766,9/14/2015,9/14/2015,Le même jour,DM-13015,Darrin Martin,Grand public,États-Unis,New York City,New York,USCA - Est,FUR-TA-10001039,Mobilier,Tables,KI Adjustable-Height Table,464.29,9,0.4,-108.33
5126,US-2015-160766,9/14/2015,9/14/2015,Le même jour,DM-13015,Darrin Martin,Grand public,États-Unis,New York City,New York,USCA - Est,OFF-EN-10001099,Fournitures de bureau,Enveloppes,Staple envelope,68.46,7,0,31.49
5127,US-2015-160766,9/14/2015,9/14/2015,Le même jour,DM-13015,Darrin Martin,Grand public,États-Unis,New York City,New York,USCA - Est,TEC-MA-10003979,Produits technologiques,Machines,Ativa V4110MDD Micro-Cut Shredder,2799.96,4,0,1371.98
5128,US-2015-160766,9/14/2015,9/14/2015,Le même jour,DM-13015,Darrin Martin,Grand public,États-Unis,New York City,New York,USCA - Est,OFF-AP-10002945,Fournitures de bureau,Électroménager,Honeywell Enviracaire Portable HEPA Air Cleaner for 17' x 22' Room,601.3,2,0,198.43
5129,US-2015-160766,9/14/2015,9/14/2015,Le même jour,DM-13015,Darrin Martin,Grand public,États-Unis,New York City,New York,USCA - Est,TEC-PH-10001536,Produits technologiques,Téléphones,Spigen Samsung Galaxy S5 Case Wallet,16.99,1,0,4.42
5130,US-2015-160766,9/14/2015,9/14/2015,Le même jour,DM-13015,Darrin Martin,Grand public,États-Unis,New York City,New York,USCA - Est,TEC-PH-10000526,Produits technologiques,Téléphones,Vtech CS6719,287.97,3,0,80.63
5131,US-2015-160766,9/14/2015,9/14/2015,Le même jour,DM-13015,Darrin Martin,Grand public,États-Unis,New York City,New York,USCA - Est,OFF-PA-10000213,Fournitures de bureau,Papier,Xerox 198,44.82,9,0,21.07
5150,US-2015-141796,6/21/2015,6/21/2015,Le même jour,JG-15160,James Galang,Grand public,États-Unis,Long Beach,New York,USCA - Est,TEC-PH-10001578,Produits technologiques,Téléphones,Polycom SoundStation2 EX Conference phone,1214.85,3,0,352.31
5153,US-2015-121566,6/30/2015,7/6/2015,Tarif normal,CS-11860,Cari Schnelling,Grand public,États-Unis,New York City,New York,USCA - Est,OFF-BI-10004528,Fournitures de bureau,Classeurs,Cardinal Poly Pocket Divider Pockets for Ring Binders,2.69,1,0.2,0.84
5154,US-2015-121566,6/30/2015,7/6/2015,Tarif normal,CS-11860,Cari Schnelling,Grand public,États-Unis,New York City,New York,USCA - Est,OFF-AR-10001026,Fournitures de bureau,Art,"Sanford Uni-Blazer View Highlighters, Chisel Tip, Yellow",6.6,3,0,2.9
5162,US-2015-111192,7/30/2015,8/5/2015,Tarif normal,TS-21430,Tom Stivers,Entreprise,États-Unis,Seattle,Washington,USCA - Ouest,FUR-BO-10002916,Mobilier,Bibliothèques,"Rush Hierlooms Collection 1"" Thick Stackable Bookcases",1367.84,8,0,259.89
5165,US-2015-121006,11/10/2015,11/16/2015,Tarif normal,SC-20020,Sam Craven,Grand public,États-Unis,Midland,Michigan,USCA - Centre,OFF-AR-10001149,Fournitures de bureau,Art,"Avery Hi-Liter Comfort Grip Fluorescent Highlighter, Yellow Ink",3.9,2,0,1.52
5166,US-2015-121006,11/10/2015,11/16/2015,Tarif normal,SC-20020,Sam Craven,Grand public,États-Unis,Midland,Michigan,USCA - Centre,OFF-PA-10000130,Fournitures de bureau,Papier,Xerox 199,12.84,3,0,5.78
5167,US-2015-121006,11/10/2015,11/16/2015,Tarif normal,SC-20020,Sam Craven,Grand public,États-Unis,Midland,Michigan,USCA - Centre,OFF-PA-10002479,Fournitures de bureau,Papier,Xerox 4200 Series MultiUse Premium Copy Paper (20Lb. and 84 Bright),15.84,3,0,7.13
5168,US-2015-121006,11/10/2015,11/16/2015,Tarif normal,SC-20020,Sam Craven,Grand public,États-Unis,Midland,Michigan,USCA - Centre,FUR-CH-10004997,Mobilier,Chaises,Hon Every-Day Series Multi-Task Chairs,563.94,3,0,112.79
5169,US-2015-121006,11/10/2015,11/16/2015,Tarif normal,SC-20020,Sam Craven,Grand public,États-Unis,Midland,Michigan,USCA - Centre,OFF-ST-10004950,Fournitures de bureau,Stockage,Acco Perma 3000 Stacking Storage Drawers,62.94,3,0,11.96
5170,US-2015-121006,11/10/2015,11/16/2015,Tarif normal,SC-20020,Sam Craven,Grand public,États-Unis,Midland,Michigan,USCA - Centre,OFF-ST-10001490,Fournitures de bureau,Stockage,"Hot File 7-Pocket, Floor Stand",535.41,3,0,160.62
5193,US-2015-101560,11/28/2015,12/1/2015,J+2,CS-12250,Chris Selesnick,Entreprise,États-Unis,Columbia,Caroline du Sud,USCA - Sud,FUR-FU-10003773,Mobilier,Meubles,Eldon Cleatmat Plus Chair Mats for High Pile Carpets,397.6,5,0,43.74
5194,US-2015-101560,11/28/2015,12/1/2015,J+2,CS-12250,Chris Selesnick,Entreprise,États-Unis,Columbia,Caroline du Sud,USCA - Sud,OFF-PA-10001363,Fournitures de bureau,Papier,Xerox 1933,85.96,7,0,40.4
5195,US-2015-101560,11/28/2015,12/1/2015,J+2,CS-12250,Chris Selesnick,Entreprise,États-Unis,Columbia,Caroline du Sud,USCA - Sud,OFF-AR-10004757,Fournitures de bureau,Art,Crayola Colored Pencils,13.12,4,0,4.33
5196,US-2015-101560,11/28/2015,12/1/2015,J+2,CS-12250,Chris Selesnick,Entreprise,États-Unis,Columbia,Caroline du Sud,USCA - Sud,OFF-BI-10000309,Fournitures de bureau,Classeurs,"GBC Twin Loop Wire Binding Elements, 9/16"" Spine, Black",45.66,3,0,22.37
5197,US-2015-159709,5/10/2015,5/15/2015,Tarif normal,AI-10855,Arianne Irving,Grand public,États-Unis,Kent,Washington,USCA - Ouest,OFF-EN-10001434,Fournitures de bureau,Enveloppes,"Strathmore #10 Envelopes, Ultimate White",158.13,3,0,77.48
5198,US-2015-159709,5/10/2015,5/15/2015,Tarif normal,AI-10855,Arianne Irving,Grand public,États-Unis,Kent,Washington,USCA - Ouest,TEC-PH-10003988,Produits technologiques,Téléphones,"LF Elite 3D Dazzle Designer Hard Case Cover, Lf Stylus Pen and Wiper For Apple Iphone 5c Mini Lite",43.6,5,0.2,4.36
5221,US-2015-140487,6/14/2015,6/20/2015,Tarif normal,SR-20425,Sharelle Roach,Bureau à domicile,États-Unis,Detroit,Michigan,USCA - Centre,FUR-BO-10000711,Mobilier,Bibliothèques,"Hon Metal Bookcases, Gray",212.94,3,0,57.49
5229,US-2015-147648,11/26/2015,12/1/2015,Tarif normal,LS-16975,Lindsay Shagiari,Bureau à domicile,États-Unis,San Francisco,Californie,USCA - Ouest,OFF-PA-10001033,Fournitures de bureau,Papier,Xerox 1893,81.98,2,0,40.17
5234,US-2015-115084,10/18/2015,10/22/2015,Tarif normal,LS-17200,Luke Schmidt,Entreprise,États-Unis,Texarkana,Arkansas,USCA - Sud,FUR-CH-10004626,Mobilier,Chaises,Office Star Flex Back Scooter Chair with Aluminum Finish Frame,605.34,6,0,145.28
5237,US-2015-166744,9/20/2015,9/24/2015,Tarif normal,DN-13690,Duane Noonan,Grand public,États-Unis,Columbia,Maryland,USCA - Est,FUR-FU-10004952,Mobilier,Meubles,"C-Line Cubicle Keepers Polyproplyene Holder w/Velcro Back, 8-1/2x11, 25/Bx",164.22,3,0,50.91
5238,US-2015-166744,9/20/2015,9/24/2015,Tarif normal,DN-13690,Duane Noonan,Grand public,États-Unis,Columbia,Maryland,USCA - Est,FUR-BO-10001337,Mobilier,Bibliothèques,O'Sullivan Living Dimensions 2-Shelf Bookcases,362.94,3,0,36.29
5239,US-2015-166744,9/20/2015,9/24/2015,Tarif normal,DN-13690,Duane Noonan,Grand public,États-Unis,Columbia,Maryland,USCA - Est,TEC-AC-10003628,Produits technologiques,Accessoires,Logitech 910-002974 M325 Wireless Mouse for Web Scrolling,59.98,2,0,26.39
5254,US-2015-131982,3/7/2015,3/11/2015,J+2,NP-18685,Nora Pelletier,Bureau à domicile,États-Unis,Des Moines,Washington,USCA - Ouest,OFF-BI-10004224,Fournitures de bureau,Classeurs,Catalog Binders with Expanding Posts,107.65,2,0.2,33.64
5261,US-2015-105165,9/7/2015,9/10/2015,Prioritaire,SZ-20035,Sam Zeldin,Bureau à domicile,États-Unis,Houston,Texas,USCA - Centre,TEC-PH-10000675,Produits technologiques,Téléphones,Panasonic KX TS3282B Corded phone,196.78,3,0.2,14.76
5262,US-2015-105165,9/7/2015,9/10/2015,Prioritaire,SZ-20035,Sam Zeldin,Bureau à domicile,États-Unis,Houston,Texas,USCA - Centre,OFF-BI-10000050,Fournitures de bureau,Classeurs,"Angle-D Binders with Locking Rings, Label Holders",2.92,2,0.8,-4.82
5263,US-2015-105165,9/7/2015,9/10/2015,Prioritaire,SZ-20035,Sam Zeldin,Bureau à domicile,États-Unis,Houston,Texas,USCA - Centre,FUR-TA-10004154,Mobilier,Tables,"Riverside Furniture Oval Coffee Table, Oval End Table, End Table with Drawer",200.8,1,0.3,-22.95
5264,US-2015-105165,9/7/2015,9/10/2015,Prioritaire,SZ-20035,Sam Zeldin,Bureau à domicile,États-Unis,Houston,Texas,USCA - Centre,TEC-AC-10002718,Produits technologiques,Accessoires,Belkin Standard 104 key USB Keyboard,46.69,4,0.2,-2.92
5265,US-2015-105165,9/7/2015,9/10/2015,Prioritaire,SZ-20035,Sam Zeldin,Bureau à domicile,États-Unis,Houston,Texas,USCA - Centre,OFF-AR-10003179,Fournitures de bureau,Art,Dixon Ticonderoga Core-Lock Colored Pencils,21.86,3,0.2,3.55
5278,US-2015-113859,9/13/2015,9/17/2015,Tarif normal,BC-11125,Becky Castell,Bureau à domicile,États-Unis,Odessa,Texas,USCA - Centre,FUR-CH-10004698,Mobilier,Chaises,"Padded Folding Chairs, Black, 4/Carton",340.12,6,0.3,-9.72
5279,US-2015-159681,12/7/2015,12/13/2015,Tarif normal,PO-18850,Patrick O'Brill,Grand public,États-Unis,Virginia Beach,Virginie,USCA - Sud,OFF-PA-10003641,Fournitures de bureau,Papier,Xerox 1909,105.52,4,0,48.54
5284,US-2015-133424,3/30/2015,4/4/2015,Tarif normal,Dl-13600,Dorris liebe,Entreprise,États-Unis,Seattle,Washington,USCA - Ouest,OFF-ST-10002957,Fournitures de bureau,Stockage,Sterilite Show Offs Storage Containers,15.84,3,0,0
5285,US-2015-133424,3/30/2015,4/4/2015,Tarif normal,Dl-13600,Dorris liebe,Entreprise,États-Unis,Seattle,Washington,USCA - Ouest,OFF-LA-10002312,Fournitures de bureau,Étiquettes,Avery 490,44.4,3,0,22.2
5290,US-2015-146283,9/8/2015,9/15/2015,Tarif normal,KT-16465,Kean Takahito,Grand public,États-Unis,Houston,Texas,USCA - Centre,OFF-PA-10002259,Fournitures de bureau,Papier,"Geographics Note Cards, Blank, White, 8 1/2"" x 11""",17.9,2,0.2,6.27
5291,US-2015-146283,9/8/2015,9/15/2015,Tarif normal,KT-16465,Kean Takahito,Grand public,États-Unis,Houston,Texas,USCA - Centre,FUR-CH-10004287,Mobilier,Chaises,SAFCO Arco Folding Chair,966.7,5,0.3,-13.81
5292,US-2015-146283,9/8/2015,9/15/2015,Tarif normal,KT-16465,Kean Takahito,Grand public,États-Unis,Houston,Texas,USCA - Centre,OFF-PA-10000482,Fournitures de bureau,Papier,"Snap-A-Way Black Print Carbonless Ruled Speed Letter, Triplicate",182.11,6,0.2,61.46
5304,US-2015-139500,11/16/2015,11/20/2015,Tarif normal,AB-10165,Alan Barnes,Grand public,États-Unis,Decatur,Illinois,USCA - Centre,FUR-CH-10002017,Mobilier,Chaises,SAFCO Optional Arm Kit for Workspace Cribbage Stacking Chair,37.3,2,0.3,-1.07
5305,US-2015-166310,9/21/2015,9/23/2015,Prioritaire,JS-15940,Joni Sundaresam,Bureau à domicile,États-Unis,Garland,Texas,USCA - Centre,FUR-FU-10001546,Mobilier,Meubles,Dana Swing-Arm Lamps,8.54,2,0.6,-7.48
5328,US-2015-130813,1/6/2015,1/8/2015,J+2,LS-17230,Lycoris Saunders,Grand public,États-Unis,Los Angeles,Californie,USCA - Ouest,OFF-PA-10002005,Fournitures de bureau,Papier,Xerox 225,19.44,3,0,9.33
5334,US-2015-103331,8/26/2015,9/1/2015,Tarif normal,KB-16315,Karl Braun,Grand public,États-Unis,Newark,Delaware,USCA - Est,FUR-FU-10001731,Mobilier,Meubles,Acrylic Self-Standing Desk Frames,10.68,4,0,4.06
5335,US-2015-103331,8/26/2015,9/1/2015,Tarif normal,KB-16315,Karl Braun,Grand public,États-Unis,Newark,Delaware,USCA - Est,OFF-PA-10002160,Fournitures de bureau,Papier,Xerox 1978,17.34,3,0,8.5
5336,US-2015-103331,8/26/2015,9/1/2015,Tarif normal,KB-16315,Karl Braun,Grand public,États-Unis,Newark,Delaware,USCA - Est,OFF-PA-10002659,Fournitures de bureau,Papier,Avoid Verbal Orders Carbonless Minifold Book,3.38,1,0,1.55
5343,US-2015-168501,11/21/2015,11/27/2015,Tarif normal,JK-15325,Jason Klamczynski,Entreprise,États-Unis,Dallas,Texas,USCA - Centre,OFF-EN-10001509,Fournitures de bureau,Enveloppes,Poly String Tie Envelopes,1.63,1,0.2,0.55
5344,US-2015-168501,11/21/2015,11/27/2015,Tarif normal,JK-15325,Jason Klamczynski,Entreprise,États-Unis,Dallas,Texas,USCA - Centre,TEC-PH-10004922,Produits technologiques,Téléphones,RCA Visys Integrated PBX 8-Line Router,267.96,5,0.2,16.75
5355,US-2015-113768,5/13/2015,5/19/2015,Tarif normal,AH-10030,Aaron Hawkins,Entreprise,États-Unis,Los Angeles,Californie,USCA - Ouest,FUR-CH-10002439,Mobilier,Chaises,"Iceberg Nesting Folding Chair, 19w x 6d x 43h",279.46,6,0.2,20.96
5356,US-2015-113768,5/13/2015,5/19/2015,Tarif normal,AH-10030,Aaron Hawkins,Entreprise,États-Unis,Los Angeles,Californie,USCA - Ouest,OFF-PA-10003063,Fournitures de bureau,Papier,EcoTones Memo Sheets,8,2,0,3.84
5358,US-2015-150490,8/5/2015,8/11/2015,Tarif normal,SS-20590,Sonia Sunley,Grand public,États-Unis,San Francisco,Californie,USCA - Ouest,TEC-AC-10004510,Produits technologiques,Accessoires,Logitech Desktop MK120 Mouse and keyboard Combo,16.36,1,0,1.64
5359,US-2015-150490,8/5/2015,8/11/2015,Tarif normal,SS-20590,Sonia Sunley,Grand public,États-Unis,San Francisco,Californie,USCA - Ouest,OFF-ST-10000321,Fournitures de bureau,Stockage,Akro Stacking Bins,15.78,2,0,0.63
5360,US-2015-150490,8/5/2015,8/11/2015,Tarif normal,SS-20590,Sonia Sunley,Grand public,États-Unis,San Francisco,Californie,USCA - Ouest,OFF-AR-10004602,Fournitures de bureau,Art,Boston KS Multi-Size Manual Pencil Sharpener,45.98,2,0,12.87
5365,US-2015-123477,1/18/2015,1/21/2015,J+2,DW-13195,David Wiener,Entreprise,États-Unis,Springfield,Oregon,USCA - Ouest,OFF-AP-10000692,Fournitures de bureau,Électroménager,Fellowes Mighty 8 Compact Surge Protector,64.86,4,0.2,6.49
5378,US-2015-125542,12/5/2015,12/7/2015,Prioritaire,NB-18655,Nona Balk,Entreprise,États-Unis,Philadelphia,Pennsylvanie,USCA - Est,OFF-EN-10000056,Fournitures de bureau,Enveloppes,Cameo Buff Policy Envelopes,348.49,7,0.2,117.61
5379,US-2015-125542,12/5/2015,12/7/2015,Prioritaire,NB-18655,Nona Balk,Entreprise,États-Unis,Philadelphia,Pennsylvanie,USCA - Est,OFF-ST-10001469,Fournitures de bureau,Stockage,Fellowes Bankers Box Recycled Super Stor/Drawer,172.74,4,0.2,-30.23
5392,US-2015-123183,11/19/2015,11/25/2015,Tarif normal,GR-14560,Georgia Rosenberg,Entreprise,États-Unis,Wilmington,Delaware,USCA - Est,OFF-LA-10002787,Fournitures de bureau,Étiquettes,Avery 480,22.5,6,0,10.8
5393,US-2015-123183,11/19/2015,11/25/2015,Tarif normal,GR-14560,Georgia Rosenberg,Entreprise,États-Unis,Wilmington,Delaware,USCA - Est,OFF-LA-10001569,Fournitures de bureau,Étiquettes,Avery 499,9.96,2,0,4.58
5394,US-2015-123183,11/19/2015,11/25/2015,Tarif normal,GR-14560,Georgia Rosenberg,Entreprise,États-Unis,Wilmington,Delaware,USCA - Est,OFF-BI-10002429,Fournitures de bureau,Classeurs,"Premier Elliptical Ring Binder, Black",213.08,7,0,102.28
5395,US-2015-123183,11/19/2015,11/25/2015,Tarif normal,GR-14560,Georgia Rosenberg,Entreprise,États-Unis,Wilmington,Delaware,USCA - Est,FUR-BO-10000362,Mobilier,Bibliothèques,Sauder Inglewood Library Bookcases,1025.88,6,0,235.95
5396,US-2015-104829,11/18/2015,11/21/2015,J+2,JG-15805,John Grady,Entreprise,États-Unis,Provo,Utah,USCA - Ouest,OFF-PA-10003016,Fournitures de bureau,Papier,"Adams ""While You Were Out"" Message Pads",21.98,7,0,9.89
5418,US-2015-132542,10/6/2015,10/8/2015,J+2,AM-10360,Alice McCarthy,Entreprise,États-Unis,Omaha,Nebraska,USCA - Centre,OFF-BI-10004099,Fournitures de bureau,Classeurs,GBC VeloBinder Strips,15.36,2,0,7.68
5430,US-2015-136861,9/5/2015,9/7/2015,Prioritaire,PR-18880,Patrick Ryan,Grand public,États-Unis,Saint Petersburg,Floride,USCA - Sud,FUR-FU-10001967,Mobilier,Meubles,Telescoping Adjustable Floor Lamp,31.98,2,0.2,2
5437,US-2015-103317,7/5/2015,7/8/2015,Prioritaire,DM-13525,Don Miller,Entreprise,États-Unis,Palm Coast,Floride,USCA - Sud,FUR-FU-10001591,Mobilier,Meubles,Advantus Panel Wall Certificate Holder - 8.5x11,19.52,2,0.2,5.37
5438,US-2015-103317,7/5/2015,7/8/2015,Prioritaire,DM-13525,Don Miller,Entreprise,États-Unis,Palm Coast,Floride,USCA - Sud,OFF-BI-10001787,Fournitures de bureau,Classeurs,Wilson Jones Four-Pocket Poly Binders,9.81,5,0.7,-6.87
5439,US-2015-103317,7/5/2015,7/8/2015,Prioritaire,DM-13525,Don Miller,Entreprise,États-Unis,Palm Coast,Floride,USCA - Sud,FUR-FU-10003192,Mobilier,Meubles,Luxo Adjustable Task Clamp Lamp,213.22,3,0.2,15.99
5449,US-2015-119081,9/12/2015,9/19/2015,Tarif normal,TA-21385,Tom Ashbrook,Bureau à domicile,États-Unis,Olathe,Kansas,USCA - Centre,OFF-SU-10000157,Fournitures de bureau,Fournitures,Compact Automatic Electric Letter Opener,357.93,3,0,7.16
5450,US-2015-119081,9/12/2015,9/19/2015,Tarif normal,TA-21385,Tom Ashbrook,Bureau à domicile,États-Unis,Olathe,Kansas,USCA - Centre,TEC-AC-10001542,Produits technologiques,Accessoires,SanDisk Cruzer 16 GB USB Flash Drive,57.4,5,0,10.91
5451,US-2015-119081,9/12/2015,9/19/2015,Tarif normal,TA-21385,Tom Ashbrook,Bureau à domicile,États-Unis,Olathe,Kansas,USCA - Centre,OFF-BI-10004519,Fournitures de bureau,Classeurs,GBC DocuBind P100 Manual Binding Machine,331.96,2,0,149.38
5452,US-2015-119081,9/12/2015,9/19/2015,Tarif normal,TA-21385,Tom Ashbrook,Bureau à domicile,États-Unis,Olathe,Kansas,USCA - Centre,FUR-FU-10003464,Mobilier,Meubles,"Seth Thomas 8 1/2"" Cubicle Clock",40.56,2,0,12.98
5461,US-2015-107405,3/21/2015,3/25/2015,Tarif normal,TS-21205,Thomas Seio,Entreprise,États-Unis,Asheville,Caroline du Nord,USCA - Sud,OFF-ST-10002301,Fournitures de bureau,Stockage,Tennsco Commercial Shelving,16.27,1,0.2,-3.86
5463,US-2015-146591,1/19/2015,1/20/2015,Prioritaire,TS-21340,Toby Swindell,Grand public,États-Unis,Scottsdale,Arizona,USCA - Ouest,OFF-BI-10003676,Fournitures de bureau,Classeurs,"GBC Standard Recycled Report Covers, Clear Plastic Sheets",32.34,10,0.7,-23.72
5464,US-2015-146591,1/19/2015,1/20/2015,Prioritaire,TS-21340,Toby Swindell,Grand public,États-Unis,Scottsdale,Arizona,USCA - Ouest,OFF-PA-10000659,Fournitures de bureau,Papier,"TOPS Carbonless Receipt Book, Four 2-3/4 x 7-1/4 Money Receipts per Page",56.06,4,0.2,19.62
5465,US-2015-146591,1/19/2015,1/20/2015,Prioritaire,TS-21340,Toby Swindell,Grand public,États-Unis,Scottsdale,Arizona,USCA - Ouest,OFF-EN-10002504,Fournitures de bureau,Enveloppes,"Tyvek  Top-Opening Peel & Seel Envelopes, Plain White",108.72,5,0.2,36.69
5466,US-2015-146591,1/19/2015,1/20/2015,Prioritaire,TS-21340,Toby Swindell,Grand public,États-Unis,Scottsdale,Arizona,USCA - Ouest,FUR-BO-10001972,Mobilier,Bibliothèques,O'Sullivan 4-Shelf Bookcase in Odessa Pine,181.47,5,0.7,-320.6
5467,US-2015-107706,2/14/2015,2/19/2015,J+2,ST-20530,Shui Tom,Grand public,États-Unis,Houston,Texas,USCA - Centre,OFF-PA-10000466,Fournitures de bureau,Papier,"Memo Book, 100 Message Capacity, 5 3/8” x 11”",16.18,3,0.2,6.07
5469,US-2015-132451,9/26/2015,9/27/2015,Prioritaire,KF-16285,Karen Ferguson,Bureau à domicile,États-Unis,San Diego,Californie,USCA - Ouest,FUR-CH-10000454,Mobilier,Chaises,"Hon Deluxe Fabric Upholstered Stacking Chairs, Rounded Back",585.55,3,0.2,73.19
5470,US-2015-132451,9/26/2015,9/27/2015,Prioritaire,KF-16285,Karen Ferguson,Bureau à domicile,États-Unis,San Diego,Californie,USCA - Ouest,OFF-PA-10004888,Fournitures de bureau,Papier,Xerox 217,19.44,3,0,9.33
5480,US-2015-101770,3/31/2015,4/4/2015,Tarif normal,KB-16240,Karen Bern,Entreprise,États-Unis,Miami,Floride,USCA - Sud,OFF-BI-10001097,Fournitures de bureau,Classeurs,Avery Hole Reinforcements,1.87,1,0.7,-1.31
5486,US-2015-107573,12/12/2015,12/17/2015,Tarif normal,PB-19150,Philip Brown,Grand public,États-Unis,Miami,Floride,USCA - Sud,OFF-EN-10001099,Fournitures de bureau,Enveloppes,Staple envelope,23.47,3,0.2,7.63
5493,US-2015-105249,11/28/2015,11/28/2015,Le même jour,DH-13675,Duane Huffman,Bureau à domicile,États-Unis,San Francisco,Californie,USCA - Ouest,OFF-SU-10001225,Fournitures de bureau,Fournitures,Staple remover,7.36,2,0,0.15
5494,US-2015-105249,11/28/2015,11/28/2015,Le même jour,DH-13675,Duane Huffman,Bureau à domicile,États-Unis,San Francisco,Californie,USCA - Ouest,OFF-LA-10002043,Fournitures de bureau,Étiquettes,Avery 489,41.4,4,0,19.87
5495,US-2015-105249,11/28/2015,11/28/2015,Le même jour,DH-13675,Duane Huffman,Bureau à domicile,États-Unis,San Francisco,Californie,USCA - Ouest,FUR-BO-10000330,Mobilier,Bibliothèques,"Sauder Camden County Barrister Bookcase, Planked Cherry Finish",411.33,4,0.2,-4.84
5512,US-2015-137680,2/24/2015,3/2/2015,Tarif normal,JH-15430,Jennifer Halladay,Grand public,États-Unis,Medford,Oregon,USCA - Ouest,OFF-PA-10000174,Fournitures de bureau,Papier,"Message Book, Wirebound, Four 5 1/2"" X 4"" Forms/Pg., 200 Dupl. Sets/Book",32.9,4,0.2,11.1
5513,US-2015-137680,2/24/2015,3/2/2015,Tarif normal,JH-15430,Jennifer Halladay,Grand public,États-Unis,Medford,Oregon,USCA - Ouest,OFF-PA-10000069,Fournitures de bureau,Papier,"TOPS 4 x 6 Fluorescent Color Memo Sheets, 500 Sheets per Pack",22.78,3,0.2,7.69
5549,US-2015-159800,11/28/2015,12/1/2015,Prioritaire,SG-20470,Sheri Gordon,Grand public,États-Unis,San Francisco,Californie,USCA - Ouest,OFF-AP-10004859,Fournitures de bureau,Électroménager,Acco 6 Outlet Guardian Premium Surge Suppressor,43.68,3,0,11.79
5550,US-2015-159800,11/28/2015,12/1/2015,Prioritaire,SG-20470,Sheri Gordon,Grand public,États-Unis,San Francisco,Californie,USCA - Ouest,TEC-AC-10003447,Produits technologiques,Accessoires,Micropad Numeric Keypads,139.93,7,0,34.98
5551,US-2015-159618,11/12/2015,11/16/2015,Tarif normal,DB-12970,Darren Budd,Entreprise,États-Unis,Houston,Texas,USCA - Centre,OFF-AR-10003183,Fournitures de bureau,Art,Avery Fluorescent Highlighter Four-Color Set,2.67,1,0.2,0.33
5552,US-2015-159618,11/12/2015,11/16/2015,Tarif normal,DB-12970,Darren Budd,Entreprise,États-Unis,Houston,Texas,USCA - Centre,OFF-SU-10000432,Fournitures de bureau,Fournitures,Acco Side-Punched Conventional Columnar Pads,16.66,6,0.2,-3.12
5553,US-2015-159618,11/12/2015,11/16/2015,Tarif normal,DB-12970,Darren Budd,Entreprise,États-Unis,Houston,Texas,USCA - Centre,TEC-AC-10003832,Produits technologiques,Accessoires,Imation 16GB Mini TravelDrive USB 2.0 Flash Drive,79.51,3,0.2,20.87
5554,US-2015-159618,11/12/2015,11/16/2015,Tarif normal,DB-12970,Darren Budd,Entreprise,États-Unis,Houston,Texas,USCA - Centre,OFF-PA-10004100,Fournitures de bureau,Papier,Xerox 216,36.29,7,0.2,12.7
5555,US-2015-159618,11/12/2015,11/16/2015,Tarif normal,DB-12970,Darren Budd,Entreprise,États-Unis,Houston,Texas,USCA - Centre,FUR-BO-10004467,Mobilier,Bibliothèques,Bestar Classic Bookcase,67.99,1,0.3,-13
5572,US-2015-151162,12/5/2015,12/9/2015,Tarif normal,EA-14035,Erin Ashbrook,Entreprise,États-Unis,Columbus,Ohio,USCA - Est,OFF-PA-10001033,Fournitures de bureau,Papier,Xerox 1893,98.38,3,0.2,35.66
5573,US-2015-151162,12/5/2015,12/9/2015,Tarif normal,EA-14035,Erin Ashbrook,Entreprise,États-Unis,Columbus,Ohio,USCA - Est,OFF-BI-10003719,Fournitures de bureau,Classeurs,Large Capacity Hanging Post Binders,29.94,4,0.7,-23.95
5574,US-2015-151162,12/5/2015,12/9/2015,Tarif normal,EA-14035,Erin Ashbrook,Entreprise,États-Unis,Columbus,Ohio,USCA - Est,OFF-PA-10003036,Fournitures de bureau,Papier,"Black Print Carbonless 8 1/2"" x 8 1/4"" Rapid Memo Book",17.47,3,0.2,5.68
5575,US-2015-151162,12/5/2015,12/9/2015,Tarif normal,EA-14035,Erin Ashbrook,Entreprise,États-Unis,Columbus,Ohio,USCA - Est,TEC-PH-10001870,Produits technologiques,Téléphones,Lunatik TT5L-002 Taktik Strike Impact Protection System for iPhone 5,36.74,1,0.4,-9.18
5576,US-2015-151162,12/5/2015,12/9/2015,Tarif normal,EA-14035,Erin Ashbrook,Entreprise,États-Unis,Columbus,Ohio,USCA - Est,TEC-PH-10001809,Produits technologiques,Téléphones,Panasonic KX T7736-B Digital phone,179.94,2,0.4,-44.99
5584,US-2015-116673,12/15/2015,12/19/2015,J+2,JO-15280,Jas O'Carroll,Grand public,États-Unis,San Diego,Californie,USCA - Ouest,FUR-FU-10003829,Mobilier,Meubles,Stackable Trays,6.16,2,0,1.97
5589,US-2015-168158,7/19/2015,7/24/2015,Tarif normal,EM-14140,Eugene Moren,Bureau à domicile,États-Unis,Great Falls,Montana,USCA - Ouest,OFF-BI-10001759,Fournitures de bureau,Classeurs,"Acco Pressboard Covers with Storage Hooks, 14 7/8"" x 11"", Dark Blue",6.1,2,0.2,2.21
5592,US-2015-164742,10/13/2015,10/18/2015,J+2,ML-17395,Marina Lichtenstein,Entreprise,États-Unis,Lakewood,New Jersey,USCA - Est,FUR-CH-10002880,Mobilier,Chaises,"Global High-Back Leather Tilter, Burgundy",245.98,2,0,27.06
5593,US-2015-164742,10/13/2015,10/18/2015,J+2,ML-17395,Marina Lichtenstein,Entreprise,États-Unis,Lakewood,New Jersey,USCA - Est,OFF-BI-10004738,Fournitures de bureau,Classeurs,Flexible Leather- Look Classic Collection Ring Binder,18.94,1,0,9.47
5600,US-2015-108903,10/3/2015,10/3/2015,Le même jour,DO-13435,Denny Ordway,Grand public,États-Unis,Columbus,Ohio,USCA - Est,OFF-AR-10004010,Fournitures de bureau,Art,Hunt Boston Vacuum Mount KS Pencil Sharpener,55.98,2,0.2,4.2
5601,US-2015-108903,10/3/2015,10/3/2015,Le même jour,DO-13435,Denny Ordway,Grand public,États-Unis,Columbus,Ohio,USCA - Est,OFF-EN-10004030,Fournitures de bureau,Enveloppes,Convenience Packs of Business Envelopes,14.48,5,0.2,4.89
5602,US-2015-108903,10/3/2015,10/3/2015,Le même jour,DO-13435,Denny Ordway,Grand public,États-Unis,Columbus,Ohio,USCA - Est,TEC-AC-10003023,Produits technologiques,Accessoires,Logitech G105 Gaming Keyboard,142.49,3,0.2,-3.56
5626,US-2015-126683,9/29/2015,10/1/2015,J+2,PP-18955,Paul Prost,Bureau à domicile,États-Unis,Seattle,Washington,USCA - Ouest,FUR-FU-10001706,Mobilier,Meubles,Longer-Life Soft White Bulbs,6.16,2,0,2.96
5627,US-2015-126683,9/29/2015,10/1/2015,J+2,PP-18955,Paul Prost,Bureau à domicile,États-Unis,Seattle,Washington,USCA - Ouest,FUR-TA-10002958,Mobilier,Tables,"Bevis Oval Conference Table, Walnut",2348.82,9,0,399.3
5631,US-2015-127614,2/11/2015,2/15/2015,Tarif normal,NF-18385,Natalie Fritzler,Grand public,États-Unis,Chesapeake,Virginie,USCA - Sud,TEC-AC-10001432,Produits technologiques,Accessoires,Enermax Aurora Lite Keyboard,234.45,3,0,103.16
5632,US-2015-127614,2/11/2015,2/15/2015,Tarif normal,NF-18385,Natalie Fritzler,Grand public,États-Unis,Chesapeake,Virginie,USCA - Sud,FUR-TA-10003715,Mobilier,Tables,Hon 2111 Invitation Series Corner Table,1256.22,6,0,75.37
5633,US-2015-127614,2/11/2015,2/15/2015,Tarif normal,NF-18385,Natalie Fritzler,Grand public,États-Unis,Chesapeake,Virginie,USCA - Sud,OFF-BI-10003291,Fournitures de bureau,Classeurs,Wilson Jones Leather-Like Binders with DublLock Round Rings,17.46,2,0,8.21
5639,US-2015-154893,12/21/2015,12/27/2015,Tarif normal,GM-14440,Gary McGarr,Grand public,États-Unis,San Diego,Californie,USCA - Ouest,FUR-CH-10004287,Mobilier,Chaises,SAFCO Arco Folding Chair,1325.76,6,0.2,149.15
5640,US-2015-154893,12/21/2015,12/27/2015,Tarif normal,GM-14440,Gary McGarr,Grand public,États-Unis,San Diego,Californie,USCA - Ouest,FUR-CH-10000595,Mobilier,Chaises,Safco Contoured Stacking Chairs,572.16,3,0.2,35.76
5641,US-2015-147900,9/23/2015,9/28/2015,Tarif normal,JK-15640,Jim Kriz,Bureau à domicile,États-Unis,Lakewood,Ohio,USCA - Est,OFF-PA-10003063,Fournitures de bureau,Papier,EcoTones Memo Sheets,28.8,9,0.2,10.08
5654,US-2015-134187,11/4/2015,11/11/2015,Tarif normal,TH-21235,Tiffany House,Entreprise,États-Unis,Long Beach,Californie,USCA - Ouest,OFF-AR-10000940,Fournitures de bureau,Art,Newell 343,2.94,1,0,0.79
5676,US-2015-135993,5/28/2015,6/2/2015,Tarif normal,PJ-18835,Patrick Jones,Entreprise,États-Unis,Seattle,Washington,USCA - Ouest,TEC-PH-10001552,Produits technologiques,Téléphones,I Need's 3d Hello Kitty Hybrid Silicone Case Cover for HTC One X 4g with 3d Hello Kitty Stylus Pen Green/pink,57.41,6,0.2,5.74
5677,US-2015-135993,5/28/2015,6/2/2015,Tarif normal,PJ-18835,Patrick Jones,Entreprise,États-Unis,Seattle,Washington,USCA - Ouest,TEC-AC-10004877,Produits technologiques,Accessoires,Imation 30456 USB Flash Drive 8GB,27.6,4,0,2.21
5678,US-2015-126802,12/29/2015,1/5/2016,Tarif normal,ZC-21910,Zuschuss Carroll,Grand public,États-Unis,Chicago,Illinois,USCA - Centre,FUR-FU-10000193,Mobilier,Meubles,Tenex Chairmats For Use with Hard Floors,38.98,3,0.6,-50.67
5683,US-2015-164315,4/2/2015,4/8/2015,Tarif normal,RD-19585,Rob Dowd,Grand public,États-Unis,Athens,Géorgie,USCA - Sud,OFF-PA-10004248,Fournitures de bureau,Papier,Xerox 1990,15.84,3,0,7.13
5684,US-2015-164315,4/2/2015,4/8/2015,Tarif normal,RD-19585,Rob Dowd,Grand public,États-Unis,Athens,Géorgie,USCA - Sud,TEC-PH-10001128,Produits technologiques,Téléphones,Motorola Droid Maxx,1049.93,7,0,293.98
5685,US-2015-164315,4/2/2015,4/8/2015,Tarif normal,RD-19585,Rob Dowd,Grand public,États-Unis,Athens,Géorgie,USCA - Sud,OFF-AP-10003842,Fournitures de bureau,Électroménager,Euro-Pro Shark Turbo Vacuum,154.9,5,0,40.27
5687,US-2015-131541,7/28/2015,7/28/2015,Le même jour,CK-12205,Chloris Kastensmidt,Grand public,États-Unis,Apopka,Floride,USCA - Sud,OFF-FA-10000621,Fournitures de bureau,Éléments de fixation,"OIC Colored Binder Clips, Assorted Sizes",14.32,5,0.2,5.19
5688,US-2015-131541,7/28/2015,7/28/2015,Le même jour,CK-12205,Chloris Kastensmidt,Grand public,États-Unis,Apopka,Floride,USCA - Sud,FUR-FU-10003623,Mobilier,Meubles,"DataProducts Ampli Magnifier Task Lamp, Black,",129.89,6,0.2,12.99
5689,US-2015-131541,7/28/2015,7/28/2015,Le même jour,CK-12205,Chloris Kastensmidt,Grand public,États-Unis,Apopka,Floride,USCA - Sud,OFF-EN-10000781,Fournitures de bureau,Enveloppes,"#10- 4 1/8"" x 9 1/2"" Recycled Envelopes",48.94,7,0.2,16.52
5703,US-2015-123519,12/14/2015,12/21/2015,Tarif normal,SS-20875,Sung Shariari,Grand public,États-Unis,Marion,Ohio,USCA - Est,OFF-AR-10003829,Fournitures de bureau,Art,Newell 35,2.62,1,0.2,0.3
5704,US-2015-123519,12/14/2015,12/21/2015,Tarif normal,SS-20875,Sung Shariari,Grand public,États-Unis,Marion,Ohio,USCA - Est,FUR-TA-10002645,Mobilier,Tables,Hon Rectangular Conference Tables,136.53,1,0.4,-52.34
5705,US-2015-123519,12/14/2015,12/21/2015,Tarif normal,SS-20875,Sung Shariari,Grand public,États-Unis,Marion,Ohio,USCA - Est,TEC-AC-10003033,Produits technologiques,Accessoires,Plantronics CS510 - Over-the-Head monaural Wireless Headset System,263.96,1,0.2,42.89
5706,US-2015-155593,11/3/2015,11/8/2015,Tarif normal,RP-19390,Resi Pölking,Grand public,États-Unis,Fairfield,Connecticut,USCA - Est,OFF-SU-10002522,Fournitures de bureau,Fournitures,Acme Kleen Earth Office Shears,11.64,3,0,3.38
5714,US-2015-143707,3/1/2015,3/5/2015,Tarif normal,HR-14770,Hallie Redmond,Bureau à domicile,États-Unis,New York City,New York,USCA - Est,TEC-PH-10003655,Produits technologiques,Téléphones,Sannysis Cute Owl Design Soft Skin Case Cover for Samsung Galaxy S4,5.94,3,0,1.6
5725,US-2015-103191,9/22/2015,9/27/2015,Tarif normal,VG-21805,Vivek Grady,Entreprise,États-Unis,Chicago,Illinois,USCA - Centre,OFF-ST-10002574,Fournitures de bureau,Stockage,"SAFCO Commercial Wire Shelving, Black",331.54,3,0.2,-82.88
5736,US-2015-111773,6/29/2015,7/3/2015,Tarif normal,JK-15625,Jim Karlsson,Grand public,États-Unis,New York City,New York,USCA - Est,OFF-BI-10000174,Fournitures de bureau,Classeurs,"Wilson Jones Clip & Carry Folder Binder Tool for Ring Binders, Clear",13.92,3,0.2,4.87
5737,US-2015-148614,1/20/2015,1/25/2015,Tarif normal,MV-17485,Mark Van Huff,Grand public,États-Unis,Los Angeles,Californie,USCA - Ouest,OFF-PA-10002893,Fournitures de bureau,Papier,"Wirebound Service Call Books, 5 1/2"" x 4""",19.36,2,0,9.29
5738,US-2015-148614,1/20/2015,1/25/2015,Tarif normal,MV-17485,Mark Van Huff,Grand public,États-Unis,Los Angeles,Californie,USCA - Ouest,FUR-FU-10003194,Mobilier,Meubles,"Eldon Expressions Desk Accessory, Wood Pencil Holder, Oak",19.3,2,0,5.79
5751,US-2015-145800,5/30/2015,6/5/2015,Tarif normal,SS-20410,Shahid Shariari,Grand public,États-Unis,Buffalo Grove,Illinois,USCA - Centre,FUR-TA-10001539,Mobilier,Tables,Chromcraft Rectangular Conference Tables,355.46,3,0.5,-184.84
5756,US-2015-163748,10/14/2015,10/18/2015,Tarif normal,HG-15025,Hunter Glantz,Grand public,États-Unis,Fort Worth,Texas,USCA - Centre,OFF-AP-10004052,Fournitures de bureau,Électroménager,"Hoover Replacement Belts For Soft Guard & Commercial Ltweight Upright Vacs, 2/Pk",3.16,4,0.8,-8.53
5757,US-2015-163748,10/14/2015,10/18/2015,Tarif normal,HG-15025,Hunter Glantz,Grand public,États-Unis,Fort Worth,Texas,USCA - Centre,TEC-CO-10002095,Produits technologiques,Photocopieurs,Hewlett Packard 610 Color Digital Copier / Printer,1999.96,5,0.2,624.99
5766,US-2015-126340,11/8/2015,11/14/2015,Tarif normal,EB-13870,Emily Burns,Grand public,États-Unis,Redding,Californie,USCA - Ouest,TEC-PH-10004447,Produits technologiques,Téléphones,Toshiba IPT2010-SD IP Telephone,333.58,3,0.2,25.02
5779,US-2015-105270,11/11/2015,11/18/2015,Tarif normal,AP-10915,Arthur Prichep,Grand public,États-Unis,Los Angeles,Californie,USCA - Ouest,OFF-AR-10003156,Fournitures de bureau,Art,50 Colored Long Pencils,30.48,3,0,7.92
5780,US-2015-105270,11/11/2015,11/18/2015,Tarif normal,AP-10915,Arthur Prichep,Grand public,États-Unis,Los Angeles,Californie,USCA - Ouest,FUR-CH-10000988,Mobilier,Chaises,Hon Olson Stacker Stools,112.65,1,0.2,11.26
5796,US-2015-124856,9/29/2015,10/3/2015,J+2,LD-17005,Lisa DeCherney,Grand public,États-Unis,New York City,New York,USCA - Est,OFF-ST-10002615,Fournitures de bureau,Stockage,"Dual Level, Single-Width Filing Carts",1395.54,9,0,362.84
5797,US-2015-124856,9/29/2015,10/3/2015,J+2,LD-17005,Lisa DeCherney,Grand public,États-Unis,New York City,New York,USCA - Est,FUR-FU-10000521,Mobilier,Meubles,"Seth Thomas 14"" Putty-Colored Wall Clock",117.36,4,0,36.38
5798,US-2015-124856,9/29/2015,10/3/2015,J+2,LD-17005,Lisa DeCherney,Grand public,États-Unis,New York City,New York,USCA - Est,OFF-LA-10000121,Fournitures de bureau,Étiquettes,Avery 48,18.9,3,0,8.69
5799,US-2015-124856,9/29/2015,10/3/2015,J+2,LD-17005,Lisa DeCherney,Grand public,États-Unis,New York City,New York,USCA - Est,OFF-PA-10001289,Fournitures de bureau,Papier,White Computer Printout Paper by Universal,77.52,2,0,37.98
5800,US-2015-166716,8/20/2015,8/25/2015,J+2,CR-12730,Craig Reiter,Grand public,États-Unis,Chicago,Illinois,USCA - Centre,FUR-CH-10004495,Mobilier,Chaises,"Global Leather and Oak Executive Chair, Black",421.37,2,0.3,-6.02
5801,US-2015-123225,7/11/2015,7/14/2015,Prioritaire,MN-17935,Michael Nguyen,Grand public,États-Unis,El Paso,Texas,USCA - Centre,TEC-PH-10000895,Produits technologiques,Téléphones,Polycom VVX 310 VoIP phone,575.97,4,0.2,43.2
5802,US-2015-123225,7/11/2015,7/14/2015,Prioritaire,MN-17935,Michael Nguyen,Grand public,États-Unis,El Paso,Texas,USCA - Centre,OFF-PA-10000552,Fournitures de bureau,Papier,Xerox 200,10.37,2,0.2,3.63
5816,US-2015-124730,11/26/2015,11/26/2015,Le même jour,LS-17245,Lynn Smith,Grand public,États-Unis,Utica,New York,USCA - Est,TEC-PH-10002170,Produits technologiques,Téléphones,ClearSounds CSC500 Amplified Spirit Phone Corded phone,279.96,4,0,78.39
5817,US-2015-124730,11/26/2015,11/26/2015,Le même jour,LS-17245,Lynn Smith,Grand public,États-Unis,Utica,New York,USCA - Est,OFF-BI-10001078,Fournitures de bureau,Classeurs,"Acco PRESSTEX Data Binder with Storage Hooks, Dark Blue, 14 7/8"" X 11""",12.91,3,0.2,4.68
5818,US-2015-124730,11/26/2015,11/26/2015,Le même jour,LS-17245,Lynn Smith,Grand public,États-Unis,Utica,New York,USCA - Est,OFF-BI-10001031,Fournitures de bureau,Classeurs,Pressboard Data Binders by Wilson Jones,17.09,4,0.2,5.77
5819,US-2015-124730,11/26/2015,11/26/2015,Le même jour,LS-17245,Lynn Smith,Grand public,États-Unis,Utica,New York,USCA - Est,OFF-LA-10001158,Fournitures de bureau,Étiquettes,"Avery Address/Shipping Labels for Typewriters, 4"" x 2""",93.15,9,0,44.71
5820,US-2015-124730,11/26/2015,11/26/2015,Le même jour,LS-17245,Lynn Smith,Grand public,États-Unis,Utica,New York,USCA - Est,OFF-LA-10001613,Fournitures de bureau,Étiquettes,Avery File Folder Labels,11.52,4,0,5.64
5825,US-2015-115056,5/2/2015,5/2/2015,Le même jour,AR-10510,Andrew Roberts,Grand public,États-Unis,Columbus,Ohio,USCA - Est,OFF-AP-10003971,Fournitures de bureau,Électroménager,Belkin 6 Outlet Metallic Surge Strip,26.14,3,0.2,1.96
5854,US-2015-138835,9/10/2015,9/14/2015,Tarif normal,DA-13450,Dianna Arnett,Bureau à domicile,États-Unis,Virginia Beach,Virginie,USCA - Sud,OFF-BI-10003314,Fournitures de bureau,Classeurs,Tuff Stuff Recycled Round Ring Binders,9.64,2,0,4.72
5865,US-2015-117968,8/5/2015,8/7/2015,J+2,RS-19420,Ricardo Sperren,Entreprise,États-Unis,Meriden,Connecticut,USCA - Est,OFF-AP-10002765,Fournitures de bureau,Électroménager,Fellowes Advanced Computer Series Surge Protectors,79.47,3,0,22.25
5866,US-2015-117968,8/5/2015,8/7/2015,J+2,RS-19420,Ricardo Sperren,Entreprise,États-Unis,Meriden,Connecticut,USCA - Est,OFF-AR-10004165,Fournitures de bureau,Art,"Binney & Smith inkTank Erasable Pocket Highlighter, Chisel Tip, Yellow",4.56,2,0,2.01
5867,US-2015-117968,8/5/2015,8/7/2015,J+2,RS-19420,Ricardo Sperren,Entreprise,États-Unis,Meriden,Connecticut,USCA - Est,FUR-CH-10002335,Mobilier,Chaises,Hon GuestStacker Chair,1133.35,5,0,294.67
5877,CA-2015-152443,5/21/2015,5/26/2015,Tarif normal,FG-14260,Frank Gastineau,Bureau à domicile,Canada,Montréal,Québec,USCA - Est,OFF-BI-10001071,Fournitures de bureau,Classeurs,GBC ProClick Punch Binding System,447.86,7,0,219.45
5878,CA-2015-152443,5/21/2015,5/26/2015,Tarif normal,FG-14260,Frank Gastineau,Bureau à domicile,Canada,Montréal,Québec,USCA - Est,OFF-PA-10003022,Fournitures de bureau,Papier,Xerox 1992,17.94,3,0,8.79
5879,CA-2015-152443,5/21/2015,5/26/2015,Tarif normal,FG-14260,Frank Gastineau,Bureau à domicile,Canada,Montréal,Québec,USCA - Est,OFF-AP-10001293,Fournitures de bureau,Électroménager,Belkin 8 Outlet Surge Protector,245.88,6,0,68.85
5886,US-2015-109456,10/16/2015,10/17/2015,Le même jour,LS-17245,Lynn Smith,Grand public,États-Unis,San Francisco,Californie,USCA - Ouest,OFF-BI-10000136,Fournitures de bureau,Classeurs,Avery Non-Stick Heavy Duty View Round Locking Ring Binders,14.35,3,0.2,5.02
5887,US-2015-109456,10/16/2015,10/17/2015,Le même jour,LS-17245,Lynn Smith,Grand public,États-Unis,San Francisco,Californie,USCA - Ouest,TEC-AC-10003610,Produits technologiques,Accessoires,Logitech Illuminated - Keyboard,179.97,3,0,86.39
5896,US-2015-168305,11/1/2015,11/8/2015,Tarif normal,PL-18925,Paul Lucas,Bureau à domicile,États-Unis,Los Angeles,Californie,USCA - Ouest,OFF-LA-10003498,Fournitures de bureau,Étiquettes,Avery 475,44.4,3,0,22.2
5897,US-2015-168305,11/1/2015,11/8/2015,Tarif normal,PL-18925,Paul Lucas,Bureau à domicile,États-Unis,Los Angeles,Californie,USCA - Ouest,OFF-PA-10004947,Fournitures de bureau,Papier,Easy-staple paper,21.4,5,0,9.63
5913,US-2015-120432,8/24/2015,8/26/2015,J+2,DW-13585,Dorothy Wardle,Entreprise,États-Unis,Owensboro,Kentucky,USCA - Sud,OFF-SU-10004661,Fournitures de bureau,Fournitures,Acme Titanium Bonded Scissors,25.5,3,0,6.63
5927,US-2015-118997,4/8/2015,4/12/2015,Tarif normal,RA-19885,Ruben Ausman,Entreprise,États-Unis,Decatur,Alabama,USCA - Sud,FUR-TA-10001086,Mobilier,Tables,"SAFCO PlanMaster Boards, 60w x 37-1/2d, White Melamine",1215.92,8,0,316.14
5928,US-2015-114314,10/11/2015,10/15/2015,Tarif normal,DB-13555,Dorothy Badders,Entreprise,États-Unis,Fayetteville,Arkansas,USCA - Sud,OFF-LA-10000240,Fournitures de bureau,Étiquettes,Self-Adhesive Address Labels for Typewriters by Universal,7.31,1,0,3.44
5929,US-2015-114314,10/11/2015,10/15/2015,Tarif normal,DB-13555,Dorothy Badders,Entreprise,États-Unis,Fayetteville,Arkansas,USCA - Sud,FUR-FU-10002107,Mobilier,Meubles,Eldon Pizzaz Desk Accessories,8.92,4,0,3.92
5944,US-2015-104178,8/25/2015,8/29/2015,Tarif normal,JM-15265,Janet Molinari,Entreprise,États-Unis,Los Angeles,Californie,USCA - Ouest,FUR-FU-10000771,Mobilier,Meubles,"Eldon 200 Class Desk Accessories, Smoke",6.28,1,0,2.64
5945,US-2015-104178,8/25/2015,8/29/2015,Tarif normal,JM-15265,Janet Molinari,Entreprise,États-Unis,Los Angeles,Californie,USCA - Ouest,TEC-AC-10002399,Produits technologiques,Accessoires,SanDisk Cruzer 32 GB USB Flash Drive,95.1,5,0,30.43
5946,US-2015-104178,8/25/2015,8/29/2015,Tarif normal,JM-15265,Janet Molinari,Entreprise,États-Unis,Los Angeles,Californie,USCA - Ouest,OFF-PA-10004983,Fournitures de bureau,Papier,Xerox 23,25.92,4,0,12.44
5947,US-2015-104178,8/25/2015,8/29/2015,Tarif normal,JM-15265,Janet Molinari,Entreprise,États-Unis,Los Angeles,Californie,USCA - Ouest,OFF-ST-10004258,Fournitures de bureau,Stockage,Portable Personal File Box,48.84,4,0,13.19
5954,US-2015-105151,3/30/2015,3/31/2015,Prioritaire,SG-20890,Susan Gilcrest,Entreprise,États-Unis,New York City,New York,USCA - Est,OFF-AR-10001231,Fournitures de bureau,Art,"Sanford EarthWrite Recycled Pencils, Medium Soft, #2",10.5,5,0,2.94
5955,US-2015-155796,11/11/2015,11/15/2015,J+2,TS-21430,Tom Stivers,Entreprise,États-Unis,Reading,Pennsylvanie,USCA - Est,FUR-FU-10000409,Mobilier,Meubles,"GE 4 Foot Flourescent Tube, 40 Watt",23.97,2,0.2,7.79
5956,US-2015-155796,11/11/2015,11/15/2015,J+2,TS-21430,Tom Stivers,Entreprise,États-Unis,Reading,Pennsylvanie,USCA - Est,FUR-BO-10002545,Mobilier,Bibliothèques,"Atlantic Metals Mobile 3-Shelf Bookcases, Custom Colors",521.96,4,0.5,-250.54
5962,US-2015-140732,11/11/2015,11/13/2015,J+2,MA-17560,Matt Abelman,Bureau à domicile,États-Unis,Los Angeles,Californie,USCA - Ouest,TEC-PH-10001425,Produits technologiques,Téléphones,Mophie Juice Pack Helium for iPhone,575.93,9,0.2,57.59
5963,US-2015-140732,11/11/2015,11/13/2015,J+2,MA-17560,Matt Abelman,Bureau à domicile,États-Unis,Los Angeles,Californie,USCA - Ouest,OFF-AP-10001626,Fournitures de bureau,Électroménager,"Commercial WindTunnel Clean Air Upright Vacuum, Replacement Belts, Filtration Bags",7.78,2,0,2.02
5964,US-2015-140732,11/11/2015,11/13/2015,J+2,MA-17560,Matt Abelman,Bureau à domicile,États-Unis,Los Angeles,Californie,USCA - Ouest,OFF-PA-10003625,Fournitures de bureau,Papier,Xerox 1979,123.92,4,0,55.76
5969,US-2015-141726,7/20/2015,7/22/2015,Prioritaire,CC-12145,Charles Crestani,Grand public,États-Unis,San Diego,Californie,USCA - Ouest,OFF-PA-10000418,Fournitures de bureau,Papier,Xerox 189,104.85,1,0,50.33
5970,US-2015-141726,7/20/2015,7/22/2015,Prioritaire,CC-12145,Charles Crestani,Grand public,États-Unis,San Diego,Californie,USCA - Ouest,OFF-BI-10001982,Fournitures de bureau,Classeurs,Wilson Jones Custom Binder Spines & Labels,8.7,2,0.2,3.16
5971,US-2015-141726,7/20/2015,7/22/2015,Prioritaire,CC-12145,Charles Crestani,Grand public,États-Unis,San Diego,Californie,USCA - Ouest,OFF-PA-10002230,Fournitures de bureau,Papier,Xerox 1897,19.92,4,0,9.76
5972,US-2015-141726,7/20/2015,7/22/2015,Prioritaire,CC-12145,Charles Crestani,Grand public,États-Unis,San Diego,Californie,USCA - Ouest,FUR-FU-10003577,Mobilier,Meubles,Nu-Dell Leatherette Frames,43.02,3,0,15.49
5979,US-2015-117765,9/7/2015,9/13/2015,Tarif normal,RB-19465,Rick Bensley,Bureau à domicile,États-Unis,Tulsa,Oklahoma,USCA - Centre,FUR-TA-10001039,Mobilier,Tables,KI Adjustable-Height Table,429.9,5,0,111.77
5980,US-2015-117765,9/7/2015,9/13/2015,Tarif normal,RB-19465,Rick Bensley,Bureau à domicile,États-Unis,Tulsa,Oklahoma,USCA - Centre,OFF-BI-10000474,Fournitures de bureau,Classeurs,Avery Recycled Flexi-View Covers for Binding Systems,32.06,2,0,15.39
5981,US-2015-117765,9/7/2015,9/13/2015,Tarif normal,RB-19465,Rick Bensley,Bureau à domicile,États-Unis,Tulsa,Oklahoma,USCA - Centre,FUR-CH-10004698,Mobilier,Chaises,"Padded Folding Chairs, Black, 4/Carton",161.96,2,0,45.35
5982,US-2015-117765,9/7/2015,9/13/2015,Tarif normal,RB-19465,Rick Bensley,Bureau à domicile,États-Unis,Tulsa,Oklahoma,USCA - Centre,OFF-ST-10003327,Fournitures de bureau,Stockage,Akro-Mils 12-Gallon Tote,19.86,2,0,5.76
5999,US-2015-112991,12/10/2015,12/14/2015,Tarif normal,SH-19975,Sally Hughsby,Entreprise,États-Unis,Caldwell,Idaho,USCA - Ouest,FUR-CH-10001708,Mobilier,Chaises,Office Star - Contemporary Swivel Chair with Padded Adjustable Arms and Flex Back,338.35,3,0.2,4.23
6000,US-2015-112991,12/10/2015,12/14/2015,Tarif normal,SH-19975,Sally Hughsby,Entreprise,États-Unis,Caldwell,Idaho,USCA - Ouest,OFF-PA-10000019,Fournitures de bureau,Papier,Xerox 1931,25.92,4,0,12.44
6001,US-2015-112991,12/10/2015,12/14/2015,Tarif normal,SH-19975,Sally Hughsby,Entreprise,États-Unis,Caldwell,Idaho,USCA - Ouest,OFF-PA-10002222,Fournitures de bureau,Papier,"Xerox Color Copier Paper, 11"" x 17"", Ream",91.36,4,0,42.03
6002,US-2015-124079,12/13/2015,12/17/2015,Tarif normal,RF-19345,Randy Ferguson,Entreprise,États-Unis,Phoenix,Arizona,USCA - Ouest,FUR-FU-10002553,Mobilier,Meubles,"Electrix Incandescent Magnifying Lamp, Black",87.96,3,0.2,7.7
6003,US-2015-124079,12/13/2015,12/17/2015,Tarif normal,RF-19345,Randy Ferguson,Entreprise,États-Unis,Phoenix,Arizona,USCA - Ouest,OFF-BI-10002103,Fournitures de bureau,Classeurs,"Cardinal Slant-D Ring Binder, Heavy Gauge Vinyl",5.21,2,0.7,-4.17
6016,US-2015-102652,4/6/2015,4/12/2015,Tarif normal,AY-10555,Andy Yotov,Entreprise,États-Unis,Los Angeles,Californie,USCA - Ouest,FUR-FU-10000747,Mobilier,Meubles,Tenex B1-RE Series Chair Mats for Low Pile Carpets,91.96,2,0,15.63
6017,US-2015-102652,4/6/2015,4/12/2015,Tarif normal,AY-10555,Andy Yotov,Entreprise,États-Unis,Los Angeles,Californie,USCA - Ouest,FUR-FU-10001918,Mobilier,Meubles,C-Line Cubicle Keepers Polyproplyene Holder With Velcro Backings,33.11,7,0,12.91
6018,US-2015-102652,4/6/2015,4/12/2015,Tarif normal,AY-10555,Andy Yotov,Entreprise,États-Unis,Los Angeles,Californie,USCA - Ouest,OFF-PA-10003309,Fournitures de bureau,Papier,Xerox 211,19.44,3,0,9.33
6019,US-2015-102652,4/6/2015,4/12/2015,Tarif normal,AY-10555,Andy Yotov,Entreprise,États-Unis,Los Angeles,Californie,USCA - Ouest,OFF-PA-10001977,Fournitures de bureau,Papier,Xerox 194,55.48,1,0,26.63
6020,US-2015-152422,10/5/2015,10/10/2015,J+2,BD-11635,Brian Derr,Grand public,États-Unis,Columbus,Ohio,USCA - Est,OFF-AP-10002892,Fournitures de bureau,Électroménager,Belkin F5C206VTEL 6 Outlet Surge,91.92,5,0.2,11.49
6023,US-2015-130869,11/17/2015,11/21/2015,Tarif normal,CB-12025,Cassandra Brandow,Grand public,États-Unis,Cedar Hill,Texas,USCA - Centre,OFF-EN-10002600,Fournitures de bureau,Enveloppes,"Redi-Strip #10 Envelopes, 4 1/8 x 9 1/2",7.08,3,0.2,2.48
6058,US-2015-107524,3/2/2015,3/8/2015,Tarif normal,KN-16705,Kristina Nunn,Bureau à domicile,États-Unis,New York City,New York,USCA - Est,OFF-EN-10001990,Fournitures de bureau,Enveloppes,Staple envelope,11.36,2,0,5.34
6059,US-2015-107524,3/2/2015,3/8/2015,Tarif normal,KN-16705,Kristina Nunn,Bureau à domicile,États-Unis,New York City,New York,USCA - Est,OFF-PA-10000587,Fournitures de bureau,Papier,"Array Parchment Paper, Assorted Colors",36.4,5,0,17.47
6060,US-2015-138072,12/30/2015,1/3/2016,Tarif normal,GA-14725,Guy Armstrong,Grand public,États-Unis,Philadelphia,Pennsylvanie,USCA - Est,TEC-AC-10004859,Produits technologiques,Accessoires,"Maxell Pro 80 Minute CD-R, 10/Pack",27.97,2,0.2,6.99
6082,US-2015-165589,2/18/2015,2/18/2015,Le même jour,TB-21595,Troy Blackwell,Grand public,États-Unis,Lubbock,Texas,USCA - Centre,FUR-FU-10002396,Mobilier,Meubles,"DAX Copper Panel Document Frame, 5 x 7 Size",25.16,5,0.6,-11.32
6107,US-2015-120852,12/20/2015,12/25/2015,Tarif normal,WB-21850,William Brown,Grand public,États-Unis,Grand Prairie,Texas,USCA - Centre,OFF-AP-10001563,Fournitures de bureau,Électroménager,Belkin Premiere Surge Master II 8-outlet surge protector,19.43,2,0.8,-49.55
6108,US-2015-120852,12/20/2015,12/25/2015,Tarif normal,WB-21850,William Brown,Grand public,États-Unis,Grand Prairie,Texas,USCA - Centre,TEC-AC-10004510,Produits technologiques,Accessoires,Logitech Desktop MK120 Mouse and keyboard Combo,65.44,5,0.2,-8.18
6129,US-2015-158400,10/25/2015,10/28/2015,Prioritaire,AH-10030,Aaron Hawkins,Entreprise,États-Unis,San Francisco,Californie,USCA - Ouest,OFF-BI-10002353,Fournitures de bureau,Classeurs,GBC VeloBind Cover Sets,49.41,4,0.2,18.53
6132,US-2015-163447,12/27/2015,12/31/2015,Tarif normal,TB-21190,Thomas Brumley,Bureau à domicile,États-Unis,New York City,New York,USCA - Est,FUR-CH-10004477,Mobilier,Chaises,"Global Push Button Manager's Chair, Indigo",767.21,14,0.1,161.97
6139,US-2015-131247,3/30/2015,4/4/2015,Tarif normal,GA-14725,Guy Armstrong,Grand public,États-Unis,San Francisco,Californie,USCA - Ouest,FUR-BO-10001337,Mobilier,Bibliothèques,O'Sullivan Living Dimensions 2-Shelf Bookcases,205.67,2,0.2,-12.1
6146,US-2015-133543,12/22/2015,12/26/2015,Tarif normal,KM-16660,Khloe Miller,Grand public,États-Unis,San Jose,Californie,USCA - Ouest,OFF-AR-10003394,Fournitures de bureau,Art,Newell 332,11.76,4,0,3.18
6152,US-2015-111871,3/18/2015,3/21/2015,J+2,EK-13795,Eileen Kiefer,Bureau à domicile,États-Unis,San Francisco,Californie,USCA - Ouest,FUR-BO-10004218,Mobilier,Bibliothèques,"Bush Heritage Pine Collection 5-Shelf Bookcase, Albany Pine Finish, *Special Order",1198.33,10,0.2,70.49
6161,US-2015-103989,3/19/2015,3/21/2015,Prioritaire,MC-17605,Matt Connell,Entreprise,États-Unis,Lakeland,Floride,USCA - Sud,TEC-PH-10004667,Produits technologiques,Téléphones,Cisco 8x8 Inc. 6753i IP Business Phone System,323.98,3,0.2,28.35
6162,US-2015-103989,3/19/2015,3/21/2015,Prioritaire,MC-17605,Matt Connell,Entreprise,États-Unis,Lakeland,Floride,USCA - Sud,OFF-LA-10000443,Fournitures de bureau,Étiquettes,Avery 501,11.81,4,0.2,3.99
6163,US-2015-103989,3/19/2015,3/21/2015,Prioritaire,MC-17605,Matt Connell,Entreprise,États-Unis,Lakeland,Floride,USCA - Sud,OFF-ST-10000918,Fournitures de bureau,Stockage,Crate-A-Files,26.16,3,0.2,1.96
6164,US-2015-103989,3/19/2015,3/21/2015,Prioritaire,MC-17605,Matt Connell,Entreprise,États-Unis,Lakeland,Floride,USCA - Sud,OFF-BI-10001196,Fournitures de bureau,Classeurs,"Avery Flip-Chart Easel Binder, Black",33.57,5,0.7,-25.74
6165,US-2015-103989,3/19/2015,3/21/2015,Prioritaire,MC-17605,Matt Connell,Entreprise,États-Unis,Lakeland,Floride,USCA - Sud,FUR-FU-10003981,Mobilier,Meubles,Eldon Wave Desk Accessories,4.99,3,0.2,1.37
6166,US-2015-103989,3/19/2015,3/21/2015,Prioritaire,MC-17605,Matt Connell,Entreprise,États-Unis,Lakeland,Floride,USCA - Sud,FUR-FU-10002508,Mobilier,Meubles,Document Clip Frames,20.02,3,0.2,5.5
6167,US-2015-103989,3/19/2015,3/21/2015,Prioritaire,MC-17605,Matt Connell,Entreprise,États-Unis,Lakeland,Floride,USCA - Sud,TEC-AC-10002647,Produits technologiques,Accessoires,"Logitech Wireless Boombox Speaker - portable - wireless, wired",170.24,2,0.2,53.2
6170,US-2015-101266,8/27/2015,8/30/2015,J+2,MM-17920,Michael Moore,Grand public,États-Unis,Springfield,Virginie,USCA - Sud,OFF-PA-10002986,Fournitures de bureau,Papier,Xerox 1898,13.36,2,0,6.41
6173,US-2015-106299,8/2/2015,8/8/2015,Tarif normal,NZ-18565,Nick Zandusky,Bureau à domicile,États-Unis,Springfield,Missouri,USCA - Centre,OFF-BI-10001758,Fournitures de bureau,Classeurs,Wilson Jones 14 Line Acrylic Coated Pressboard Data Binders,26.7,5,0,12.55
6174,US-2015-106299,8/2/2015,8/8/2015,Tarif normal,NZ-18565,Nick Zandusky,Bureau à domicile,États-Unis,Springfield,Missouri,USCA - Centre,TEC-AC-10003237,Produits technologiques,Accessoires,Memorex Micro Travel Drive 4 GB,21.2,2,0,9.12
6175,US-2015-106299,8/2/2015,8/8/2015,Tarif normal,NZ-18565,Nick Zandusky,Bureau à domicile,États-Unis,Springfield,Missouri,USCA - Centre,OFF-ST-10002011,Fournitures de bureau,Stockage,Smead Adjustable Mobile File Trolley with Lockable Top,838.38,2,0,226.36
6215,US-2015-128538,10/11/2015,10/15/2015,Tarif normal,AS-10240,Alan Shonely,Grand public,États-Unis,Redondo Beach,Californie,USCA - Ouest,OFF-EN-10001219,Fournitures de bureau,Enveloppes,"#10- 4 1/8"" x 9 1/2"" Security-Tint Envelopes",7.64,1,0,3.74
6228,US-2015-148782,11/2/2015,11/7/2015,Tarif normal,PO-18850,Patrick O'Brill,Grand public,États-Unis,Irving,Texas,USCA - Centre,TEC-PH-10002923,Produits technologiques,Téléphones,"Logitech B530 USB Headset - headset - Full size, Binaural",88.78,3,0.2,7.77
6243,US-2015-134621,12/21/2015,12/28/2015,Tarif normal,DP-13390,Dennis Pardue,Bureau à domicile,États-Unis,Columbia,Tennessee,USCA - Sud,OFF-BI-10000977,Fournitures de bureau,Classeurs,Ibico Plastic Spiral Binding Combs,18.24,2,0.7,-14.59
6252,US-2015-101147,12/2/2015,12/4/2015,Prioritaire,MC-17575,Matt Collins,Grand public,États-Unis,Chicago,Illinois,USCA - Centre,OFF-AP-10004249,Fournitures de bureau,Électroménager,Staple holder,2.39,1,0.8,-6.34
6253,US-2015-165806,4/7/2015,4/7/2015,Le même jour,VM-21685,Valerie Mitchum,Bureau à domicile,États-Unis,Marietta,Géorgie,USCA - Sud,OFF-PA-10003441,Fournitures de bureau,Papier,Xerox 226,58.32,9,0,27.99
6254,US-2015-165806,4/7/2015,4/7/2015,Le même jour,VM-21685,Valerie Mitchum,Bureau à domicile,États-Unis,Marietta,Géorgie,USCA - Sud,TEC-PH-10004922,Produits technologiques,Téléphones,RCA Visys Integrated PBX 8-Line Router,200.97,3,0,50.24
6266,US-2015-146731,11/3/2015,11/8/2015,Tarif normal,AT-10735,Annie Thurman,Grand public,États-Unis,Nashville,Tennessee,USCA - Sud,OFF-PA-10000141,Fournitures de bureau,Papier,"Ampad Evidence Wirebond Steno Books, 6"" x 9""",3.49,2,0.2,1.18
6267,US-2015-146731,11/3/2015,11/8/2015,Tarif normal,AT-10735,Annie Thurman,Grand public,États-Unis,Nashville,Tennessee,USCA - Sud,OFF-PA-10001019,Fournitures de bureau,Papier,Xerox 1884,143.86,9,0.2,48.55
6288,US-2015-100090,7/8/2015,7/12/2015,Tarif normal,EB-13705,Ed Braxton,Entreprise,États-Unis,San Francisco,Californie,USCA - Ouest,FUR-TA-10003715,Mobilier,Tables,Hon 2111 Invitation Series Corner Table,502.49,3,0.2,-87.94
6289,US-2015-100090,7/8/2015,7/12/2015,Tarif normal,EB-13705,Ed Braxton,Entreprise,États-Unis,San Francisco,Californie,USCA - Ouest,OFF-BI-10001597,Fournitures de bureau,Classeurs,"Wilson Jones Ledger-Size, Piano-Hinge Binder, 2"", Blue",196.7,6,0.2,68.85
6295,US-2015-141152,9/16/2015,9/19/2015,Prioritaire,RF-19345,Randy Ferguson,Entreprise,États-Unis,New York City,New York,USCA - Est,OFF-BI-10002931,Fournitures de bureau,Classeurs,"Avery Trapezoid Extra Heavy Duty 4"" Binders",33.55,1,0.2,12.58
6296,US-2015-141313,12/28/2015,1/1/2016,Tarif normal,AJ-10780,Anthony Jacobs,Entreprise,États-Unis,Beverly,Massachusetts,USCA - Est,OFF-AP-10002651,Fournitures de bureau,Électroménager,Hoover Upright Vacuum With Dirt Cup,1737.18,6,0,503.78
6297,US-2015-141313,12/28/2015,1/1/2016,Tarif normal,AJ-10780,Anthony Jacobs,Entreprise,États-Unis,Beverly,Massachusetts,USCA - Est,OFF-ST-10000689,Fournitures de bureau,Stockage,"Fellowes Strictly Business Drawer File, Letter/Legal Size",704.25,5,0,84.51
6298,US-2015-141313,12/28/2015,1/1/2016,Tarif normal,AJ-10780,Anthony Jacobs,Entreprise,États-Unis,Beverly,Massachusetts,USCA - Est,OFF-PA-10003302,Fournitures de bureau,Papier,Xerox 1906,141.76,4,0,66.63
6299,US-2015-169852,10/21/2015,10/26/2015,Tarif normal,SF-20965,Sylvia Foulston,Entreprise,États-Unis,San Diego,Californie,USCA - Ouest,OFF-BI-10001460,Fournitures de bureau,Classeurs,Plastic Binding Combs,36.36,3,0.2,12.27
6301,US-2015-161305,6/6/2015,6/12/2015,Tarif normal,SB-20170,Sarah Bern,Grand public,États-Unis,Chicago,Illinois,USCA - Centre,OFF-BI-10002794,Fournitures de bureau,Classeurs,"Avery Trapezoid Ring Binder, 3"" Capacity, Black, 1040 sheets",24.59,3,0.8,-38.11
6302,US-2015-161305,6/6/2015,6/12/2015,Tarif normal,SB-20170,Sarah Bern,Grand public,États-Unis,Chicago,Illinois,USCA - Centre,OFF-EN-10000461,Fournitures de bureau,Enveloppes,"#10- 4 1/8"" x 9 1/2"" Recycled Envelopes",13.98,2,0.2,4.72
6312,US-2015-112837,9/11/2015,9/16/2015,Tarif normal,LW-17125,Liz Willingham,Grand public,États-Unis,Oxnard,Californie,USCA - Ouest,FUR-FU-10004006,Mobilier,Meubles,"Deflect-o DuraMat Lighweight, Studded, Beveled Mat for Low Pile Carpeting",127.95,3,0,21.75
6315,US-2015-100762,11/24/2015,11/29/2015,Tarif normal,NG-18355,Nat Gilpin,Entreprise,États-Unis,Jackson,Michigan,USCA - Centre,OFF-AR-10000380,Fournitures de bureau,Art,"Hunt PowerHouse Electric Pencil Sharpener, Blue",151.92,4,0,45.58
6316,US-2015-100762,11/24/2015,11/29/2015,Tarif normal,NG-18355,Nat Gilpin,Entreprise,États-Unis,Jackson,Michigan,USCA - Centre,OFF-LA-10003930,Fournitures de bureau,Étiquettes,"Dot Matrix Printer Tape Reel Labels, White, 5000/Box",196.62,2,0,96.34
6317,US-2015-100762,11/24/2015,11/29/2015,Tarif normal,NG-18355,Nat Gilpin,Entreprise,États-Unis,Jackson,Michigan,USCA - Centre,OFF-PA-10001815,Fournitures de bureau,Papier,Xerox 1885,144.12,3,0,69.18
6318,US-2015-100762,11/24/2015,11/29/2015,Tarif normal,NG-18355,Nat Gilpin,Entreprise,États-Unis,Jackson,Michigan,USCA - Centre,OFF-PA-10004082,Fournitures de bureau,Papier,"Adams Telephone Message Book w/Frequently-Called Numbers Space, 400 Messages per Book",15.96,2,0,7.98
6322,US-2015-123316,10/13/2015,10/17/2015,Tarif normal,SP-20545,Sibella Parks,Entreprise,États-Unis,Mount Vernon,New York,USCA - Est,OFF-BI-10002764,Fournitures de bureau,Classeurs,Recycled Pressboard Report Cover with Reinforced Top Hinge,7.75,3,0.2,2.81
6323,US-2015-141299,6/3/2015,6/7/2015,J+2,RB-19795,Ross Baird,Bureau à domicile,États-Unis,Midland,Michigan,USCA - Centre,OFF-EN-10004459,Fournitures de bureau,Enveloppes,Security-Tint Envelopes,15.28,2,0,7.49
6324,US-2015-104402,6/17/2015,6/23/2015,Tarif normal,DB-13660,Duane Benoit,Grand public,États-Unis,Newark,Delaware,USCA - Est,TEC-MA-10000423,Produits technologiques,Machines,Texas Instruments TI-34 Scientific Calculator,65.97,3,0,31.01
6327,US-2015-167927,1/20/2015,1/26/2015,Tarif normal,XP-21865,Xylona Preis,Grand public,États-Unis,Westland,Michigan,USCA - Centre,OFF-ST-10000760,Fournitures de bureau,Stockage,Eldon Fold 'N Roll Cart System,13.98,1,0,4.05
6328,US-2015-167927,1/20/2015,1/26/2015,Tarif normal,XP-21865,Xylona Preis,Grand public,États-Unis,Westland,Michigan,USCA - Centre,FUR-FU-10002918,Mobilier,Meubles,Eldon ClusterMat Chair Mat with Cordless Antistatic Protection,272.94,3,0,30.02
6329,US-2015-167927,1/20/2015,1/26/2015,Tarif normal,XP-21865,Xylona Preis,Grand public,États-Unis,Westland,Michigan,USCA - Centre,OFF-BI-10000605,Fournitures de bureau,Classeurs,"Acco Pressboard Covers with Storage Hooks, 9 1/2"" x 11"", Executive Red",19.05,5,0,8.95
6330,US-2015-167927,1/20/2015,1/26/2015,Tarif normal,XP-21865,Xylona Preis,Grand public,États-Unis,Westland,Michigan,USCA - Centre,OFF-AP-10002311,Fournitures de bureau,Électroménager,"Holmes Replacement Filter for HEPA Air Cleaner, Very Large Room, HEPA Filter",247.72,4,0.1,93.58
6331,US-2015-167927,1/20/2015,1/26/2015,Tarif normal,XP-21865,Xylona Preis,Grand public,États-Unis,Westland,Michigan,USCA - Centre,OFF-ST-10003123,Fournitures de bureau,Stockage,Fellowes Bases and Tops For Staxonsteel/High-Stak Systems,66.58,2,0,15.98
6332,US-2015-167927,1/20/2015,1/26/2015,Tarif normal,XP-21865,Xylona Preis,Grand public,États-Unis,Westland,Michigan,USCA - Centre,OFF-AR-10004456,Fournitures de bureau,Art,Panasonic KP-4ABK Battery-Operated Pencil Sharpener,43.92,3,0,12.74
6333,US-2015-167927,1/20/2015,1/26/2015,Tarif normal,XP-21865,Xylona Preis,Grand public,États-Unis,Westland,Michigan,USCA - Centre,FUR-FU-10002268,Mobilier,Meubles,Ultra Door Push Plate,14.73,3,0,4.86
6334,US-2015-167927,1/20/2015,1/26/2015,Tarif normal,XP-21865,Xylona Preis,Grand public,États-Unis,Westland,Michigan,USCA - Centre,OFF-BI-10004364,Fournitures de bureau,Classeurs,Storex Dura Pro Binders,29.7,5,0,13.37
6335,US-2015-133305,7/11/2015,7/15/2015,Tarif normal,MH-17455,Mark Hamilton,Grand public,États-Unis,New York City,New York,USCA - Est,OFF-PA-10001970,Fournitures de bureau,Papier,Xerox 1881,49.12,4,0,23.09
6336,US-2015-133305,7/11/2015,7/15/2015,Tarif normal,MH-17455,Mark Hamilton,Grand public,États-Unis,New York City,New York,USCA - Est,OFF-BI-10002954,Fournitures de bureau,Classeurs,Newell 3-Hole Punched Plastic Slotted Magazine Holders for Binders,18.28,5,0.2,6.4
6356,US-2015-110611,10/6/2015,10/13/2015,Tarif normal,JD-16015,Joy Daniels,Grand public,États-Unis,Philadelphia,Pennsylvanie,USCA - Est,OFF-ST-10000642,Fournitures de bureau,Stockage,"Tennsco Lockers, Gray",83.92,5,0.2,-13.64
6362,US-2015-107993,11/25/2015,11/30/2015,Tarif normal,SE-20110,Sanjit Engle,Grand public,États-Unis,Springfield,Oregon,USCA - Ouest,OFF-AR-10003179,Fournitures de bureau,Art,Dixon Ticonderoga Core-Lock Colored Pencils,51.02,7,0.2,8.29
6375,US-2015-107811,4/29/2015,5/3/2015,Tarif normal,LA-16780,Laura Armstrong,Entreprise,États-Unis,Memphis,Tennessee,USCA - Sud,FUR-CH-10001394,Mobilier,Chaises,Global Leather Executive Chair,561.58,2,0.2,70.2
6376,US-2015-107811,4/29/2015,5/3/2015,Tarif normal,LA-16780,Laura Armstrong,Entreprise,États-Unis,Memphis,Tennessee,USCA - Sud,OFF-ST-10000798,Fournitures de bureau,Stockage,2300 Heavy-Duty Transfer File Systems by Perma,99.92,5,0.2,-1.25
6381,US-2015-163797,4/8/2015,4/13/2015,Tarif normal,PC-19000,Pauline Chand,Bureau à domicile,États-Unis,Chandler,Arizona,USCA - Ouest,OFF-FA-10001883,Fournitures de bureau,Éléments de fixation,"Alliance Super-Size Bands, Assorted Sizes",49.79,8,0.2,-11.83
6388,US-2015-134103,1/30/2015,2/4/2015,Tarif normal,MV-18190,Mike Vittorini,Grand public,États-Unis,Detroit,Michigan,USCA - Centre,OFF-PA-10001204,Fournitures de bureau,Papier,Xerox 1972,10.56,2,0,4.75
6389,US-2015-134103,1/30/2015,2/4/2015,Tarif normal,MV-18190,Mike Vittorini,Grand public,États-Unis,Detroit,Michigan,USCA - Centre,OFF-ST-10000991,Fournitures de bureau,Stockage,Space Solutions HD Industrial Steel Shelving.,229.94,2,0,6.9
6423,US-2015-159121,7/26/2015,8/1/2015,Tarif normal,JO-15145,Jack O'Briant,Entreprise,États-Unis,Draper,Utah,USCA - Ouest,TEC-AC-10002006,Produits technologiques,Accessoires,Memorex Micro Travel Drive 16 GB,111.93,7,0,34.7
6430,US-2015-165764,11/3/2015,11/7/2015,Tarif normal,SH-20395,Shahid Hopkins,Grand public,États-Unis,Jacksonville,Caroline du Nord,USCA - Sud,OFF-ST-10001558,Fournitures de bureau,Stockage,Acco Perma 4000 Stacking Storage Drawers,25.98,2,0.2,-1.62
6431,US-2015-165764,11/3/2015,11/7/2015,Tarif normal,SH-20395,Shahid Hopkins,Grand public,États-Unis,Jacksonville,Caroline du Nord,USCA - Sud,FUR-TA-10001768,Mobilier,Tables,Hon Racetrack Conference Tables,945.04,6,0.4,-299.26
6432,US-2015-165764,11/3/2015,11/7/2015,Tarif normal,SH-20395,Shahid Hopkins,Grand public,États-Unis,Jacksonville,Caroline du Nord,USCA - Sud,OFF-BI-10002982,Fournitures de bureau,Classeurs,Avery Self-Adhesive Photo Pockets for Polaroid Photos,14.3,7,0.7,-10.49
6433,US-2015-165764,11/3/2015,11/7/2015,Tarif normal,SH-20395,Shahid Hopkins,Grand public,États-Unis,Jacksonville,Caroline du Nord,USCA - Sud,FUR-FU-10001468,Mobilier,Meubles,Tenex Antistatic Computer Chair Mats,410.35,3,0.2,-51.29
6440,US-2015-166891,10/4/2015,10/6/2015,Prioritaire,CC-12220,Chris Cortes,Grand public,États-Unis,New York City,New York,USCA - Est,FUR-CH-10003298,Mobilier,Chaises,"Office Star - Contemporary Task Swivel chair with Loop Arms, Charcoal",589.41,5,0.1,-6.55
6457,US-2015-110065,8/5/2015,8/11/2015,Tarif normal,SP-20650,Stephanie Phelps,Entreprise,États-Unis,New York City,New York,USCA - Est,TEC-PH-10002468,Produits technologiques,Téléphones,"Plantronics CS 50-USB - headset - Convertible, Monaural",135.99,1,0,36.72
6458,US-2015-110065,8/5/2015,8/11/2015,Tarif normal,SP-20650,Stephanie Phelps,Entreprise,États-Unis,New York City,New York,USCA - Est,OFF-AR-10004165,Fournitures de bureau,Art,"Binney & Smith inkTank Erasable Pocket Highlighter, Chisel Tip, Yellow",15.96,7,0,7.02
6473,US-2015-151897,6/6/2015,6/10/2015,Tarif normal,VT-21700,Valerie Takahito,Bureau à domicile,États-Unis,Houston,Texas,USCA - Centre,OFF-LA-10001074,Fournitures de bureau,Étiquettes,Round Specialty Laser Printer Labels,100.24,10,0.2,33.83
6475,US-2015-149524,1/14/2015,1/15/2015,Prioritaire,BS-11590,Brendan Sweed,Entreprise,États-Unis,Philadelphia,Pennsylvanie,USCA - Est,FUR-BO-10003433,Mobilier,Bibliothèques,Sauder Cornerstone Collection Library,61.96,4,0.5,-53.29
6491,US-2015-149594,9/15/2015,9/19/2015,Tarif normal,MF-18250,Monica Federle,Entreprise,États-Unis,Philadelphia,Pennsylvanie,USCA - Est,FUR-FU-10000222,Mobilier,Meubles,"Seth Thomas 16"" Steel Case Clock",103.94,4,0.2,16.89
6502,US-2015-129147,11/2/2015,11/6/2015,Tarif normal,LC-17050,Liz Carlisle,Grand public,États-Unis,Medina,Ohio,USCA - Est,TEC-PH-10001299,Produits technologiques,Téléphones,Polycom CX300 Desktop Phone USB VoIP phone,539.96,6,0.4,-107.99
6503,US-2015-129147,11/2/2015,11/6/2015,Tarif normal,LC-17050,Liz Carlisle,Grand public,États-Unis,Medina,Ohio,USCA - Est,TEC-PH-10001552,Produits technologiques,Téléphones,I Need's 3d Hello Kitty Hybrid Silicone Case Cover for HTC One X 4g with 3d Hello Kitty Stylus Pen Green/pink,50.23,7,0.4,-10.05
6504,US-2015-129147,11/2/2015,11/6/2015,Tarif normal,LC-17050,Liz Carlisle,Grand public,États-Unis,Medina,Ohio,USCA - Est,OFF-BI-10001098,Fournitures de bureau,Classeurs,Acco D-Ring Binder w/DublLock,19.24,3,0.7,-13.47
6529,US-2015-146864,12/22/2015,12/26/2015,Tarif normal,BT-11530,Bradley Talbott,Bureau à domicile,États-Unis,New York City,New York,USCA - Est,OFF-ST-10004946,Fournitures de bureau,Stockage,Desktop 3-Pocket Hot File,216.4,4,0,56.26
6530,US-2015-103744,2/23/2015,2/27/2015,Tarif normal,MG-17875,Michael Grace,Bureau à domicile,États-Unis,El Paso,Texas,USCA - Centre,OFF-LA-10004425,Fournitures de bureau,Étiquettes,Staple-on labels,6.94,3,0.2,2.34
6531,US-2015-103744,2/23/2015,2/27/2015,Tarif normal,MG-17875,Michael Grace,Bureau à domicile,États-Unis,El Paso,Texas,USCA - Centre,OFF-BI-10000320,Fournitures de bureau,Classeurs,GBC Plastic Binding Combs,4.43,3,0.8,-6.86
6535,US-2015-128209,11/17/2015,11/22/2015,Tarif normal,GT-14710,Greg Tran,Grand public,États-Unis,Buffalo,New York,USCA - Est,OFF-BI-10001359,Fournitures de bureau,Classeurs,GBC DocuBind TL300 Electric Binding System,2152.78,3,0.2,726.56
6536,US-2015-128209,11/17/2015,11/22/2015,Tarif normal,GT-14710,Greg Tran,Grand public,États-Unis,Buffalo,New York,USCA - Est,FUR-BO-10002213,Mobilier,Bibliothèques,DMI Eclipse Executive Suite Bookcases,4007.84,10,0.2,-50.1
6537,US-2015-169684,10/20/2015,10/23/2015,Prioritaire,FH-14365,Fred Hopkins,Entreprise,États-Unis,Knoxville,Tennessee,USCA - Sud,FUR-TA-10003008,Mobilier,Tables,"Lesro Round Back Collection Coffee Table, End Table",328.59,3,0.4,-147.87
6538,US-2015-169684,10/20/2015,10/23/2015,Prioritaire,FH-14365,Fred Hopkins,Entreprise,États-Unis,Knoxville,Tennessee,USCA - Sud,OFF-ST-10000934,Fournitures de bureau,Stockage,"Contico 72""H Heavy-Duty Storage System",98.35,3,0.2,-24.59
6548,US-2015-113880,3/1/2015,3/5/2015,Tarif normal,VF-21715,Vicky Freymann,Bureau à domicile,États-Unis,Elmhurst,Illinois,USCA - Centre,FUR-CH-10000863,Mobilier,Chaises,Novimex Swivel Fabric Task Chair,634.12,6,0.3,-172.12
6549,US-2015-113880,3/1/2015,3/5/2015,Tarif normal,VF-21715,Vicky Freymann,Bureau à domicile,États-Unis,Elmhurst,Illinois,USCA - Centre,OFF-PA-10003036,Fournitures de bureau,Papier,"Black Print Carbonless 8 1/2"" x 8 1/4"" Rapid Memo Book",17.47,3,0.2,5.68
6554,US-2015-137092,10/20/2015,10/22/2015,J+2,LS-16975,Lindsay Shagiari,Bureau à domicile,États-Unis,Chicago,Illinois,USCA - Centre,TEC-AC-10001606,Produits technologiques,Accessoires,Logitech Wireless Performance Mouse MX for PC and Mac,319.97,4,0.2,71.99
6555,US-2015-137092,10/20/2015,10/22/2015,J+2,LS-16975,Lindsay Shagiari,Bureau à domicile,États-Unis,Chicago,Illinois,USCA - Centre,OFF-ST-10003805,Fournitures de bureau,Stockage,"24 Capacity Maxi Data Binder Racks, Pearl",505.32,3,0.2,31.58
6556,US-2015-137092,10/20/2015,10/22/2015,J+2,LS-16975,Lindsay Shagiari,Bureau à domicile,États-Unis,Chicago,Illinois,USCA - Centre,OFF-PA-10002109,Fournitures de bureau,Papier,Wirebound Voice Message Log Book,3.81,1,0.2,1.24
6557,US-2015-137092,10/20/2015,10/22/2015,J+2,LS-16975,Lindsay Shagiari,Bureau à domicile,États-Unis,Chicago,Illinois,USCA - Centre,OFF-BI-10000632,Fournitures de bureau,Classeurs,Satellite Sectional Post Binders,8.68,1,0.8,-14.76
6558,US-2015-137092,10/20/2015,10/22/2015,J+2,LS-16975,Lindsay Shagiari,Bureau à domicile,États-Unis,Chicago,Illinois,USCA - Centre,OFF-LA-10003510,Fournitures de bureau,Étiquettes,"Avery 4027 File Folder Labels for Dot Matrix Printers, 5000 Labels per Box, White",24.42,1,0.2,7.94
6563,CA-2015-166086,5/7/2015,5/12/2015,Tarif normal,CT-11995,Carol Triggs,Grand public,Canada,Toronto,Ontario,USCA - Est,OFF-BI-10001078,Fournitures de bureau,Classeurs,"Acco PRESSTEX Data Binder with Storage Hooks, Dark Blue, 14 7/8"" X 11""",16.14CAD,3,0,7.91
6564,CA-2015-166086,5/7/2015,5/12/2015,Tarif normal,CT-11995,Carol Triggs,Grand public,Canada,Toronto,Ontario,USCA - Est,FUR-TA-10003469,Mobilier,Tables,Balt Split Level Computer Training Table,194.25CAD,2,0.3,-38.85
6565,CA-2015-166086,5/7/2015,5/12/2015,Tarif normal,CT-11995,Carol Triggs,Grand public,Canada,Toronto,Ontario,USCA - Est,OFF-AR-10002578,Fournitures de bureau,Art,Newell 335,8.64CAD,3,0,2.51
6566,CA-2015-166086,5/7/2015,5/12/2015,Tarif normal,CT-11995,Carol Triggs,Grand public,Canada,Toronto,Ontario,USCA - Est,FUR-CH-10004675,Mobilier,Chaises,"Lifetime Advantage Folding Chairs, 4/Carton",872.32CAD,4,0,244.25
6569,US-2015-100678,4/18/2015,4/22/2015,Tarif normal,KM-16720,Kunst Miller,Grand public,États-Unis,Houston,Texas,USCA - Centre,OFF-AR-10001868,Fournitures de bureau,Art,Prang Dustless Chalk Sticks,2.69,2,0.2,1.01
6570,US-2015-100678,4/18/2015,4/22/2015,Tarif normal,KM-16720,Kunst Miller,Grand public,États-Unis,Houston,Texas,USCA - Centre,FUR-CH-10002602,Mobilier,Chaises,DMI Arturo Collection Mission-style Design Wood Chair,317.06,3,0.3,-18.12
6571,US-2015-100678,4/18/2015,4/22/2015,Tarif normal,KM-16720,Kunst Miller,Grand public,États-Unis,Houston,Texas,USCA - Centre,OFF-EN-10000056,Fournitures de bureau,Enveloppes,Cameo Buff Policy Envelopes,149.35,3,0.2,50.41
6572,US-2015-100678,4/18/2015,4/22/2015,Tarif normal,KM-16720,Kunst Miller,Grand public,États-Unis,Houston,Texas,USCA - Centre,TEC-AC-10000474,Produits technologiques,Accessoires,Kensington Expert Mouse Optical USB Trackball for PC or Mac,227.98,3,0.2,28.5
6579,US-2015-103660,8/25/2015,8/30/2015,Tarif normal,MW-18220,Mitch Webber,Grand public,États-Unis,Seattle,Washington,USCA - Ouest,TEC-PH-10000895,Produits technologiques,Téléphones,Polycom VVX 310 VoIP phone,1007.94,7,0.2,75.6
6591,US-2015-164749,3/23/2015,3/26/2015,Prioritaire,BG-11740,Bruce Geld,Grand public,États-Unis,Delray Beach,Floride,USCA - Sud,OFF-LA-10004484,Fournitures de bureau,Étiquettes,Avery 476,9.91,3,0.2,3.22
6598,US-2015-169257,6/6/2015,6/12/2015,Tarif normal,SV-20785,Stewart Visinsky,Grand public,États-Unis,Jacksonville,Floride,USCA - Sud,OFF-BI-10002557,Fournitures de bureau,Classeurs,Presstex Flexible Ring Binders,1.37,1,0.7,-0.91
6599,US-2015-169257,6/6/2015,6/12/2015,Tarif normal,SV-20785,Stewart Visinsky,Grand public,États-Unis,Jacksonville,Floride,USCA - Sud,OFF-PA-10002319,Fournitures de bureau,Papier,Xerox 1944,62.02,2,0.2,22.48
6600,US-2015-154095,12/2/2015,12/7/2015,Tarif normal,ON-18715,Odella Nelson,Entreprise,États-Unis,Clinton,Maryland,USCA - Est,FUR-FU-10003849,Mobilier,Meubles,"DAX Metal Frame, Desktop, Stepped-Edge",60.72,3,0,23.68
6601,US-2015-154095,12/2/2015,12/7/2015,Tarif normal,ON-18715,Odella Nelson,Entreprise,États-Unis,Clinton,Maryland,USCA - Est,OFF-PA-10002923,Fournitures de bureau,Papier,Xerox 1942,146.82,3,0,73.41
6602,US-2015-154095,12/2/2015,12/7/2015,Tarif normal,ON-18715,Odella Nelson,Entreprise,États-Unis,Clinton,Maryland,USCA - Est,FUR-CH-10004754,Mobilier,Chaises,"Global Stack Chair with Arms, Black",239.84,8,0,64.76
6603,US-2015-154095,12/2/2015,12/7/2015,Tarif normal,ON-18715,Odella Nelson,Entreprise,États-Unis,Clinton,Maryland,USCA - Est,OFF-LA-10000634,Fournitures de bureau,Étiquettes,Avery 509,15.66,6,0,7.2
6623,US-2015-130449,9/6/2015,9/9/2015,Prioritaire,VP-21760,Victoria Pisteka,Entreprise,États-Unis,San Francisco,Californie,USCA - Ouest,FUR-FU-10001487,Mobilier,Meubles,"Eldon Expressions Wood and Plastic Desk Accessories, Cherry Wood",41.88,6,0,12.15
6624,US-2015-130449,9/6/2015,9/9/2015,Prioritaire,VP-21760,Victoria Pisteka,Entreprise,États-Unis,San Francisco,Californie,USCA - Ouest,OFF-LA-10001934,Fournitures de bureau,Étiquettes,Avery 516,58.48,8,0,27.49
6627,US-2015-145541,12/14/2015,12/21/2015,Tarif normal,TB-21400,Tom Boeckenhauer,Grand public,États-Unis,New York City,New York,USCA - Est,TEC-MA-10001127,Produits technologiques,Machines,"HP Designjet T520 Inkjet Large Format Printer - 24"" Color",6999.96,4,0,2239.99
6628,US-2015-138513,5/23/2015,5/27/2015,Tarif normal,EH-13990,Erica Hackney,Grand public,États-Unis,Bellevue,Washington,USCA - Ouest,OFF-PA-10003177,Fournitures de bureau,Papier,Xerox 1999,12.96,2,0,6.22
6640,US-2015-108609,10/31/2015,11/2/2015,J+2,AJ-10780,Anthony Jacobs,Entreprise,États-Unis,Lorain,Ohio,USCA - Est,FUR-TA-10003954,Mobilier,Tables,Hon 94000 Series Round Tables,1421.66,8,0.4,-734.53
6672,US-2015-154837,8/23/2015,8/27/2015,J+2,RB-19645,Robert Barroso,Entreprise,États-Unis,Los Angeles,Californie,USCA - Ouest,OFF-BI-10001575,Fournitures de bureau,Classeurs,GBC Linen Binding Covers,49.57,2,0.2,17.35
6679,US-2015-150329,10/10/2015,10/14/2015,Tarif normal,SD-20485,Shirley Daniels,Bureau à domicile,États-Unis,Phoenix,Arizona,USCA - Ouest,FUR-FU-10003724,Mobilier,Meubles,Westinghouse Clip-On Gooseneck Lamps,46.87,7,0.2,3.52
6684,US-2015-109134,11/5/2015,11/10/2015,Tarif normal,DE-13255,Deanra Eno,Bureau à domicile,États-Unis,Los Angeles,Californie,USCA - Ouest,FUR-FU-10000320,Mobilier,Meubles,OIC Stacking Trays,20.04,6,0,8.82
6708,US-2015-167724,4/13/2015,4/18/2015,Tarif normal,BF-11170,Ben Ferrer,Bureau à domicile,États-Unis,Baltimore,Maryland,USCA - Est,OFF-LA-10002368,Fournitures de bureau,Étiquettes,Avery 479,7.83,3,0,3.6
6733,US-2015-120096,7/4/2015,7/7/2015,Prioritaire,KE-16420,Katrina Edelman,Entreprise,États-Unis,Aurora,Colorado,USCA - Ouest,OFF-PA-10001977,Fournitures de bureau,Papier,Xerox 194,177.54,4,0.2,62.14
6734,US-2015-120096,7/4/2015,7/7/2015,Prioritaire,KE-16420,Katrina Edelman,Entreprise,États-Unis,Aurora,Colorado,USCA - Ouest,OFF-AP-10000692,Fournitures de bureau,Électroménager,Fellowes Mighty 8 Compact Surge Protector,32.43,2,0.2,3.24
6740,US-2015-144029,5/26/2015,5/31/2015,Tarif normal,MM-18055,Michelle Moray,Grand public,États-Unis,Chicago,Illinois,USCA - Centre,OFF-ST-10001837,Fournitures de bureau,Stockage,"SAFCO Mobile Desk Side File, Wire Frame",102.62,3,0.2,7.7
6741,US-2015-144029,5/26/2015,5/31/2015,Tarif normal,MM-18055,Michelle Moray,Grand public,États-Unis,Chicago,Illinois,USCA - Centre,FUR-CH-10003981,Mobilier,Chaises,Global Commerce Series Low-Back Swivel/Tilt Chairs,359.77,2,0.3,-5.14
6742,US-2015-144029,5/26/2015,5/31/2015,Tarif normal,MM-18055,Michelle Moray,Grand public,États-Unis,Chicago,Illinois,USCA - Centre,OFF-AR-10000716,Fournitures de bureau,Art,DIXON Ticonderoga Erasable Checking Pencils,13.39,3,0.2,3.18
6769,US-2015-109302,8/12/2015,8/16/2015,Tarif normal,CS-12175,Charles Sheldon,Entreprise,États-Unis,Lakewood,New Jersey,USCA - Est,OFF-BI-10002854,Fournitures de bureau,Classeurs,"Performers Binder/Pad Holder, Black",196.21,7,0,98.11
6793,US-2015-141005,8/15/2015,8/18/2015,Prioritaire,CS-12355,Christine Sundaresam,Grand public,États-Unis,Fairfield,Connecticut,USCA - Est,OFF-BI-10001989,Fournitures de bureau,Classeurs,Premium Transparent Presentation Covers by GBC,62.94,3,0,30.21
6805,US-2015-152233,10/5/2015,10/6/2015,Prioritaire,KH-16510,Keith Herrera,Grand public,États-Unis,Pomona,Californie,USCA - Ouest,TEC-AC-10002800,Produits technologiques,Accessoires,Plantronics Audio 478 Stereo USB Headset,99.98,2,0,34.99
6806,US-2015-125682,11/22/2015,11/25/2015,Prioritaire,RB-19645,Robert Barroso,Entreprise,États-Unis,Atlanta,Géorgie,USCA - Sud,OFF-PA-10001752,Fournitures de bureau,Papier,Hammermill CopyPlus Copy Paper (20Lb. and 84 Bright),9.96,2,0,4.88
6816,US-2015-144414,6/17/2015,6/21/2015,Tarif normal,GH-14425,Gary Hwang,Grand public,États-Unis,Seattle,Washington,USCA - Ouest,FUR-FU-10003981,Mobilier,Meubles,Eldon Wave Desk Accessories,6.24,3,0,2.62
6817,US-2015-144414,6/17/2015,6/21/2015,Tarif normal,GH-14425,Gary Hwang,Grand public,États-Unis,Seattle,Washington,USCA - Ouest,OFF-FA-10000624,Fournitures de bureau,Éléments de fixation,OIC Binder Clips,17.9,5,0,8.95
6818,US-2015-144414,6/17/2015,6/21/2015,Tarif normal,GH-14425,Gary Hwang,Grand public,États-Unis,Seattle,Washington,USCA - Ouest,OFF-BI-10004995,Fournitures de bureau,Classeurs,GBC DocuBind P400 Electric Binding System,3266.38,3,0.2,1061.57
6846,US-2015-147543,7/6/2015,7/12/2015,Tarif normal,BC-11125,Becky Castell,Bureau à domicile,États-Unis,El Cajon,Californie,USCA - Ouest,FUR-CH-10000155,Mobilier,Chaises,Global Comet Stacking Armless Chair,478.48,2,0.2,47.85
6850,US-2015-101462,4/20/2015,4/25/2015,Tarif normal,BP-11230,Benjamin Patterson,Grand public,États-Unis,Los Angeles,Californie,USCA - Ouest,FUR-FU-10000409,Mobilier,Meubles,"GE 4 Foot Flourescent Tube, 40 Watt",59.92,4,0,27.56
6874,US-2015-124394,10/17/2015,10/22/2015,J+2,TB-21520,Tracy Blumstein,Grand public,États-Unis,Beaumont,Texas,USCA - Centre,OFF-BI-10003676,Fournitures de bureau,Classeurs,"GBC Standard Recycled Report Covers, Clear Plastic Sheets",10.78,5,0.8,-17.25
6875,US-2015-124394,10/17/2015,10/22/2015,J+2,TB-21520,Tracy Blumstein,Grand public,États-Unis,Beaumont,Texas,USCA - Centre,TEC-AC-10001314,Produits technologiques,Accessoires,Case Logic 2.4GHz Wireless Keyboard,119.98,3,0.2,-18
6910,US-2015-126277,9/13/2015,9/18/2015,J+2,LH-16900,Lena Hernandez,Grand public,États-Unis,Columbus,Ohio,USCA - Est,OFF-BI-10004022,Fournitures de bureau,Classeurs,Acco Suede Grain Vinyl Round Ring Binder,2.5,3,0.7,-2
6915,US-2015-142510,12/22/2015,12/29/2015,Tarif normal,NP-18700,Nora Preis,Grand public,États-Unis,Chicago,Illinois,USCA - Centre,OFF-ST-10000585,Fournitures de bureau,Stockage,Economy Rollaway Files,132.16,1,0.2,9.91
6916,US-2015-142510,12/22/2015,12/29/2015,Tarif normal,NP-18700,Nora Preis,Grand public,États-Unis,Chicago,Illinois,USCA - Centre,OFF-BI-10002824,Fournitures de bureau,Classeurs,Recycled Easel Ring Binders,17.9,6,0.8,-31.33
6917,US-2015-142510,12/22/2015,12/29/2015,Tarif normal,NP-18700,Nora Preis,Grand public,États-Unis,Chicago,Illinois,USCA - Centre,OFF-PA-10001289,Fournitures de bureau,Papier,White Computer Printout Paper by Universal,124.03,4,0.2,44.96
6918,US-2015-124247,12/16/2015,12/21/2015,Tarif normal,SH-20635,Stefanie Holloman,Entreprise,États-Unis,Sacramento,Californie,USCA - Ouest,FUR-CH-10001854,Mobilier,Chaises,Office Star - Professional Matrix Back Chair with 2-to-1 Synchro Tilt and Mesh Fabric Seat,1403.92,5,0.2,70.2
6932,US-2015-164182,7/14/2015,7/18/2015,Tarif normal,ST-20530,Shui Tom,Grand public,États-Unis,Philadelphia,Pennsylvanie,USCA - Est,TEC-PH-10002070,Produits technologiques,Téléphones,Griffin GC36547 PowerJolt SE Lightning Charger,13.49,1,0.4,-2.25
6933,US-2015-164182,7/14/2015,7/18/2015,Tarif normal,ST-20530,Shui Tom,Grand public,États-Unis,Philadelphia,Pennsylvanie,USCA - Est,TEC-PH-10002583,Produits technologiques,Téléphones,iOttie HLCRIO102 Car Mount,23.99,2,0.4,-13.99
6934,US-2015-164182,7/14/2015,7/18/2015,Tarif normal,ST-20530,Shui Tom,Grand public,États-Unis,Philadelphia,Pennsylvanie,USCA - Est,FUR-FU-10001057,Mobilier,Meubles,Tensor Track Tree Floor Lamp,31.98,2,0.2,1.2
6935,US-2015-164182,7/14/2015,7/18/2015,Tarif normal,ST-20530,Shui Tom,Grand public,États-Unis,Philadelphia,Pennsylvanie,USCA - Est,OFF-AR-10001044,Fournitures de bureau,Art,"BOSTON Ranger #55 Pencil Sharpener, Black",41.58,2,0.2,4.68
6938,US-2015-126963,6/15/2015,6/15/2015,Le même jour,PS-18760,Pamela Stobb,Grand public,États-Unis,El Paso,Texas,USCA - Centre,OFF-PA-10001952,Fournitures de bureau,Papier,Xerox 1902,36.54,2,0.2,11.88
6945,US-2015-148369,9/23/2015,9/27/2015,Tarif normal,TH-21115,Thea Hudgings,Entreprise,États-Unis,Newark,Delaware,USCA - Est,OFF-BI-10004876,Fournitures de bureau,Classeurs,Wilson Jones Suede Grain Vinyl Binders,11.12,4,0,5.45
6981,US-2015-146990,11/7/2015,11/8/2015,Prioritaire,BP-11095,Bart Pistole,Entreprise,États-Unis,New York City,New York,USCA - Est,OFF-FA-10000611,Fournitures de bureau,Éléments de fixation,Binder Clips by OIC,5.92,4,0,2.84
6982,US-2015-146990,11/7/2015,11/8/2015,Prioritaire,BP-11095,Bart Pistole,Entreprise,États-Unis,New York City,New York,USCA - Est,OFF-PA-10000246,Fournitures de bureau,Papier,Riverleaf Stik-Withit Designer Note Cubes,30.18,3,0,13.88
7003,US-2015-133158,8/19/2015,8/21/2015,J+2,DW-13195,David Wiener,Entreprise,États-Unis,Los Angeles,Californie,USCA - Ouest,FUR-FU-10000723,Mobilier,Meubles,"Deflect-o EconoMat Studded, No Bevel Mat for Low Pile Carpeting",289.24,7,0,26.03
7004,US-2015-133158,8/19/2015,8/21/2015,J+2,DW-13195,David Wiener,Entreprise,États-Unis,Los Angeles,Californie,USCA - Ouest,OFF-BI-10000632,Fournitures de bureau,Classeurs,Satellite Sectional Post Binders,69.46,2,0.2,22.57
7005,US-2015-126333,12/23/2015,12/28/2015,Tarif normal,ME-18010,Michelle Ellison,Entreprise,États-Unis,Port Arthur,Texas,USCA - Centre,OFF-PA-10000223,Fournitures de bureau,Papier,Xerox 2000,5.18,1,0.2,1.81
7007,US-2015-119466,12/15/2015,12/21/2015,Tarif normal,SP-20860,Sung Pak,Entreprise,États-Unis,Chicago,Illinois,USCA - Centre,FUR-FU-10001546,Mobilier,Meubles,Dana Swing-Arm Lamps,8.54,2,0.6,-7.48
7011,US-2015-135881,5/23/2015,5/27/2015,Tarif normal,GT-14710,Greg Tran,Grand public,États-Unis,New York City,New York,USCA - Est,OFF-BI-10000829,Fournitures de bureau,Classeurs,Avery Non-Stick Binders,17.96,5,0.2,5.84
7012,US-2015-135881,5/23/2015,5/27/2015,Tarif normal,GT-14710,Greg Tran,Grand public,États-Unis,New York City,New York,USCA - Est,OFF-SU-10003002,Fournitures de bureau,Fournitures,Letter Slitter,5.04,2,0,0.15
7013,US-2015-135881,5/23/2015,5/27/2015,Tarif normal,GT-14710,Greg Tran,Grand public,États-Unis,New York City,New York,USCA - Est,OFF-AP-10002118,Fournitures de bureau,Électroménager,"1.7 Cubic Foot Compact ""Cube"" Office Refrigerators",208.16,1,0,56.2
7015,US-2015-114790,3/11/2015,3/13/2015,J+2,FM-14215,Filia McAdams,Entreprise,États-Unis,Richmond,Kentucky,USCA - Sud,OFF-AP-10002578,Fournitures de bureau,Électroménager,"Fellowes Premier Superior Surge Suppressor, 10-Outlet, With Phone and Remote",146.76,3,0,38.16
7016,US-2015-114790,3/11/2015,3/13/2015,J+2,FM-14215,Filia McAdams,Entreprise,États-Unis,Richmond,Kentucky,USCA - Sud,TEC-AC-10000710,Produits technologiques,Accessoires,Maxell DVD-RAM Discs,32.96,2,0,14.17
7017,US-2015-114790,3/11/2015,3/13/2015,J+2,FM-14215,Filia McAdams,Entreprise,États-Unis,Richmond,Kentucky,USCA - Sud,TEC-PH-10000984,Produits technologiques,Téléphones,Panasonic KX-TG9471B,587.97,3,0,164.63
7018,US-2015-114790,3/11/2015,3/13/2015,J+2,FM-14215,Filia McAdams,Entreprise,États-Unis,Richmond,Kentucky,USCA - Sud,OFF-PA-10000213,Fournitures de bureau,Papier,Xerox 198,14.94,3,0,7.02
7020,US-2015-124737,8/23/2015,8/27/2015,Tarif normal,AP-10915,Arthur Prichep,Grand public,États-Unis,Denver,Colorado,USCA - Ouest,OFF-PA-10001837,Fournitures de bureau,Papier,Xerox 1976,15.55,3,0.2,5.44
7021,US-2015-124737,8/23/2015,8/27/2015,Tarif normal,AP-10915,Arthur Prichep,Grand public,États-Unis,Denver,Colorado,USCA - Ouest,OFF-SU-10004661,Fournitures de bureau,Fournitures,Acme Titanium Bonded Scissors,6.8,1,0.2,0.51
7022,US-2015-124737,8/23/2015,8/27/2015,Tarif normal,AP-10915,Arthur Prichep,Grand public,États-Unis,Denver,Colorado,USCA - Ouest,FUR-FU-10003274,Mobilier,Meubles,Regeneration Desk Collection,4.22,3,0.2,1.27
7023,US-2015-124737,8/23/2015,8/27/2015,Tarif normal,AP-10915,Arthur Prichep,Grand public,États-Unis,Denver,Colorado,USCA - Ouest,TEC-PH-10000149,Produits technologiques,Téléphones,Cisco SPA525G2 IP Phone - Wireless,143.64,9,0.2,10.77
7024,US-2015-124737,8/23/2015,8/27/2015,Tarif normal,AP-10915,Arthur Prichep,Grand public,États-Unis,Denver,Colorado,USCA - Ouest,OFF-PA-10000019,Fournitures de bureau,Papier,Xerox 1931,31.1,6,0.2,10.89
7025,US-2015-124737,8/23/2015,8/27/2015,Tarif normal,AP-10915,Arthur Prichep,Grand public,États-Unis,Denver,Colorado,USCA - Ouest,OFF-PA-10001125,Fournitures de bureau,Papier,Xerox 1988,223.06,9,0.2,69.71
7037,US-2015-124618,5/2/2015,5/4/2015,J+2,CS-11860,Cari Schnelling,Grand public,États-Unis,Lakeland,Floride,USCA - Sud,TEC-CO-10004202,Produits technologiques,Photocopieurs,Brother DCP1000 Digital 3 in 1 Multifunction Machine,479.98,2,0.2,90
7047,US-2015-150581,4/8/2015,4/12/2015,Tarif normal,NM-18445,Nathan Mautz,Bureau à domicile,États-Unis,Concord,Californie,USCA - Ouest,FUR-TA-10003748,Mobilier,Tables,Bevis 36 x 72 Conference Tables,99.59,1,0.2,2.49
7048,US-2015-150581,4/8/2015,4/12/2015,Tarif normal,NM-18445,Nathan Mautz,Bureau à domicile,États-Unis,Concord,Californie,USCA - Ouest,TEC-AC-10001908,Produits technologiques,Accessoires,Logitech Wireless Headset h800,399.96,4,0,139.99
7050,US-2015-141355,9/25/2015,9/30/2015,Tarif normal,BF-11005,Barry Franz,Bureau à domicile,États-Unis,Aurora,Colorado,USCA - Ouest,OFF-AR-10003179,Fournitures de bureau,Art,Dixon Ticonderoga Core-Lock Colored Pencils,14.58,2,0.2,2.37
7066,US-2015-106726,12/6/2015,12/8/2015,Prioritaire,RS-19765,Roland Schwarz,Entreprise,États-Unis,Los Angeles,Californie,USCA - Ouest,OFF-ST-10001496,Fournitures de bureau,Stockage,Standard Rollaway File with Lock,1261.33,7,0,327.95
7070,US-2015-141901,8/9/2015,8/14/2015,Tarif normal,GM-14500,Gene McClure,Grand public,États-Unis,Fresno,Californie,USCA - Ouest,OFF-PA-10001667,Fournitures de bureau,Papier,Great White Multi-Use Recycled Paper (20Lb. and 84 Bright),5.98,1,0,2.69
7101,US-2015-159625,11/23/2015,11/28/2015,Tarif normal,SM-20005,Sally Matthias,Grand public,États-Unis,Scottsdale,Arizona,USCA - Ouest,OFF-EN-10002621,Fournitures de bureau,Enveloppes,Staple envelope,23.47,3,0.2,8.8
7103,US-2015-117478,9/21/2015,9/24/2015,Prioritaire,LH-16750,Larry Hughes,Grand public,États-Unis,Philadelphia,Pennsylvanie,USCA - Est,OFF-BI-10000050,Fournitures de bureau,Classeurs,"Angle-D Binders with Locking Rings, Label Holders",6.57,3,0.7,-5.04
7117,US-2015-143168,10/18/2015,10/23/2015,J+2,IG-15085,Ivan Gibson,Grand public,États-Unis,Seattle,Washington,USCA - Ouest,OFF-PA-10000167,Fournitures de bureau,Papier,Xerox 1925,61.96,2,0,27.88
7118,US-2015-143168,10/18/2015,10/23/2015,J+2,IG-15085,Ivan Gibson,Grand public,États-Unis,Seattle,Washington,USCA - Ouest,OFF-BI-10003784,Fournitures de bureau,Classeurs,Computer Printout Index Tabs,1.34,1,0.2,0.47
7121,US-2015-147774,1/20/2015,1/26/2015,Tarif normal,MM-18280,Muhammed MacIntyre,Entreprise,États-Unis,Smyrna,Tennessee,USCA - Sud,OFF-BI-10003091,Fournitures de bureau,Classeurs,GBC DocuBind TL200 Manual Binding Machine,67.19,1,0.7,-51.52
7143,US-2015-122217,11/24/2015,11/29/2015,Tarif normal,HP-14815,Harold Pawlan,Bureau à domicile,États-Unis,Virginia Beach,Virginie,USCA - Sud,FUR-FU-10002045,Mobilier,Meubles,"Executive Impressions 14""",111.15,5,0,48.91
7153,US-2015-137911,10/9/2015,10/15/2015,Tarif normal,BP-11095,Bart Pistole,Entreprise,États-Unis,Jacksonville,Caroline du Nord,USCA - Sud,OFF-PA-10004071,Fournitures de bureau,Papier,"Eaton Premium Continuous-Feed Paper, 25% Cotton, Letter Size, White, 1000 Shts/Box",88.77,2,0.2,31.07
7162,US-2015-138709,7/4/2015,7/9/2015,Tarif normal,MS-17770,Maxwell Schwartz,Grand public,États-Unis,Richmond,Virginie,USCA - Sud,OFF-PA-10004734,Fournitures de bureau,Papier,Southworth Structures Collection,21.84,3,0,10.92
7163,US-2015-138709,7/4/2015,7/9/2015,Tarif normal,MS-17770,Maxwell Schwartz,Grand public,États-Unis,Richmond,Virginie,USCA - Sud,OFF-BI-10000145,Fournitures de bureau,Classeurs,Zipper Ring Binder Pockets,15.6,5,0,7.64
7164,US-2015-122070,4/22/2015,4/24/2015,J+2,AH-10030,Aaron Hawkins,Entreprise,États-Unis,Troy,New York,USCA - Est,OFF-EN-10004773,Fournitures de bureau,Enveloppes,Staple envelope,247.84,8,0,121.44
7165,US-2015-122070,4/22/2015,4/24/2015,J+2,AH-10030,Aaron Hawkins,Entreprise,États-Unis,Troy,New York,USCA - Est,OFF-BI-10004970,Fournitures de bureau,Classeurs,"ACCOHIDE 3-Ring Binder, Blue, 1""",9.91,3,0.2,3.35
7167,US-2015-117464,7/22/2015,7/24/2015,J+2,NP-18325,Naresj Patel,Grand public,États-Unis,San Francisco,Californie,USCA - Ouest,OFF-AR-10003190,Fournitures de bureau,Art,Newell 32,11.52,4,0,3.23
7168,US-2015-117464,7/22/2015,7/24/2015,J+2,NP-18325,Naresj Patel,Grand public,États-Unis,San Francisco,Californie,USCA - Ouest,FUR-CH-10000155,Mobilier,Chaises,Global Comet Stacking Armless Chair,717.72,3,0.2,71.77
7169,US-2015-117464,7/22/2015,7/24/2015,J+2,NP-18325,Naresj Patel,Grand public,États-Unis,San Francisco,Californie,USCA - Ouest,OFF-ST-10003058,Fournitures de bureau,Stockage,Eldon Mobile Mega Data Cart  Mega Stackable  Add-On Trays,236.5,10,0,68.59
7170,US-2015-117464,7/22/2015,7/24/2015,J+2,NP-18325,Naresj Patel,Grand public,États-Unis,San Francisco,Californie,USCA - Ouest,FUR-TA-10004767,Mobilier,Tables,Safco Drafting Table,170.35,3,0.2,19.16
7181,US-2015-106054,1/6/2015,1/7/2015,Prioritaire,JO-15145,Jack O'Briant,Entreprise,États-Unis,Athens,Géorgie,USCA - Sud,OFF-AR-10002399,Fournitures de bureau,Art,"Dixon Prang Watercolor Pencils, 10-Color Set with Brush",12.78,3,0,5.24
7197,US-2015-116785,4/26/2015,4/30/2015,Tarif normal,MH-17290,Marc Harrigan,Bureau à domicile,États-Unis,Los Angeles,Californie,USCA - Ouest,OFF-AR-10003504,Fournitures de bureau,Art,Newell 347,21.4,5,0,6.21
7198,US-2015-116785,4/26/2015,4/30/2015,Tarif normal,MH-17290,Marc Harrigan,Bureau à domicile,États-Unis,Los Angeles,Californie,USCA - Ouest,OFF-LA-10000305,Fournitures de bureau,Étiquettes,Avery 495,12.6,2,0,5.8
7204,US-2015-118276,12/29/2015,1/2/2016,Tarif normal,MG-17890,Michael Granlund,Bureau à domicile,États-Unis,Saint Charles,Illinois,USCA - Centre,FUR-FU-10002111,Mobilier,Meubles,"Master Caster Door Stop, Large Brown",8.74,3,0.6,-4.8
7229,US-2015-157546,7/20/2015,7/22/2015,Prioritaire,RD-19720,Roger Demir,Grand public,États-Unis,San Francisco,Californie,USCA - Ouest,OFF-BI-10002498,Fournitures de bureau,Classeurs,Clear Mylar Reinforcing Strips,89.71,6,0.2,30.28
7230,US-2015-157546,7/20/2015,7/22/2015,Prioritaire,RD-19720,Roger Demir,Grand public,États-Unis,San Francisco,Californie,USCA - Ouest,OFF-PA-10004569,Fournitures de bureau,Papier,"Wirebound Message Books, Two 4 1/4"" x 5"" Forms per Page",22.83,3,0,10.73
7237,US-2015-138737,12/7/2015,12/10/2015,Prioritaire,FP-14320,Frank Preis,Grand public,États-Unis,Los Angeles,Californie,USCA - Ouest,OFF-AR-10003190,Fournitures de bureau,Art,Newell 32,8.64,3,0,2.42
7247,US-2015-127978,3/3/2015,3/8/2015,Tarif normal,JS-15595,Jill Stevenson,Entreprise,États-Unis,Columbus,Ohio,USCA - Est,OFF-LA-10000305,Fournitures de bureau,Étiquettes,Avery 495,15.12,3,0.2,4.91
7248,US-2015-127978,3/3/2015,3/8/2015,Tarif normal,JS-15595,Jill Stevenson,Entreprise,États-Unis,Columbus,Ohio,USCA - Est,FUR-BO-10001972,Mobilier,Bibliothèques,O'Sullivan 4-Shelf Bookcase in Odessa Pine,302.45,5,0.5,-199.62
7249,US-2015-127978,3/3/2015,3/8/2015,Tarif normal,JS-15595,Jill Stevenson,Entreprise,États-Unis,Columbus,Ohio,USCA - Est,OFF-ST-10002486,Fournitures de bureau,Stockage,Eldon Shelf Savers Cubes and Bins,44.67,8,0.2,-10.05
7266,US-2015-143721,11/23/2015,11/26/2015,J+2,DK-12835,Damala Kotsonis,Entreprise,États-Unis,Houston,Texas,USCA - Centre,FUR-CH-10001973,Mobilier,Chaises,Office Star Flex Back Scooter Chair with White Frame,155.37,2,0.3,-35.51
7277,US-2015-120670,11/2/2015,11/6/2015,Tarif normal,JK-16120,Julie Kriz,Bureau à domicile,États-Unis,Fort Lauderdale,Floride,USCA - Sud,TEC-AC-10004171,Produits technologiques,Accessoires,Razer Kraken 7.1 Surround Sound Over Ear USB Gaming Headset,799.92,10,0.2,239.98
7289,US-2015-158281,9/2/2015,9/7/2015,Tarif normal,AG-10525,Andy Gerbode,Entreprise,États-Unis,Houston,Texas,USCA - Centre,TEC-MA-10002210,Produits technologiques,Machines,Epson TM-T88V Direct Thermal Printer - Monochrome - Desktop,559.71,3,0.4,-121.27
7296,US-2015-111899,5/4/2015,5/5/2015,Prioritaire,NC-18340,Nat Carroll,Grand public,États-Unis,Houston,Texas,USCA - Centre,OFF-AR-10001725,Fournitures de bureau,Art,Boston Home & Office Model 2000 Electric Pencil Sharpeners,37.84,2,0.2,2.84
7297,US-2015-111899,5/4/2015,5/5/2015,Prioritaire,NC-18340,Nat Carroll,Grand public,États-Unis,Houston,Texas,USCA - Centre,OFF-FA-10000840,Fournitures de bureau,Éléments de fixation,OIC Thumb-Tacks,5.47,6,0.2,1.85
7299,US-2015-163468,11/18/2015,11/21/2015,Prioritaire,JK-15730,Joe Kamberova,Grand public,États-Unis,Des Plaines,Illinois,USCA - Centre,FUR-TA-10002533,Mobilier,Tables,BPI Conference Tables,292.1,4,0.5,-175.26
7300,US-2015-163468,11/18/2015,11/21/2015,Prioritaire,JK-15730,Joe Kamberova,Grand public,États-Unis,Des Plaines,Illinois,USCA - Centre,FUR-FU-10001546,Mobilier,Meubles,Dana Swing-Arm Lamps,8.54,2,0.6,-7.48
7301,US-2015-163468,11/18/2015,11/21/2015,Prioritaire,JK-15730,Joe Kamberova,Grand public,États-Unis,Des Plaines,Illinois,USCA - Centre,FUR-BO-10003546,Mobilier,Bibliothèques,Hon 4-Shelf Metal Bookcases,424.12,6,0.3,-30.29
7302,US-2015-163468,11/18/2015,11/21/2015,Prioritaire,JK-15730,Joe Kamberova,Grand public,États-Unis,Des Plaines,Illinois,USCA - Centre,OFF-BI-10004728,Fournitures de bureau,Classeurs,Wilson Jones Turn Tabs Binder Tool for Ring Binders,2.89,3,0.8,-4.92
7303,US-2015-163468,11/18/2015,11/21/2015,Prioritaire,JK-15730,Joe Kamberova,Grand public,États-Unis,Des Plaines,Illinois,USCA - Centre,OFF-ST-10000025,Fournitures de bureau,Stockage,Fellowes Stor/Drawer Steel Plus Storage Drawers,381.72,5,0.2,-66.8
7306,US-2015-137274,3/29/2015,4/2/2015,Tarif normal,MG-18145,Mike Gockenbach,Grand public,États-Unis,Plano,Texas,USCA - Centre,FUR-TA-10001889,Mobilier,Tables,Bush Advantage Collection Racetrack Conference Table,890.84,3,0.3,-152.72
7328,US-2015-131275,3/18/2015,3/24/2015,Tarif normal,SC-20050,Sample Company A,Bureau à domicile,États-Unis,Burbank,Californie,USCA - Ouest,FUR-FU-10004597,Mobilier,Meubles,Eldon Cleatmat Chair Mats for Medium Pile Carpets,111,2,0,14.43
7329,US-2015-131275,3/18/2015,3/24/2015,Tarif normal,SC-20050,Sample Company A,Bureau à domicile,États-Unis,Burbank,Californie,USCA - Ouest,TEC-MA-10001148,Produits technologiques,Machines,Swingline SM12-08 MicroCut Jam Free Shredder,1279.97,4,0.2,415.99
7330,US-2015-131275,3/18/2015,3/24/2015,Tarif normal,SC-20050,Sample Company A,Bureau à domicile,États-Unis,Burbank,Californie,USCA - Ouest,OFF-ST-10000078,Fournitures de bureau,Stockage,Tennsco 6- and 18-Compartment Lockers,1856.19,7,0,334.11
7339,US-2015-163412,12/20/2015,12/23/2015,J+2,SM-20950,Suzanne McNair,Entreprise,États-Unis,New York City,New York,USCA - Est,FUR-CH-10004875,Mobilier,Chaises,Harbour Creations 67200 Series Stacking Chairs,192.19,3,0.1,36.3
7341,US-2015-116190,7/26/2015,8/1/2015,Tarif normal,SG-20470,Sheri Gordon,Grand public,États-Unis,Atlanta,Géorgie,USCA - Sud,FUR-CH-10000553,Mobilier,Chaises,"Metal Folding Chairs, Beige, 4/Carton",67.88,2,0,18.33
7342,US-2015-116190,7/26/2015,8/1/2015,Tarif normal,SG-20470,Sheri Gordon,Grand public,États-Unis,Atlanta,Géorgie,USCA - Sud,OFF-LA-10002762,Fournitures de bureau,Étiquettes,Avery 485,162.89,13,0,76.56
7343,US-2015-116190,7/26/2015,8/1/2015,Tarif normal,SG-20470,Sheri Gordon,Grand public,États-Unis,Atlanta,Géorgie,USCA - Sud,FUR-FU-10000719,Mobilier,Meubles,"DAX Cubicle Frames, 8-1/2 x 11",25.71,3,0,9.26
7344,US-2015-168473,12/26/2015,1/1/2016,Tarif normal,TB-21520,Tracy Blumstein,Grand public,États-Unis,New York City,New York,USCA - Est,OFF-ST-10000563,Fournitures de bureau,Stockage,Fellowes Bankers Box Stor/Drawer Steel Plus,191.88,6,0,19.19
7349,US-2015-130421,3/3/2015,3/7/2015,Tarif normal,SC-20020,Sam Craven,Grand public,États-Unis,Houston,Texas,USCA - Centre,OFF-AP-10002534,Fournitures de bureau,Électroménager,3.6 Cubic Foot Counter Height Office Refrigerator,176.77,3,0.8,-459.61
7359,US-2015-115189,12/30/2015,1/3/2016,J+2,AR-10345,Alex Russell,Entreprise,États-Unis,Philadelphia,Pennsylvanie,USCA - Est,TEC-PH-10002170,Produits technologiques,Téléphones,ClearSounds CSC500 Amplified Spirit Phone Corded phone,251.96,6,0.4,-50.39
7360,US-2015-115189,12/30/2015,1/3/2016,J+2,AR-10345,Alex Russell,Entreprise,États-Unis,Philadelphia,Pennsylvanie,USCA - Est,FUR-TA-10004575,Mobilier,Tables,Hon 5100 Series Wood Tables,523.76,3,0.4,-192.05
7371,US-2015-107769,10/28/2015,11/1/2015,Tarif normal,BT-11395,Bill Tyler,Entreprise,États-Unis,Garden City,Kansas,USCA - Centre,TEC-PH-10001336,Produits technologiques,Téléphones,Digium D40 VoIP phone,257.98,2,0,74.81
7378,US-2015-132787,9/19/2015,9/23/2015,Tarif normal,MC-18130,Mike Caudle,Entreprise,États-Unis,Seattle,Washington,USCA - Ouest,OFF-ST-10001321,Fournitures de bureau,Stockage,"Decoflex Hanging Personal Folder File, Blue",92.52,6,0,24.98
7398,US-2015-141649,9/30/2015,9/30/2015,Le même jour,DM-12955,Dario Medina,Entreprise,États-Unis,Fairfield,Ohio,USCA - Est,OFF-AP-10003217,Fournitures de bureau,Électroménager,Eureka Sanitaire  Commercial Upright,795.41,6,0.2,59.66
7399,US-2015-124807,7/12/2015,7/15/2015,J+2,ME-17725,Max Engle,Grand public,États-Unis,Chicago,Illinois,USCA - Centre,OFF-PA-10001526,Fournitures de bureau,Papier,Xerox 1949,35.86,9,0.2,13
7400,US-2015-124807,7/12/2015,7/15/2015,J+2,ME-17725,Max Engle,Grand public,États-Unis,Chicago,Illinois,USCA - Centre,TEC-AC-10002857,Produits technologiques,Accessoires,"Verbatim 25 GB 6x Blu-ray Single Layer Recordable Disc, 1/Pack",23.84,4,0.2,3.28
7410,US-2015-121769,4/8/2015,4/12/2015,Tarif normal,JS-15880,John Stevenson,Grand public,États-Unis,Toledo,Ohio,USCA - Est,FUR-TA-10004442,Mobilier,Tables,Riverside Furniture Stanwyck Manor Table Series,172.11,1,0.4,-94.66
7411,US-2015-103058,7/23/2015,7/24/2015,Prioritaire,AG-10270,Alejandro Grove,Grand public,États-Unis,New York City,New York,USCA - Est,TEC-AC-10001314,Produits technologiques,Accessoires,Case Logic 2.4GHz Wireless Keyboard,99.98,2,0,8
7428,US-2015-164763,3/17/2015,3/21/2015,Tarif normal,MH-17440,Mark Haberlin,Entreprise,États-Unis,Jackson,Mississippi,USCA - Sud,OFF-BI-10000605,Fournitures de bureau,Classeurs,"Acco Pressboard Covers with Storage Hooks, 9 1/2"" x 11"", Executive Red",11.43,3,0,5.37
7429,US-2015-164763,3/17/2015,3/21/2015,Tarif normal,MH-17440,Mark Haberlin,Entreprise,États-Unis,Jackson,Mississippi,USCA - Sud,OFF-BI-10000309,Fournitures de bureau,Classeurs,"GBC Twin Loop Wire Binding Elements, 9/16"" Spine, Black",30.44,2,0,14.92
7430,US-2015-164763,3/17/2015,3/21/2015,Tarif normal,MH-17440,Mark Haberlin,Entreprise,États-Unis,Jackson,Mississippi,USCA - Sud,OFF-PA-10003349,Fournitures de bureau,Papier,Xerox 1957,12.96,2,0,6.35
7431,US-2015-164763,3/17/2015,3/21/2015,Tarif normal,MH-17440,Mark Haberlin,Entreprise,États-Unis,Jackson,Mississippi,USCA - Sud,OFF-PA-10003063,Fournitures de bureau,Papier,EcoTones Memo Sheets,16,4,0,7.68
7432,US-2015-164763,3/17/2015,3/21/2015,Tarif normal,MH-17440,Mark Haberlin,Entreprise,États-Unis,Jackson,Mississippi,USCA - Sud,OFF-AP-10003971,Fournitures de bureau,Électroménager,Belkin 6 Outlet Metallic Surge Strip,32.67,3,0,8.49
7433,US-2015-161249,8/9/2015,8/13/2015,Tarif normal,RD-19720,Roger Demir,Grand public,États-Unis,Phoenix,Arizona,USCA - Ouest,OFF-FA-10004838,Fournitures de bureau,Éléments de fixation,"Super Bands, 12/Pack",4.46,3,0.2,-0.95
7434,US-2015-161249,8/9/2015,8/13/2015,Tarif normal,RD-19720,Roger Demir,Grand public,États-Unis,Phoenix,Arizona,USCA - Ouest,OFF-BI-10001097,Fournitures de bureau,Classeurs,Avery Hole Reinforcements,9.35,5,0.7,-6.54
7438,US-2015-165568,2/15/2015,2/19/2015,Tarif normal,BF-11020,Barry Französisch,Entreprise,États-Unis,Seattle,Washington,USCA - Ouest,OFF-BI-10001031,Fournitures de bureau,Classeurs,Pressboard Data Binders by Wilson Jones,21.36,5,0.2,7.21
7443,US-2015-109932,12/9/2015,12/11/2015,Prioritaire,VP-21760,Victoria Pisteka,Entreprise,États-Unis,Brownsville,Texas,USCA - Centre,OFF-PA-10001804,Fournitures de bureau,Papier,Xerox 195,10.69,2,0.2,3.74
7444,US-2015-109932,12/9/2015,12/11/2015,Prioritaire,VP-21760,Victoria Pisteka,Entreprise,États-Unis,Brownsville,Texas,USCA - Centre,OFF-ST-10000036,Fournitures de bureau,Stockage,"Recycled Data-Pak for Archival Bound Computer Printouts, 12-1/2 x 12-1/2 x 16",237.1,3,0.2,20.75
7469,US-2015-138100,9/15/2015,9/20/2015,Tarif normal,AA-10315,Alex Avila,Grand public,États-Unis,New York City,New York,USCA - Est,OFF-PA-10000349,Fournitures de bureau,Papier,Easy-staple paper,14.94,3,0,7.02
7470,US-2015-138100,9/15/2015,9/20/2015,Tarif normal,AA-10315,Alex Avila,Grand public,États-Unis,New York City,New York,USCA - Est,FUR-FU-10002456,Mobilier,Meubles,"Master Caster Door Stop, Large Neon Orange",14.56,2,0,6.26
7475,US-2015-167199,1/6/2015,1/10/2015,Tarif normal,ME-17320,Maria Etezadi,Bureau à domicile,États-Unis,Henderson,Kentucky,USCA - Sud,FUR-CH-10004063,Mobilier,Chaises,Global Deluxe High-Back Manager's Chair,2573.82,9,0,746.41
7476,US-2015-167199,1/6/2015,1/10/2015,Tarif normal,ME-17320,Maria Etezadi,Bureau à domicile,États-Unis,Henderson,Kentucky,USCA - Sud,OFF-BI-10004632,Fournitures de bureau,Classeurs,Ibico Hi-Tech Manual Binding System,609.98,2,0,274.49
7477,US-2015-167199,1/6/2015,1/10/2015,Tarif normal,ME-17320,Maria Etezadi,Bureau à domicile,États-Unis,Henderson,Kentucky,USCA - Sud,OFF-AR-10001662,Fournitures de bureau,Art,Rogers Handheld Barrel Pencil Sharpener,5.48,2,0,1.48
7478,US-2015-167199,1/6/2015,1/10/2015,Tarif normal,ME-17320,Maria Etezadi,Bureau à domicile,États-Unis,Henderson,Kentucky,USCA - Sud,TEC-PH-10004977,Produits technologiques,Téléphones,GE 30524EE4,391.98,2,0,113.67
7479,US-2015-167199,1/6/2015,1/10/2015,Tarif normal,ME-17320,Maria Etezadi,Bureau à domicile,États-Unis,Henderson,Kentucky,USCA - Sud,TEC-PH-10004539,Produits technologiques,Téléphones,Wireless Extenders zBoost YX545 SOHO Signal Booster,755.96,4,0,204.11
7480,US-2015-167199,1/6/2015,1/10/2015,Tarif normal,ME-17320,Maria Etezadi,Bureau à domicile,États-Unis,Henderson,Kentucky,USCA - Sud,OFF-FA-10001883,Fournitures de bureau,Éléments de fixation,"Alliance Super-Size Bands, Assorted Sizes",31.12,4,0,0.31
7481,US-2015-167199,1/6/2015,1/10/2015,Tarif normal,ME-17320,Maria Etezadi,Bureau à domicile,États-Unis,Henderson,Kentucky,USCA - Sud,OFF-PA-10000955,Fournitures de bureau,Papier,Southworth 25% Cotton Granite Paper & Envelopes,6.54,1,0,3.01
7483,US-2015-113964,9/23/2015,9/30/2015,Tarif normal,JP-16135,Julie Prescott,Bureau à domicile,États-Unis,New York City,New York,USCA - Est,OFF-BI-10004654,Fournitures de bureau,Classeurs,Avery Binding System Hidden Tab Executive Style Index Sets,18.46,4,0.2,6.92
7484,US-2015-129938,12/15/2015,12/17/2015,J+2,EB-13705,Ed Braxton,Entreprise,États-Unis,Philadelphia,Pennsylvanie,USCA - Est,FUR-CH-10003774,Mobilier,Chaises,"Global Wood Trimmed Manager's Task Chair, Khaki",445.8,7,0.3,-108.27
7507,US-2015-115889,11/2/2015,11/6/2015,Tarif normal,SH-20395,Shahid Hopkins,Grand public,États-Unis,San Francisco,Californie,USCA - Ouest,TEC-PH-10001615,Produits technologiques,Téléphones,AT&T CL82213,46.38,2,0.2,5.22
7508,US-2015-115889,11/2/2015,11/6/2015,Tarif normal,SH-20395,Shahid Hopkins,Grand public,États-Unis,San Francisco,Californie,USCA - Ouest,OFF-ST-10003208,Fournitures de bureau,Stockage,Adjustable Depth Letter/Legal Cart,362.92,2,0,105.25
7525,US-2015-125731,9/10/2015,9/16/2015,Tarif normal,CL-12565,Clay Ludtke,Grand public,États-Unis,Gresham,Oregon,USCA - Ouest,OFF-EN-10003072,Fournitures de bureau,Enveloppes,Peel & Seel Envelopes,21.73,7,0.2,7.6
7526,US-2015-125731,9/10/2015,9/16/2015,Tarif normal,CL-12565,Clay Ludtke,Grand public,États-Unis,Gresham,Oregon,USCA - Ouest,FUR-CH-10003973,Mobilier,Chaises,GuestStacker Chair with Chrome Finish Legs,1487.04,5,0.2,148.7
7546,US-2015-103492,10/10/2015,10/15/2015,Tarif normal,CM-12715,Craig Molinari,Entreprise,États-Unis,Huntsville,Texas,USCA - Centre,TEC-PH-10001128,Produits technologiques,Téléphones,Motorola Droid Maxx,719.95,6,0.2,72
7547,US-2015-103492,10/10/2015,10/15/2015,Tarif normal,CM-12715,Craig Molinari,Entreprise,États-Unis,Huntsville,Texas,USCA - Centre,TEC-PH-10004667,Produits technologiques,Téléphones,Cisco 8x8 Inc. 6753i IP Business Phone System,755.94,7,0.2,66.15
7548,US-2015-103492,10/10/2015,10/15/2015,Tarif normal,CM-12715,Craig Molinari,Entreprise,États-Unis,Huntsville,Texas,USCA - Centre,OFF-BI-10004817,Fournitures de bureau,Classeurs,GBC Personal VeloBind Strips,11.98,5,0.8,-19.17
7549,US-2015-103492,10/10/2015,10/15/2015,Tarif normal,CM-12715,Craig Molinari,Entreprise,États-Unis,Huntsville,Texas,USCA - Centre,OFF-BI-10004140,Fournitures de bureau,Classeurs,Avery Non-Stick Binders,0.9,1,0.8,-1.57
7551,US-2015-140396,11/20/2015,11/25/2015,Tarif normal,KH-16330,Katharine Harms,Entreprise,États-Unis,New York City,New York,USCA - Est,OFF-EN-10002592,Fournitures de bureau,Enveloppes,"Peel & Seel Recycled Catalog Envelopes, Brown",34.74,3,0,17.37
7552,US-2015-140396,11/20/2015,11/25/2015,Tarif normal,KH-16330,Katharine Harms,Entreprise,États-Unis,New York City,New York,USCA - Est,TEC-PH-10004447,Produits technologiques,Téléphones,Toshiba IPT2010-SD IP Telephone,833.94,6,0,216.82
7553,US-2015-140396,11/20/2015,11/25/2015,Tarif normal,KH-16330,Katharine Harms,Entreprise,États-Unis,New York City,New York,USCA - Est,OFF-BI-10003669,Fournitures de bureau,Classeurs,3M Organizer Strips,12.96,3,0.2,4.54
7554,US-2015-140396,11/20/2015,11/25/2015,Tarif normal,KH-16330,Katharine Harms,Entreprise,États-Unis,New York City,New York,USCA - Est,OFF-PA-10000223,Fournitures de bureau,Papier,Xerox 2000,25.92,4,0,12.44
7555,US-2015-114181,5/10/2015,5/14/2015,J+2,AF-10885,Art Foster,Grand public,États-Unis,Philadelphia,Pennsylvanie,USCA - Est,FUR-BO-10004467,Mobilier,Bibliothèques,Bestar Classic Bookcase,349.97,7,0.5,-216.98
7556,US-2015-114181,5/10/2015,5/14/2015,J+2,AF-10885,Art Foster,Grand public,États-Unis,Philadelphia,Pennsylvanie,USCA - Est,OFF-AR-10000716,Fournitures de bureau,Art,DIXON Ticonderoga Erasable Checking Pencils,22.32,5,0.2,5.3
7559,US-2015-137155,11/1/2015,11/5/2015,Tarif normal,DL-12925,Daniel Lacy,Grand public,États-Unis,Long Beach,New York,USCA - Est,OFF-AP-10002518,Fournitures de bureau,Électroménager,Kensington 7 Outlet MasterPiece Power Center,533.94,3,0,154.84
7560,US-2015-137155,11/1/2015,11/5/2015,Tarif normal,DL-12925,Daniel Lacy,Grand public,États-Unis,Long Beach,New York,USCA - Est,OFF-PA-10000806,Fournitures de bureau,Papier,Xerox 1934,167.94,3,0,82.29
7561,US-2015-137155,11/1/2015,11/5/2015,Tarif normal,DL-12925,Daniel Lacy,Grand public,États-Unis,Long Beach,New York,USCA - Est,FUR-FU-10003142,Mobilier,Meubles,"Master Big Foot Doorstop, Beige",31.68,6,0,9.82
7569,US-2015-133830,12/5/2015,12/10/2015,Tarif normal,RL-19615,Rob Lucas,Grand public,États-Unis,Los Angeles,Californie,USCA - Ouest,OFF-AR-10003045,Fournitures de bureau,Art,Prang Colored Pencils,26.46,9,0,11.91
7570,US-2015-133830,12/5/2015,12/10/2015,Tarif normal,RL-19615,Rob Lucas,Grand public,États-Unis,Los Angeles,Californie,USCA - Ouest,OFF-PA-10001363,Fournitures de bureau,Papier,Xerox 1933,49.12,4,0,23.09
7571,US-2015-133830,12/5/2015,12/10/2015,Tarif normal,RL-19615,Rob Lucas,Grand public,États-Unis,Los Angeles,Californie,USCA - Ouest,OFF-FA-10002280,Fournitures de bureau,Éléments de fixation,Advantus Plastic Paper Clips,15,3,0,7.2
7572,US-2015-100916,10/21/2015,10/26/2015,Tarif normal,FH-14275,Frank Hawley,Entreprise,États-Unis,Newport News,Virginie,USCA - Sud,OFF-ST-10003479,Fournitures de bureau,Stockage,"Eldon Base for stackable storage shelf, platinum",194.7,5,0,9.73
7573,US-2015-100916,10/21/2015,10/26/2015,Tarif normal,FH-14275,Frank Hawley,Entreprise,États-Unis,Newport News,Virginie,USCA - Sud,FUR-TA-10004607,Mobilier,Tables,Hon 2111 Invitation Series Straight Table,591.32,4,0,112.35
7574,US-2015-100916,10/21/2015,10/26/2015,Tarif normal,FH-14275,Frank Hawley,Entreprise,États-Unis,Newport News,Virginie,USCA - Sud,OFF-AR-10001022,Fournitures de bureau,Art,SANFORD Liquid Accent Tank-Style Highlighters,2.84,1,0,0.88
7577,US-2015-134726,11/2/2015,11/7/2015,J+2,SW-20755,Steven Ward,Entreprise,États-Unis,Seattle,Washington,USCA - Ouest,TEC-AC-10000023,Produits technologiques,Accessoires,"Maxell 74 Minute CD-R Spindle, 50/Pack",41.94,2,0,15.1
7578,US-2015-134726,11/2/2015,11/7/2015,J+2,SW-20755,Steven Ward,Entreprise,États-Unis,Seattle,Washington,USCA - Ouest,TEC-PH-10001750,Produits technologiques,Téléphones,Samsung Rugby III,52.79,1,0.2,4.62
7584,US-2015-163223,3/21/2015,3/25/2015,Tarif normal,KH-16690,Kristen Hastings,Entreprise,États-Unis,Springfield,Virginie,USCA - Sud,TEC-PH-10000730,Produits technologiques,Téléphones,Samsung Galaxy S4 Active,3499.93,7,0,909.98
7585,US-2015-163223,3/21/2015,3/25/2015,Tarif normal,KH-16690,Kristen Hastings,Entreprise,États-Unis,Springfield,Virginie,USCA - Sud,OFF-LA-10004409,Fournitures de bureau,Étiquettes,Avery 492,14.4,5,0,6.62
7586,US-2015-163223,3/21/2015,3/25/2015,Tarif normal,KH-16690,Kristen Hastings,Entreprise,États-Unis,Springfield,Virginie,USCA - Sud,OFF-PA-10000675,Fournitures de bureau,Papier,Xerox 1919,122.97,3,0,60.26
7587,US-2015-163223,3/21/2015,3/25/2015,Tarif normal,KH-16690,Kristen Hastings,Entreprise,États-Unis,Springfield,Virginie,USCA - Sud,OFF-AR-10001573,Fournitures de bureau,Art,American Pencil,9.32,4,0,2.7
7588,US-2015-163223,3/21/2015,3/25/2015,Tarif normal,KH-16690,Kristen Hastings,Entreprise,États-Unis,Springfield,Virginie,USCA - Sud,OFF-BI-10001597,Fournitures de bureau,Classeurs,"Wilson Jones Ledger-Size, Piano-Hinge Binder, 2"", Blue",122.94,3,0,59.01
7598,US-2015-131947,9/17/2015,9/22/2015,Tarif normal,JA-15970,Joseph Airdo,Grand public,États-Unis,Springfield,Oregon,USCA - Ouest,OFF-AR-10001473,Fournitures de bureau,Art,Newell 313,5.25,2,0.2,0.46
7599,US-2015-131947,9/17/2015,9/22/2015,Tarif normal,JA-15970,Joseph Airdo,Grand public,États-Unis,Springfield,Oregon,USCA - Ouest,OFF-AR-10000411,Fournitures de bureau,Art,Boston 16701 Slimline Battery Pencil Sharpener,38.26,3,0.2,4.78
7600,US-2015-131947,9/17/2015,9/22/2015,Tarif normal,JA-15970,Joseph Airdo,Grand public,États-Unis,Springfield,Oregon,USCA - Ouest,OFF-PA-10000246,Fournitures de bureau,Papier,Riverleaf Stik-Withit Designer Note Cubes,40.24,5,0.2,13.08
7601,US-2015-131947,9/17/2015,9/22/2015,Tarif normal,JA-15970,Joseph Airdo,Grand public,États-Unis,Springfield,Oregon,USCA - Ouest,TEC-MA-10004086,Produits technologiques,Machines,Plantronics Single Ear Headset,29.93,5,0.7,-21.95
7602,US-2015-131947,9/17/2015,9/22/2015,Tarif normal,JA-15970,Joseph Airdo,Grand public,États-Unis,Springfield,Oregon,USCA - Ouest,OFF-PA-10003039,Fournitures de bureau,Papier,Xerox 1960,148.7,6,0.2,46.47
7603,US-2015-131947,9/17/2015,9/22/2015,Tarif normal,JA-15970,Joseph Airdo,Grand public,États-Unis,Springfield,Oregon,USCA - Ouest,TEC-AC-10004633,Produits technologiques,Accessoires,"Verbatim 25 GB 6x Blu-ray Single Layer Recordable Disc, 3/Pack",55.92,10,0.2,16.78
7611,US-2015-133354,2/22/2015,2/24/2015,Prioritaire,SA-20830,Sue Ann Reed,Grand public,États-Unis,Moreno Valley,Californie,USCA - Ouest,OFF-PA-10001800,Fournitures de bureau,Papier,Xerox 220,19.44,3,0,9.33
7616,US-2015-148425,11/30/2015,12/4/2015,Tarif normal,RF-19345,Randy Ferguson,Entreprise,États-Unis,Orlando,Floride,USCA - Sud,OFF-BI-10000201,Fournitures de bureau,Classeurs,"Avery Triangle Shaped Sheet Lifters, Black, 2/Pack",6.64,9,0.7,-4.43
7621,US-2015-144078,11/25/2015,11/29/2015,Tarif normal,RB-19435,Richard Bierner,Grand public,États-Unis,Los Angeles,Californie,USCA - Ouest,TEC-PH-10001580,Produits technologiques,Téléphones,Logitech Mobile Speakerphone P710e - speaker phone,539.92,5,0.2,47.24
7622,US-2015-144078,11/25/2015,11/29/2015,Tarif normal,RB-19435,Richard Bierner,Grand public,États-Unis,Los Angeles,Californie,USCA - Ouest,FUR-CH-10002335,Mobilier,Chaises,Hon GuestStacker Chair,725.34,4,0.2,54.4
7623,US-2015-144078,11/25/2015,11/29/2015,Tarif normal,RB-19435,Richard Bierner,Grand public,États-Unis,Los Angeles,Californie,USCA - Ouest,OFF-AR-10004707,Fournitures de bureau,Art,Staples in misc. colors,7.44,3,0,2.6
7624,US-2015-124464,7/14/2015,7/20/2015,Tarif normal,SS-20515,Shirley Schmidt,Bureau à domicile,États-Unis,Newark,Delaware,USCA - Est,OFF-AP-10000576,Fournitures de bureau,Électroménager,Belkin 7 Outlet SurgeMaster II,39.48,1,0,11.05
7630,US-2015-162089,3/30/2015,4/1/2015,Prioritaire,MP-17470,Mark Packer,Bureau à domicile,États-Unis,Brownsville,Texas,USCA - Centre,OFF-EN-10002230,Fournitures de bureau,Enveloppes,Airmail Envelopes,335.72,5,0.2,113.31
7631,US-2015-162089,3/30/2015,4/1/2015,Prioritaire,MP-17470,Mark Packer,Bureau à domicile,États-Unis,Brownsville,Texas,USCA - Centre,TEC-PH-10001819,Produits technologiques,Téléphones,Innergie mMini Combo Duo USB Travel Charging Kit,251.94,7,0.2,88.18
7632,US-2015-162089,3/30/2015,4/1/2015,Prioritaire,MP-17470,Mark Packer,Bureau à domicile,États-Unis,Brownsville,Texas,USCA - Centre,FUR-CH-10002304,Mobilier,Chaises,"Global Stack Chair without Arms, Black",127.3,7,0.3,-9.09
7647,US-2015-115196,9/9/2015,9/13/2015,Tarif normal,DL-12925,Daniel Lacy,Grand public,États-Unis,Greenville,Caroline du Nord,USCA - Sud,TEC-MA-10002073,Produits technologiques,Machines,"3D Systems Cube Printer, 2nd Generation, White",1299.99,2,0.5,-572
7657,US-2015-120740,4/15/2015,4/15/2015,Le même jour,PS-18970,Paul Stevenson,Bureau à domicile,États-Unis,Los Angeles,Californie,USCA - Ouest,OFF-AP-10000240,Fournitures de bureau,Électroménager,Belkin F9G930V10-GRY 9 Outlet Surge,106.96,2,0,31.02
7658,US-2015-120740,4/15/2015,4/15/2015,Le même jour,PS-18970,Paul Stevenson,Bureau à domicile,États-Unis,Los Angeles,Californie,USCA - Ouest,FUR-FU-10004091,Mobilier,Meubles,"Howard Miller 13"" Diameter Goldtone Round Wall Clock",187.76,4,0,76.98
7661,US-2015-105417,1/7/2015,1/12/2015,Tarif normal,VS-21820,Vivek Sundaresam,Grand public,États-Unis,Huntsville,Texas,USCA - Centre,FUR-FU-10004864,Mobilier,Meubles,"Howard Miller 14-1/2"" Diameter Chrome Round Wall Clock",76.73,3,0.6,-53.71
7662,US-2015-105417,1/7/2015,1/12/2015,Tarif normal,VS-21820,Vivek Sundaresam,Grand public,États-Unis,Huntsville,Texas,USCA - Centre,OFF-BI-10003708,Fournitures de bureau,Classeurs,"Acco Four Pocket Poly Ring Binder with Label Holder, Smoke, 1""",10.43,7,0.8,-18.25
7665,US-2015-151967,10/22/2015,10/26/2015,Tarif normal,NB-18580,Nicole Brennan,Entreprise,États-Unis,Bossier City,Louisiane,USCA - Sud,FUR-FU-10000193,Mobilier,Meubles,Tenex Chairmats For Use with Hard Floors,129.92,4,0,10.39
7677,US-2015-142951,10/8/2015,10/8/2015,Le même jour,JG-15115,Jack Garza,Grand public,États-Unis,Charlotte,Caroline du Nord,USCA - Sud,TEC-AC-10002331,Produits technologiques,Accessoires,"Maxell 74 Minute CDR, 10/Pack",23.47,3,0.2,4.99
7678,US-2015-133592,12/31/2015,1/7/2016,Tarif normal,KM-16375,Katherine Murray,Bureau à domicile,États-Unis,Providence,Rhode Island,USCA - Est,OFF-PA-10003228,Fournitures de bureau,Papier,Xerox 1917,195.64,4,0,91.95
7679,US-2015-133592,12/31/2015,1/7/2016,Tarif normal,KM-16375,Katherine Murray,Bureau à domicile,États-Unis,Providence,Rhode Island,USCA - Est,OFF-PA-10002586,Fournitures de bureau,Papier,Xerox 1970,14.94,3,0,7.02
7680,US-2015-133592,12/31/2015,1/7/2016,Tarif normal,KM-16375,Katherine Murray,Bureau à domicile,États-Unis,Providence,Rhode Island,USCA - Est,TEC-AC-10002049,Produits technologiques,Accessoires,Plantronics Savi W720 Multi-Device Wireless Headset System,1687.8,4,0,742.63
7681,US-2015-133592,12/31/2015,1/7/2016,Tarif normal,KM-16375,Katherine Murray,Bureau à domicile,États-Unis,Providence,Rhode Island,USCA - Est,FUR-BO-10000362,Mobilier,Bibliothèques,Sauder Inglewood Library Bookcases,341.96,2,0,78.65
7682,US-2015-133592,12/31/2015,1/7/2016,Tarif normal,KM-16375,Katherine Murray,Bureau à domicile,États-Unis,Providence,Rhode Island,USCA - Est,FUR-CH-10004218,Mobilier,Chaises,"Global Fabric Manager's Chair, Dark Gray",605.88,6,0,151.47
7693,US-2015-102330,12/29/2015,1/3/2016,Tarif normal,AI-10855,Arianne Irving,Grand public,États-Unis,Brentwood,Californie,USCA - Ouest,OFF-LA-10003923,Fournitures de bureau,Étiquettes,Alphabetical Labels for Top Tab Filing,88.8,6,0,44.4
7694,US-2015-102330,12/29/2015,1/3/2016,Tarif normal,AI-10855,Arianne Irving,Grand public,États-Unis,Brentwood,Californie,USCA - Ouest,TEC-PH-10001051,Produits technologiques,Téléphones,HTC One,319.97,4,0.2,36
7709,US-2015-139542,10/25/2015,10/29/2015,Tarif normal,EH-14185,Evan Henry,Grand public,États-Unis,Philadelphia,Pennsylvanie,USCA - Est,TEC-AC-10001553,Produits technologiques,Accessoires,"Memorex 25GB 6X Branded Blu-Ray Recordable Disc, 15/Pack",40.78,3,0.2,0.51
7710,US-2015-139542,10/25/2015,10/29/2015,Tarif normal,EH-14185,Evan Henry,Grand public,États-Unis,Philadelphia,Pennsylvanie,USCA - Est,OFF-BI-10000309,Fournitures de bureau,Classeurs,"GBC Twin Loop Wire Binding Elements, 9/16"" Spine, Black",13.7,3,0.7,-9.59
7715,US-2015-150203,12/5/2015,12/7/2015,Prioritaire,JB-15925,Joni Blumstein,Grand public,États-Unis,Los Angeles,Californie,USCA - Ouest,OFF-AP-10001469,Fournitures de bureau,Électroménager,Fellowes 8 Outlet Superior Workstation Surge Protector,250.26,6,0,72.58
7737,US-2015-105872,5/30/2015,6/6/2015,Tarif normal,JG-15160,James Galang,Grand public,États-Unis,New York City,New York,USCA - Est,OFF-BI-10003684,Fournitures de bureau,Classeurs,Wilson Jones Legal Size Ring Binders,70.37,4,0.2,26.39
7740,US-2015-154781,11/21/2015,11/26/2015,Tarif normal,SC-20680,Steve Carroll,Bureau à domicile,États-Unis,San Francisco,Californie,USCA - Ouest,OFF-PA-10001609,Fournitures de bureau,Papier,Tops Wirebound Message Log Books,6.58,2,0,3.03
7741,US-2015-154781,11/21/2015,11/26/2015,Tarif normal,SC-20680,Steve Carroll,Bureau à domicile,États-Unis,San Francisco,Californie,USCA - Ouest,TEC-AC-10000474,Produits technologiques,Accessoires,Kensington Expert Mouse Optical USB Trackball for PC or Mac,94.99,1,0,28.5
7761,US-2015-155390,12/6/2015,12/11/2015,Tarif normal,BG-11035,Barry Gonzalez,Grand public,États-Unis,Memphis,Tennessee,USCA - Sud,OFF-PA-10003641,Fournitures de bureau,Papier,Xerox 1909,42.21,2,0.2,13.72
7776,US-2015-166961,12/27/2015,12/31/2015,Tarif normal,CD-12790,Cynthia Delaney,Bureau à domicile,États-Unis,Moreno Valley,Californie,USCA - Ouest,OFF-AP-10001366,Fournitures de bureau,Électroménager,Staple holder,10.98,1,0,2.96
7777,US-2015-166961,12/27/2015,12/31/2015,Tarif normal,CD-12790,Cynthia Delaney,Bureau à domicile,États-Unis,Moreno Valley,Californie,USCA - Ouest,OFF-FA-10003485,Fournitures de bureau,Éléments de fixation,Staples,7.86,3,0,3.62
7778,US-2015-166961,12/27/2015,12/31/2015,Tarif normal,CD-12790,Cynthia Delaney,Bureau à domicile,États-Unis,Moreno Valley,Californie,USCA - Ouest,OFF-ST-10004507,Fournitures de bureau,Stockage,Advantus Rolling Storage Box,51.45,3,0,13.89
7779,US-2015-166961,12/27/2015,12/31/2015,Tarif normal,CD-12790,Cynthia Delaney,Bureau à domicile,États-Unis,Moreno Valley,Californie,USCA - Ouest,OFF-BI-10002353,Fournitures de bureau,Classeurs,GBC VeloBind Cover Sets,37.06,3,0.2,13.9
7786,US-2015-111353,11/29/2015,12/6/2015,Tarif normal,PB-19150,Philip Brown,Grand public,États-Unis,New York City,New York,USCA - Est,OFF-LA-10002762,Fournitures de bureau,Étiquettes,Avery 485,25.06,2,0,11.78
7802,US-2015-143637,3/24/2015,3/29/2015,J+2,MS-17710,Maurice Satty,Grand public,États-Unis,Fresno,Californie,USCA - Ouest,FUR-FU-10002813,Mobilier,Meubles,"DAX Contemporary Wood Frame with Silver Metal Mat, Desktop, 11 x 14 Size",40.48,2,0,14.57
7823,US-2015-115413,8/26/2015,9/1/2015,Tarif normal,PP-18955,Paul Prost,Bureau à domicile,États-Unis,Newark,Delaware,USCA - Est,OFF-AR-10003770,Fournitures de bureau,Art,Newell 340,8.64,3,0,2.51
7824,US-2015-115413,8/26/2015,9/1/2015,Tarif normal,PP-18955,Paul Prost,Bureau à domicile,États-Unis,Newark,Delaware,USCA - Est,TEC-AC-10002800,Produits technologiques,Accessoires,Plantronics Audio 478 Stereo USB Headset,149.97,3,0,52.49
7825,US-2015-125150,5/16/2015,5/23/2015,Tarif normal,PW-19030,Pauline Webber,Entreprise,États-Unis,Los Angeles,Californie,USCA - Ouest,FUR-CH-10002439,Mobilier,Chaises,"Iceberg Nesting Folding Chair, 19w x 6d x 43h",232.88,5,0.2,17.47
7840,US-2015-137869,3/28/2015,4/2/2015,Tarif normal,CV-12295,Christina VanderZanden,Grand public,États-Unis,Des Moines,Iowa,USCA - Centre,OFF-EN-10001509,Fournitures de bureau,Enveloppes,Poly String Tie Envelopes,6.12,3,0,2.88
7841,US-2015-137869,3/28/2015,4/2/2015,Tarif normal,CV-12295,Christina VanderZanden,Grand public,États-Unis,Des Moines,Iowa,USCA - Centre,FUR-TA-10003954,Mobilier,Tables,Hon 94000 Series Round Tables,1184.72,4,0,106.62
7843,US-2015-158470,4/19/2015,4/23/2015,J+2,AG-10390,Allen Goldenen,Grand public,États-Unis,Arlington,Virginie,USCA - Sud,OFF-BI-10003638,Fournitures de bureau,Classeurs,GBC Durable Plastic Covers,58.05,3,0,26.7
7844,US-2015-158470,4/19/2015,4/23/2015,J+2,AG-10390,Allen Goldenen,Grand public,États-Unis,Arlington,Virginie,USCA - Sud,OFF-PA-10001569,Fournitures de bureau,Papier,Xerox 232,71.28,11,0,34.21
7852,US-2015-169649,12/9/2015,12/15/2015,Tarif normal,TS-21205,Thomas Seio,Entreprise,États-Unis,Chicago,Illinois,USCA - Centre,OFF-PA-10000143,Fournitures de bureau,Papier,Astroparche Fine Business Paper,8.45,2,0.2,2.96
7853,US-2015-169649,12/9/2015,12/15/2015,Tarif normal,TS-21205,Thomas Seio,Entreprise,États-Unis,Chicago,Illinois,USCA - Centre,OFF-AP-10003287,Fournitures de bureau,Électroménager,Tripp Lite TLP810NET Broadband Surge for Modem/Fax,20.39,2,0.8,-53.01
7857,US-2015-103429,5/30/2015,6/1/2015,Prioritaire,LW-16825,Laurel Workman,Entreprise,États-Unis,New York City,New York,USCA - Est,OFF-BI-10004233,Fournitures de bureau,Classeurs,"GBC Pre-Punched Binding Paper, Plastic, White, 8-1/2"" x 11""",25.58,2,0.2,8.95
7858,US-2015-103429,5/30/2015,6/1/2015,Prioritaire,LW-16825,Laurel Workman,Entreprise,États-Unis,New York City,New York,USCA - Est,TEC-PH-10003505,Produits technologiques,Téléphones,Geemarc AmpliPOWER60,464,5,0,134.56
7859,US-2015-103429,5/30/2015,6/1/2015,Prioritaire,LW-16825,Laurel Workman,Entreprise,États-Unis,New York City,New York,USCA - Est,OFF-AP-10001005,Fournitures de bureau,Électroménager,Honeywell Quietcare HEPA Air Cleaner,235.95,3,0,77.86
7860,US-2015-103429,5/30/2015,6/1/2015,Prioritaire,LW-16825,Laurel Workman,Entreprise,États-Unis,New York City,New York,USCA - Est,OFF-PA-10001712,Fournitures de bureau,Papier,Xerox 1948,39.96,4,0,17.98
7868,US-2015-100972,11/19/2015,11/24/2015,J+2,DB-13360,Dennis Bolton,Bureau à domicile,États-Unis,Salt Lake City,Utah,USCA - Ouest,OFF-PA-10000357,Fournitures de bureau,Papier,Xerox 1888,166.44,3,0,79.89
7948,US-2015-131009,3/1/2015,3/5/2015,Tarif normal,SC-20380,Shahid Collister,Grand public,États-Unis,El Paso,Texas,USCA - Centre,OFF-FA-10004395,Fournitures de bureau,Éléments de fixation,Plymouth Boxed Rubber Bands by Plymouth,18.84,5,0.2,-3.53
7949,US-2015-131009,3/1/2015,3/5/2015,Tarif normal,SC-20380,Shahid Collister,Grand public,États-Unis,El Paso,Texas,USCA - Centre,FUR-CH-10001270,Mobilier,Chaises,Harbour Creations Steel Folding Chair,362.25,6,0.3,0
7950,US-2015-131009,3/1/2015,3/5/2015,Tarif normal,SC-20380,Shahid Collister,Grand public,États-Unis,El Paso,Texas,USCA - Centre,FUR-FU-10001095,Mobilier,Meubles,DAX Black Cherry Wood-Tone Poster Frame,63.55,6,0.6,-34.95
7951,US-2015-131009,3/1/2015,3/5/2015,Tarif normal,SC-20380,Shahid Collister,Grand public,États-Unis,El Paso,Texas,USCA - Centre,OFF-ST-10001469,Fournitures de bureau,Stockage,Fellowes Bankers Box Recycled Super Stor/Drawer,129.55,3,0.2,-22.67
7954,US-2015-138359,4/1/2015,4/6/2015,Tarif normal,KH-16330,Katharine Harms,Entreprise,États-Unis,Revere,Massachusetts,USCA - Est,OFF-ST-10000636,Fournitures de bureau,Stockage,Rogers Profile Extra Capacity Storage Tub,66.96,4,0,2.68
7955,US-2015-138359,4/1/2015,4/6/2015,Tarif normal,KH-16330,Katharine Harms,Entreprise,États-Unis,Revere,Massachusetts,USCA - Est,OFF-BI-10000145,Fournitures de bureau,Classeurs,Zipper Ring Binder Pockets,6.24,2,0,3.06
7978,US-2015-166051,5/31/2015,6/5/2015,Tarif normal,JK-15625,Jim Karlsson,Grand public,États-Unis,Jackson,Mississippi,USCA - Sud,TEC-PH-10002680,Produits technologiques,Téléphones,Samsung Galaxy Note 3,659.97,3,0,197.99
7979,US-2015-166051,5/31/2015,6/5/2015,Tarif normal,JK-15625,Jim Karlsson,Grand public,États-Unis,Jackson,Mississippi,USCA - Sud,TEC-PH-10002538,Produits technologiques,Téléphones,Grandstream GXP1160 VoIP phone,113.73,3,0,32.98
7981,US-2015-103800,1/3/2015,1/7/2015,Tarif normal,DP-13000,Darren Powers,Grand public,États-Unis,Houston,Texas,USCA - Centre,OFF-PA-10000174,Fournitures de bureau,Papier,"Message Book, Wirebound, Four 5 1/2"" X 4"" Forms/Pg., 200 Dupl. Sets/Book",16.45,2,0.2,5.55
7982,US-2015-113383,9/10/2015,9/13/2015,Prioritaire,SF-20065,Sandra Flanagan,Grand public,États-Unis,Clifton,New Jersey,USCA - Est,OFF-AP-10004532,Fournitures de bureau,Électroménager,Kensington 6 Outlet Guardian Standard Surge Protector,81.92,4,0,22.12
7983,US-2015-113383,9/10/2015,9/13/2015,Prioritaire,SF-20065,Sandra Flanagan,Grand public,États-Unis,Clifton,New Jersey,USCA - Est,FUR-FU-10001986,Mobilier,Meubles,"Dana Fluorescent Magnifying Lamp, White, 36""",254.9,5,0,76.47
7999,US-2015-148194,5/4/2015,5/7/2015,Prioritaire,BS-11365,Bill Shonely,Entreprise,États-Unis,Seattle,Washington,USCA - Ouest,FUR-FU-10001852,Mobilier,Meubles,"Eldon Regeneration Recycled Desk Accessories, Smoke",12.18,7,0,3.9
8000,US-2015-148194,5/4/2015,5/7/2015,Prioritaire,BS-11365,Bill Shonely,Entreprise,États-Unis,Seattle,Washington,USCA - Ouest,OFF-AP-10000696,Fournitures de bureau,Électroménager,Holmes Odor Grabber,57.68,4,0,19.03
8004,US-2015-143210,12/1/2015,12/3/2015,Prioritaire,AA-10645,Anna Andreadi,Grand public,États-Unis,Lowell,Massachusetts,USCA - Est,TEC-PH-10004434,Produits technologiques,Téléphones,Cisco IP Phone 7961G VoIP phone - Dark gray,271.9,2,0,78.85
8005,US-2015-143210,12/1/2015,12/3/2015,Prioritaire,AA-10645,Anna Andreadi,Grand public,États-Unis,Lowell,Massachusetts,USCA - Est,FUR-FU-10003878,Mobilier,Meubles,"Linden 10"" Round Wall Clock, Black",45.84,3,0,15.59
8006,US-2015-143210,12/1/2015,12/3/2015,Prioritaire,AA-10645,Anna Andreadi,Grand public,États-Unis,Lowell,Massachusetts,USCA - Est,FUR-FU-10002268,Mobilier,Meubles,Ultra Door Push Plate,9.82,2,0,3.24
8011,US-2015-127859,3/17/2015,3/20/2015,J+2,QJ-19255,Quincy Jones,Entreprise,États-Unis,Philadelphia,Pennsylvanie,USCA - Est,OFF-PA-10003641,Fournitures de bureau,Papier,Xerox 1909,126.62,6,0.2,41.15
8017,US-2015-131870,9/9/2015,9/11/2015,Prioritaire,NF-18595,Nicole Fjeld,Bureau à domicile,États-Unis,Lancaster,Ohio,USCA - Est,FUR-FU-10002501,Mobilier,Meubles,Nu-Dell Executive Frame,60.67,6,0.2,12.89
8018,US-2015-131870,9/9/2015,9/11/2015,Prioritaire,NF-18595,Nicole Fjeld,Bureau à domicile,États-Unis,Lancaster,Ohio,USCA - Est,OFF-AR-10000634,Fournitures de bureau,Art,Newell 320,30.82,9,0.2,2.7
8022,US-2015-129189,7/21/2015,7/25/2015,Tarif normal,HM-14860,Harry Marie,Entreprise,États-Unis,Dallas,Texas,USCA - Centre,OFF-AP-10000124,Fournitures de bureau,Électroménager,Acco 6 Outlet Guardian Basic Surge Suppressor,4.99,3,0.8,-12.98
8023,US-2015-129189,7/21/2015,7/25/2015,Tarif normal,HM-14860,Harry Marie,Entreprise,États-Unis,Dallas,Texas,USCA - Centre,OFF-EN-10003567,Fournitures de bureau,Enveloppes,"Inter-Office Recycled Envelopes, Brown Kraft, Button-String,10"" x 13"" , 100/Box",87.92,5,0.2,29.67
8024,US-2015-129189,7/21/2015,7/25/2015,Tarif normal,HM-14860,Harry Marie,Entreprise,États-Unis,Dallas,Texas,USCA - Centre,FUR-CH-10004997,Mobilier,Chaises,Hon Every-Day Series Multi-Task Chairs,657.93,5,0.3,-93.99
8025,US-2015-129189,7/21/2015,7/25/2015,Tarif normal,HM-14860,Harry Marie,Entreprise,États-Unis,Dallas,Texas,USCA - Centre,OFF-BI-10000494,Fournitures de bureau,Classeurs,Acco Economy Flexible Poly Round Ring Binder,1.04,1,0.8,-1.83
8050,US-2015-144974,9/26/2015,9/30/2015,Tarif normal,CM-12715,Craig Molinari,Entreprise,États-Unis,Philadelphia,Pennsylvanie,USCA - Est,OFF-BI-10003274,Fournitures de bureau,Classeurs,"Avery Durable Slant Ring Binders, No Labels",5.97,5,0.7,-4.58
8051,US-2015-144974,9/26/2015,9/30/2015,Tarif normal,CM-12715,Craig Molinari,Entreprise,États-Unis,Philadelphia,Pennsylvanie,USCA - Est,FUR-FU-10001095,Mobilier,Meubles,DAX Black Cherry Wood-Tone Poster Frame,21.18,1,0.2,4.77
8052,US-2015-144974,9/26/2015,9/30/2015,Tarif normal,CM-12715,Craig Molinari,Entreprise,États-Unis,Philadelphia,Pennsylvanie,USCA - Est,OFF-AP-10001492,Fournitures de bureau,Électroménager,"Acco Six-Outlet Power Strip, 4' Cord Length",41.38,6,0.2,3.1
8053,US-2015-109904,7/14/2015,7/17/2015,J+2,BF-10975,Barbara Fisher,Entreprise,États-Unis,New York City,New York,USCA - Est,OFF-AR-10004999,Fournitures de bureau,Art,Newell 315,17.94,3,0,4.49
8091,US-2015-101392,12/7/2015,12/13/2015,Tarif normal,AS-10630,Ann Steele,Bureau à domicile,États-Unis,Seattle,Washington,USCA - Ouest,OFF-ST-10000532,Fournitures de bureau,Stockage,Advantus Rolling Drawer Organizers,269.36,7,0,70.03
8123,US-2015-138128,12/9/2015,12/15/2015,Tarif normal,FP-14320,Frank Preis,Grand public,États-Unis,Philadelphia,Pennsylvanie,USCA - Est,OFF-EN-10002500,Fournitures de bureau,Enveloppes,Globe Weis Peel & Seel First Class Envelopes,30.67,3,0.2,9.59
8124,US-2015-138128,12/9/2015,12/15/2015,Tarif normal,FP-14320,Frank Preis,Grand public,États-Unis,Philadelphia,Pennsylvanie,USCA - Est,TEC-CO-10001766,Produits technologiques,Photocopieurs,Canon PC940 Copier,1079.98,4,0.4,126
8130,US-2015-127866,7/20/2015,7/23/2015,Prioritaire,JD-15895,Jonathan Doherty,Entreprise,États-Unis,Riverside,Californie,USCA - Ouest,TEC-AC-10000023,Produits technologiques,Accessoires,"Maxell 74 Minute CD-R Spindle, 50/Pack",41.94,2,0,15.1
8131,US-2015-127866,7/20/2015,7/23/2015,Prioritaire,JD-15895,Jonathan Doherty,Entreprise,États-Unis,Riverside,Californie,USCA - Ouest,OFF-PA-10003971,Fournitures de bureau,Papier,Xerox 1965,11.96,2,0,5.86
8132,US-2015-127866,7/20/2015,7/23/2015,Prioritaire,JD-15895,Jonathan Doherty,Entreprise,États-Unis,Riverside,Californie,USCA - Ouest,OFF-AR-10003481,Fournitures de bureau,Art,Newell 348,13.12,4,0,3.8
8133,US-2015-127866,7/20/2015,7/23/2015,Prioritaire,JD-15895,Jonathan Doherty,Entreprise,États-Unis,Riverside,Californie,USCA - Ouest,OFF-ST-10001490,Fournitures de bureau,Stockage,"Hot File 7-Pocket, Floor Stand",535.41,3,0,160.62
8138,US-2015-103219,11/9/2015,11/13/2015,Tarif normal,BF-11215,Benjamin Farhat,Bureau à domicile,États-Unis,New York City,New York,USCA - Est,FUR-FU-10004091,Mobilier,Meubles,"Eldon 200 Class Desk Accessories, Black",56.52,9,0,21.48
8146,US-2015-112949,6/20/2015,6/27/2015,Tarif normal,Co-12640,Corey-Lock,Grand public,États-Unis,Lawton,Oklahoma,USCA - Centre,OFF-AP-10001005,Fournitures de bureau,Électroménager,Honeywell Quietcare HEPA Air Cleaner,471.9,6,0,155.73
8147,US-2015-112949,6/20/2015,6/27/2015,Tarif normal,Co-12640,Corey-Lock,Grand public,États-Unis,Lawton,Oklahoma,USCA - Centre,OFF-AR-10003469,Fournitures de bureau,Art,Nontoxic Chalk,3.52,2,0,1.69
8150,US-2015-167997,1/26/2015,1/29/2015,Prioritaire,CA-11965,Carol Adams,Entreprise,États-Unis,Rapid City,Dakota du Sud,USCA - Centre,OFF-BI-10001758,Fournitures de bureau,Classeurs,Wilson Jones 14 Line Acrylic Coated Pressboard Data Binders,10.68,2,0,5.02
8151,US-2015-167997,1/26/2015,1/29/2015,Prioritaire,CA-11965,Carol Adams,Entreprise,États-Unis,Rapid City,Dakota du Sud,USCA - Centre,FUR-BO-10004409,Mobilier,Bibliothèques,"Safco Value Mate Series Steel Bookcases, Baked Enamel Finish on Steel, Gray",141.96,2,0,39.75
8173,US-2015-114125,7/9/2015,7/13/2015,Tarif normal,GH-14410,Gary Hansen,Bureau à domicile,États-Unis,Los Angeles,Californie,USCA - Ouest,OFF-LA-10004559,Fournitures de bureau,Étiquettes,Avery 49,2.88,1,0,1.41
8174,US-2015-114125,7/9/2015,7/13/2015,Tarif normal,GH-14410,Gary Hansen,Bureau à domicile,États-Unis,Los Angeles,Californie,USCA - Ouest,OFF-BI-10003291,Fournitures de bureau,Classeurs,Wilson Jones Leather-Like Binders with DublLock Round Rings,41.9,6,0.2,14.14
8175,US-2015-114125,7/9/2015,7/13/2015,Tarif normal,GH-14410,Gary Hansen,Bureau à domicile,États-Unis,Los Angeles,Californie,USCA - Ouest,OFF-ST-10001505,Fournitures de bureau,Stockage,"Perma STOR-ALL Hanging File Box, 13 1/8""W x 12 1/4""D x 10 1/2""H",23.92,4,0,4.07
8218,US-2015-120775,10/3/2015,10/7/2015,Tarif normal,RD-19930,Russell D'Ascenzo,Grand public,États-Unis,Dallas,Texas,USCA - Centre,OFF-FA-10002676,Fournitures de bureau,Éléments de fixation,Colored Push Pins,4.34,3,0.2,0.87
8219,US-2015-120775,10/3/2015,10/7/2015,Tarif normal,RD-19930,Russell D'Ascenzo,Grand public,États-Unis,Dallas,Texas,USCA - Centre,FUR-FU-10000758,Mobilier,Meubles,DAX Natural Wood-Tone Poster Frame,31.78,3,0.6,-19.07
8220,US-2015-120775,10/3/2015,10/7/2015,Tarif normal,RD-19930,Russell D'Ascenzo,Grand public,États-Unis,Dallas,Texas,USCA - Centre,OFF-LA-10002271,Fournitures de bureau,Étiquettes,Smead Alpha-Z Color-Coded Second Alphabetical Labels and Starter Set,4.93,2,0.2,1.72
8221,US-2015-120775,10/3/2015,10/7/2015,Tarif normal,RD-19930,Russell D'Ascenzo,Grand public,États-Unis,Dallas,Texas,USCA - Centre,OFF-BI-10002609,Fournitures de bureau,Classeurs,Avery Hidden Tab Dividers for Binding Systems,1.79,3,0.8,-3.04
8222,US-2015-120775,10/3/2015,10/7/2015,Tarif normal,RD-19930,Russell D'Ascenzo,Grand public,États-Unis,Dallas,Texas,USCA - Centre,OFF-FA-10000254,Fournitures de bureau,Éléments de fixation,Sterling Rubber Bands by Alliance,15.07,4,0.2,-3.77
8223,US-2015-152905,2/18/2015,2/24/2015,Tarif normal,AB-10015,Aaron Bergman,Grand public,États-Unis,Arlington,Texas,USCA - Centre,OFF-ST-10000321,Fournitures de bureau,Stockage,Akro Stacking Bins,12.62,2,0.2,-2.52
8233,US-2015-158225,9/22/2015,9/28/2015,Tarif normal,SE-20110,Sanjit Engle,Grand public,États-Unis,San Jose,Californie,USCA - Ouest,OFF-ST-10000675,Fournitures de bureau,Stockage,"File Shuttle II and Handi-File, Black",169.45,5,0,42.36
8234,US-2015-158225,9/22/2015,9/28/2015,Tarif normal,SE-20110,Sanjit Engle,Grand public,États-Unis,San Jose,Californie,USCA - Ouest,OFF-ST-10002301,Fournitures de bureau,Stockage,Tennsco Commercial Shelving,40.68,2,0,0.41
8242,US-2015-109855,9/1/2015,9/5/2015,Tarif normal,LH-16900,Lena Hernandez,Grand public,États-Unis,New York City,New York,USCA - Est,OFF-BI-10004716,Fournitures de bureau,Classeurs,Wilson Jones Hanging Recycled Pressboard Data Binders,23.74,2,0.2,8.31
8243,US-2015-109855,9/1/2015,9/5/2015,Tarif normal,LH-16900,Lena Hernandez,Grand public,États-Unis,New York City,New York,USCA - Est,TEC-AC-10002842,Produits technologiques,Accessoires,WD My Passport Ultra 2TB Portable External Hard Drive,357,3,0,57.12
8244,US-2015-109897,8/12/2015,8/16/2015,Tarif normal,BW-11200,Ben Wallace,Grand public,États-Unis,San Francisco,Californie,USCA - Ouest,TEC-PH-10003691,Produits technologiques,Téléphones,BlackBerry Q10,806.34,8,0.2,50.4
8245,US-2015-109897,8/12/2015,8/16/2015,Tarif normal,BW-11200,Ben Wallace,Grand public,États-Unis,San Francisco,Californie,USCA - Ouest,FUR-FU-10002878,Mobilier,Meubles,"Seth Thomas 14"" Day/Date Wall Clock",85.44,3,0,31.61
8246,US-2015-143581,8/19/2015,8/23/2015,Tarif normal,BS-11365,Bill Shonely,Entreprise,États-Unis,Columbus,Géorgie,USCA - Sud,OFF-ST-10000991,Fournitures de bureau,Stockage,Space Solutions HD Industrial Steel Shelving.,344.91,3,0,10.35
8265,US-2015-131800,12/30/2015,1/4/2016,Tarif normal,AJ-10960,Astrea Jones,Grand public,États-Unis,New York City,New York,USCA - Est,OFF-AP-10004136,Fournitures de bureau,Électroménager,Kensington 6 Outlet SmartSocket Surge Protector,122.94,3,0,30.74
8266,US-2015-131800,12/30/2015,1/4/2016,Tarif normal,AJ-10960,Astrea Jones,Grand public,États-Unis,New York City,New York,USCA - Est,OFF-BI-10003429,Fournitures de bureau,Classeurs,"Cardinal HOLDit! Binder Insert Strips,Extra Strips",35.45,7,0.2,12.85
8267,US-2015-118304,4/29/2015,5/4/2015,Tarif normal,KH-16360,Katherine Hughes,Grand public,États-Unis,Dover,Delaware,USCA - Est,TEC-PH-10000376,Produits technologiques,Téléphones,Square Credit Card Reader,19.98,2,0,5.19
8287,US-2015-156244,8/12/2015,8/16/2015,Tarif normal,DH-13675,Duane Huffman,Bureau à domicile,États-Unis,Miami,Floride,USCA - Sud,OFF-PA-10000295,Fournitures de bureau,Papier,Xerox 229,31.1,6,0.2,10.89
8288,US-2015-156244,8/12/2015,8/16/2015,Tarif normal,DH-13675,Duane Huffman,Bureau à domicile,États-Unis,Miami,Floride,USCA - Sud,OFF-AR-10004344,Fournitures de bureau,Art,Bulldog Vacuum Base Pencil Sharpener,47.96,5,0.2,4.2
8289,US-2015-156244,8/12/2015,8/16/2015,Tarif normal,DH-13675,Duane Huffman,Bureau à domicile,États-Unis,Miami,Floride,USCA - Sud,TEC-AC-10002473,Produits technologiques,Accessoires,Maxell 4.7GB DVD-R,158.93,7,0.2,41.72
8290,US-2015-156244,8/12/2015,8/16/2015,Tarif normal,DH-13675,Duane Huffman,Bureau à domicile,États-Unis,Miami,Floride,USCA - Sud,OFF-AP-10002403,Fournitures de bureau,Électroménager,Acco Smartsocket Color-Coded Six-Outlet AC Adapter Model Surge Protectors,211.25,6,0.2,15.84
8291,US-2015-156244,8/12/2015,8/16/2015,Tarif normal,DH-13675,Duane Huffman,Bureau à domicile,États-Unis,Miami,Floride,USCA - Sud,OFF-SU-10000432,Fournitures de bureau,Fournitures,Acco Side-Punched Conventional Columnar Pads,5.55,2,0.2,-1.04
8292,US-2015-156244,8/12/2015,8/16/2015,Tarif normal,DH-13675,Duane Huffman,Bureau à domicile,États-Unis,Miami,Floride,USCA - Sud,OFF-LA-10000443,Fournitures de bureau,Étiquettes,Avery 501,2.95,1,0.2,1
8300,US-2015-103338,3/11/2015,3/15/2015,Tarif normal,RB-19435,Richard Bierner,Grand public,États-Unis,Roseville,Californie,USCA - Ouest,OFF-AR-10001770,Fournitures de bureau,Art,Economy #2 Pencils,7.98,3,0,2.07
8304,US-2015-120313,10/31/2015,11/2/2015,J+2,NL-18310,Nancy Lomonaco,Bureau à domicile,États-Unis,San Francisco,Californie,USCA - Ouest,TEC-PH-10003092,Produits technologiques,Téléphones,Motorola L804,73.58,2,0.2,8.28
8310,US-2015-168312,3/1/2015,3/7/2015,Tarif normal,GW-14605,Giulietta Weimer,Grand public,États-Unis,Houston,Texas,USCA - Centre,OFF-ST-10003692,Fournitures de bureau,Stockage,Recycled Steel Personal File for Hanging File Folders,137.35,3,0.2,8.58
8311,US-2015-168312,3/1/2015,3/7/2015,Tarif normal,GW-14605,Giulietta Weimer,Grand public,États-Unis,Houston,Texas,USCA - Centre,FUR-TA-10001866,Mobilier,Tables,Bevis Round Conference Room Tables and Bases,376.51,3,0.3,-43.03
8314,US-2015-161508,7/12/2015,7/16/2015,Tarif normal,PV-18985,Paul Van Hugh,Bureau à domicile,États-Unis,League City,Texas,USCA - Centre,FUR-CH-10002126,Mobilier,Chaises,Hon Deluxe Fabric Upholstered Stacking Chairs,512.36,3,0.3,-14.64
8315,US-2015-161508,7/12/2015,7/16/2015,Tarif normal,PV-18985,Paul Van Hugh,Bureau à domicile,États-Unis,League City,Texas,USCA - Centre,OFF-FA-10001561,Fournitures de bureau,Éléments de fixation,Stockwell Push Pins,3.49,2,0.2,0.57
8316,US-2015-161508,7/12/2015,7/16/2015,Tarif normal,PV-18985,Paul Van Hugh,Bureau à domicile,États-Unis,League City,Texas,USCA - Centre,OFF-AR-10003158,Fournitures de bureau,Art,Fluorescent Highlighters by Dixon,22.29,7,0.2,3.9
8317,US-2015-161508,7/12/2015,7/16/2015,Tarif normal,PV-18985,Paul Van Hugh,Bureau à domicile,États-Unis,League City,Texas,USCA - Centre,OFF-PA-10001804,Fournitures de bureau,Papier,Xerox 195,16.03,3,0.2,5.61
8338,US-2015-153087,12/27/2015,1/3/2016,Tarif normal,TC-20980,Tamara Chand,Entreprise,États-Unis,Decatur,Alabama,USCA - Sud,OFF-PA-10001243,Fournitures de bureau,Papier,Xerox 1983,23.92,4,0,11.72
8339,US-2015-153087,12/27/2015,1/3/2016,Tarif normal,TC-20980,Tamara Chand,Entreprise,États-Unis,Decatur,Alabama,USCA - Sud,TEC-AC-10003198,Produits technologiques,Accessoires,Enermax Acrylux Wireless Keyboard,498,5,0,184.26
8341,US-2015-161634,11/14/2015,11/20/2015,Tarif normal,CC-12220,Chris Cortes,Grand public,États-Unis,Chesapeake,Virginie,USCA - Sud,OFF-PA-10002262,Fournitures de bureau,Papier,Xerox 192,32.4,5,0,15.55
8344,US-2015-155544,3/21/2015,3/25/2015,Tarif normal,GM-14440,Gary McGarr,Grand public,États-Unis,Knoxville,Tennessee,USCA - Sud,OFF-LA-10004544,Fournitures de bureau,Étiquettes,Avery 505,59.2,5,0.2,22.2
8345,US-2015-155544,3/21/2015,3/25/2015,Tarif normal,GM-14440,Gary McGarr,Grand public,États-Unis,Knoxville,Tennessee,USCA - Sud,FUR-FU-10001473,Mobilier,Meubles,DAX Wood Document Frame,32.95,3,0.2,6.59
8346,US-2015-155544,3/21/2015,3/25/2015,Tarif normal,GM-14440,Gary McGarr,Grand public,États-Unis,Knoxville,Tennessee,USCA - Sud,FUR-CH-10000422,Mobilier,Chaises,Global Highback Leather Tilter in Burgundy,218.38,3,0.2,-10.92
8358,US-2015-110555,4/11/2015,4/18/2015,Tarif normal,MM-18055,Michelle Moray,Grand public,États-Unis,Great Falls,Montana,USCA - Ouest,OFF-ST-10000876,Fournitures de bureau,Stockage,Eldon Simplefile Box Office,87.08,7,0,24.38
8359,US-2015-110555,4/11/2015,4/18/2015,Tarif normal,MM-18055,Michelle Moray,Grand public,États-Unis,Great Falls,Montana,USCA - Ouest,TEC-PH-10000586,Produits technologiques,Téléphones,AT&T SB67148 SynJ,105.58,2,0.2,9.24
8360,US-2015-110555,4/11/2015,4/18/2015,Tarif normal,MM-18055,Michelle Moray,Grand public,États-Unis,Great Falls,Montana,USCA - Ouest,TEC-AC-10003399,Produits technologiques,Accessoires,Memorex Mini Travel Drive 64 GB USB 2.0 Flash Drive,217.44,6,0,91.32
8367,US-2015-109918,9/7/2015,9/12/2015,J+2,LR-17035,Lisa Ryan,Entreprise,États-Unis,Santa Clara,Californie,USCA - Ouest,OFF-SU-10004290,Fournitures de bureau,Fournitures,"Acme Design Line 8"" Stainless Steel Bent Scissors w/Champagne Handles, 3-1/8"" Cut",27.36,4,0,7.39
8368,US-2015-109918,9/7/2015,9/12/2015,J+2,LR-17035,Lisa Ryan,Entreprise,États-Unis,Santa Clara,Californie,USCA - Ouest,OFF-PA-10000174,Fournitures de bureau,Papier,"Message Book, Wirebound, Four 5 1/2"" X 4"" Forms/Pg., 200 Dupl. Sets/Book",20.56,2,0,9.66
8369,US-2015-109918,9/7/2015,9/12/2015,J+2,LR-17035,Lisa Ryan,Entreprise,États-Unis,Santa Clara,Californie,USCA - Ouest,OFF-BI-10004308,Fournitures de bureau,Classeurs,Avery Legal 4-Ring Binder,83.92,5,0.2,31.47
8372,US-2015-165393,12/27/2015,12/30/2015,Prioritaire,NC-18415,Nathan Cano,Grand public,États-Unis,Fort Worth,Texas,USCA - Centre,OFF-BI-10001658,Fournitures de bureau,Classeurs,GBC Standard Therm-A-Bind Covers,4.98,1,0.8,-8.47
8381,US-2015-103527,9/9/2015,9/14/2015,J+2,CC-12220,Chris Cortes,Grand public,États-Unis,Chicago,Illinois,USCA - Centre,OFF-PA-10001622,Fournitures de bureau,Papier,"Ampad Poly Cover Wirebound Steno Book, 6"" x 9"" Assorted Colors, Gregg Ruled",10.9,3,0.2,3.41
8389,US-2015-139423,11/1/2015,11/5/2015,Tarif normal,DG-13300,Deirdre Greer,Entreprise,États-Unis,Orange,New Jersey,USCA - Est,OFF-AP-10004708,Fournitures de bureau,Électroménager,Fellowes Superior 10 Outlet Split Surge Protector,76.12,2,0,22.07
8397,US-2015-152254,6/30/2015,6/30/2015,Le même jour,BD-11620,Brian DeCherney,Grand public,États-Unis,Wilmington,Caroline du Nord,USCA - Sud,OFF-PA-10001144,Fournitures de bureau,Papier,Xerox 1913,310.69,7,0.2,108.74
8398,US-2015-120236,9/3/2015,9/4/2015,Prioritaire,MR-17545,Mathew Reese,Bureau à domicile,États-Unis,Houston,Texas,USCA - Centre,OFF-BI-10004099,Fournitures de bureau,Classeurs,GBC VeloBinder Strips,7.68,5,0.8,-11.52
8431,US-2015-113124,3/30/2015,4/5/2015,Tarif normal,NC-18340,Nat Carroll,Grand public,États-Unis,Apple Valley,Minnesota,USCA - Centre,OFF-ST-10001511,Fournitures de bureau,Stockage,Space Solutions Commercial Steel Shelving,129.3,2,0,6.46
8433,US-2015-127635,9/14/2015,9/18/2015,J+2,SC-20260,Scott Cohen,Entreprise,États-Unis,Corpus Christi,Texas,USCA - Centre,OFF-FA-10000053,Fournitures de bureau,Éléments de fixation,Revere Boxed Rubber Bands by Revere,6.05,4,0.2,-1.36
8434,US-2015-127635,9/14/2015,9/18/2015,J+2,SC-20260,Scott Cohen,Entreprise,États-Unis,Corpus Christi,Texas,USCA - Centre,OFF-PA-10004610,Fournitures de bureau,Papier,Xerox 1900,6.85,2,0.2,2.14
8435,US-2015-127635,9/14/2015,9/18/2015,J+2,SC-20260,Scott Cohen,Entreprise,États-Unis,Corpus Christi,Texas,USCA - Centre,FUR-FU-10000550,Mobilier,Meubles,Stacking Trays by OIC,9.96,5,0.6,-6.72
8436,US-2015-127635,9/14/2015,9/18/2015,J+2,SC-20260,Scott Cohen,Entreprise,États-Unis,Corpus Christi,Texas,USCA - Centre,OFF-BI-10001721,Fournitures de bureau,Classeurs,Trimflex Flexible Post Binders,8.55,2,0.8,-13.68
8439,US-2015-108861,5/28/2015,6/1/2015,Tarif normal,MM-17260,Magdelene Morse,Grand public,États-Unis,Seattle,Washington,USCA - Ouest,OFF-BI-10003876,Fournitures de bureau,Classeurs,"Green Canvas Binder for 8-1/2"" x 14"" Sheets",136.96,4,0.2,51.36
8452,US-2015-131387,4/28/2015,4/30/2015,Prioritaire,AI-10855,Arianne Irving,Grand public,États-Unis,San Francisco,Californie,USCA - Ouest,TEC-PH-10001459,Produits technologiques,Téléphones,Samsung Galaxy Mega 6.3,1679.96,5,0.2,126
8459,US-2015-126200,8/25/2015,8/29/2015,Tarif normal,JE-15715,Joe Elijah,Grand public,États-Unis,Houston,Texas,USCA - Centre,OFF-BI-10002133,Fournitures de bureau,Classeurs,"Wilson Jones Elliptical Ring 3 1/2"" Capacity Binders, 800 sheets",25.68,3,0.8,-39.8
8460,US-2015-126200,8/25/2015,8/29/2015,Tarif normal,JE-15715,Joe Elijah,Grand public,États-Unis,Houston,Texas,USCA - Centre,OFF-BI-10002225,Fournitures de bureau,Classeurs,"Square Ring Data Binders, Rigid 75 Pt. Covers, 11"" x 14-7/8""",12.38,3,0.8,-19.81
8461,US-2015-146500,8/30/2015,9/4/2015,Tarif normal,AT-10735,Annie Thurman,Grand public,États-Unis,Bristol,Connecticut,USCA - Est,OFF-BI-10002432,Fournitures de bureau,Classeurs,Wilson Jones Standard D-Ring Binders,25.3,5,0,11.89
8462,US-2015-146500,8/30/2015,9/4/2015,Tarif normal,AT-10735,Annie Thurman,Grand public,États-Unis,Bristol,Connecticut,USCA - Est,OFF-ST-10000563,Fournitures de bureau,Stockage,Fellowes Bankers Box Stor/Drawer Steel Plus,95.94,3,0,9.59
8464,US-2015-100881,3/28/2015,4/1/2015,Tarif normal,DR-12940,Daniel Raglin,Bureau à domicile,États-Unis,Albuquerque,Nouveau-Mexique,USCA - Ouest,TEC-PH-10003273,Produits technologiques,Téléphones,AT&T TR1909W,302.38,3,0.2,22.68
8481,US-2015-109890,7/21/2015,7/27/2015,Tarif normal,PG-18820,Patrick Gardner,Grand public,États-Unis,Omaha,Nebraska,USCA - Centre,TEC-PH-10004100,Produits technologiques,Téléphones,Griffin GC17055 Auxiliary Audio Cable,35.98,2,0,10.07
8497,US-2015-169061,3/5/2015,3/8/2015,J+2,AB-10150,Aimee Bixby,Grand public,États-Unis,Yonkers,New York,USCA - Est,OFF-AR-10000588,Fournitures de bureau,Art,Newell 345,59.52,3,0,15.48
8498,US-2015-169061,3/5/2015,3/8/2015,J+2,AB-10150,Aimee Bixby,Grand public,États-Unis,Yonkers,New York,USCA - Est,TEC-AC-10002001,Produits technologiques,Accessoires,Logitech Wireless Gaming Headset G930,479.97,3,0,177.59
8499,US-2015-169061,3/5/2015,3/8/2015,J+2,AB-10150,Aimee Bixby,Grand public,États-Unis,Yonkers,New York,USCA - Est,OFF-SU-10000381,Fournitures de bureau,Fournitures,Acme Forged Steel Scissors with Black Enamel Handles,18.62,2,0,5.4
8500,US-2015-169061,3/5/2015,3/8/2015,J+2,AB-10150,Aimee Bixby,Grand public,États-Unis,Yonkers,New York,USCA - Est,OFF-BI-10001617,Fournitures de bureau,Classeurs,GBC Wire Binding Combs,49.63,6,0.2,16.75
8501,US-2015-169061,3/5/2015,3/8/2015,J+2,AB-10150,Aimee Bixby,Grand public,États-Unis,Yonkers,New York,USCA - Est,OFF-PA-10001878,Fournitures de bureau,Papier,Xerox 1891,97.82,2,0,45.98
8504,US-2015-164903,2/20/2015,2/24/2015,Tarif normal,SR-20740,Steven Roelle,Bureau à domicile,États-Unis,Los Angeles,Californie,USCA - Ouest,OFF-PA-10003363,Fournitures de bureau,Papier,Xerox 204,12.96,2,0,6.22
8536,US-2015-163146,5/16/2015,5/20/2015,Tarif normal,CC-12475,Cindy Chapman,Grand public,États-Unis,San Francisco,Californie,USCA - Ouest,TEC-AC-10002217,Produits technologiques,Accessoires,Imation Clip USB flash drive - 8 GB,56.4,3,0,3.38
8544,US-2015-137575,8/6/2015,8/11/2015,Tarif normal,TB-21625,Trudy Brown,Grand public,États-Unis,New York City,New York,USCA - Est,TEC-AC-10004571,Produits technologiques,Accessoires,Logitech G700s Rechargeable Gaming Mouse,199.98,2,0,83.99
8553,US-2015-140473,5/30/2015,6/3/2015,Tarif normal,MC-17425,Mark Cousins,Entreprise,États-Unis,Chicago,Illinois,USCA - Centre,TEC-CO-10004202,Produits technologiques,Photocopieurs,Brother DCP1000 Digital 3 in 1 Multifunction Machine,719.98,3,0.2,135
8573,US-2015-121629,11/28/2015,12/2/2015,Tarif normal,BT-11680,Brian Thompson,Grand public,États-Unis,Houston,Texas,USCA - Centre,TEC-MA-10004679,Produits technologiques,Machines,StarTech.com 10/100 VDSL2 Ethernet Extender Kit,998.85,5,0.4,-199.77
8575,US-2015-159849,9/19/2015,9/19/2015,Le même jour,JK-15640,Jim Kriz,Bureau à domicile,États-Unis,San Francisco,Californie,USCA - Ouest,OFF-FA-10000053,Fournitures de bureau,Éléments de fixation,Revere Boxed Rubber Bands by Revere,5.67,3,0,0.11
8581,US-2015-130673,5/20/2015,5/22/2015,J+2,MC-17590,Matt Collister,Entreprise,États-Unis,San Marcos,Texas,USCA - Centre,FUR-FU-10003489,Mobilier,Meubles,Contemporary Borderless Frame,10.33,3,0.6,-5.94
8582,US-2015-130673,5/20/2015,5/22/2015,J+2,MC-17590,Matt Collister,Entreprise,États-Unis,San Marcos,Texas,USCA - Centre,OFF-PA-10000289,Fournitures de bureau,Papier,Xerox 213,10.37,2,0.2,3.63
8583,US-2015-130673,5/20/2015,5/22/2015,J+2,MC-17590,Matt Collister,Entreprise,États-Unis,San Marcos,Texas,USCA - Centre,TEC-AC-10004227,Produits technologiques,Accessoires,SanDisk Ultra 16 GB MicroSDHC Class 10 Memory Card,20.78,2,0.2,-3.64
8584,US-2015-130673,5/20/2015,5/22/2015,J+2,MC-17590,Matt Collister,Entreprise,États-Unis,San Marcos,Texas,USCA - Centre,OFF-ST-10000636,Fournitures de bureau,Stockage,Rogers Profile Extra Capacity Storage Tub,66.96,5,0.2,-13.39
8585,US-2015-104808,2/4/2015,2/8/2015,J+2,MH-17440,Mark Haberlin,Entreprise,États-Unis,Escondido,Californie,USCA - Ouest,OFF-BI-10003676,Fournitures de bureau,Classeurs,"GBC Standard Recycled Report Covers, Clear Plastic Sheets",17.25,2,0.2,6.04
8596,US-2015-111934,5/5/2015,5/7/2015,Prioritaire,GD-14590,Giulietta Dortch,Entreprise,États-Unis,Arlington,Virginie,USCA - Sud,OFF-BI-10004364,Fournitures de bureau,Classeurs,Storex Dura Pro Binders,11.88,2,0,5.35
8597,US-2015-111934,5/5/2015,5/7/2015,Prioritaire,GD-14590,Giulietta Dortch,Entreprise,États-Unis,Arlington,Virginie,USCA - Sud,OFF-PA-10000474,Fournitures de bureau,Papier,Easy-staple paper,35.44,1,0,16.66
8599,US-2015-141110,11/26/2015,12/1/2015,Tarif normal,LS-17200,Luke Schmidt,Entreprise,États-Unis,Fresno,Californie,USCA - Ouest,OFF-BI-10002012,Fournitures de bureau,Classeurs,Wilson Jones Easy Flow II Sheet Lifters,4.32,3,0.2,1.51
8600,US-2015-141110,11/26/2015,12/1/2015,Tarif normal,LS-17200,Luke Schmidt,Entreprise,États-Unis,Fresno,Californie,USCA - Ouest,OFF-PA-10002586,Fournitures de bureau,Papier,Xerox 1970,14.94,3,0,7.02
8601,US-2015-141110,11/26/2015,12/1/2015,Tarif normal,LS-17200,Luke Schmidt,Entreprise,États-Unis,Fresno,Californie,USCA - Ouest,OFF-AP-10000692,Fournitures de bureau,Électroménager,Fellowes Mighty 8 Compact Surge Protector,40.54,2,0,11.35
8602,US-2015-141110,11/26/2015,12/1/2015,Tarif normal,LS-17200,Luke Schmidt,Entreprise,États-Unis,Fresno,Californie,USCA - Ouest,OFF-BI-10001553,Fournitures de bureau,Classeurs,SpineVue Locking Slant-D Ring Binders by Cardinal,7.31,1,0.2,2.56
8603,US-2015-133949,12/31/2015,12/31/2015,Le même jour,JL-15175,James Lanier,Bureau à domicile,États-Unis,Reno,Nevada,USCA - Ouest,TEC-PH-10004908,Produits technologiques,Téléphones,Panasonic KX TS3282W Corded phone,475.94,7,0.2,59.49
8608,US-2015-151946,6/4/2015,6/9/2015,Tarif normal,BT-11440,Bobby Trafton,Grand public,États-Unis,New York City,New York,USCA - Est,FUR-FU-10002878,Mobilier,Meubles,"Seth Thomas 14"" Day/Date Wall Clock",56.96,2,0,21.08
8609,US-2015-151946,6/4/2015,6/9/2015,Tarif normal,BT-11440,Bobby Trafton,Grand public,États-Unis,New York City,New York,USCA - Est,OFF-AP-10001626,Fournitures de bureau,Électroménager,"Commercial WindTunnel Clean Air Upright Vacuum, Replacement Belts, Filtration Bags",15.56,4,0,4.05
8610,US-2015-151946,6/4/2015,6/9/2015,Tarif normal,BT-11440,Bobby Trafton,Grand public,États-Unis,New York City,New York,USCA - Est,FUR-BO-10003272,Mobilier,Bibliothèques,O'Sullivan Living Dimensions 5-Shelf Bookcases,353.57,2,0.2,-44.2
8611,US-2015-151946,6/4/2015,6/9/2015,Tarif normal,BT-11440,Bobby Trafton,Grand public,États-Unis,New York City,New York,USCA - Est,FUR-FU-10002191,Mobilier,Meubles,G.E. Halogen Desk Lamp Bulbs,13.96,2,0,6.7
8636,US-2015-160094,4/30/2015,5/2/2015,Prioritaire,JM-16195,Justin MacKendrick,Grand public,États-Unis,Louisville,Kentucky,USCA - Sud,OFF-AR-10004010,Fournitures de bureau,Art,Hunt Boston Vacuum Mount KS Pencil Sharpener,174.95,5,0,45.49
8637,US-2015-160094,4/30/2015,5/2/2015,Prioritaire,JM-16195,Justin MacKendrick,Grand public,États-Unis,Louisville,Kentucky,USCA - Sud,OFF-ST-10000585,Fournitures de bureau,Stockage,Economy Rollaway Files,826,5,0,214.76
8640,US-2015-129819,12/13/2015,12/15/2015,J+2,KC-16675,Kimberly Carter,Entreprise,États-Unis,Henderson,Kentucky,USCA - Sud,OFF-BI-10004970,Fournitures de bureau,Classeurs,"ACCOHIDE 3-Ring Binder, Blue, 1""",12.39,3,0,5.82
8651,US-2015-142769,9/13/2015,9/13/2015,Le même jour,RP-19390,Resi Pölking,Grand public,États-Unis,Seattle,Washington,USCA - Ouest,OFF-FA-10000840,Fournitures de bureau,Éléments de fixation,OIC Thumb-Tacks,5.7,5,0,2.68
8652,US-2015-142769,9/13/2015,9/13/2015,Le même jour,RP-19390,Resi Pölking,Grand public,États-Unis,Seattle,Washington,USCA - Ouest,FUR-FU-10001918,Mobilier,Meubles,C-Line Cubicle Keepers Polyproplyene Holder With Velcro Backings,14.19,3,0,5.53
8653,US-2015-142769,9/13/2015,9/13/2015,Le même jour,RP-19390,Resi Pölking,Grand public,États-Unis,Seattle,Washington,USCA - Ouest,OFF-SU-10001574,Fournitures de bureau,Fournitures,Acme Value Line Scissors,7.3,2,0,2.19
8654,US-2015-142769,9/13/2015,9/13/2015,Le même jour,RP-19390,Resi Pölking,Grand public,États-Unis,Seattle,Washington,USCA - Ouest,TEC-AC-10001606,Produits technologiques,Accessoires,Logitech Wireless Performance Mouse MX for PC and Mac,199.98,2,0,75.99
8655,US-2015-142769,9/13/2015,9/13/2015,Le même jour,RP-19390,Resi Pölking,Grand public,États-Unis,Seattle,Washington,USCA - Ouest,TEC-AC-10003399,Produits technologiques,Accessoires,Memorex Mini Travel Drive 64 GB USB 2.0 Flash Drive,144.96,4,0,60.88
8656,US-2015-142769,9/13/2015,9/13/2015,Le même jour,RP-19390,Resi Pölking,Grand public,États-Unis,Seattle,Washington,USCA - Ouest,TEC-AC-10000865,Produits technologiques,Accessoires,WD My Passport Ultra 500GB Portable External Hard Drive,118,2,0,20.06
8657,US-2015-142769,9/13/2015,9/13/2015,Le même jour,RP-19390,Resi Pölking,Grand public,États-Unis,Seattle,Washington,USCA - Ouest,OFF-PA-10002923,Fournitures de bureau,Papier,Xerox 1942,48.94,1,0,24.47
8658,US-2015-142769,9/13/2015,9/13/2015,Le même jour,RP-19390,Resi Pölking,Grand public,États-Unis,Seattle,Washington,USCA - Ouest,OFF-AP-10004785,Fournitures de bureau,Électroménager,"Holmes Replacement Filter for HEPA Air Cleaner, Medium Room",22.66,2,0,9.74
8671,US-2015-159611,12/27/2015,1/1/2016,J+2,KB-16315,Karl Braun,Grand public,États-Unis,Cleveland,Ohio,USCA - Est,FUR-FU-10004904,Mobilier,Meubles,"Eldon ""L"" Workstation Diamond Chairmat",182.35,3,0.2,-18.24
8672,US-2015-159611,12/27/2015,1/1/2016,J+2,KB-16315,Karl Braun,Grand public,États-Unis,Cleveland,Ohio,USCA - Est,OFF-ST-10002790,Fournitures de bureau,Stockage,Safco Industrial Shelving,118.16,2,0.2,-25.11
8683,US-2015-133634,11/5/2015,11/10/2015,Tarif normal,SR-20740,Steven Roelle,Bureau à domicile,États-Unis,Arlington,Virginie,USCA - Sud,TEC-AC-10002550,Produits technologiques,Accessoires,Maxell 4.7GB DVD-RW 3/Pack,47.79,3,0,16.25
8690,US-2015-101427,12/26/2015,12/30/2015,Tarif normal,AY-10555,Andy Yotov,Entreprise,États-Unis,Philadelphia,Pennsylvanie,USCA - Est,OFF-AR-10002257,Fournitures de bureau,Art,"Eldon Spacemaker Box, Quick-Snap Lid, Clear",8.02,3,0.2,1.1
8695,US-2015-112795,8/23/2015,8/28/2015,J+2,CR-12625,Corey Roper,Bureau à domicile,États-Unis,Grand Rapids,Michigan,USCA - Centre,OFF-PA-10001934,Fournitures de bureau,Papier,Xerox 1993,19.44,3,0,9.53
8706,US-2015-132745,10/1/2015,10/5/2015,Tarif normal,NF-18475,Neil Französisch,Bureau à domicile,États-Unis,Reno,Nevada,USCA - Ouest,OFF-FA-10000254,Fournitures de bureau,Éléments de fixation,Sterling Rubber Bands by Alliance,4.71,1,0,0
8707,US-2015-146815,9/8/2015,9/13/2015,Tarif normal,PP-18955,Paul Prost,Bureau à domicile,États-Unis,New York City,New York,USCA - Est,FUR-CH-10004289,Mobilier,Chaises,Global Super Steno Chair,172.76,2,0.1,13.44
8708,US-2015-146815,9/8/2015,9/13/2015,Tarif normal,PP-18955,Paul Prost,Bureau à domicile,États-Unis,New York City,New York,USCA - Est,OFF-AR-10003469,Fournitures de bureau,Art,Nontoxic Chalk,3.52,2,0,1.69
8709,US-2015-119144,11/16/2015,11/18/2015,Prioritaire,JD-16150,Justin Deggeller,Entreprise,États-Unis,Los Angeles,Californie,USCA - Ouest,TEC-PH-10004188,Produits technologiques,Téléphones,OtterBox Commuter Series Case - Samsung Galaxy S4,79.97,4,0.2,-17.99
8710,US-2015-119144,11/16/2015,11/18/2015,Prioritaire,JD-16150,Justin Deggeller,Entreprise,États-Unis,Los Angeles,Californie,USCA - Ouest,FUR-BO-10004015,Mobilier,Bibliothèques,"Bush Andora Bookcase, Maple/Graphite Gray Finish",305.97,3,0.2,25.2
8711,US-2015-119144,11/16/2015,11/18/2015,Prioritaire,JD-16150,Justin Deggeller,Entreprise,États-Unis,Los Angeles,Californie,USCA - Ouest,OFF-ST-10000991,Fournitures de bureau,Stockage,Space Solutions HD Industrial Steel Shelving.,344.91,3,0,10.35
8712,US-2015-105648,3/3/2015,3/7/2015,Tarif normal,EJ-14155,Eva Jacobs,Grand public,États-Unis,San Diego,Californie,USCA - Ouest,FUR-TA-10002958,Mobilier,Tables,"Bevis Oval Conference Table, Walnut",626.35,3,0.2,-23.49
8736,US-2015-169390,2/7/2015,2/10/2015,J+2,CS-12250,Chris Selesnick,Entreprise,États-Unis,New York City,New York,USCA - Est,OFF-ST-10001558,Fournitures de bureau,Stockage,Acco Perma 4000 Stacking Storage Drawers,64.96,4,0,9.74
8793,US-2015-162992,12/19/2015,12/21/2015,Prioritaire,BP-11095,Bart Pistole,Entreprise,États-Unis,Los Angeles,Californie,USCA - Ouest,OFF-LA-10001934,Fournitures de bureau,Étiquettes,Avery 516,14.62,2,0,6.87
8794,US-2015-162992,12/19/2015,12/21/2015,Prioritaire,BP-11095,Bart Pistole,Entreprise,États-Unis,Los Angeles,Californie,USCA - Ouest,OFF-FA-10004248,Fournitures de bureau,Éléments de fixation,Advantus T-Pin Paper Clips,22.55,5,0,8.79
8795,US-2015-162992,12/19/2015,12/21/2015,Prioritaire,BP-11095,Bart Pistole,Entreprise,États-Unis,Los Angeles,Californie,USCA - Ouest,TEC-PH-10001944,Produits technologiques,Téléphones,Wi-Ex zBoost YX540 Cellular Phone Signal Booster,583.8,5,0.2,72.97
8796,US-2015-162992,12/19/2015,12/21/2015,Prioritaire,BP-11095,Bart Pistole,Entreprise,États-Unis,Los Angeles,Californie,USCA - Ouest,TEC-PH-10002085,Produits technologiques,Téléphones,Clarity 53712,211.17,4,0.2,15.84
8800,US-2015-116666,5/8/2015,5/10/2015,Prioritaire,KT-16480,Kean Thornton,Grand public,États-Unis,Philadelphia,Pennsylvanie,USCA - Est,TEC-CO-10001449,Produits technologiques,Photocopieurs,Hewlett Packard LaserJet 3310 Copier,1799.97,5,0.4,240
8804,US-2015-157644,12/31/2015,1/1/2016,Prioritaire,AH-10030,Aaron Hawkins,Entreprise,États-Unis,New York City,New York,USCA - Est,TEC-AC-10003614,Produits technologiques,Accessoires,"Verbatim 25 GB 6x Blu-ray Single Layer Recordable Disc, 10/Pack",34.77,3,0,11.47
8805,US-2015-157644,12/31/2015,1/1/2016,Prioritaire,AH-10030,Aaron Hawkins,Entreprise,États-Unis,New York City,New York,USCA - Est,OFF-LA-10003148,Fournitures de bureau,Étiquettes,Avery 51,18.9,3,0,8.69
8827,US-2015-157847,4/2/2015,4/6/2015,J+2,SC-20020,Sam Craven,Grand public,États-Unis,Houston,Texas,USCA - Centre,OFF-PA-10002986,Fournitures de bureau,Papier,Xerox 1898,26.72,5,0.2,9.35
8828,US-2015-157847,4/2/2015,4/6/2015,J+2,SC-20020,Sam Craven,Grand public,États-Unis,Houston,Texas,USCA - Centre,OFF-PA-10001593,Fournitures de bureau,Papier,Xerox 1947,33.49,7,0.2,10.47
8830,US-2015-109680,10/6/2015,10/9/2015,Prioritaire,VP-21760,Victoria Pisteka,Entreprise,États-Unis,Indianapolis,Indiana,USCA - Centre,OFF-ST-10001932,Fournitures de bureau,Stockage,Fellowes Staxonsteel Drawer Files,386.34,2,0,54.09
8839,US-2015-153808,4/6/2015,4/10/2015,J+2,FH-14275,Frank Hawley,Entreprise,États-Unis,Los Angeles,Californie,USCA - Ouest,OFF-AR-10001725,Fournitures de bureau,Art,Boston Home & Office Model 2000 Electric Pencil Sharpeners,70.95,3,0,18.45
8840,US-2015-153808,4/6/2015,4/10/2015,J+2,FH-14275,Frank Hawley,Entreprise,États-Unis,Los Angeles,Californie,USCA - Ouest,OFF-BI-10002794,Fournitures de bureau,Classeurs,"Avery Trapezoid Ring Binder, 3"" Capacity, Black, 1040 sheets",65.57,2,0.2,23.77
8841,US-2015-153808,4/6/2015,4/10/2015,J+2,FH-14275,Frank Hawley,Entreprise,États-Unis,Los Angeles,Californie,USCA - Ouest,TEC-AC-10004171,Produits technologiques,Accessoires,Razer Kraken 7.1 Surround Sound Over Ear USB Gaming Headset,299.97,3,0,131.99
8844,US-2015-141173,11/18/2015,11/20/2015,J+2,JC-16105,Julie Creighton,Entreprise,États-Unis,Minneapolis,Minnesota,USCA - Centre,OFF-ST-10000885,Fournitures de bureau,Stockage,Fellowes Desktop Hanging File Manager,67.15,5,0,16.79
8853,US-2015-119977,10/8/2015,10/13/2015,J+2,DN-13690,Duane Noonan,Grand public,États-Unis,New York City,New York,USCA - Est,OFF-PA-10003823,Fournitures de bureau,Papier,Xerox 197,123.92,4,0,55.76
8867,US-2015-120411,9/20/2015,9/23/2015,Prioritaire,SB-20185,Sarah Brown,Grand public,États-Unis,Chicago,Illinois,USCA - Centre,FUR-BO-10004218,Mobilier,Bibliothèques,"Bush Heritage Pine Collection 5-Shelf Bookcase, Albany Pine Finish, *Special Order",493.43,5,0.3,-70.49
8868,US-2015-120411,9/20/2015,9/23/2015,Prioritaire,SB-20185,Sarah Brown,Grand public,États-Unis,Chicago,Illinois,USCA - Centre,TEC-PH-10002185,Produits technologiques,Téléphones,QVS USB Car Charger 2-Port 2.1Amp for iPod/iPhone/iPad/iPad 2/iPad 3,11.12,2,0.2,3.48
8873,US-2015-105137,10/10/2015,10/10/2015,Le même jour,RB-19435,Richard Bierner,Grand public,États-Unis,Columbus,Ohio,USCA - Est,TEC-MA-10002694,Produits technologiques,Machines,Hewlett-Packard Deskjet F4180 All-in-One Color Ink-jet - Printer / copier / scanner,101.99,2,0.7,-71.4
8874,US-2015-105137,10/10/2015,10/10/2015,Le même jour,RB-19435,Richard Bierner,Grand public,États-Unis,Columbus,Ohio,USCA - Est,OFF-BI-10002429,Fournitures de bureau,Classeurs,"Premier Elliptical Ring Binder, Black",18.26,2,0.7,-13.39
8885,US-2015-107398,8/25/2015,8/30/2015,Tarif normal,BS-11590,Brendan Sweed,Entreprise,États-Unis,Columbus,Ohio,USCA - Est,OFF-BI-10001982,Fournitures de bureau,Classeurs,Wilson Jones Custom Binder Spines & Labels,6.53,4,0.7,-4.57
8886,US-2015-107398,8/25/2015,8/30/2015,Tarif normal,BS-11590,Brendan Sweed,Entreprise,États-Unis,Columbus,Ohio,USCA - Est,OFF-BI-10004141,Fournitures de bureau,Classeurs,Insertable Tab Indexes For Data Binders,2.86,3,0.7,-2.29
8887,US-2015-107398,8/25/2015,8/30/2015,Tarif normal,BS-11590,Brendan Sweed,Entreprise,États-Unis,Columbus,Ohio,USCA - Est,OFF-BI-10002103,Fournitures de bureau,Classeurs,"Cardinal Slant-D Ring Binder, Heavy Gauge Vinyl",20.86,8,0.7,-16.68
8888,US-2015-169642,7/27/2015,7/30/2015,J+2,BB-10990,Barry Blumstein,Entreprise,États-Unis,Los Angeles,Californie,USCA - Ouest,OFF-ST-10002574,Fournitures de bureau,Stockage,"SAFCO Commercial Wire Shelving, Black",276.28,2,0,0
8894,US-2015-124723,8/5/2015,8/12/2015,Tarif normal,GZ-14470,Gary Zandusky,Grand public,États-Unis,Texas City,Texas,USCA - Centre,FUR-TA-10001307,Mobilier,Tables,"SAFCO PlanMaster Heigh-Adjustable Drafting Table Base, 43w x 30d x 30-37h, Black",489.23,2,0.3,41.93
8920,US-2015-160276,4/2/2015,4/8/2015,Tarif normal,AH-10690,Anna Häberlin,Entreprise,États-Unis,Virginia Beach,Virginie,USCA - Sud,FUR-FU-10003192,Mobilier,Meubles,Luxo Adjustable Task Clamp Lamp,177.68,2,0,46.2
8921,US-2015-132983,4/28/2015,5/3/2015,Tarif normal,DS-13180,David Smith,Entreprise,États-Unis,Jamestown,New York,USCA - Est,TEC-AC-10000736,Produits technologiques,Accessoires,Logitech G600 MMO Gaming Mouse,159.98,2,0,57.59
8941,US-2015-130918,8/22/2015,8/24/2015,J+2,JP-15520,Jeremy Pistek,Grand public,États-Unis,North Miami,Floride,USCA - Sud,OFF-SU-10003936,Fournitures de bureau,Fournitures,Acme Serrated Blade Letter Opener,7.63,3,0.2,-1.81
8945,US-2015-154592,12/7/2015,12/8/2015,Prioritaire,EH-14005,Erica Hernandez,Bureau à domicile,États-Unis,San Francisco,Californie,USCA - Ouest,OFF-PA-10000062,Fournitures de bureau,Papier,Green Bar Computer Printout Paper,164.88,3,0,80.79
8946,US-2015-128622,11/15/2015,11/17/2015,J+2,SC-20260,Scott Cohen,Entreprise,États-Unis,San Francisco,Californie,USCA - Ouest,OFF-SU-10001574,Fournitures de bureau,Fournitures,Acme Value Line Scissors,10.95,3,0,3.29
8949,US-2015-132913,12/24/2015,12/26/2015,Prioritaire,AS-10090,Adam Shillingsburg,Grand public,États-Unis,San Diego,Californie,USCA - Ouest,OFF-AP-10003278,Fournitures de bureau,Électroménager,Belkin 7-Outlet SurgeMaster Home Series,13.97,1,0,3.63
8955,US-2015-156790,8/8/2015,8/10/2015,J+2,VG-21790,Vivek Gonzalez,Grand public,États-Unis,Jacksonville,Floride,USCA - Sud,FUR-BO-10000468,Mobilier,Bibliothèques,O'Sullivan 2-Shelf Heavy-Duty Bookcases,155.46,4,0.2,-7.77
8956,US-2015-126480,9/20/2015,9/24/2015,Tarif normal,HG-14965,Henry Goldwyn,Entreprise,États-Unis,San Diego,Californie,USCA - Ouest,OFF-PA-10004610,Fournitures de bureau,Papier,Xerox 1900,8.56,2,0,3.85
8969,US-2015-166730,12/30/2015,1/1/2016,Prioritaire,DD-13570,Dorothy Dickinson,Grand public,États-Unis,Memphis,Tennessee,USCA - Sud,OFF-ST-10002554,Fournitures de bureau,Stockage,Tennsco Industrial Shelving,39.13,1,0.2,-8.8
8973,US-2015-149034,11/19/2015,11/21/2015,Prioritaire,RD-19900,Ruben Dartt,Grand public,États-Unis,Philadelphia,Pennsylvanie,USCA - Est,TEC-AC-10003023,Produits technologiques,Accessoires,Logitech G105 Gaming Keyboard,47.5,1,0.2,-1.19
8979,US-2015-119529,11/3/2015,11/5/2015,J+2,DM-13345,Denise Monton,Entreprise,États-Unis,Orange,New Jersey,USCA - Est,OFF-BI-10000546,Fournitures de bureau,Classeurs,Avery Durable Binders,5.76,2,0,2.82
8981,US-2015-108182,2/6/2015,2/10/2015,J+2,DL-13315,Delfina Latchford,Grand public,États-Unis,Romeoville,Illinois,USCA - Centre,OFF-BI-10001196,Fournitures de bureau,Classeurs,"Avery Flip-Chart Easel Binder, Black",8.95,2,0.8,-14.77
8995,US-2015-109043,8/15/2015,8/17/2015,Prioritaire,CS-12355,Christine Sundaresam,Grand public,États-Unis,Hollywood,Floride,USCA - Sud,OFF-PA-10000312,Fournitures de bureau,Papier,Xerox 1955,91.36,5,0.2,29.69
8996,US-2015-109043,8/15/2015,8/17/2015,Prioritaire,CS-12355,Christine Sundaresam,Grand public,États-Unis,Hollywood,Floride,USCA - Sud,OFF-AP-10004708,Fournitures de bureau,Électroménager,Fellowes Superior 10 Outlet Split Surge Protector,152.24,5,0.2,17.13
9001,US-2015-133389,6/22/2015,6/22/2015,Le même jour,TB-21280,Toby Braunhardt,Grand public,États-Unis,Phoenix,Arizona,USCA - Ouest,OFF-BI-10001553,Fournitures de bureau,Classeurs,SpineVue Locking Slant-D Ring Binders by Cardinal,8.23,3,0.7,-6.03
9002,US-2015-103807,12/2/2015,12/9/2015,Tarif normal,EM-13825,Elizabeth Moffitt,Entreprise,États-Unis,Sandy Springs,Géorgie,USCA - Sud,TEC-AC-10000199,Produits technologiques,Accessoires,Kingston Digital DataTraveler 8GB USB 2.0,5.95,1,0,0.83
9003,US-2015-103807,12/2/2015,12/9/2015,Tarif normal,EM-13825,Elizabeth Moffitt,Entreprise,États-Unis,Sandy Springs,Géorgie,USCA - Sud,OFF-PA-10002195,Fournitures de bureau,Papier,"RSVP Cards & Envelopes, Blank White, 8-1/2"" X 11"", 24 Cards/25 Envelopes/Set",15.24,3,0,7.16
9020,US-2015-100706,12/16/2015,12/18/2015,J+2,LE-16810,Laurel Elliston,Grand public,États-Unis,Springfield,Virginie,USCA - Sud,TEC-AC-10001314,Produits technologiques,Accessoires,Case Logic 2.4GHz Wireless Keyboard,99.98,2,0,8
9021,US-2015-100706,12/16/2015,12/18/2015,J+2,LE-16810,Laurel Elliston,Grand public,États-Unis,Springfield,Virginie,USCA - Sud,FUR-FU-10002268,Mobilier,Meubles,Ultra Door Push Plate,29.46,6,0,9.72
9030,US-2015-138198,7/18/2015,7/23/2015,Tarif normal,JL-15130,Jack Lebron,Grand public,États-Unis,New Rochelle,New York,USCA - Est,OFF-BI-10002103,Fournitures de bureau,Classeurs,"Cardinal Slant-D Ring Binder, Heavy Gauge Vinyl",13.9,2,0.2,4.52
9034,US-2015-152268,9/2/2015,9/7/2015,Tarif normal,SC-20095,Sanjit Chand,Grand public,États-Unis,Fayetteville,Arkansas,USCA - Sud,OFF-BI-10001359,Fournitures de bureau,Classeurs,GBC DocuBind TL300 Electric Binding System,1793.98,2,0,843.17
9041,US-2015-138177,9/19/2015,9/24/2015,Tarif normal,ND-18460,Neil Ducich,Entreprise,États-Unis,Chandler,Arizona,USCA - Ouest,FUR-TA-10004607,Mobilier,Tables,Hon 2111 Invitation Series Straight Table,73.92,1,0.5,-45.83
9042,US-2015-114335,9/28/2015,10/3/2015,Tarif normal,XP-21865,Xylona Preis,Grand public,États-Unis,Hollywood,Floride,USCA - Sud,FUR-FU-10000277,Mobilier,Meubles,Deflect-o DuraMat Antistatic Studded Beveled Mat for Medium Pile Carpeting,337.09,4,0.2,16.85
9050,US-2015-124513,9/21/2015,9/25/2015,Tarif normal,SL-20155,Sara Luxemburg,Bureau à domicile,États-Unis,New York City,New York,USCA - Est,OFF-AR-10002956,Fournitures de bureau,Art,Boston 16801 Nautilus Battery Pencil Sharpener,66.03,3,0,17.17
9052,US-2015-141838,3/26/2015,3/31/2015,J+2,DK-12835,Damala Kotsonis,Entreprise,États-Unis,San Francisco,Californie,USCA - Ouest,OFF-AR-10004272,Fournitures de bureau,Art,Newell 308,3.36,2,0,0.84
9053,US-2015-141838,3/26/2015,3/31/2015,J+2,DK-12835,Damala Kotsonis,Entreprise,États-Unis,San Francisco,Californie,USCA - Ouest,OFF-BI-10003291,Fournitures de bureau,Classeurs,Wilson Jones Leather-Like Binders with DublLock Round Rings,27.94,4,0.2,9.43
9054,US-2015-141838,3/26/2015,3/31/2015,J+2,DK-12835,Damala Kotsonis,Entreprise,États-Unis,San Francisco,Californie,USCA - Ouest,TEC-PH-10004100,Produits technologiques,Téléphones,Griffin GC17055 Auxiliary Audio Cable,28.78,2,0.2,2.88
9064,US-2015-151015,10/14/2015,10/20/2015,Tarif normal,BD-11500,Bradley Drucker,Grand public,États-Unis,Chicago,Illinois,USCA - Centre,OFF-PA-10002581,Fournitures de bureau,Papier,Xerox 1951,322.19,13,0.2,100.69
9065,US-2015-151015,10/14/2015,10/20/2015,Tarif normal,BD-11500,Bradley Drucker,Grand public,États-Unis,Chicago,Illinois,USCA - Centre,OFF-BI-10000343,Fournitures de bureau,Classeurs,"Pressboard Covers with Storage Hooks, 9 1/2"" x 11"", Light Blue",2.95,3,0.8,-4.86
9066,US-2015-151015,10/14/2015,10/20/2015,Tarif normal,BD-11500,Bradley Drucker,Grand public,États-Unis,Chicago,Illinois,USCA - Centre,OFF-PA-10001184,Fournitures de bureau,Papier,Xerox 1903,19.14,4,0.2,6.94
9075,US-2015-136336,4/21/2015,4/26/2015,Tarif normal,DB-13555,Dorothy Badders,Entreprise,États-Unis,Henderson,Kentucky,USCA - Sud,OFF-ST-10002574,Fournitures de bureau,Stockage,"SAFCO Commercial Wire Shelving, Black",828.84,6,0,0
9078,US-2015-124625,11/3/2015,11/7/2015,Tarif normal,SP-20650,Stephanie Phelps,Entreprise,États-Unis,Omaha,Nebraska,USCA - Centre,TEC-AC-10003280,Produits technologiques,Accessoires,Belkin F8E887 USB Wired Ergonomic Keyboard,89.97,3,0,18.89
9098,US-2015-158365,4/12/2015,4/17/2015,Tarif normal,SV-20785,Stewart Visinsky,Grand public,États-Unis,Bloomington,Indiana,USCA - Centre,OFF-PA-10000289,Fournitures de bureau,Papier,Xerox 213,32.4,5,0,15.55
9111,US-2015-132010,10/13/2015,10/15/2015,Prioritaire,MA-17995,Michelle Arnett,Bureau à domicile,États-Unis,Richmond,Virginie,USCA - Sud,OFF-EN-10003160,Fournitures de bureau,Enveloppes,Pastel Pink Envelopes,36.4,5,0,17.47
9112,US-2015-132010,10/13/2015,10/15/2015,Prioritaire,MA-17995,Michelle Arnett,Bureau à domicile,États-Unis,Richmond,Virginie,USCA - Sud,TEC-AC-10001542,Produits technologiques,Accessoires,SanDisk Cruzer 16 GB USB Flash Drive,22.96,2,0,4.36
9113,US-2015-132010,10/13/2015,10/15/2015,Prioritaire,MA-17995,Michelle Arnett,Bureau à domicile,États-Unis,Richmond,Virginie,USCA - Sud,OFF-ST-10003641,Fournitures de bureau,Stockage,Space Solutions Industrial Galvanized Steel Shelving.,315.2,4,0,6.3
9114,US-2015-132010,10/13/2015,10/15/2015,Prioritaire,MA-17995,Michelle Arnett,Bureau à domicile,États-Unis,Richmond,Virginie,USCA - Sud,OFF-BI-10002432,Fournitures de bureau,Classeurs,Wilson Jones Standard D-Ring Binders,15.18,3,0,7.13
9138,US-2015-123400,2/2/2015,2/9/2015,Tarif normal,EB-13930,Eric Barreto,Grand public,États-Unis,Saint Petersburg,Floride,USCA - Sud,OFF-BI-10000666,Fournitures de bureau,Classeurs,Surelock Post Binders,18.34,2,0.7,-12.22
9139,US-2015-123400,2/2/2015,2/9/2015,Tarif normal,EB-13930,Eric Barreto,Grand public,États-Unis,Saint Petersburg,Floride,USCA - Sud,TEC-PH-10002890,Produits technologiques,Téléphones,AT&T 17929 Lendline Telephone,180.96,5,0.2,13.57
9140,US-2015-106971,9/2/2015,9/8/2015,Tarif normal,BM-11785,Bryan Mills,Grand public,États-Unis,Buffalo Grove,Illinois,USCA - Centre,TEC-AC-10000844,Produits technologiques,Accessoires,Logitech Gaming G510s - Keyboard,475.94,7,0.2,95.19
9150,US-2015-157070,6/1/2015,6/6/2015,Tarif normal,QJ-19255,Quincy Jones,Entreprise,États-Unis,Detroit,Michigan,USCA - Centre,OFF-BI-10001765,Fournitures de bureau,Classeurs,Wilson Jones Heavy-Duty Casebound Ring Binders with Metal Hinges,138.56,4,0,66.51
9151,US-2015-157070,6/1/2015,6/6/2015,Tarif normal,QJ-19255,Quincy Jones,Entreprise,États-Unis,Detroit,Michigan,USCA - Centre,OFF-AP-10004859,Fournitures de bureau,Électroménager,Acco 6 Outlet Guardian Premium Surge Suppressor,65.52,5,0.1,12.38
9156,US-2015-102645,1/23/2015,1/28/2015,Tarif normal,IM-15055,Ionia McGrath,Grand public,États-Unis,Las Vegas,Nevada,USCA - Ouest,OFF-PA-10001804,Fournitures de bureau,Papier,Xerox 195,40.08,6,0,19.24
9157,US-2015-134215,8/4/2015,8/8/2015,Tarif normal,ML-17395,Marina Lichtenstein,Entreprise,États-Unis,Bangor,Maine,USCA - Est,OFF-AP-10001271,Fournitures de bureau,Électroménager,Eureka The Boss Cordless Rechargeable Stick Vac,101.96,2,0,27.53
9158,US-2015-134215,8/4/2015,8/8/2015,Tarif normal,ML-17395,Marina Lichtenstein,Entreprise,États-Unis,Bangor,Maine,USCA - Est,OFF-PA-10004353,Fournitures de bureau,Papier,Southworth 25% Cotton Premium Laser Paper and Envelopes,259.74,13,0,124.68
9159,US-2015-134215,8/4/2015,8/8/2015,Tarif normal,ML-17395,Marina Lichtenstein,Entreprise,États-Unis,Bangor,Maine,USCA - Est,TEC-AC-10002473,Produits technologiques,Accessoires,Maxell 4.7GB DVD-R,255.42,9,0,104.72
9195,US-2015-146843,11/30/2015,12/6/2015,Tarif normal,PB-19150,Philip Brown,Grand public,États-Unis,Avondale,Arizona,USCA - Ouest,OFF-SU-10001664,Fournitures de bureau,Fournitures,Acme Office Executive Series Stainless Steel Trimmers,47.99,7,0.2,3.6
9196,US-2015-146843,11/30/2015,12/6/2015,Tarif normal,PB-19150,Philip Brown,Grand public,États-Unis,Avondale,Arizona,USCA - Ouest,TEC-AC-10002550,Produits technologiques,Accessoires,"Memorex 25GB 6X Branded Blu-Ray Recordable Disc, 30/Pack",102.24,4,0.2,-16.61
9197,US-2015-103310,5/10/2015,5/15/2015,Tarif normal,GM-14680,Greg Matthias,Grand public,États-Unis,San Jose,Californie,USCA - Ouest,OFF-PA-10004353,Fournitures de bureau,Papier,Southworth 25% Cotton Premium Laser Paper and Envelopes,39.96,2,0,19.18
9198,US-2015-103310,5/10/2015,5/15/2015,Tarif normal,GM-14680,Greg Matthias,Grand public,États-Unis,San Jose,Californie,USCA - Ouest,TEC-PH-10001817,Produits technologiques,Téléphones,Wilson Electronics DB Pro Signal Booster,1432,5,0.2,125.3
9199,US-2015-103310,5/10/2015,5/15/2015,Tarif normal,GM-14680,Greg Matthias,Grand public,États-Unis,San Jose,Californie,USCA - Ouest,OFF-SU-10004737,Fournitures de bureau,Fournitures,Acme Design Stainless Steel Bent Scissors,41.04,6,0,11.08
9200,US-2015-103310,5/10/2015,5/15/2015,Tarif normal,GM-14680,Greg Matthias,Grand public,États-Unis,San Jose,Californie,USCA - Ouest,FUR-CH-10002320,Mobilier,Chaises,Hon Pagoda Stacking Chairs,256.78,1,0.2,32.1
9213,US-2015-144071,12/8/2015,12/15/2015,Tarif normal,DJ-13420,Denny Joy,Entreprise,États-Unis,San Francisco,Californie,USCA - Ouest,FUR-FU-10000397,Mobilier,Meubles,Luxo Economy Swing Arm Lamp,39.88,2,0,11.17
9214,US-2015-144071,12/8/2015,12/15/2015,Tarif normal,DJ-13420,Denny Joy,Entreprise,États-Unis,San Francisco,Californie,USCA - Ouest,FUR-FU-10000758,Mobilier,Meubles,DAX Natural Wood-Tone Poster Frame,79.44,3,0,28.6
9229,US-2015-153619,11/3/2015,11/3/2015,Le même jour,TC-21535,Tracy Collins,Bureau à domicile,États-Unis,Los Angeles,Californie,USCA - Ouest,OFF-AR-10001868,Fournitures de bureau,Art,Prang Dustless Chalk Sticks,6.72,4,0,3.36
9232,US-2015-148383,12/27/2015,12/31/2015,Tarif normal,RP-19390,Resi Pölking,Grand public,États-Unis,Phoenix,Arizona,USCA - Ouest,OFF-BI-10003650,Fournitures de bureau,Classeurs,GBC DocuBind 300 Electric Binding Machine,946.76,6,0.7,-694.29
9243,US-2015-113271,7/9/2015,7/14/2015,Tarif normal,DS-13030,Darrin Sayre,Bureau à domicile,États-Unis,San Francisco,Californie,USCA - Ouest,OFF-BI-10002609,Fournitures de bureau,Classeurs,Avery Hidden Tab Dividers for Binding Systems,14.3,6,0.2,4.65
9244,US-2015-113271,7/9/2015,7/14/2015,Tarif normal,DS-13030,Darrin Sayre,Bureau à domicile,États-Unis,San Francisco,Californie,USCA - Ouest,FUR-BO-10004218,Mobilier,Bibliothèques,"Bush Heritage Pine Collection 5-Shelf Bookcase, Albany Pine Finish, *Special Order",119.83,1,0.2,7.05
9245,US-2015-113271,7/9/2015,7/14/2015,Tarif normal,DS-13030,Darrin Sayre,Bureau à domicile,États-Unis,San Francisco,Californie,USCA - Ouest,OFF-AR-10003251,Fournitures de bureau,Art,Prang Drawing Pencil Set,5.56,2,0,2.22
9246,US-2015-113271,7/9/2015,7/14/2015,Tarif normal,DS-13030,Darrin Sayre,Bureau à domicile,États-Unis,San Francisco,Californie,USCA - Ouest,OFF-PA-10002365,Fournitures de bureau,Papier,Xerox 1967,32.4,5,0,15.55
9255,US-2015-168368,2/11/2015,2/15/2015,J+2,GA-14725,Guy Armstrong,Grand public,États-Unis,Columbia,Missouri,USCA - Centre,FUR-CH-10001146,Mobilier,Chaises,"Global Value Mid-Back Manager's Chair, Gray",60.89,1,0,15.22
9256,US-2015-168368,2/11/2015,2/15/2015,J+2,GA-14725,Guy Armstrong,Grand public,États-Unis,Columbia,Missouri,USCA - Centre,OFF-LA-10004853,Fournitures de bureau,Étiquettes,Avery 483,14.94,3,0,6.87
9257,US-2015-168368,2/11/2015,2/15/2015,J+2,GA-14725,Guy Armstrong,Grand public,États-Unis,Columbia,Missouri,USCA - Centre,OFF-BI-10004728,Fournitures de bureau,Classeurs,Wilson Jones Turn Tabs Binder Tool for Ring Binders,9.64,2,0,4.43
9258,US-2015-168368,2/11/2015,2/15/2015,J+2,GA-14725,Guy Armstrong,Grand public,États-Unis,Columbia,Missouri,USCA - Centre,FUR-FU-10002298,Mobilier,Meubles,"Rubbermaid ClusterMat Chairmats, Mat Size- 66"" x 60"", Lip 20"" x 11"" -90 Degree Angle",332.94,3,0,53.27
9259,US-2015-168368,2/11/2015,2/15/2015,J+2,GA-14725,Guy Armstrong,Grand public,États-Unis,Columbia,Missouri,USCA - Centre,OFF-BI-10004654,Fournitures de bureau,Classeurs,VariCap6 Expandable Binder,51.9,3,0,24.39
9260,US-2015-168368,2/11/2015,2/15/2015,J+2,GA-14725,Guy Armstrong,Grand public,États-Unis,Columbia,Missouri,USCA - Centre,OFF-ST-10002583,Fournitures de bureau,Stockage,Fellowes Neat Ideas Storage Cubes,64.96,2,0,2.6
9267,US-2015-125759,2/8/2015,2/9/2015,Prioritaire,NM-18445,Nathan Mautz,Bureau à domicile,États-Unis,North Las Vegas,Nevada,USCA - Ouest,FUR-FU-10002111,Mobilier,Meubles,"Master Caster Door Stop, Large Brown",14.56,2,0,5.53
9275,US-2015-134054,10/10/2015,10/10/2015,Le même jour,FC-14335,Fred Chung,Entreprise,États-Unis,Albuquerque,Nouveau-Mexique,USCA - Ouest,OFF-AR-10000937,Fournitures de bureau,Art,"Dixon Ticonderoga Core-Lock Colored Pencils, 48-Color Set",255.85,7,0,112.57
9285,US-2015-161032,11/18/2015,11/23/2015,Tarif normal,MK-17905,Michael Kennedy,Entreprise,États-Unis,Franklin,Wisconsin,USCA - Centre,FUR-CH-10001482,Mobilier,Chaises,Office Star - Mesh Screen back chair with Vinyl seat,392.94,3,0,43.22
9290,US-2015-111857,4/23/2015,4/26/2015,J+2,NM-18445,Nathan Mautz,Bureau à domicile,États-Unis,San Francisco,Californie,USCA - Ouest,OFF-PA-10001878,Fournitures de bureau,Papier,Xerox 1891,48.91,1,0,22.99
9291,US-2015-163650,9/23/2015,9/25/2015,Prioritaire,TT-21220,Thomas Thornton,Grand public,États-Unis,Dover,Delaware,USCA - Est,OFF-AR-10002375,Fournitures de bureau,Art,Newell 351,9.84,3,0,2.85
9292,US-2015-163650,9/23/2015,9/25/2015,Prioritaire,TT-21220,Thomas Thornton,Grand public,États-Unis,Dover,Delaware,USCA - Est,OFF-BI-10004965,Fournitures de bureau,Classeurs,Ibico Covers for Plastic or Wire Binding Elements,34.5,3,0,15.53
9307,US-2015-128237,3/25/2015,3/30/2015,Tarif normal,CA-12265,Christina Anderson,Grand public,États-Unis,San Francisco,Californie,USCA - Ouest,OFF-AR-10003829,Fournitures de bureau,Art,Newell 35,6.56,2,0,1.9
9308,US-2015-128237,3/25/2015,3/30/2015,Tarif normal,CA-12265,Christina Anderson,Grand public,États-Unis,San Francisco,Californie,USCA - Ouest,OFF-AR-10003338,Fournitures de bureau,Art,"Eberhard Faber 3 1/2"" Golf Pencils",14.88,2,0,3.72
9309,US-2015-128237,3/25/2015,3/30/2015,Tarif normal,CA-12265,Christina Anderson,Grand public,États-Unis,San Francisco,Californie,USCA - Ouest,TEC-AC-10002558,Produits technologiques,Accessoires,Imation Swivel Flash Drive USB flash drive - 8 GB,45.48,4,0,15.92
9310,US-2015-128237,3/25/2015,3/30/2015,Tarif normal,CA-12265,Christina Anderson,Grand public,États-Unis,San Francisco,Californie,USCA - Ouest,OFF-AR-10000034,Fournitures de bureau,Art,"BIC Brite Liner Grip Highlighters, Assorted, 5/Pack",25.44,6,0,9.92
9338,US-2015-155264,10/19/2015,10/22/2015,J+2,RP-19270,Rachel Payne,Entreprise,États-Unis,San Francisco,Californie,USCA - Ouest,OFF-BI-10003196,Fournitures de bureau,Classeurs,Accohide Poly Flexible Ring Binders,2.99,1,0.2,1.12
9339,US-2015-155264,10/19/2015,10/22/2015,J+2,RP-19270,Rachel Payne,Entreprise,États-Unis,San Francisco,Californie,USCA - Ouest,OFF-BI-10003727,Fournitures de bureau,Classeurs,Avery Durable Slant Ring Binders With Label Holder,20.06,6,0.2,7.02
9340,US-2015-155264,10/19/2015,10/22/2015,J+2,RP-19270,Rachel Payne,Entreprise,États-Unis,San Francisco,Californie,USCA - Ouest,OFF-PA-10003228,Fournitures de bureau,Papier,Xerox 1917,146.73,3,0,68.96
9341,US-2015-155264,10/19/2015,10/22/2015,J+2,RP-19270,Rachel Payne,Entreprise,États-Unis,San Francisco,Californie,USCA - Ouest,OFF-LA-10002787,Fournitures de bureau,Étiquettes,Avery 480,18.75,5,0,9
9342,US-2015-155264,10/19/2015,10/22/2015,J+2,RP-19270,Rachel Payne,Entreprise,États-Unis,San Francisco,Californie,USCA - Ouest,TEC-PH-10001305,Produits technologiques,Téléphones,Panasonic KX TS208W Corded phone,117.58,3,0.2,11.76
9366,US-2015-166828,8/22/2015,8/25/2015,Prioritaire,JF-15415,Jennifer Ferguson,Grand public,États-Unis,Saint Charles,Missouri,USCA - Centre,OFF-PA-10001846,Fournitures de bureau,Papier,Xerox 1899,11.56,2,0,5.66
9367,US-2015-108147,6/8/2015,6/13/2015,Tarif normal,RD-19480,Rick Duston,Grand public,États-Unis,Long Beach,New York,USCA - Est,OFF-BI-10003876,Fournitures de bureau,Classeurs,"Green Canvas Binder for 8-1/2"" x 14"" Sheets",68.48,2,0.2,25.68
9368,US-2015-108147,6/8/2015,6/13/2015,Tarif normal,RD-19480,Rick Duston,Grand public,États-Unis,Long Beach,New York,USCA - Est,OFF-ST-10003470,Fournitures de bureau,Stockage,"Tennsco Snap-Together Open Shelving Units, Starter Sets and Add-On Units",1676.88,6,0,83.84
9380,US-2015-154158,12/23/2015,12/27/2015,J+2,CC-12670,Craig Carreira,Grand public,États-Unis,Tampa,Floride,USCA - Sud,OFF-PA-10001295,Fournitures de bureau,Papier,Computer Printout Paper with Letter-Trim Perforations,45.53,3,0.2,15.93
9381,US-2015-154158,12/23/2015,12/27/2015,J+2,CC-12670,Craig Carreira,Grand public,États-Unis,Tampa,Floride,USCA - Sud,FUR-CH-10004698,Mobilier,Chaises,"Padded Folding Chairs, Black, 4/Carton",64.78,1,0.2,6.48
9382,US-2015-154158,12/23/2015,12/27/2015,J+2,CC-12670,Craig Carreira,Grand public,États-Unis,Tampa,Floride,USCA - Sud,OFF-ST-10000078,Fournitures de bureau,Stockage,Tennsco 6- and 18-Compartment Lockers,424.27,2,0.2,-10.61
9383,US-2015-154158,12/23/2015,12/27/2015,J+2,CC-12670,Craig Carreira,Grand public,États-Unis,Tampa,Floride,USCA - Sud,OFF-AR-10001868,Fournitures de bureau,Art,Prang Dustless Chalk Sticks,1.34,1,0.2,0.5
9384,US-2015-154158,12/23/2015,12/27/2015,J+2,CC-12670,Craig Carreira,Grand public,États-Unis,Tampa,Floride,USCA - Sud,OFF-ST-10004950,Fournitures de bureau,Stockage,Acco Perma 3000 Stacking Storage Drawers,83.92,5,0.2,-1.05
9394,US-2015-125997,9/20/2015,9/23/2015,Prioritaire,MW-18220,Mitch Webber,Grand public,États-Unis,New York City,New York,USCA - Est,TEC-PH-10003484,Produits technologiques,Téléphones,Ooma Telo VoIP Home Phone System,629.95,5,0,157.49
9395,US-2015-125997,9/20/2015,9/23/2015,Prioritaire,MW-18220,Mitch Webber,Grand public,États-Unis,New York City,New York,USCA - Est,FUR-CH-10001394,Mobilier,Chaises,Global Leather Executive Chair,631.78,2,0.1,140.4
9396,US-2015-125997,9/20/2015,9/23/2015,Prioritaire,MW-18220,Mitch Webber,Grand public,États-Unis,New York City,New York,USCA - Est,FUR-BO-10002213,Mobilier,Bibliothèques,DMI Eclipse Executive Suite Bookcases,801.57,2,0.2,-10.02
9397,US-2015-125997,9/20/2015,9/23/2015,Prioritaire,MW-18220,Mitch Webber,Grand public,États-Unis,New York City,New York,USCA - Est,OFF-LA-10002762,Fournitures de bureau,Étiquettes,Avery 485,75.18,6,0,35.33
9398,US-2015-125997,9/20/2015,9/23/2015,Prioritaire,MW-18220,Mitch Webber,Grand public,États-Unis,New York City,New York,USCA - Est,OFF-AP-10003842,Fournitures de bureau,Électroménager,Euro-Pro Shark Turbo Vacuum,30.98,1,0,8.05
9399,US-2015-125997,9/20/2015,9/23/2015,Prioritaire,MW-18220,Mitch Webber,Grand public,États-Unis,New York City,New York,USCA - Est,TEC-PH-10003072,Produits technologiques,Téléphones,Panasonic KX-TG9541B DECT 6.0 Digital 2-Line Expandable Cordless Phone With Digital Answering System,1349.91,9,0,661.46
9402,US-2015-159814,6/24/2015,6/28/2015,Tarif normal,LP-17080,Liz Pelletier,Grand public,États-Unis,Tucson,Arizona,USCA - Ouest,FUR-FU-10001731,Mobilier,Meubles,Acrylic Self-Standing Desk Frames,4.27,2,0.2,0.96
9406,US-2015-152618,3/14/2015,3/17/2015,Prioritaire,RB-19465,Rick Bensley,Bureau à domicile,États-Unis,Chicago,Illinois,USCA - Centre,TEC-MA-10003626,Produits technologiques,Machines,Hewlett-Packard Deskjet 6540 Color Inkjet Printer,574.91,2,0.3,156.05
9407,US-2015-152618,3/14/2015,3/17/2015,Prioritaire,RB-19465,Rick Bensley,Bureau à domicile,États-Unis,Chicago,Illinois,USCA - Centre,OFF-PA-10001215,Fournitures de bureau,Papier,Xerox 1963,8.45,2,0.2,2.64
9418,US-2015-148285,10/27/2015,11/1/2015,Tarif normal,RD-19810,Ross DeVincentis,Bureau à domicile,États-Unis,Fayetteville,Caroline du Nord,USCA - Sud,OFF-PA-10001166,Fournitures de bureau,Papier,Xerox 2,10.37,2,0.2,3.63
9419,US-2015-148285,10/27/2015,11/1/2015,Tarif normal,RD-19810,Ross DeVincentis,Bureau à domicile,États-Unis,Fayetteville,Caroline du Nord,USCA - Sud,OFF-PA-10000349,Fournitures de bureau,Papier,Easy-staple paper,11.95,3,0.2,4.03
9422,US-2015-145254,7/23/2015,7/27/2015,Tarif normal,NC-18535,Nick Crebassa,Entreprise,États-Unis,San Francisco,Californie,USCA - Ouest,TEC-PH-10000441,Produits technologiques,Téléphones,VTech DS6151,604.75,6,0.2,60.48
9423,US-2015-145254,7/23/2015,7/27/2015,Tarif normal,NC-18535,Nick Crebassa,Entreprise,États-Unis,San Francisco,Californie,USCA - Ouest,OFF-SU-10004664,Fournitures de bureau,Fournitures,Acme Softgrip Scissors,40.7,5,0,11.8
9424,US-2015-145254,7/23/2015,7/27/2015,Tarif normal,NC-18535,Nick Crebassa,Entreprise,États-Unis,San Francisco,Californie,USCA - Ouest,TEC-PH-10004531,Produits technologiques,Téléphones,AT&T CL2909,302.38,3,0.2,37.8
9425,US-2015-145254,7/23/2015,7/27/2015,Tarif normal,NC-18535,Nick Crebassa,Entreprise,États-Unis,San Francisco,Californie,USCA - Ouest,TEC-AC-10002167,Produits technologiques,Accessoires,Imation 8gb Micro Traveldrive Usb 2.0 Flash Drive,45,3,0,4.95
9426,US-2015-116246,9/12/2015,9/17/2015,J+2,LW-17215,Luke Weiss,Grand public,États-Unis,New York City,New York,USCA - Est,FUR-CH-10002024,Mobilier,Chaises,HON 5400 Series Task Chairs for Big and Tall,3785.29,6,0.1,420.59
9428,US-2015-167486,11/27/2015,12/1/2015,Tarif normal,JO-15145,Jack O'Briant,Entreprise,États-Unis,Buffalo,New York,USCA - Est,FUR-FU-10003268,Mobilier,Meubles,Eldon Radial Chair Mat for Low to Medium Pile Carpets,199.9,5,0,39.98
9429,US-2015-152100,5/11/2015,5/16/2015,Tarif normal,VW-21775,Victoria Wilson,Entreprise,États-Unis,Huntsville,Texas,USCA - Centre,FUR-CH-10000015,Mobilier,Chaises,Hon Multipurpose Stacking Arm Chairs,1212.96,8,0.3,-69.31
9440,US-2015-154655,10/12/2015,10/17/2015,Tarif normal,BP-11050,Barry Pond,Entreprise,États-Unis,Chicago,Illinois,USCA - Centre,OFF-SU-10000898,Fournitures de bureau,Fournitures,"Acme Hot Forged Carbon Steel Scissors with Nickel-Plated Handles, 3 7/8"" Cut, 8""L",22.24,2,0.2,2.5
9441,US-2015-100391,5/25/2015,5/29/2015,Tarif normal,BW-11065,Barry Weirich,Grand public,États-Unis,New York City,New York,USCA - Est,OFF-PA-10001471,Fournitures de bureau,Papier,Strathmore Photo Frame Cards,14.62,2,0,6.73
9442,US-2015-165477,12/29/2015,12/31/2015,J+2,RE-19405,Ricardo Emerson,Grand public,États-Unis,Kent,Ohio,USCA - Est,OFF-AP-10003281,Fournitures de bureau,Électroménager,Acco 6 Outlet Guardian Standard Surge Suppressor,48.36,5,0.2,6.04
9450,US-2015-140032,9/8/2015,9/13/2015,Tarif normal,TS-21340,Toby Swindell,Grand public,États-Unis,San Francisco,Californie,USCA - Ouest,OFF-BI-10000822,Fournitures de bureau,Classeurs,"Acco PRESSTEX Data Binder with Storage Hooks, Light Blue, 9 1/2"" X 11""",8.61,2,0.2,3.01
9459,US-2015-138240,10/9/2015,10/14/2015,Tarif normal,SJ-20500,Shirley Jackson,Grand public,États-Unis,San Francisco,Californie,USCA - Ouest,OFF-AR-10002135,Fournitures de bureau,Art,Boston Heavy-Duty Trimline Electric Pencil Sharpeners,144.6,3,0,41.93
9460,US-2015-138240,10/9/2015,10/14/2015,Tarif normal,SJ-20500,Shirley Jackson,Grand public,États-Unis,San Francisco,Californie,USCA - Ouest,TEC-PH-10002583,Produits technologiques,Téléphones,iOttie HLCRIO102 Car Mount,15.99,1,0.2,-3
9461,US-2015-101833,11/17/2015,11/22/2015,J+2,FG-14260,Frank Gastineau,Bureau à domicile,États-Unis,New York City,New York,USCA - Est,OFF-PA-10003591,Fournitures de bureau,Papier,Southworth 100% Cotton The Best Paper,34.44,3,0,17.22
9462,CA-2015-100867,10/19/2015,10/24/2015,Tarif normal,EH-14125,Eugene Hildebrand,Bureau à domicile,Canada,Vancouver,Colombie-Britannique,USCA - Ouest,TEC-PH-10004922,Produits technologiques,Téléphones,RCA Visys Integrated PBX 8-Line Router,321.55,6,0.2,20.1
9464,US-2015-156545,2/27/2015,3/3/2015,Prioritaire,JS-16030,Joy Smith,Grand public,États-Unis,Columbus,Ohio,USCA - Est,OFF-AR-10003560,Fournitures de bureau,Art,Zebra Zazzle Fluorescent Highlighters,19.46,4,0.2,3.4
9465,US-2015-109127,12/21/2015,12/25/2015,Tarif normal,JC-15775,John Castell,Grand public,États-Unis,Newark,Delaware,USCA - Est,OFF-LA-10004409,Fournitures de bureau,Étiquettes,Avery 492,17.28,6,0,7.95
9479,US-2015-126193,9/7/2015,9/14/2015,Tarif normal,SS-20410,Shahid Shariari,Grand public,États-Unis,Oswego,Illinois,USCA - Centre,OFF-FA-10000936,Fournitures de bureau,Éléments de fixation,Acco Hot Clips Clips to Go,13.16,5,0.2,4.11
9480,US-2015-126193,9/7/2015,9/14/2015,Tarif normal,SS-20410,Shahid Shariari,Grand public,États-Unis,Oswego,Illinois,USCA - Centre,OFF-BI-10001249,Fournitures de bureau,Classeurs,Avery Heavy-Duty EZD View Binder with Locking Rings,3.83,3,0.8,-6.51
9481,US-2015-126193,9/7/2015,9/14/2015,Tarif normal,SS-20410,Shahid Shariari,Grand public,États-Unis,Oswego,Illinois,USCA - Centre,OFF-BI-10004632,Fournitures de bureau,Classeurs,Ibico Hi-Tech Manual Binding System,304.99,5,0.8,-533.73
9484,US-2015-122679,7/22/2015,7/28/2015,Tarif normal,AB-10255,Alejandro Ballentine,Bureau à domicile,États-Unis,Los Angeles,Californie,USCA - Ouest,OFF-AR-10004757,Fournitures de bureau,Art,Crayola Colored Pencils,19.68,6,0,6.49
9507,US-2015-149104,4/5/2015,4/7/2015,J+2,RD-19900,Ruben Dartt,Grand public,États-Unis,Dearborn Heights,Michigan,USCA - Centre,OFF-AR-10002952,Fournitures de bureau,Art,Stanley Contemporary Battery Pencil Sharpeners,26.7,2,0,7.48
9508,US-2015-149104,4/5/2015,4/7/2015,J+2,RD-19900,Ruben Dartt,Grand public,États-Unis,Dearborn Heights,Michigan,USCA - Centre,OFF-BI-10004209,Fournitures de bureau,Classeurs,"Fellowes Twister Kit, Gray/Clear, 3/pkg",40.2,5,0,18.09
9509,US-2015-149104,4/5/2015,4/7/2015,J+2,RD-19900,Ruben Dartt,Grand public,États-Unis,Dearborn Heights,Michigan,USCA - Centre,OFF-AR-10004685,Fournitures de bureau,Art,"Binney & Smith Crayola Metallic Colored Pencils, 8-Color Set",13.89,3,0,4.58
9510,US-2015-149104,4/5/2015,4/7/2015,J+2,RD-19900,Ruben Dartt,Grand public,États-Unis,Dearborn Heights,Michigan,USCA - Centre,OFF-ST-10000991,Fournitures de bureau,Stockage,Space Solutions HD Industrial Steel Shelving.,689.82,6,0,20.69
9512,US-2015-130575,12/14/2015,12/16/2015,Prioritaire,CS-11845,Cari Sayre,Entreprise,États-Unis,Chicago,Illinois,USCA - Centre,OFF-BI-10002353,Fournitures de bureau,Classeurs,GBC VeloBind Cover Sets,9.26,3,0.8,-13.9
9515,US-2015-100293,3/14/2015,3/18/2015,Tarif normal,NF-18475,Neil Französisch,Bureau à domicile,États-Unis,Jacksonville,Floride,USCA - Sud,OFF-PA-10000176,Fournitures de bureau,Papier,Xerox 1887,91.06,6,0.2,31.87
9516,US-2015-154165,2/17/2015,2/24/2015,Tarif normal,DL-13315,Delfina Latchford,Grand public,États-Unis,Chicago,Illinois,USCA - Centre,OFF-AR-10003631,Fournitures de bureau,Art,Staples in misc. colors,54.21,14,0.2,8.81
9522,US-2015-169446,12/19/2015,12/25/2015,Tarif normal,SG-20605,Speros Goranitis,Grand public,États-Unis,Chicago,Illinois,USCA - Centre,TEC-PH-10002817,Produits technologiques,Téléphones,RCA ViSYS 25425RE1 Corded phone,323.98,3,0.2,36.45
9523,US-2015-169446,12/19/2015,12/25/2015,Tarif normal,SG-20605,Speros Goranitis,Grand public,États-Unis,Chicago,Illinois,USCA - Centre,OFF-PA-10000295,Fournitures de bureau,Papier,Xerox 229,15.55,3,0.2,5.44
9524,US-2015-169446,12/19/2015,12/25/2015,Tarif normal,SG-20605,Speros Goranitis,Grand public,États-Unis,Chicago,Illinois,USCA - Centre,OFF-ST-10000419,Fournitures de bureau,Stockage,"Rogers Jumbo File, Granite",32.59,3,0.2,-7.74
9546,US-2015-166590,10/29/2015,11/2/2015,Tarif normal,NC-18625,Noah Childs,Entreprise,États-Unis,Columbus,Indiana,USCA - Centre,TEC-AC-10003433,Produits technologiques,Accessoires,Maxell 4.7GB DVD+R 5/Pack,1.98,2,0,0.89
9547,US-2015-166590,10/29/2015,11/2/2015,Tarif normal,NC-18625,Noah Childs,Entreprise,États-Unis,Columbus,Indiana,USCA - Centre,OFF-PA-10000482,Fournitures de bureau,Papier,"Snap-A-Way Black Print Carbonless Ruled Speed Letter, Triplicate",75.88,2,0,35.66
9558,US-2015-103086,10/17/2015,10/19/2015,J+2,EB-14170,Evan Bailliet,Grand public,États-Unis,Houston,Texas,USCA - Centre,FUR-FU-10004586,Mobilier,Meubles,G.E. Longer-Life Indoor Recessed Floodlight Bulbs,5.31,2,0.6,-1.59
9566,US-2015-130428,3/31/2015,3/31/2015,Le même jour,TG-21640,Trudy Glocke,Grand public,États-Unis,Tampa,Floride,USCA - Sud,FUR-CH-10002965,Mobilier,Chaises,"Global Leather Highback Executive Chair with Pneumatic Height Adjustment, Black",1125.49,7,0.2,98.48
9567,US-2015-130428,3/31/2015,3/31/2015,Le même jour,TG-21640,Trudy Glocke,Grand public,États-Unis,Tampa,Floride,USCA - Sud,OFF-BI-10001636,Fournitures de bureau,Classeurs,Ibico Plastic and Wire Spiral Binding Combs,12.65,5,0.7,-10.12
9568,US-2015-130428,3/31/2015,3/31/2015,Le même jour,TG-21640,Trudy Glocke,Grand public,États-Unis,Tampa,Floride,USCA - Sud,OFF-AR-10004027,Fournitures de bureau,Art,"Binney & Smith inkTank Erasable Desk Highlighter, Chisel Tip, Yellow, 12/Box",4.03,2,0.2,1.06
9590,US-2015-119172,5/11/2015,5/15/2015,Tarif normal,HD-14785,Harold Dahlen,Bureau à domicile,États-Unis,Chicago,Illinois,USCA - Centre,OFF-PA-10003036,Fournitures de bureau,Papier,"Black Print Carbonless 8 1/2"" x 8 1/4"" Rapid Memo Book",17.47,3,0.2,5.68
9591,US-2015-119172,5/11/2015,5/15/2015,Tarif normal,HD-14785,Harold Dahlen,Bureau à domicile,États-Unis,Chicago,Illinois,USCA - Centre,OFF-BI-10002026,Fournitures de bureau,Classeurs,Avery Arch Ring Binders,104.58,9,0.8,-172.56
9603,US-2015-130155,5/19/2015,5/22/2015,Prioritaire,TD-20995,Tamara Dahlen,Grand public,États-Unis,Virginia Beach,Virginie,USCA - Sud,OFF-SU-10004737,Fournitures de bureau,Fournitures,Acme Design Stainless Steel Bent Scissors,34.2,5,0,9.23
9614,US-2015-128524,11/11/2015,11/13/2015,Prioritaire,MZ-17515,Mary Zewe,Entreprise,États-Unis,Seattle,Washington,USCA - Ouest,OFF-AP-10002892,Fournitures de bureau,Électroménager,Belkin F5C206VTEL 6 Outlet Surge,22.98,1,0,6.89
9615,US-2015-128524,11/11/2015,11/13/2015,Prioritaire,MZ-17515,Mary Zewe,Entreprise,États-Unis,Seattle,Washington,USCA - Ouest,TEC-AC-10002718,Produits technologiques,Accessoires,Belkin Standard 104 key USB Keyboard,102.13,7,0,15.32
9616,US-2015-128524,11/11/2015,11/13/2015,Prioritaire,MZ-17515,Mary Zewe,Entreprise,États-Unis,Seattle,Washington,USCA - Ouest,OFF-BI-10003527,Fournitures de bureau,Classeurs,Fellowes PB500 Electric Punch Plastic Comb Binding Machine with Manual Bind,2033.58,2,0.2,762.59
9621,US-2015-115133,9/26/2015,9/30/2015,Tarif normal,DA-13450,Dianna Arnett,Bureau à domicile,États-Unis,Lancaster,Ohio,USCA - Est,OFF-AP-10001634,Fournitures de bureau,Électroménager,Hoover Commercial Lightweight Upright Vacuum,16.7,6,0.2,1.25
9622,US-2015-115133,9/26/2015,9/30/2015,Tarif normal,DA-13450,Dianna Arnett,Bureau à domicile,États-Unis,Lancaster,Ohio,USCA - Est,TEC-AC-10002370,Produits technologiques,Accessoires,Maxell CD-R Discs,3.15,2,0.2,0.47
9623,US-2015-115133,9/26/2015,9/30/2015,Tarif normal,DA-13450,Dianna Arnett,Bureau à domicile,États-Unis,Lancaster,Ohio,USCA - Est,OFF-PA-10000174,Fournitures de bureau,Papier,"Message Book, Wirebound, Four 5 1/2"" X 4"" Forms/Pg., 200 Dupl. Sets/Book",32.9,4,0.2,11.1
9628,US-2015-139283,11/23/2015,11/27/2015,Tarif normal,BT-11440,Bobby Trafton,Grand public,États-Unis,Detroit,Michigan,USCA - Centre,OFF-BI-10002049,Fournitures de bureau,Classeurs,UniKeep View Case Binders,14.67,3,0,6.75
9629,US-2015-118192,1/13/2015,1/18/2015,Tarif normal,MM-17920,Michael Moore,Grand public,États-Unis,Newark,Ohio,USCA - Est,OFF-PA-10002947,Fournitures de bureau,Papier,Xerox 1923,37.41,7,0.2,13.09
9630,US-2015-118192,1/13/2015,1/18/2015,Tarif normal,MM-17920,Michael Moore,Grand public,États-Unis,Newark,Ohio,USCA - Est,OFF-BI-10003476,Fournitures de bureau,Classeurs,Avery Metallic Poly Binders,3.44,2,0.7,-2.52
9634,US-2015-151330,10/14/2015,10/17/2015,Prioritaire,TC-21295,Toby Carlisle,Grand public,États-Unis,Everett,Massachusetts,USCA - Est,TEC-AC-10000865,Produits technologiques,Accessoires,WD My Passport Ultra 500GB Portable External Hard Drive,177,3,0,30.09
9635,US-2015-151330,10/14/2015,10/17/2015,Prioritaire,TC-21295,Toby Carlisle,Grand public,États-Unis,Everett,Massachusetts,USCA - Est,OFF-ST-10000615,Fournitures de bureau,Stockage,"SimpliFile Personal File, Black Granite, 15w x 6-15/16d x 11-1/4h",79.45,7,0,22.25
9636,US-2015-151330,10/14/2015,10/17/2015,Prioritaire,TC-21295,Toby Carlisle,Grand public,États-Unis,Everett,Massachusetts,USCA - Est,FUR-CH-10000749,Mobilier,Chaises,Office Star - Ergonomic Mid Back Chair with 2-Way Adjustable Arms,1628.82,9,0,260.61
9637,US-2015-124702,11/18/2015,11/25/2015,Tarif normal,MH-17785,Maya Herman,Entreprise,États-Unis,Seattle,Washington,USCA - Ouest,FUR-FU-10003553,Mobilier,Meubles,"Howard Miller 13-1/2"" Diameter Rosebrook Wall Clock",137.54,2,0,55.02
9638,US-2015-124702,11/18/2015,11/25/2015,Tarif normal,MH-17785,Maya Herman,Entreprise,États-Unis,Seattle,Washington,USCA - Ouest,FUR-TA-10003008,Mobilier,Tables,"Lesro Round Back Collection Coffee Table, End Table",730.2,4,0,94.93
9641,US-2015-104563,3/7/2015,3/12/2015,Tarif normal,CM-12715,Craig Molinari,Entreprise,États-Unis,Seattle,Washington,USCA - Ouest,OFF-AR-10000390,Fournitures de bureau,Art,Newell Chalk Holder,20.65,5,0,9.5
9642,US-2015-104563,3/7/2015,3/12/2015,Tarif normal,CM-12715,Craig Molinari,Entreprise,États-Unis,Seattle,Washington,USCA - Ouest,OFF-ST-10000934,Fournitures de bureau,Stockage,"Contico 72""H Heavy-Duty Storage System",204.9,5,0,0
9643,US-2015-104563,3/7/2015,3/12/2015,Tarif normal,CM-12715,Craig Molinari,Entreprise,États-Unis,Seattle,Washington,USCA - Ouest,FUR-CH-10002780,Mobilier,Chaises,Office Star - Task Chair with Contemporary Loop Arms,436.7,6,0.2,21.84
9644,US-2015-104563,3/7/2015,3/12/2015,Tarif normal,CM-12715,Craig Molinari,Entreprise,États-Unis,Seattle,Washington,USCA - Ouest,FUR-CH-10004495,Mobilier,Chaises,"Global Leather and Oak Executive Chair, Black",481.57,2,0.2,54.18
9648,US-2015-150518,11/19/2015,11/24/2015,Tarif normal,MW-18220,Mitch Webber,Grand public,États-Unis,Coon Rapids,Minnesota,USCA - Centre,OFF-ST-10000877,Fournitures de bureau,Stockage,Recycled Steel Personal File for Standard File Folders,221.16,4,0,57.5
9649,US-2015-150518,11/19/2015,11/24/2015,Tarif normal,MW-18220,Mitch Webber,Grand public,États-Unis,Coon Rapids,Minnesota,USCA - Centre,TEC-PH-10002103,Produits technologiques,Téléphones,Jabra SPEAK 410,281.97,3,0,78.95
9656,US-2015-156160,9/22/2015,9/29/2015,Tarif normal,AS-10090,Adam Shillingsburg,Grand public,États-Unis,New York City,New York,USCA - Est,FUR-FU-10001876,Mobilier,Meubles,"Computer Room Manger, 14""",97.44,3,0,35.08
9657,US-2015-156160,9/22/2015,9/29/2015,Tarif normal,AS-10090,Adam Shillingsburg,Grand public,États-Unis,New York City,New York,USCA - Est,OFF-BI-10003355,Fournitures de bureau,Classeurs,Cardinal Holdit Business Card Pockets,3.98,1,0.2,1.39
9658,US-2015-156160,9/22/2015,9/29/2015,Tarif normal,AS-10090,Adam Shillingsburg,Grand public,États-Unis,New York City,New York,USCA - Est,OFF-AR-10003876,Fournitures de bureau,Art,"Avery Hi-Liter GlideStik Fluorescent Highlighter, Yellow Ink",13.04,4,0,5.74
9659,US-2015-156160,9/22/2015,9/29/2015,Tarif normal,AS-10090,Adam Shillingsburg,Grand public,États-Unis,New York City,New York,USCA - Est,FUR-CH-10004983,Mobilier,Chaises,Office Star - Mid Back Dual function Ergonomic High Back Chair with 2-Way Adjustable Arms,579.53,4,0.1,83.71
9660,US-2015-100860,3/26/2015,3/30/2015,J+2,CS-12505,Cindy Stewart,Grand public,États-Unis,Pomona,Californie,USCA - Ouest,OFF-LA-10001982,Fournitures de bureau,Étiquettes,Smead Alpha-Z Color-Coded Name Labels First Letter Starter Set,18.75,5,0,9
9675,US-2015-164644,7/22/2015,7/24/2015,J+2,JL-15850,John Lucas,Grand public,États-Unis,Houston,Texas,USCA - Centre,OFF-ST-10003123,Fournitures de bureau,Stockage,Fellowes Bases and Tops For Staxonsteel/High-Stak Systems,26.63,1,0.2,1.33
9677,US-2015-120175,11/28/2015,12/3/2015,Tarif normal,MC-17635,Matthew Clasen,Entreprise,États-Unis,Richmond,Indiana,USCA - Centre,OFF-EN-10003862,Fournitures de bureau,Enveloppes,Laser & Ink Jet Business Envelopes,64.02,6,0,29.45
9697,US-2015-144281,6/10/2015,6/15/2015,J+2,HK-14890,Heather Kirkland,Entreprise,États-Unis,Detroit,Michigan,USCA - Centre,OFF-LA-10003930,Fournitures de bureau,Étiquettes,"Dot Matrix Printer Tape Reel Labels, White, 5000/Box",491.55,5,0,240.86
9711,US-2015-114251,11/5/2015,11/10/2015,Tarif normal,MD-17350,Maribeth Dona,Grand public,États-Unis,Philadelphia,Pennsylvanie,USCA - Est,FUR-FU-10001468,Mobilier,Meubles,Tenex Antistatic Computer Chair Mats,273.57,2,0.2,-34.2
9712,US-2015-114251,11/5/2015,11/10/2015,Tarif normal,MD-17350,Maribeth Dona,Grand public,États-Unis,Philadelphia,Pennsylvanie,USCA - Est,OFF-BI-10003684,Fournitures de bureau,Classeurs,Wilson Jones Legal Size Ring Binders,13.19,2,0.7,-8.8
9713,US-2015-114251,11/5/2015,11/10/2015,Tarif normal,MD-17350,Maribeth Dona,Grand public,États-Unis,Philadelphia,Pennsylvanie,USCA - Est,OFF-ST-10003716,Fournitures de bureau,Stockage,Tennsco Double-Tier Lockers,1080.1,6,0.2,-94.51
9714,US-2015-114251,11/5/2015,11/10/2015,Tarif normal,MD-17350,Maribeth Dona,Grand public,États-Unis,Philadelphia,Pennsylvanie,USCA - Est,TEC-AC-10001101,Produits technologiques,Accessoires,Sony 16GB Class 10 Micro SDHC R40 Memory Card,51.56,5,0.2,-6.45
9715,US-2015-114251,11/5/2015,11/10/2015,Tarif normal,MD-17350,Maribeth Dona,Grand public,États-Unis,Philadelphia,Pennsylvanie,USCA - Est,TEC-AC-10004864,Produits technologiques,Accessoires,Memorex Micro Travel Drive 32 GB,58.42,2,0.2,16.79
9724,US-2015-101364,12/22/2015,12/26/2015,Tarif normal,TW-21025,Tamara Willingham,Bureau à domicile,États-Unis,New York City,New York,USCA - Est,OFF-BI-10003984,Fournitures de bureau,Classeurs,Lock-Up Easel 'Spel-Binder',296.71,13,0.2,100.14
9730,US-2015-111962,9/29/2015,10/4/2015,Tarif normal,EB-14170,Evan Bailliet,Grand public,États-Unis,Seattle,Washington,USCA - Ouest,OFF-BI-10001308,Fournitures de bureau,Classeurs,GBC Standard Plastic Binding Systems' Combs,10.05,2,0.2,3.14
9731,US-2015-111962,9/29/2015,10/4/2015,Tarif normal,EB-14170,Evan Bailliet,Grand public,États-Unis,Seattle,Washington,USCA - Ouest,OFF-ST-10000046,Fournitures de bureau,Stockage,Fellowes Super Stor/Drawer Files,807.75,5,0,153.47
9733,US-2015-114321,8/20/2015,8/25/2015,Tarif normal,NC-18535,Nick Crebassa,Entreprise,États-Unis,Hampton,Virginie,USCA - Sud,FUR-CH-10001797,Mobilier,Chaises,"Safco Chair Connectors, 6/Carton",500.24,13,0,145.07
9734,US-2015-114321,8/20/2015,8/25/2015,Tarif normal,NC-18535,Nick Crebassa,Entreprise,États-Unis,Hampton,Virginie,USCA - Sud,OFF-PA-10000246,Fournitures de bureau,Papier,Riverleaf Stik-Withit Designer Note Cubes,20.12,2,0,9.26
9735,US-2015-114321,8/20/2015,8/25/2015,Tarif normal,NC-18535,Nick Crebassa,Entreprise,États-Unis,Hampton,Virginie,USCA - Sud,OFF-BI-10001359,Fournitures de bureau,Classeurs,GBC DocuBind TL300 Electric Binding System,896.99,1,0,421.59
9736,US-2015-128062,11/19/2015,11/22/2015,J+2,AD-10180,Alan Dominguez,Bureau à domicile,États-Unis,Philadelphia,Pennsylvanie,USCA - Est,OFF-PA-10001583,Fournitures de bureau,Papier,"1/4 Fold Party Design Invitations & White Envelopes, 24 8-1/2"" X 11"" Cards, 25 Env./Pack",5.88,1,0.2,1.98
9748,US-2015-140914,11/11/2015,11/15/2015,Tarif normal,BH-11710,Brosina Hoffman,Grand public,États-Unis,Chicago,Illinois,USCA - Centre,FUR-FU-10000175,Mobilier,Meubles,DAX Wood Document Frame.,10.98,2,0.6,-7.96
9749,US-2015-140914,11/11/2015,11/15/2015,Tarif normal,BH-11710,Brosina Hoffman,Grand public,États-Unis,Chicago,Illinois,USCA - Centre,FUR-CH-10003379,Mobilier,Chaises,Global Commerce Series High-Back Swivel/Tilt Chairs,797.94,4,0.3,-57
9762,US-2015-121762,2/14/2015,2/18/2015,Tarif normal,ML-17395,Marina Lichtenstein,Entreprise,États-Unis,Seattle,Washington,USCA - Ouest,TEC-AC-10000736,Produits technologiques,Accessoires,Logitech G600 MMO Gaming Mouse,239.97,3,0,86.39
9763,US-2015-121762,2/14/2015,2/18/2015,Tarif normal,ML-17395,Marina Lichtenstein,Entreprise,États-Unis,Seattle,Washington,USCA - Ouest,OFF-AP-10001293,Fournitures de bureau,Électroménager,Belkin 8 Outlet Surge Protector,81.96,2,0,22.95
9764,US-2015-121762,2/14/2015,2/18/2015,Tarif normal,ML-17395,Marina Lichtenstein,Entreprise,États-Unis,Seattle,Washington,USCA - Ouest,OFF-SU-10000157,Fournitures de bureau,Fournitures,Compact Automatic Electric Letter Opener,238.62,2,0,4.77
9765,US-2015-123855,6/18/2015,6/23/2015,Tarif normal,MC-18100,Mick Crebagga,Grand public,États-Unis,Los Angeles,Californie,USCA - Ouest,TEC-PH-10000215,Produits technologiques,Téléphones,Plantronics Cordless Phone Headset with In-line Volume - M214C,139.8,5,0.2,12.23
9775,US-2015-169019,7/26/2015,7/30/2015,Tarif normal,LF-17185,Luke Foster,Grand public,États-Unis,San Antonio,Texas,USCA - Centre,OFF-BI-10004995,Fournitures de bureau,Classeurs,GBC DocuBind P400 Electric Binding System,2177.58,8,0.8,-3701.89
9776,US-2015-169019,7/26/2015,7/30/2015,Tarif normal,LF-17185,Luke Foster,Grand public,États-Unis,San Antonio,Texas,USCA - Centre,FUR-FU-10004666,Mobilier,Meubles,DAX Clear Channel Poster Frame,17.5,3,0.6,-10.06
9777,US-2015-169019,7/26/2015,7/30/2015,Tarif normal,LF-17185,Luke Foster,Grand public,États-Unis,San Antonio,Texas,USCA - Centre,OFF-BI-10001524,Fournitures de bureau,Classeurs,GBC Premium Transparent Covers with Diagonal Lined Pattern,16.78,4,0.8,-26.85
9778,US-2015-169019,7/26/2015,7/30/2015,Tarif normal,LF-17185,Luke Foster,Grand public,États-Unis,San Antonio,Texas,USCA - Centre,TEC-AC-10002076,Produits technologiques,Accessoires,Microsoft Natural Keyboard Elite,431.14,9,0.2,-26.95
9779,US-2015-169019,7/26/2015,7/30/2015,Tarif normal,LF-17185,Luke Foster,Grand public,États-Unis,San Antonio,Texas,USCA - Centre,OFF-BI-10001679,Fournitures de bureau,Classeurs,GBC Instant Index System for Binding Systems,8.88,5,0.8,-13.32
9780,US-2015-169019,7/26/2015,7/30/2015,Tarif normal,LF-17185,Luke Foster,Grand public,États-Unis,San Antonio,Texas,USCA - Centre,OFF-AP-10003281,Fournitures de bureau,Électroménager,Acco 6 Outlet Guardian Standard Surge Suppressor,4.84,2,0.8,-12.09
9787,US-2015-114377,11/5/2015,11/5/2015,Le même jour,BG-11035,Barry Gonzalez,Grand public,États-Unis,Hampton,Virginie,USCA - Sud,FUR-CH-10004754,Mobilier,Chaises,"Global Stack Chair with Arms, Black",149.9,5,0,40.47
9792,US-2015-127166,5/21/2015,5/23/2015,J+2,KH-16360,Katherine Hughes,Grand public,États-Unis,Houston,Texas,USCA - Centre,OFF-EN-10003134,Fournitures de bureau,Enveloppes,Staple envelope,56.06,6,0.2,21.02
9793,US-2015-127166,5/21/2015,5/23/2015,J+2,KH-16360,Katherine Hughes,Grand public,États-Unis,Houston,Texas,USCA - Centre,FUR-CH-10003396,Mobilier,Chaises,Global Deluxe Steno Chair,107.77,2,0.3,-29.25
9794,US-2015-127166,5/21/2015,5/23/2015,J+2,KH-16360,Katherine Hughes,Grand public,États-Unis,Houston,Texas,USCA - Centre,OFF-PA-10001560,Fournitures de bureau,Papier,"Adams Telephone Message Books, 5 1/4” x 11”",4.83,1,0.2,1.63
9795,US-2015-127166,5/21/2015,5/23/2015,J+2,KH-16360,Katherine Hughes,Grand public,États-Unis,Houston,Texas,USCA - Centre,OFF-BI-10000977,Fournitures de bureau,Classeurs,Ibico Plastic Spiral Binding Combs,18.24,3,0.8,-31.01
9810,US-2015-139640,11/7/2015,11/11/2015,J+2,TB-21595,Troy Blackwell,Grand public,États-Unis,Portland,Oregon,USCA - Ouest,OFF-PA-10000304,Fournitures de bureau,Papier,Xerox 1995,25.92,5,0.2,9.07
9811,US-2015-139640,11/7/2015,11/11/2015,J+2,TB-21595,Troy Blackwell,Grand public,États-Unis,Portland,Oregon,USCA - Ouest,OFF-AR-10002240,Fournitures de bureau,Art,Panasonic KP-150 Electric Pencil Sharpener,120.77,4,0.2,9.06
9823,US-2015-164406,8/15/2015,8/19/2015,Tarif normal,BD-11605,Brian Dahlen,Grand public,États-Unis,San Francisco,Californie,USCA - Ouest,OFF-AP-10003287,Fournitures de bureau,Électroménager,Tripp Lite TLP810NET Broadband Surge for Modem/Fax,152.91,3,0,42.81
9824,US-2015-164406,8/15/2015,8/19/2015,Tarif normal,BD-11605,Brian Dahlen,Grand public,États-Unis,San Francisco,Californie,USCA - Ouest,OFF-PA-10000167,Fournitures de bureau,Papier,Xerox 1925,92.94,3,0,41.82
9825,US-2015-164406,8/15/2015,8/19/2015,Tarif normal,BD-11605,Brian Dahlen,Grand public,États-Unis,San Francisco,Californie,USCA - Ouest,OFF-BI-10002309,Fournitures de bureau,Classeurs,Avery Heavy-Duty EZD  Binder With Locking Rings,17.86,4,0.2,6.25
9826,US-2015-164406,8/15/2015,8/19/2015,Tarif normal,BD-11605,Brian Dahlen,Grand public,États-Unis,San Francisco,Californie,USCA - Ouest,OFF-BI-10003638,Fournitures de bureau,Classeurs,GBC Durable Plastic Covers,46.44,3,0.2,15.09
9827,US-2015-164406,8/15/2015,8/19/2015,Tarif normal,BD-11605,Brian Dahlen,Grand public,États-Unis,San Francisco,Californie,USCA - Ouest,FUR-CH-10003833,Mobilier,Chaises,Novimex Fabric Task Chair,195.14,4,0.2,-12.2
9831,US-2015-113257,12/16/2015,12/18/2015,J+2,SC-20305,Sean Christensen,Grand public,États-Unis,Beaumont,Texas,USCA - Centre,TEC-AC-10004171,Produits technologiques,Accessoires,Razer Kraken 7.1 Surround Sound Over Ear USB Gaming Headset,319.97,4,0.2,95.99
9832,US-2015-113257,12/16/2015,12/18/2015,J+2,SC-20305,Sean Christensen,Grand public,États-Unis,Beaumont,Texas,USCA - Centre,FUR-FU-10001706,Mobilier,Meubles,Longer-Life Soft White Bulbs,8.62,7,0.6,-2.59
9833,US-2015-133963,5/18/2015,5/22/2015,J+2,GA-14515,George Ashbrook,Grand public,États-Unis,Dallas,Texas,USCA - Centre,OFF-PA-10001526,Fournitures de bureau,Papier,Xerox 1949,3.98,1,0.2,1.44
9844,US-2015-163867,6/3/2015,6/6/2015,Prioritaire,RE-19450,Richard Eichhorn,Grand public,États-Unis,Decatur,Illinois,USCA - Centre,OFF-LA-10001771,Fournitures de bureau,Étiquettes,Avery 513,15.94,4,0.2,5.18
9845,US-2015-163867,6/3/2015,6/6/2015,Prioritaire,RE-19450,Richard Eichhorn,Grand public,États-Unis,Decatur,Illinois,USCA - Centre,FUR-FU-10001475,Mobilier,Meubles,"Contract Clock, 14"", Brown",61.54,7,0.6,-40
9846,US-2015-163867,6/3/2015,6/6/2015,Prioritaire,RE-19450,Richard Eichhorn,Grand public,États-Unis,Decatur,Illinois,USCA - Centre,OFF-ST-10000877,Fournitures de bureau,Stockage,Recycled Steel Personal File for Standard File Folders,132.7,3,0.2,9.95
9850,US-2015-142979,4/12/2015,4/18/2015,Tarif normal,EH-13765,Edward Hooks,Entreprise,États-Unis,Lodi,Californie,USCA - Ouest,OFF-AR-10002987,Fournitures de bureau,Art,Prismacolor Color Pencil Set,39.68,2,0,16.27
9857,US-2015-120950,11/6/2015,11/11/2015,Tarif normal,GA-14515,George Ashbrook,Grand public,États-Unis,Columbus,Géorgie,USCA - Sud,OFF-PA-10000587,Fournitures de bureau,Papier,"Array Parchment Paper, Assorted Colors",43.68,6,0,20.97
9869,US-2015-114195,11/1/2015,11/3/2015,Prioritaire,EA-14035,Erin Ashbrook,Entreprise,États-Unis,Mason,Ohio,USCA - Est,FUR-FU-10002253,Mobilier,Meubles,"Howard Miller 13"" Diameter Pewter Finish Round Wall Clock",68.7,2,0.2,16.32
9870,US-2015-114195,11/1/2015,11/3/2015,Prioritaire,EA-14035,Erin Ashbrook,Entreprise,États-Unis,Mason,Ohio,USCA - Est,OFF-BI-10000494,Fournitures de bureau,Classeurs,Acco Economy Flexible Poly Round Ring Binder,3.13,2,0.7,-2.61
9871,US-2015-114195,11/1/2015,11/3/2015,Prioritaire,EA-14035,Erin Ashbrook,Entreprise,États-Unis,Mason,Ohio,USCA - Est,OFF-BI-10001658,Fournitures de bureau,Classeurs,GBC Standard Therm-A-Bind Covers,22.43,3,0.7,-17.94
9882,US-2015-153927,8/12/2015,8/13/2015,Prioritaire,LL-16840,Lauren Leatherbury,Grand public,États-Unis,Woodstock,Géorgie,USCA - Sud,OFF-BI-10000138,Fournitures de bureau,Classeurs,Acco Translucent Poly Ring Binders,14.04,3,0,6.74
9883,US-2015-153927,8/12/2015,8/13/2015,Prioritaire,LL-16840,Lauren Leatherbury,Grand public,États-Unis,Woodstock,Géorgie,USCA - Sud,TEC-AC-10000023,Produits technologiques,Accessoires,"Maxell 74 Minute CD-R Spindle, 50/Pack",272.61,13,0,98.14
9884,US-2015-112291,4/3/2015,4/8/2015,Tarif normal,KE-16420,Katrina Edelman,Entreprise,États-Unis,Los Angeles,Californie,USCA - Ouest,OFF-EN-10001415,Fournitures de bureau,Enveloppes,Staple envelope,11.16,2,0,5.58
9885,US-2015-112291,4/3/2015,4/8/2015,Tarif normal,KE-16420,Katrina Edelman,Entreprise,États-Unis,Los Angeles,Californie,USCA - Ouest,TEC-AC-10001284,Produits technologiques,Accessoires,Enermax Briskie RF Wireless Keyboard and Mouse Combo,62.31,3,0,22.43
9886,US-2015-112291,4/3/2015,4/8/2015,Tarif normal,KE-16420,Katrina Edelman,Entreprise,États-Unis,Los Angeles,Californie,USCA - Ouest,TEC-AC-10000736,Produits technologiques,Accessoires,Logitech G600 MMO Gaming Mouse,159.98,2,0,57.59
9887,US-2015-146997,1/23/2015,1/27/2015,Tarif normal,SG-20605,Speros Goranitis,Grand public,États-Unis,Lafayette,Indiana,USCA - Centre,OFF-FA-10003467,Fournitures de bureau,Éléments de fixation,"Alliance Big Bands Rubber Bands, 12/Pack",5.94,3,0,0
9896,US-2015-115049,9/26/2015,10/1/2015,Tarif normal,MM-17920,Michael Moore,Grand public,États-Unis,Chicago,Illinois,USCA - Centre,TEC-AC-10004859,Produits technologiques,Accessoires,"Maxell Pro 80 Minute CD-R, 10/Pack",153.82,11,0.2,38.46
9897,US-2015-156342,6/17/2015,6/20/2015,J+2,JF-15415,Jennifer Ferguson,Grand public,États-Unis,Chicago,Illinois,USCA - Centre,OFF-PA-10001725,Fournitures de bureau,Papier,Xerox 1892,62.02,2,0.2,22.48
9900,US-2015-117380,3/28/2015,4/3/2015,Tarif normal,MP-18175,Mike Pelletier,Bureau à domicile,États-Unis,Springfield,Ohio,USCA - Est,FUR-TA-10000198,Mobilier,Tables,Chromcraft Bull-Nose Wood Oval Conference Tables & Bases,330.59,1,0.4,-143.25
9904,US-2015-122609,11/12/2015,11/18/2015,Tarif normal,DP-13000,Darren Powers,Grand public,États-Unis,Carrollton,Texas,USCA - Centre,FUR-FU-10004587,Mobilier,Meubles,"GE General Use Halogen Bulbs, 100 Watts, 1 Bulb per Pack",25.13,3,0.6,-6.91
9905,US-2015-122609,11/12/2015,11/18/2015,Tarif normal,DP-13000,Darren Powers,Grand public,États-Unis,Carrollton,Texas,USCA - Centre,TEC-AC-10002567,Produits technologiques,Accessoires,Logitech G602 Wireless Gaming Mouse,127.98,2,0.2,25.6
9912,US-2015-157231,4/5/2015,4/9/2015,Tarif normal,RP-19855,Roy Phan,Entreprise,États-Unis,Richmond,Kentucky,USCA - Sud,OFF-BI-10002852,Fournitures de bureau,Classeurs,Ibico Standard Transparent Covers,115.36,7,0,56.53
9922,US-2015-111360,11/24/2015,11/30/2015,Tarif normal,AT-10435,Alyssa Tate,Bureau à domicile,États-Unis,Akron,Ohio,USCA - Est,OFF-BI-10003350,Fournitures de bureau,Classeurs,Acco Expandable Hanging Binders,5.74,3,0.7,-4.59
9934,US-2015-166555,7/11/2015,7/14/2015,Prioritaire,JK-15205,Jamie Kunitz,Grand public,États-Unis,Niagara Falls,New York,USCA - Est,TEC-PH-10004912,Produits technologiques,Téléphones,Cisco SPA112 2 Port Phone Adapter,164.85,3,0,47.81
9943,US-2015-143371,12/28/2015,1/3/2016,Tarif normal,MD-17350,Maribeth Dona,Grand public,États-Unis,Anaheim,Californie,USCA - Ouest,OFF-ST-10001128,Fournitures de bureau,Stockage,"Carina Mini System Audio Rack, Model AR050B",998.82,9,0,29.96
9944,US-2015-143371,12/28/2015,1/3/2016,Tarif normal,MD-17350,Maribeth Dona,Grand public,États-Unis,Anaheim,Californie,USCA - Ouest,OFF-SU-10002537,Fournitures de bureau,Fournitures,Acme Box Cutter Scissors,51.15,5,0,13.3
9946,US-2015-111157,3/2/2015,3/6/2015,Tarif normal,NH-18610,Nicole Hansen,Entreprise,États-Unis,Philadelphia,Pennsylvanie,USCA - Est,OFF-PA-10000327,Fournitures de bureau,Papier,Xerox 1971,3.42,1,0.2,1.07
9947,US-2015-111157,3/2/2015,3/6/2015,Tarif normal,NH-18610,Nicole Hansen,Entreprise,États-Unis,Philadelphia,Pennsylvanie,USCA - Est,TEC-AC-10004353,Produits technologiques,Accessoires,Hypercom P1300 Pinpad,151.2,3,0.2,32.13
9957,US-2015-143287,11/11/2015,11/17/2015,Tarif normal,KN-16705,Kristina Nunn,Bureau à domicile,États-Unis,New Rochelle,New York,USCA - Est,OFF-PA-10001776,Fournitures de bureau,Papier,"Wirebound Message Books, Four 2 3/4"" x 5"" Forms per Page, 600 Sets per Book",46.35,5,0,21.78
9958,US-2015-143287,11/11/2015,11/17/2015,Tarif normal,KN-16705,Kristina Nunn,Bureau à domicile,États-Unis,New Rochelle,New York,USCA - Est,OFF-PA-10004039,Fournitures de bureau,Papier,Xerox 1882,223.92,4,0,109.72
9959,US-2015-143287,11/11/2015,11/17/2015,Tarif normal,KN-16705,Kristina Nunn,Bureau à domicile,États-Unis,New Rochelle,New York,USCA - Est,OFF-SU-10001574,Fournitures de bureau,Fournitures,Acme Value Line Scissors,7.3,2,0,2.19
9990,US-2015-110422,1/21/2015,1/23/2015,J+2,TB-21400,Tom Boeckenhauer,Grand public,États-Unis,Miami,Floride,USCA - Sud,FUR-FU-10001889,Mobilier,Meubles,Ultra Door Pull Handle,25.25,3,0.2,4.1
