ID ligne,ID commande,Date de commande,Date d'expédition,Mode d'expédition,ID client,Nom du client,Segment,Pays/région,Ville,État/Province,Région de vente,ID produit,Catégorie,Sous-catégorie,Nom du produit,Montant des ventes,Quantité,Remise,Profit
1,US-2017-152156,11/8/2017,11/11/2017,J+2,CG-12520,Claire Gute,Grand public,États-Unis,Henderson,Kentucky,USCA - Sud,FUR-BO-10001798,Mobilier,Bibliothèques,Bush Somerset Collection Bookcase,261.96,2,0,41.91
2,US-2017-152156,11/8/2017,11/11/2017,J+2,CG-12520,Claire Gute,Grand public,États-Unis,Henderson,Kentucky,USCA - Sud,FUR-CH-10000454,Mobilier,Chaises,"Hon Deluxe Fabric Upholstered Stacking Chairs, Rounded Back",731.94,3,0,219.58
3,US-2017-138688,6/12/2017,6/16/2017,J+2,DV-13045,Darrin Van Huff,Entreprise,États-Unis,Los Angeles,Californie,USCA - Ouest,OFF-LA-10000240,Fournitures de bureau,Étiquettes,Self-Adhesive Address Labels for Typewriters by Universal,14.62,2,0,6.87
14,US-2017-161389,12/5/2017,12/10/2017,Tarif normal,IM-15070,Irene Maddox,Grand public,États-Unis,Seattle,Washington,USCA - Ouest,OFF-BI-10003656,Fournitures de bureau,Classeurs,Fellowes PB200 Plastic Comb Binding Machine,407.98,3,0.2,132.59
22,US-2017-137330,12/9/2017,12/13/2017,Tarif normal,KB-16585,Ken Black,Entreprise,États-Unis,Fremont,Nebraska,USCA - Centre,OFF-AR-10000246,Fournitures de bureau,Art,Newell 318,19.46,7,0,5.06
23,US-2017-137330,12/9/2017,12/13/2017,Tarif normal,KB-16585,Ken Black,Entreprise,États-Unis,Fremont,Nebraska,USCA - Centre,OFF-AP-10001492,Fournitures de bureau,Électroménager,"Acco Six-Outlet Power Strip, 4' Cord Length",60.34,7,0,15.69
26,US-2017-121755,1/16/2017,1/20/2017,J+2,EH-13945,Eric Hoffmann,Grand public,États-Unis,Los Angeles,Californie,USCA - Ouest,OFF-BI-10001634,Fournitures de bureau,Classeurs,Wilson Jones Active Use Binders,11.65,2,0.2,4.22
27,US-2017-121755,1/16/2017,1/20/2017,J+2,EH-13945,Eric Hoffmann,Grand public,États-Unis,Los Angeles,Californie,USCA - Ouest,TEC-AC-10003027,Produits technologiques,Accessoires,Imation 8GB Mini TravelDrive USB 2.0 Flash Drive,90.57,3,0,11.77
36,US-2017-117590,12/8/2017,12/10/2017,Prioritaire,GH-14485,Gene Hale,Entreprise,États-Unis,Richardson,Texas,USCA - Centre,TEC-PH-10004977,Produits technologiques,Téléphones,GE 30524EE4,1097.54,7,0.2,123.47
37,US-2017-117590,12/8/2017,12/10/2017,Prioritaire,GH-14485,Gene Hale,Entreprise,États-Unis,Richardson,Texas,USCA - Centre,FUR-FU-10003664,Mobilier,Meubles,"Electrix Architect's Clamp-On Swing Arm Lamp, Black",190.92,5,0.6,-147.96
43,US-2017-101343,7/17/2017,7/22/2017,Tarif normal,RA-19885,Ruben Ausman,Entreprise,États-Unis,Los Angeles,Californie,USCA - Ouest,OFF-ST-10003479,Fournitures de bureau,Stockage,"Eldon Base for stackable storage shelf, platinum",77.88,2,0,3.89
45,US-2017-118255,3/11/2017,3/13/2017,Prioritaire,ON-18715,Odella Nelson,Entreprise,États-Unis,Eagan,Minnesota,USCA - Centre,TEC-AC-10000171,Produits technologiques,Accessoires,"Verbatim 25 GB 6x Blu-ray Single Layer Recordable Disc, 25/Pack",45.98,2,0,19.77
46,US-2017-118255,3/11/2017,3/13/2017,Prioritaire,ON-18715,Odella Nelson,Entreprise,États-Unis,Eagan,Minnesota,USCA - Centre,OFF-BI-10003291,Fournitures de bureau,Classeurs,Wilson Jones Leather-Like Binders with DublLock Round Rings,17.46,2,0,8.21
48,US-2017-169194,6/20/2017,6/25/2017,Tarif normal,LH-16900,Lena Hernandez,Grand public,États-Unis,Dover,Delaware,USCA - Est,TEC-AC-10002167,Produits technologiques,Accessoires,Imation 8gb Micro Traveldrive Usb 2.0 Flash Drive,45,3,0,4.95
49,US-2017-169194,6/20/2017,6/25/2017,Tarif normal,LH-16900,Lena Hernandez,Grand public,États-Unis,Dover,Delaware,USCA - Est,TEC-PH-10003988,Produits technologiques,Téléphones,"LF Elite 3D Dazzle Designer Hard Case Cover, Lf Stylus Pen and Wiper For Apple Iphone 5c Mini Lite",21.8,2,0,6.1
54,US-2017-105816,12/11/2017,12/17/2017,Tarif normal,JM-15265,Janet Molinari,Entreprise,États-Unis,New York City,New York,USCA - Est,OFF-FA-10000304,Fournitures de bureau,Éléments de fixation,Advantus Push Pins,15.26,7,0,6.26
55,US-2017-105816,12/11/2017,12/17/2017,Tarif normal,JM-15265,Janet Molinari,Entreprise,États-Unis,New York City,New York,USCA - Est,TEC-PH-10002447,Produits technologiques,Téléphones,AT&T CL83451 4-Handset Telephone,1029.95,5,0,298.69
56,US-2017-111682,6/17/2017,6/18/2017,Prioritaire,TB-21055,Ted Butterfield,Grand public,États-Unis,Troy,New York,USCA - Est,OFF-ST-10000604,Fournitures de bureau,Stockage,Home/Office Personal File Carts,208.56,6,0,52.14
57,US-2017-111682,6/17/2017,6/18/2017,Prioritaire,TB-21055,Ted Butterfield,Grand public,États-Unis,Troy,New York,USCA - Est,OFF-PA-10001569,Fournitures de bureau,Papier,Xerox 232,32.4,5,0,15.55
58,US-2017-111682,6/17/2017,6/18/2017,Prioritaire,TB-21055,Ted Butterfield,Grand public,États-Unis,Troy,New York,USCA - Est,FUR-CH-10003968,Mobilier,Chaises,Novimex Turbo Task Chair,319.41,5,0.1,7.1
59,US-2017-111682,6/17/2017,6/18/2017,Prioritaire,TB-21055,Ted Butterfield,Grand public,États-Unis,Troy,New York,USCA - Est,OFF-PA-10000587,Fournitures de bureau,Papier,"Array Parchment Paper, Assorted Colors",14.56,2,0,6.99
60,US-2017-111682,6/17/2017,6/18/2017,Prioritaire,TB-21055,Ted Butterfield,Grand public,États-Unis,Troy,New York,USCA - Est,TEC-AC-10002167,Produits technologiques,Accessoires,Imation 8gb Micro Traveldrive Usb 2.0 Flash Drive,30,2,0,3.3
61,US-2017-111682,6/17/2017,6/18/2017,Prioritaire,TB-21055,Ted Butterfield,Grand public,États-Unis,Troy,New York,USCA - Est,OFF-BI-10001460,Fournitures de bureau,Classeurs,Plastic Binding Combs,48.48,4,0.2,16.36
62,US-2017-111682,6/17/2017,6/18/2017,Prioritaire,TB-21055,Ted Butterfield,Grand public,États-Unis,Troy,New York,USCA - Est,OFF-AR-10001868,Fournitures de bureau,Art,Prang Dustless Chalk Sticks,1.68,1,0,0.84
70,US-2017-119823,6/4/2017,6/6/2017,Prioritaire,KD-16270,Karen Daniels,Grand public,États-Unis,Springfield,Virginie,USCA - Sud,OFF-PA-10000482,Fournitures de bureau,Papier,"Snap-A-Way Black Print Carbonless Ruled Speed Letter, Triplicate",75.88,2,0,35.66
71,US-2017-106075,9/18/2017,9/23/2017,Tarif normal,HM-14980,Henry MacAllister,Grand public,États-Unis,New York City,New York,USCA - Est,OFF-BI-10004654,Fournitures de bureau,Classeurs,Avery Binding System Hidden Tab Executive Style Index Sets,4.62,1,0.2,1.73
80,US-2017-127208,6/12/2017,6/15/2017,Prioritaire,SC-20770,Stewart Carmichael,Entreprise,États-Unis,Decatur,Alabama,USCA - Sud,OFF-AP-10002118,Fournitures de bureau,Électroménager,"1.7 Cubic Foot Compact ""Cube"" Office Refrigerators",208.16,1,0,56.2
81,US-2017-127208,6/12/2017,6/15/2017,Prioritaire,SC-20770,Stewart Carmichael,Entreprise,États-Unis,Decatur,Alabama,USCA - Sud,OFF-BI-10002309,Fournitures de bureau,Classeurs,Avery Heavy-Duty EZD  Binder With Locking Rings,16.74,3,0,8.04
89,US-2017-159695,4/5/2017,4/10/2017,J+2,GM-14455,Gary Mitchum,Bureau à domicile,États-Unis,Houston,Texas,USCA - Centre,OFF-ST-10003442,Fournitures de bureau,Stockage,Eldon Portable Mobile Manager,158.37,7,0.2,13.86
90,US-2017-109806,9/17/2017,9/22/2017,Tarif normal,JS-15685,Jim Sink,Entreprise,États-Unis,Los Angeles,Californie,USCA - Ouest,OFF-AR-10004930,Fournitures de bureau,Art,Turquoise Lead Holder with Pocket Clip,20.1,3,0,6.63
91,US-2017-109806,9/17/2017,9/22/2017,Tarif normal,JS-15685,Jim Sink,Entreprise,États-Unis,Los Angeles,Californie,USCA - Ouest,TEC-PH-10004093,Produits technologiques,Téléphones,Panasonic Kx-TS550,73.58,2,0.2,8.28
92,US-2017-109806,9/17/2017,9/22/2017,Tarif normal,JS-15685,Jim Sink,Entreprise,États-Unis,Los Angeles,Californie,USCA - Ouest,OFF-PA-10000304,Fournitures de bureau,Papier,Xerox 1995,6.48,1,0,3.11
99,US-2017-149223,9/6/2017,9/11/2017,Tarif normal,ER-13855,Elpida Rittenbach,Entreprise,États-Unis,Saint Paul,Minnesota,USCA - Centre,OFF-AP-10000358,Fournitures de bureau,Électroménager,Fellowes Basic Home/Office Series Surge Protectors,77.88,6,0,22.59
100,US-2017-158568,8/29/2017,9/2/2017,Tarif normal,RB-19465,Rick Bensley,Bureau à domicile,États-Unis,Chicago,Illinois,USCA - Centre,OFF-PA-10003256,Fournitures de bureau,Papier,Avery Personal Creations Heavyweight Cards,64.62,7,0.2,22.62
101,US-2017-158568,8/29/2017,9/2/2017,Tarif normal,RB-19465,Rick Bensley,Bureau à domicile,États-Unis,Chicago,Illinois,USCA - Centre,TEC-AC-10001767,Produits technologiques,Accessoires,SanDisk Ultra 64 GB MicroSDHC Class 10 Memory Card,95.98,3,0.2,-10.8
102,US-2017-158568,8/29/2017,9/2/2017,Tarif normal,RB-19465,Rick Bensley,Bureau à domicile,États-Unis,Chicago,Illinois,USCA - Centre,OFF-BI-10002609,Fournitures de bureau,Classeurs,Avery Hidden Tab Dividers for Binding Systems,1.79,3,0.8,-3.04
103,US-2017-129903,12/1/2017,12/4/2017,J+2,GZ-14470,Gary Zandusky,Grand public,États-Unis,Rochester,Minnesota,USCA - Centre,OFF-PA-10004040,Fournitures de bureau,Papier,Universal Premium White Copier/Laser Paper (20Lb. and 87 Bright),23.92,4,0,11.72
112,US-2017-128867,11/3/2017,11/10/2017,Tarif normal,CL-12565,Clay Ludtke,Grand public,États-Unis,Urbandale,Iowa,USCA - Centre,OFF-AR-10000380,Fournitures de bureau,Art,"Hunt PowerHouse Electric Pencil Sharpener, Blue",75.96,2,0,22.79
113,US-2017-128867,11/3/2017,11/10/2017,Tarif normal,CL-12565,Clay Ludtke,Grand public,États-Unis,Urbandale,Iowa,USCA - Centre,OFF-BI-10003981,Fournitures de bureau,Classeurs,"Avery Durable Plastic 1"" Binders",27.24,6,0,13.35
120,US-2017-103730,6/12/2017,6/15/2017,Prioritaire,SC-20725,Steven Cartwright,Grand public,États-Unis,Wilmington,Delaware,USCA - Est,FUR-FU-10002157,Mobilier,Meubles,Artistic Insta-Plaque,47.04,3,0,18.35
121,US-2017-103730,6/12/2017,6/15/2017,Prioritaire,SC-20725,Steven Cartwright,Grand public,États-Unis,Wilmington,Delaware,USCA - Est,OFF-BI-10003910,Fournitures de bureau,Classeurs,DXL Angle-View Binders with Locking Rings by Samsill,30.84,4,0,13.88
122,US-2017-103730,6/12/2017,6/15/2017,Prioritaire,SC-20725,Steven Cartwright,Grand public,États-Unis,Wilmington,Delaware,USCA - Est,OFF-ST-10000777,Fournitures de bureau,Stockage,"Companion Letter/Legal File, Black",226.56,6,0,63.44
123,US-2017-103730,6/12/2017,6/15/2017,Prioritaire,SC-20725,Steven Cartwright,Grand public,États-Unis,Wilmington,Delaware,USCA - Est,OFF-EN-10002500,Fournitures de bureau,Enveloppes,Globe Weis Peel & Seel First Class Envelopes,115.02,9,0,51.76
124,US-2017-103730,6/12/2017,6/15/2017,Prioritaire,SC-20725,Steven Cartwright,Grand public,États-Unis,Wilmington,Delaware,USCA - Est,TEC-PH-10003875,Produits technologiques,Téléphones,KLD Oscar II Style Snap-on Ultra Thin Side Flip Synthetic Leather Cover Case for HTC One HTC M7,68.04,7,0,19.73
129,US-2017-125969,11/6/2017,11/10/2017,J+2,LS-16975,Lindsay Shagiari,Bureau à domicile,États-Unis,Los Angeles,Californie,USCA - Ouest,FUR-CH-10001146,Mobilier,Chaises,"Global Task Chair, Black",81.42,2,0.2,-9.16
130,US-2017-125969,11/6/2017,11/10/2017,J+2,LS-16975,Lindsay Shagiari,Bureau à domicile,États-Unis,Los Angeles,Californie,USCA - Ouest,FUR-FU-10003773,Mobilier,Meubles,Eldon Cleatmat Plus Chair Mats for High Pile Carpets,238.56,3,0,26.24
134,US-2017-145583,10/13/2017,10/19/2017,Tarif normal,LC-16885,Lena Creighton,Grand public,États-Unis,Roseville,Californie,USCA - Ouest,OFF-PA-10001804,Fournitures de bureau,Papier,Xerox 195,20.04,3,0,9.62
135,US-2017-145583,10/13/2017,10/19/2017,Tarif normal,LC-16885,Lena Creighton,Grand public,États-Unis,Roseville,Californie,USCA - Ouest,OFF-PA-10001736,Fournitures de bureau,Papier,Xerox 1880,35.44,1,0,16.66
136,US-2017-145583,10/13/2017,10/19/2017,Tarif normal,LC-16885,Lena Creighton,Grand public,États-Unis,Roseville,Californie,USCA - Ouest,OFF-AR-10001149,Fournitures de bureau,Art,"Sanford Colorific Colored Pencils, 12/Box",11.52,4,0,3.46
137,US-2017-145583,10/13/2017,10/19/2017,Tarif normal,LC-16885,Lena Creighton,Grand public,États-Unis,Roseville,Californie,USCA - Ouest,OFF-FA-10002988,Fournitures de bureau,Éléments de fixation,Ideal Clamps,4.02,2,0,1.97
138,US-2017-145583,10/13/2017,10/19/2017,Tarif normal,LC-16885,Lena Creighton,Grand public,États-Unis,Roseville,Californie,USCA - Ouest,OFF-BI-10004781,Fournitures de bureau,Classeurs,GBC Wire Binding Strips,76.18,3,0.2,26.66
139,US-2017-145583,10/13/2017,10/19/2017,Tarif normal,LC-16885,Lena Creighton,Grand public,États-Unis,Roseville,Californie,USCA - Ouest,OFF-SU-10001218,Fournitures de bureau,Fournitures,Fiskars Softgrip Scissors,65.88,6,0,18.45
140,US-2017-145583,10/13/2017,10/19/2017,Tarif normal,LC-16885,Lena Creighton,Grand public,États-Unis,Roseville,Californie,USCA - Ouest,FUR-FU-10001706,Mobilier,Meubles,Longer-Life Soft White Bulbs,43.12,14,0,20.7
141,US-2017-110366,9/5/2017,9/7/2017,J+2,JD-15895,Jonathan Doherty,Entreprise,États-Unis,Philadelphia,Pennsylvanie,USCA - Est,FUR-FU-10004848,Mobilier,Meubles,"Howard Miller 13-3/4"" Diameter Brushed Chrome Round Wall Clock",82.8,2,0.2,10.35
148,US-2017-114489,12/5/2017,12/9/2017,Tarif normal,JE-16165,Justin Ellison,Entreprise,États-Unis,Franklin,Wisconsin,USCA - Centre,TEC-PH-10000215,Produits technologiques,Téléphones,Plantronics Cordless Phone Headset with In-line Volume - M214C,384.45,11,0,103.8
149,US-2017-114489,12/5/2017,12/9/2017,Tarif normal,JE-16165,Justin Ellison,Entreprise,États-Unis,Franklin,Wisconsin,USCA - Centre,TEC-PH-10001448,Produits technologiques,Téléphones,Anker Astro 15000mAh USB Portable Charger,149.97,3,0,6
150,US-2017-114489,12/5/2017,12/9/2017,Tarif normal,JE-16165,Justin Ellison,Entreprise,États-Unis,Franklin,Wisconsin,USCA - Centre,FUR-CH-10000454,Mobilier,Chaises,"Hon Deluxe Fabric Upholstered Stacking Chairs, Rounded Back",1951.84,8,0,585.55
151,US-2017-114489,12/5/2017,12/9/2017,Tarif normal,JE-16165,Justin Ellison,Entreprise,États-Unis,Franklin,Wisconsin,USCA - Centre,OFF-BI-10002735,Fournitures de bureau,Classeurs,GBC Prestige Therm-A-Bind Covers,171.55,5,0,80.63
152,US-2017-158834,3/13/2017,3/16/2017,Prioritaire,TW-21025,Tamara Willingham,Bureau à domicile,États-Unis,Scottsdale,Arizona,USCA - Ouest,OFF-AP-10000326,Fournitures de bureau,Électroménager,Belkin 7 Outlet SurgeMaster Surge Protector with Phone Protection,157.92,5,0.2,17.77
153,US-2017-158834,3/13/2017,3/16/2017,Prioritaire,TW-21025,Tamara Willingham,Bureau à domicile,États-Unis,Scottsdale,Arizona,USCA - Ouest,TEC-PH-10001254,Produits technologiques,Téléphones,Jabra BIZ 2300 Duo QD Duo Corded Headset,203.18,2,0.2,15.24
159,US-2017-114104,11/20/2017,11/24/2017,Tarif normal,NP-18670,Nora Paige,Grand public,États-Unis,Edmond,Oklahoma,USCA - Centre,OFF-LA-10002475,Fournitures de bureau,Étiquettes,Avery 519,14.62,2,0,6.87
160,US-2017-114104,11/20/2017,11/24/2017,Tarif normal,NP-18670,Nora Paige,Grand public,États-Unis,Edmond,Oklahoma,USCA - Centre,TEC-PH-10004536,Produits technologiques,Téléphones,Avaya 5420 Digital phone,944.93,7,0,236.23
161,US-2017-162733,5/11/2017,5/12/2017,Prioritaire,TT-21070,Ted Trevino,Grand public,États-Unis,Los Angeles,Californie,USCA - Ouest,OFF-PA-10002751,Fournitures de bureau,Papier,Xerox 1920,5.98,1,0,2.69
163,US-2017-154508,11/16/2017,11/20/2017,Tarif normal,RD-19900,Ruben Dartt,Grand public,États-Unis,Carlsbad,Nouveau-Mexique,USCA - Ouest,OFF-EN-10001990,Fournitures de bureau,Enveloppes,Staple envelope,28.4,5,0,13.35
164,US-2017-113817,11/7/2017,11/11/2017,Tarif normal,MJ-17740,Max Jones,Grand public,États-Unis,Seattle,Washington,USCA - Ouest,OFF-BI-10004002,Fournitures de bureau,Classeurs,Wilson Jones International Size A4 Ring Binders,27.68,2,0.2,9.69
186,US-2017-105018,11/28/2017,12/2/2017,Tarif normal,SK-19990,Sally Knutson,Grand public,États-Unis,Fairfield,Connecticut,USCA - Est,OFF-BI-10001890,Fournitures de bureau,Classeurs,Avery Poly Binder Pockets,7.16,2,0,3.44
188,US-2017-157000,7/16/2017,7/22/2017,Tarif normal,AM-10360,Alice McCarthy,Entreprise,États-Unis,Grand Prairie,Texas,USCA - Centre,OFF-ST-10001328,Fournitures de bureau,Stockage,"Personal Filing Tote with Lid, Black/Gray",37.22,3,0.2,3.72
189,US-2017-157000,7/16/2017,7/22/2017,Tarif normal,AM-10360,Alice McCarthy,Entreprise,États-Unis,Grand Prairie,Texas,USCA - Centre,OFF-PA-10001950,Fournitures de bureau,Papier,Southworth 25% Cotton Antique Laid Paper & Envelopes,20.02,3,0.2,6.26
218,US-2017-130162,10/28/2017,11/1/2017,Tarif normal,JH-15910,Jonathan Howell,Grand public,États-Unis,Los Angeles,Californie,USCA - Ouest,OFF-ST-10001328,Fournitures de bureau,Stockage,"Personal Filing Tote with Lid, Black/Gray",93.06,6,0,26.06
219,US-2017-130162,10/28/2017,11/1/2017,Tarif normal,JH-15910,Jonathan Howell,Grand public,États-Unis,Los Angeles,Californie,USCA - Ouest,TEC-PH-10002563,Produits technologiques,Téléphones,Adtran 1202752G1,302.38,3,0.2,22.68
238,US-2017-157749,6/4/2017,6/9/2017,J+2,KL-16645,Ken Lonsdale,Grand public,États-Unis,Chicago,Illinois,USCA - Centre,OFF-PA-10003349,Fournitures de bureau,Papier,Xerox 1957,25.92,5,0.2,9.4
239,US-2017-157749,6/4/2017,6/9/2017,J+2,KL-16645,Ken Lonsdale,Grand public,États-Unis,Chicago,Illinois,USCA - Centre,FUR-FU-10000576,Mobilier,Meubles,Luxo Professional Fluorescent Magnifier Lamp with Clamp-Mount Base,419.68,5,0.6,-356.73
240,US-2017-157749,6/4/2017,6/9/2017,J+2,KL-16645,Ken Lonsdale,Grand public,États-Unis,Chicago,Illinois,USCA - Centre,FUR-FU-10004351,Mobilier,Meubles,Staple-based wall hangings,11.69,3,0.6,-4.68
241,US-2017-157749,6/4/2017,6/9/2017,J+2,KL-16645,Ken Lonsdale,Grand public,États-Unis,Chicago,Illinois,USCA - Centre,TEC-PH-10000011,Produits technologiques,Téléphones,PureGear Roll-On Screen Protector,31.98,2,0.2,11.19
242,US-2017-157749,6/4/2017,6/9/2017,J+2,KL-16645,Ken Lonsdale,Grand public,États-Unis,Chicago,Illinois,USCA - Centre,FUR-TA-10002607,Mobilier,Tables,KI Conference Tables,177.23,5,0.5,-120.51
243,US-2017-157749,6/4/2017,6/9/2017,J+2,KL-16645,Ken Lonsdale,Grand public,États-Unis,Chicago,Illinois,USCA - Centre,FUR-FU-10002505,Mobilier,Meubles,Eldon 100 Class Desk Accessories,4.04,3,0.6,-2.83
244,US-2017-157749,6/4/2017,6/9/2017,J+2,KL-16645,Ken Lonsdale,Grand public,États-Unis,Chicago,Illinois,USCA - Centre,OFF-AR-10004685,Fournitures de bureau,Art,"Binney & Smith Crayola Metallic Colored Pencils, 8-Color Set",7.41,2,0.2,1.2
250,US-2017-154739,12/10/2017,12/15/2017,J+2,LH-17155,Logan Haushalter,Grand public,États-Unis,San Francisco,Californie,USCA - Ouest,FUR-CH-10002965,Mobilier,Chaises,"Global Leather Highback Executive Chair with Pneumatic Height Adjustment, Black",321.57,2,0.2,28.14
251,US-2017-145625,9/11/2017,9/17/2017,Tarif normal,KC-16540,Kelly Collister,Grand public,États-Unis,San Diego,Californie,USCA - Ouest,OFF-PA-10004569,Fournitures de bureau,Papier,"Wirebound Message Books, Two 4 1/4"" x 5"" Forms per Page",7.61,1,0,3.58
252,US-2017-145625,9/11/2017,9/17/2017,Tarif normal,KC-16540,Kelly Collister,Grand public,États-Unis,San Diego,Californie,USCA - Ouest,TEC-AC-10003832,Produits technologiques,Accessoires,Logitech P710e Mobile Speakerphone,3347.37,13,0,636
253,US-2017-146941,12/10/2017,12/13/2017,Prioritaire,DL-13315,Delfina Latchford,Grand public,États-Unis,New York City,New York,USCA - Est,OFF-ST-10001228,Fournitures de bureau,Stockage,"Fellowes Personal Hanging Folder Files, Navy",80.58,6,0,22.56
254,US-2017-146941,12/10/2017,12/13/2017,Prioritaire,DL-13315,Delfina Latchford,Grand public,États-Unis,New York City,New York,USCA - Est,OFF-EN-10003296,Fournitures de bureau,Enveloppes,Tyvek Side-Opening Peel & Seel Expanding Envelopes,361.92,4,0,162.86
265,US-2017-125318,6/6/2017,6/13/2017,Tarif normal,RC-19825,Roy Collins,Grand public,États-Unis,Chicago,Illinois,USCA - Centre,TEC-PH-10001433,Produits technologiques,Téléphones,Cisco Small Business SPA 502G VoIP phone,328.22,4,0.2,28.72
268,US-2017-111010,1/22/2017,1/28/2017,Tarif normal,PG-18895,Paul Gonzalez,Grand public,États-Unis,Morristown,New Jersey,USCA - Est,OFF-FA-10003472,Fournitures de bureau,Éléments de fixation,Bagged Rubber Bands,7.56,6,0,0.3
287,US-2017-112697,12/18/2017,12/20/2017,J+2,AH-10195,Alan Haines,Entreprise,États-Unis,Tamarac,Floride,USCA - Sud,OFF-BI-10000778,Fournitures de bureau,Classeurs,GBC VeloBinder Electric Binding Machine,254.06,7,0.7,-169.37
288,US-2017-112697,12/18/2017,12/20/2017,J+2,AH-10195,Alan Haines,Entreprise,États-Unis,Tamarac,Floride,USCA - Sud,OFF-AP-10002684,Fournitures de bureau,Électroménager,"Acco 7-Outlet Masterpiece Power Center, Wihtout Fax/Phone Line Protection",194.53,2,0.2,24.32
289,US-2017-112697,12/18/2017,12/20/2017,J+2,AH-10195,Alan Haines,Entreprise,États-Unis,Tamarac,Floride,USCA - Sud,OFF-SU-10000646,Fournitures de bureau,Fournitures,Premier Automatic Letter Opener,961.48,5,0.2,-204.31
290,US-2017-110772,11/20/2017,11/24/2017,J+2,NZ-18565,Nick Zandusky,Bureau à domicile,États-Unis,Columbus,Ohio,USCA - Est,OFF-FA-10002983,Fournitures de bureau,Éléments de fixation,Advantus SlideClip Paper Clips,19.1,7,0.2,6.68
291,US-2017-110772,11/20/2017,11/24/2017,J+2,NZ-18565,Nick Zandusky,Bureau à domicile,États-Unis,Columbus,Ohio,USCA - Est,OFF-LA-10004689,Fournitures de bureau,Étiquettes,Avery 512,18.5,8,0.2,6.24
292,US-2017-110772,11/20/2017,11/24/2017,J+2,NZ-18565,Nick Zandusky,Bureau à domicile,États-Unis,Columbus,Ohio,USCA - Est,TEC-AC-10002001,Produits technologiques,Accessoires,Logitech Wireless Gaming Headset G930,255.98,2,0.2,54.4
293,US-2017-110772,11/20/2017,11/24/2017,J+2,NZ-18565,Nick Zandusky,Bureau à domicile,États-Unis,Columbus,Ohio,USCA - Est,FUR-BO-10004709,Mobilier,Bibliothèques,"Bush Westfield Collection Bookcases, Medium Cherry Finish",86.97,3,0.5,-48.7
299,US-2017-142545,10/28/2017,11/3/2017,Tarif normal,JD-15895,Jonathan Doherty,Entreprise,États-Unis,Belleville,New Jersey,USCA - Est,OFF-PA-10002105,Fournitures de bureau,Papier,Xerox 223,32.4,5,0,15.55
300,US-2017-142545,10/28/2017,11/3/2017,Tarif normal,JD-15895,Jonathan Doherty,Entreprise,États-Unis,Belleville,New Jersey,USCA - Est,OFF-ST-10002756,Fournitures de bureau,Stockage,"Tennsco Stur-D-Stor Boltless Shelving, 5 Shelves, 24"" Deep, Sand",1082.48,8,0,10.82
301,US-2017-142545,10/28/2017,11/3/2017,Tarif normal,JD-15895,Jonathan Doherty,Entreprise,États-Unis,Belleville,New Jersey,USCA - Est,OFF-PA-10004243,Fournitures de bureau,Papier,Xerox 1939,56.91,3,0,27.32
302,US-2017-142545,10/28/2017,11/3/2017,Tarif normal,JD-15895,Jonathan Doherty,Entreprise,États-Unis,Belleville,New Jersey,USCA - Est,FUR-FU-10001861,Mobilier,Meubles,"Floodlight Indoor Halogen Bulbs, 1 Bulb per Pack, 60 Watts",77.6,4,0,38.02
303,US-2017-142545,10/28/2017,11/3/2017,Tarif normal,JD-15895,Jonathan Doherty,Entreprise,États-Unis,Belleville,New Jersey,USCA - Est,OFF-BI-10002706,Fournitures de bureau,Classeurs,Avery Premier Heavy-Duty Binder with Round Locking Rings,14.28,1,0,6.57
310,US-2017-142902,9/12/2017,9/14/2017,J+2,BP-11185,Ben Peterman,Entreprise,États-Unis,Arvada,Colorado,USCA - Ouest,FUR-FU-10001918,Mobilier,Meubles,C-Line Cubicle Keepers Polyproplyene Holder With Velcro Backings,15.14,4,0.2,3.59
311,US-2017-142902,9/12/2017,9/14/2017,J+2,BP-11185,Ben Peterman,Entreprise,États-Unis,Arvada,Colorado,USCA - Ouest,FUR-CH-10004086,Mobilier,Chaises,Hon 4070 Series Pagoda Armless Upholstered Stacking Chairs,466.77,2,0.2,52.51
312,US-2017-142902,9/12/2017,9/14/2017,J+2,BP-11185,Ben Peterman,Entreprise,États-Unis,Arvada,Colorado,USCA - Ouest,FUR-FU-10001756,Mobilier,Meubles,"Eldon Expressions Desk Accessory, Wood Photo Frame, Mahogany",15.23,1,0.2,1.71
313,US-2017-142902,9/12/2017,9/14/2017,J+2,BP-11185,Ben Peterman,Entreprise,États-Unis,Arvada,Colorado,USCA - Ouest,OFF-LA-10000634,Fournitures de bureau,Étiquettes,Avery 509,6.26,3,0.2,2.04
324,US-2017-162138,4/23/2017,4/27/2017,Tarif normal,GK-14620,Grace Kelly,Entreprise,États-Unis,Hesperia,Californie,USCA - Ouest,OFF-BI-10004593,Fournitures de bureau,Classeurs,Ibico Laser Imprintable Binding System Covers,251.52,6,0.2,81.74
325,US-2017-162138,4/23/2017,4/27/2017,Tarif normal,GK-14620,Grace Kelly,Entreprise,États-Unis,Hesperia,Californie,USCA - Ouest,TEC-AC-10001908,Produits technologiques,Accessoires,Logitech Wireless Headset h800,99.99,1,0,35
327,US-2017-141544,5/22/2017,5/25/2017,Prioritaire,PO-18850,Patrick O'Brill,Grand public,États-Unis,Philadelphia,Pennsylvanie,USCA - Est,TEC-PH-10003645,Produits technologiques,Téléphones,Aastra 57i VoIP phone,290.9,3,0.4,-67.88
328,US-2017-141544,5/22/2017,5/25/2017,Prioritaire,PO-18850,Patrick O'Brill,Grand public,États-Unis,Philadelphia,Pennsylvanie,USCA - Est,OFF-ST-10000675,Fournitures de bureau,Stockage,"File Shuttle II and Handi-File, Black",54.22,2,0.2,3.39
329,US-2017-141544,5/22/2017,5/25/2017,Prioritaire,PO-18850,Patrick O'Brill,Grand public,États-Unis,Philadelphia,Pennsylvanie,USCA - Est,FUR-CH-10003312,Mobilier,Chaises,Hon 2090 “Pillow Soft” Series Mid Back Swivel/Tilt Chairs,786.74,4,0.3,-258.5
330,US-2017-141544,5/22/2017,5/25/2017,Prioritaire,PO-18850,Patrick O'Brill,Grand public,États-Unis,Philadelphia,Pennsylvanie,USCA - Est,OFF-LA-10001074,Fournitures de bureau,Étiquettes,Round Specialty Laser Printer Labels,100.24,10,0.2,33.83
331,US-2017-141544,5/22/2017,5/25/2017,Prioritaire,PO-18850,Patrick O'Brill,Grand public,États-Unis,Philadelphia,Pennsylvanie,USCA - Est,OFF-BI-10001524,Fournitures de bureau,Classeurs,GBC Premium Transparent Covers with Diagonal Lined Pattern,37.76,6,0.7,-27.69
332,US-2017-150147,4/25/2017,4/29/2017,J+2,JL-15850,John Lucas,Grand public,États-Unis,Philadelphia,Pennsylvanie,USCA - Est,TEC-PH-10004614,Produits technologiques,Téléphones,AT&T 841000 Phone,82.8,2,0.4,-20.7
333,US-2017-150147,4/25/2017,4/29/2017,J+2,JL-15850,John Lucas,Grand public,États-Unis,Philadelphia,Pennsylvanie,USCA - Est,OFF-BI-10001153,Fournitures de bureau,Classeurs,Ibico Recycled Grain-Textured Covers,20.72,2,0.7,-13.82
334,US-2017-150147,4/25/2017,4/29/2017,J+2,JL-15850,John Lucas,Grand public,États-Unis,Philadelphia,Pennsylvanie,USCA - Est,OFF-BI-10001982,Fournitures de bureau,Classeurs,Wilson Jones Custom Binder Spines & Labels,4.9,3,0.7,-3.43
350,US-2017-129714,9/1/2017,9/3/2017,Prioritaire,AB-10060,Adam Bellavance,Bureau à domicile,États-Unis,New York City,New York,USCA - Est,TEC-AC-10000290,Produits technologiques,Accessoires,Sabrent 4-Port USB 2.0 Hub,6.79,1,0,2.31
351,US-2017-129714,9/1/2017,9/3/2017,Prioritaire,AB-10060,Adam Bellavance,Bureau à domicile,États-Unis,New York City,New York,USCA - Est,OFF-PA-10001970,Fournitures de bureau,Papier,Xerox 1881,24.56,2,0,11.54
352,US-2017-129714,9/1/2017,9/3/2017,Prioritaire,AB-10060,Adam Bellavance,Bureau à domicile,États-Unis,New York City,New York,USCA - Est,OFF-BI-10002160,Fournitures de bureau,Classeurs,Acco Hanging Data Binders,3.05,1,0.2,1.07
353,US-2017-129714,9/1/2017,9/3/2017,Prioritaire,AB-10060,Adam Bellavance,Bureau à domicile,États-Unis,New York City,New York,USCA - Est,OFF-PA-10001970,Fournitures de bureau,Papier,Xerox 1881,49.12,4,0,23.09
354,US-2017-129714,9/1/2017,9/3/2017,Prioritaire,AB-10060,Adam Bellavance,Bureau à domicile,États-Unis,New York City,New York,USCA - Est,OFF-BI-10004995,Fournitures de bureau,Classeurs,GBC DocuBind P400 Electric Binding System,4355.17,4,0.2,1415.43
355,US-2017-138520,4/8/2017,4/13/2017,Tarif normal,JL-15505,Jeremy Lonsdale,Grand public,États-Unis,New York City,New York,USCA - Est,FUR-BO-10002268,Mobilier,Bibliothèques,Sauder Barrister Bookcases,388.7,6,0.2,-4.86
356,US-2017-138520,4/8/2017,4/13/2017,Tarif normal,JL-15505,Jeremy Lonsdale,Grand public,États-Unis,New York City,New York,USCA - Est,OFF-EN-10001137,Fournitures de bureau,Enveloppes,"#10 Gummed Flap White Envelopes, 100/Box",8.26,2,0,3.8
357,US-2017-138520,4/8/2017,4/13/2017,Tarif normal,JL-15505,Jeremy Lonsdale,Grand public,États-Unis,New York City,New York,USCA - Est,OFF-AR-10002399,Fournitures de bureau,Art,"Dixon Prang Watercolor Pencils, 10-Color Set with Brush",17.04,4,0,6.99
358,US-2017-138520,4/8/2017,4/13/2017,Tarif normal,JL-15505,Jeremy Lonsdale,Grand public,États-Unis,New York City,New York,USCA - Est,OFF-PA-10002713,Fournitures de bureau,Papier,"Adams Phone Message Book, 200 Message Capacity, 8 1/16” x 11”",34.4,5,0,15.82
359,US-2017-130001,4/23/2017,4/28/2017,Tarif normal,HK-14890,Heather Kirkland,Entreprise,États-Unis,Charlotte,Caroline du Nord,USCA - Sud,OFF-PA-10002666,Fournitures de bureau,Papier,Southworth 25% Cotton Linen-Finish Paper & Envelopes,36.24,5,0.2,11.33
367,US-2017-155516,10/21/2017,10/21/2017,Le même jour,MK-17905,Michael Kennedy,Entreprise,États-Unis,Manchester,Connecticut,USCA - Est,OFF-BI-10002412,Fournitures de bureau,Classeurs,Wilson Jones “Snap” Scratch Pad Binder Tool for Ring Binders,23.2,4,0,10.44
368,US-2017-155516,10/21/2017,10/21/2017,Le même jour,MK-17905,Michael Kennedy,Entreprise,États-Unis,Manchester,Connecticut,USCA - Est,OFF-SU-10001225,Fournitures de bureau,Fournitures,Staple remover,7.36,2,0,0.15
369,US-2017-155516,10/21/2017,10/21/2017,Le même jour,MK-17905,Michael Kennedy,Entreprise,États-Unis,Manchester,Connecticut,USCA - Est,OFF-ST-10002406,Fournitures de bureau,Stockage,Pizazz Global Quick File,104.79,7,0,29.34
370,US-2017-155516,10/21/2017,10/21/2017,Le même jour,MK-17905,Michael Kennedy,Entreprise,États-Unis,Manchester,Connecticut,USCA - Est,FUR-BO-10002545,Mobilier,Bibliothèques,"Atlantic Metals Mobile 3-Shelf Bookcases, Custom Colors",1043.92,4,0,271.42
377,US-2017-134656,9/28/2017,10/1/2017,Prioritaire,MM-18280,Muhammed MacIntyre,Entreprise,États-Unis,Quincy,Illinois,USCA - Centre,OFF-PA-10003039,Fournitures de bureau,Papier,Xerox 1960,99.14,4,0.2,30.98
382,US-2017-134775,10/28/2017,10/29/2017,Prioritaire,AS-10285,Alejandro Savely,Entreprise,États-Unis,San Francisco,Californie,USCA - Ouest,OFF-PA-10004734,Fournitures de bureau,Papier,Southworth Structures Collection,50.96,7,0,25.48
383,US-2017-134775,10/28/2017,10/29/2017,Prioritaire,AS-10285,Alejandro Savely,Entreprise,États-Unis,San Francisco,Californie,USCA - Ouest,OFF-BI-10002225,Fournitures de bureau,Classeurs,"Square Ring Data Binders, Rigid 75 Pt. Covers, 11"" x 14-7/8""",49.54,3,0.2,17.34
399,US-2017-108987,9/8/2017,9/10/2017,J+2,AG-10675,Anna Gayman,Grand public,États-Unis,Houston,Texas,USCA - Centre,OFF-ST-10001580,Fournitures de bureau,Stockage,Super Decoflex Portable Personal File,35.95,3,0.2,3.6
400,US-2017-108987,9/8/2017,9/10/2017,J+2,AG-10675,Anna Gayman,Grand public,États-Unis,Houston,Texas,USCA - Centre,FUR-BO-10004834,Mobilier,Bibliothèques,"Riverside Palais Royal Lawyers Bookcase, Royale Cherry Finish",2396.27,4,0.3,-317.15
401,US-2017-108987,9/8/2017,9/10/2017,J+2,AG-10675,Anna Gayman,Grand public,États-Unis,Houston,Texas,USCA - Centre,OFF-ST-10000934,Fournitures de bureau,Stockage,"Contico 72""H Heavy-Duty Storage System",131.14,4,0.2,-32.78
402,US-2017-108987,9/8/2017,9/10/2017,J+2,AG-10675,Anna Gayman,Grand public,États-Unis,Houston,Texas,USCA - Centre,TEC-AC-10000158,Produits technologiques,Accessoires,Sony 64GB Class 10 Micro SDHC R40 Memory Card,57.58,2,0.2,0.72
418,US-2017-148796,4/14/2017,4/18/2017,Tarif normal,PB-19150,Philip Brown,Grand public,États-Unis,Los Angeles,Californie,USCA - Ouest,FUR-CH-10004886,Mobilier,Chaises,Bevis Steel Folding Chairs,383.8,5,0.2,38.38
430,US-2017-123750,4/15/2017,4/21/2017,Tarif normal,RB-19795,Ross Baird,Bureau à domicile,États-Unis,Gastonia,Caroline du Nord,USCA - Sud,OFF-BI-10004584,Fournitures de bureau,Classeurs,GBC ProClick 150 Presentation Binding System,189.59,2,0.7,-145.35
431,US-2017-123750,4/15/2017,4/21/2017,Tarif normal,RB-19795,Ross Baird,Bureau à domicile,États-Unis,Gastonia,Caroline du Nord,USCA - Sud,TEC-AC-10004659,Produits technologiques,Accessoires,Imation Secure+ Hardware Encrypted USB 2.0 Flash Drive; 16GB,408.74,7,0.2,76.64
432,US-2017-123750,4/15/2017,4/21/2017,Tarif normal,RB-19795,Ross Baird,Bureau à domicile,États-Unis,Gastonia,Caroline du Nord,USCA - Sud,TEC-AC-10004659,Produits technologiques,Accessoires,Imation Secure+ Hardware Encrypted USB 2.0 Flash Drive; 16GB,291.96,5,0.2,54.74
433,US-2017-123750,4/15/2017,4/21/2017,Tarif normal,RB-19795,Ross Baird,Bureau à domicile,États-Unis,Gastonia,Caroline du Nord,USCA - Sud,OFF-ST-10000617,Fournitures de bureau,Stockage,Woodgrain Magazine Files by Perma,4.77,2,0.2,-0.77
434,US-2017-127369,6/6/2017,6/7/2017,Prioritaire,DB-13060,Dave Brooks,Grand public,États-Unis,Lowell,Massachusetts,USCA - Est,OFF-ST-10003306,Fournitures de bureau,Stockage,Letter Size Cart,714.3,5,0,207.15
437,US-2017-147375,6/12/2017,6/14/2017,J+2,PO-19180,Philisse Overcash,Bureau à domicile,États-Unis,Chicago,Illinois,USCA - Centre,TEC-MA-10002937,Produits technologiques,Machines,"Canon Color ImageCLASS MF8580Cdw Wireless Laser All-In-One Printer, Copier, Scanner",1007.98,3,0.3,43.2
438,US-2017-147375,6/12/2017,6/14/2017,J+2,PO-19180,Philisse Overcash,Bureau à domicile,États-Unis,Chicago,Illinois,USCA - Centre,OFF-PA-10001970,Fournitures de bureau,Papier,Xerox 1908,313.49,7,0.2,113.64
441,US-2017-115756,9/5/2017,9/7/2017,J+2,PK-19075,Pete Kriz,Grand public,États-Unis,Detroit,Michigan,USCA - Centre,FUR-FU-10000246,Mobilier,Meubles,Aluminum Document Frame,12.22,1,0,3.67
442,US-2017-115756,9/5/2017,9/7/2017,J+2,PK-19075,Pete Kriz,Grand public,États-Unis,Detroit,Michigan,USCA - Centre,OFF-ST-10000060,Fournitures de bureau,Stockage,Fellowes Bankers Box Staxonsteel Drawer File/Stacking System,194.94,3,0,23.39
443,US-2017-115756,9/5/2017,9/7/2017,J+2,PK-19075,Pete Kriz,Grand public,États-Unis,Detroit,Michigan,USCA - Centre,OFF-ST-10003058,Fournitures de bureau,Stockage,Eldon Mobile Mega Data Cart  Mega Stackable  Add-On Trays,70.95,3,0,20.58
444,US-2017-115756,9/5/2017,9/7/2017,J+2,PK-19075,Pete Kriz,Grand public,États-Unis,Detroit,Michigan,USCA - Centre,OFF-PA-10002222,Fournitures de bureau,Papier,"Xerox Color Copier Paper, 11"" x 17"", Ream",91.36,4,0,42.03
445,US-2017-115756,9/5/2017,9/7/2017,J+2,PK-19075,Pete Kriz,Grand public,États-Unis,Detroit,Michigan,USCA - Centre,FUR-CH-10002372,Mobilier,Chaises,Office Star - Ergonomically Designed Knee Chair,242.94,3,0,29.15
446,US-2017-115756,9/5/2017,9/7/2017,J+2,PK-19075,Pete Kriz,Grand public,États-Unis,Detroit,Michigan,USCA - Centre,OFF-LA-10001317,Fournitures de bureau,Étiquettes,Avery 520,22.05,7,0,10.58
448,US-2017-166674,4/1/2017,4/3/2017,J+2,RB-19360,Raymond Buch,Grand public,États-Unis,Auburn,New York,USCA - Est,OFF-AR-10000588,Fournitures de bureau,Art,Newell 345,59.52,3,0,15.48
449,US-2017-166674,4/1/2017,4/3/2017,J+2,RB-19360,Raymond Buch,Grand public,États-Unis,Auburn,New York,USCA - Est,OFF-ST-10001469,Fournitures de bureau,Stockage,Fellowes Bankers Box Recycled Super Stor/Drawer,161.94,3,0,9.72
450,US-2017-166674,4/1/2017,4/3/2017,J+2,RB-19360,Raymond Buch,Grand public,États-Unis,Auburn,New York,USCA - Est,OFF-AR-10001953,Fournitures de bureau,Art,Boston 1645 Deluxe Heavier-Duty Electric Pencil Sharpener,263.88,6,0,71.25
451,US-2017-166674,4/1/2017,4/3/2017,J+2,RB-19360,Raymond Buch,Grand public,États-Unis,Auburn,New York,USCA - Est,OFF-AR-10003156,Fournitures de bureau,Art,50 Colored Long Pencils,30.48,3,0,7.92
452,US-2017-166674,4/1/2017,4/3/2017,J+2,RB-19360,Raymond Buch,Grand public,États-Unis,Auburn,New York,USCA - Est,OFF-AR-10004974,Fournitures de bureau,Art,Newell 342,9.84,3,0,2.85
453,US-2017-166674,4/1/2017,4/3/2017,J+2,RB-19360,Raymond Buch,Grand public,États-Unis,Auburn,New York,USCA - Est,TEC-PH-10002365,Produits technologiques,Téléphones,Belkin Grip Candy Sheer Case / Cover for iPhone 5 and 5S,35.12,4,0,9.13
456,US-2017-100153,12/13/2017,12/17/2017,Tarif normal,KH-16630,Ken Heidel,Entreprise,États-Unis,Norman,Oklahoma,USCA - Centre,TEC-AC-10001772,Produits technologiques,Accessoires,Memorex Mini Travel Drive 16 GB USB 2.0 Flash Drive,63.88,4,0,24.91
458,US-2017-157945,9/26/2017,10/1/2017,Tarif normal,NF-18385,Natalie Fritzler,Grand public,États-Unis,Decatur,Illinois,USCA - Centre,FUR-CH-10002331,Mobilier,Chaises,Hon 4700 Series Mobuis Mid-Back Task Chairs with Adjustable Arms,747.56,3,0.3,-96.11
459,US-2017-157945,9/26/2017,10/1/2017,Tarif normal,NF-18385,Natalie Fritzler,Grand public,États-Unis,Decatur,Illinois,USCA - Centre,OFF-EN-10001415,Fournitures de bureau,Enveloppes,Staple envelope,8.93,2,0.2,3.35
463,US-2017-109869,4/22/2017,4/29/2017,Tarif normal,TN-21040,Tanja Norvell,Bureau à domicile,États-Unis,Phoenix,Arizona,USCA - Ouest,FUR-FU-10000023,Mobilier,Meubles,Eldon Wave Desk Accessories,23.56,5,0.2,7.07
464,US-2017-109869,4/22/2017,4/29/2017,Tarif normal,TN-21040,Tanja Norvell,Bureau à domicile,États-Unis,Phoenix,Arizona,USCA - Ouest,FUR-TA-10001889,Mobilier,Tables,Bush Advantage Collection Racetrack Conference Table,1272.63,6,0.5,-814.48
465,US-2017-109869,4/22/2017,4/29/2017,Tarif normal,TN-21040,Tanja Norvell,Bureau à domicile,États-Unis,Phoenix,Arizona,USCA - Ouest,OFF-BI-10000315,Fournitures de bureau,Classeurs,Poly Designer Cover & Back,28.49,5,0.7,-20.89
466,US-2017-109869,4/22/2017,4/29/2017,Tarif normal,TN-21040,Tanja Norvell,Bureau à domicile,États-Unis,Phoenix,Arizona,USCA - Ouest,OFF-SU-10003505,Fournitures de bureau,Fournitures,Premier Electric Letter Opener,185.38,2,0.2,-34.76
467,US-2017-109869,4/22/2017,4/29/2017,Tarif normal,TN-21040,Tanja Norvell,Bureau à domicile,États-Unis,Phoenix,Arizona,USCA - Ouest,OFF-AP-10002578,Fournitures de bureau,Électroménager,"Fellowes Premier Superior Surge Suppressor, 10-Outlet, With Phone and Remote",78.27,2,0.2,5.87
470,US-2017-100419,12/16/2017,12/20/2017,J+2,CC-12670,Craig Carreira,Grand public,États-Unis,Chicago,Illinois,USCA - Centre,OFF-BI-10002194,Fournitures de bureau,Classeurs,Cardinal Hold-It CD Pocket,4.79,3,0.8,-7.9
478,US-2017-103891,7/12/2017,7/19/2017,Tarif normal,KH-16690,Kristen Hastings,Entreprise,États-Unis,Los Angeles,Californie,USCA - Ouest,TEC-PH-10000149,Produits technologiques,Téléphones,Cisco SPA525G2 IP Phone - Wireless,95.76,6,0.2,7.18
479,US-2017-152632,10/27/2017,11/2/2017,Tarif normal,JE-15475,Jeremy Ellison,Grand public,États-Unis,Troy,New York,USCA - Est,FUR-FU-10002671,Mobilier,Meubles,Electrix 20W Halogen Replacement Bulb for Zoom-In Desk Lamp,40.2,3,0,19.3
480,US-2017-100790,6/26/2017,7/2/2017,Tarif normal,JG-15805,John Grady,Entreprise,États-Unis,New York City,New York,USCA - Est,OFF-AR-10003045,Fournitures de bureau,Art,Prang Colored Pencils,14.7,5,0,6.62
481,US-2017-100790,6/26/2017,7/2/2017,Tarif normal,JG-15805,John Grady,Entreprise,États-Unis,New York City,New York,USCA - Est,OFF-ST-10000689,Fournitures de bureau,Stockage,"Fellowes Strictly Business Drawer File, Letter/Legal Size",704.25,5,0,84.51
494,US-2017-169166,5/9/2017,5/14/2017,Tarif normal,SS-20590,Sonia Sunley,Grand public,États-Unis,Seattle,Washington,USCA - Ouest,TEC-AC-10000991,Produits technologiques,Accessoires,Sony Micro Vault Click 8 GB USB 2.0 Flash Drive,93.98,2,0,13.16
495,US-2017-120929,3/18/2017,3/21/2017,J+2,RO-19780,Rose O'Brian,Grand public,États-Unis,Memphis,Tennessee,USCA - Sud,FUR-TA-10001857,Mobilier,Tables,Balt Solid Wood Rectangular Table,189.88,3,0.4,-94.94
497,US-2017-126158,7/25/2017,7/28/2017,Tarif normal,SC-20095,Sanjit Chand,Grand public,États-Unis,Costa Mesa,Californie,USCA - Ouest,OFF-BI-10002498,Fournitures de bureau,Classeurs,Clear Mylar Reinforcing Strips,119.62,8,0.2,40.37
498,US-2017-126158,7/25/2017,7/28/2017,Tarif normal,SC-20095,Sanjit Chand,Grand public,États-Unis,Costa Mesa,Californie,USCA - Ouest,FUR-FU-10004864,Mobilier,Meubles,"Howard Miller 14-1/2"" Diameter Chrome Round Wall Clock",255.76,4,0,81.84
499,US-2017-126158,7/25/2017,7/28/2017,Tarif normal,SC-20095,Sanjit Chand,Grand public,États-Unis,Costa Mesa,Californie,USCA - Ouest,FUR-CH-10002602,Mobilier,Chaises,DMI Arturo Collection Mission-style Design Wood Chair,241.57,2,0.2,18.12
500,US-2017-126158,7/25/2017,7/28/2017,Tarif normal,SC-20095,Sanjit Chand,Grand public,États-Unis,Costa Mesa,Californie,USCA - Ouest,FUR-FU-10000073,Mobilier,Meubles,Deflect-O Glasstique Clear Desk Accessories,69.3,9,0,22.87
501,US-2017-105578,2/19/2017,2/22/2017,Tarif normal,MY-17380,Maribeth Yedwab,Entreprise,États-Unis,Parker,Colorado,USCA - Ouest,OFF-BI-10001670,Fournitures de bureau,Classeurs,Vinyl Sectional Post Binders,22.62,2,0.7,-15.08
502,US-2017-105578,2/19/2017,2/22/2017,Tarif normal,MY-17380,Maribeth Yedwab,Entreprise,États-Unis,Parker,Colorado,USCA - Ouest,OFF-BI-10001658,Fournitures de bureau,Classeurs,GBC Standard Therm-A-Bind Covers,14.95,2,0.7,-11.96
503,US-2017-105578,2/19/2017,2/22/2017,Tarif normal,MY-17380,Maribeth Yedwab,Entreprise,États-Unis,Parker,Colorado,USCA - Ouest,FUR-CH-10001215,Mobilier,Chaises,Global Troy Executive Leather Low-Back Tilter,801.57,2,0.2,50.1
504,US-2017-105578,2/19/2017,2/22/2017,Tarif normal,MY-17380,Maribeth Yedwab,Entreprise,États-Unis,Parker,Colorado,USCA - Ouest,OFF-BI-10000831,Fournitures de bureau,Classeurs,Storex Flexible Poly Binders with Double Pockets,2.38,3,0.7,-1.9
505,US-2017-105578,2/19/2017,2/22/2017,Tarif normal,MY-17380,Maribeth Yedwab,Entreprise,États-Unis,Parker,Colorado,USCA - Ouest,OFF-PA-10000357,Fournitures de bureau,Papier,"White Dual Perf Computer Printout Paper, 2700 Sheets, 1 Part, Heavyweight, 20 lbs., 14 7/8 x 11",32.79,1,0.2,11.89
513,US-2017-106341,10/20/2017,10/23/2017,Prioritaire,LF-17185,Luke Foster,Grand public,États-Unis,Newark,Ohio,USCA - Est,OFF-AR-10002053,Fournitures de bureau,Art,"Premium Writing Pencils, Soft, #2 by Central Association for the Blind",7.15,3,0.2,0.72
524,US-2017-139486,5/21/2017,5/23/2017,Prioritaire,LH-17155,Logan Haushalter,Grand public,États-Unis,Los Angeles,Californie,USCA - Ouest,TEC-PH-10003555,Produits technologiques,Téléphones,Motorola HK250 Universal Bluetooth Headset,55.18,3,0.2,-12.41
525,US-2017-139486,5/21/2017,5/23/2017,Prioritaire,LH-17155,Logan Haushalter,Grand public,États-Unis,Los Angeles,Californie,USCA - Ouest,TEC-AC-10003832,Produits technologiques,Accessoires,Imation 16GB Mini TravelDrive USB 2.0 Flash Drive,66.26,2,0,27.17
534,US-2017-168753,5/29/2017,6/1/2017,J+2,RL-19615,Rob Lucas,Grand public,États-Unis,Montgomery,Alabama,USCA - Sud,TEC-PH-10000984,Produits technologiques,Téléphones,Panasonic KX-TG9471B,979.95,5,0,274.39
535,US-2017-168753,5/29/2017,6/1/2017,J+2,RL-19615,Rob Lucas,Grand public,États-Unis,Montgomery,Alabama,USCA - Sud,OFF-BI-10002557,Fournitures de bureau,Classeurs,Presstex Flexible Ring Binders,22.75,5,0,11.38
536,US-2017-126613,7/10/2017,7/16/2017,Tarif normal,AA-10375,Allen Armold,Grand public,États-Unis,Mesa,Arizona,USCA - Ouest,OFF-ST-10001325,Fournitures de bureau,Stockage,Sterilite Officeware Hinged File Box,16.77,2,0.2,1.47
542,US-2017-136924,7/14/2017,7/17/2017,Prioritaire,ES-14080,Erin Smith,Entreprise,États-Unis,Tucson,Arizona,USCA - Ouest,TEC-PH-10002262,Produits technologiques,Téléphones,LG Electronics Tone+ HBS-730 Bluetooth Headset,380.86,8,0.2,38.09
552,US-2017-136406,4/15/2017,4/17/2017,J+2,BD-11320,Bill Donatelli,Grand public,États-Unis,San Francisco,Californie,USCA - Ouest,FUR-CH-10002024,Mobilier,Chaises,HON 5400 Series Task Chairs for Big and Tall,1121.57,2,0.2,0
557,US-2017-113243,6/10/2017,6/15/2017,Tarif normal,OT-18730,Olvera Toch,Grand public,États-Unis,Los Angeles,Californie,USCA - Ouest,OFF-LA-10001297,Fournitures de bureau,Étiquettes,Avery 473,20.7,2,0,9.94
558,US-2017-113243,6/10/2017,6/15/2017,Tarif normal,OT-18730,Olvera Toch,Grand public,États-Unis,Los Angeles,Californie,USCA - Ouest,FUR-TA-10004256,Mobilier,Tables,Bretford “Just In Time” Height-Adjustable Multi-Task Work Tables,1335.68,4,0.2,-217.05
559,US-2017-113243,6/10/2017,6/15/2017,Tarif normal,OT-18730,Olvera Toch,Grand public,États-Unis,Los Angeles,Californie,USCA - Ouest,OFF-PA-10003441,Fournitures de bureau,Papier,Xerox 226,32.4,5,0,15.55
575,US-2017-127250,11/3/2017,11/7/2017,Tarif normal,SF-20200,Sarah Foster,Grand public,États-Unis,Marysville,Washington,USCA - Ouest,OFF-AR-10003394,Fournitures de bureau,Art,Newell 332,8.82,3,0,2.38
589,US-2017-156986,3/20/2017,3/24/2017,Tarif normal,ZC-21910,Zuschuss Carroll,Grand public,États-Unis,Salem,Oregon,USCA - Ouest,TEC-PH-10003800,Produits technologiques,Téléphones,i.Sound Portable Power - 8000 mAh,84.78,2,0.2,-20.14
590,US-2017-156986,3/20/2017,3/24/2017,Tarif normal,ZC-21910,Zuschuss Carroll,Grand public,États-Unis,Salem,Oregon,USCA - Ouest,OFF-PA-10002005,Fournitures de bureau,Papier,Xerox 225,20.74,4,0.2,7.26
591,US-2017-156986,3/20/2017,3/24/2017,Tarif normal,ZC-21910,Zuschuss Carroll,Grand public,États-Unis,Salem,Oregon,USCA - Ouest,OFF-BI-10002498,Fournitures de bureau,Classeurs,Clear Mylar Reinforcing Strips,16.82,3,0.7,-12.9
592,US-2017-156986,3/20/2017,3/24/2017,Tarif normal,ZC-21910,Zuschuss Carroll,Grand public,États-Unis,Salem,Oregon,USCA - Ouest,OFF-PA-10004101,Fournitures de bureau,Papier,Xerox 1894,10.37,2,0.2,3.63
599,US-2017-120180,7/14/2017,7/16/2017,Prioritaire,TP-21130,Theone Pippenger,Grand public,États-Unis,Philadelphia,Pennsylvanie,USCA - Est,OFF-SU-10004115,Fournitures de bureau,Fournitures,Acme Stainless Steel Office Snips,11.63,2,0.2,1.02
600,US-2017-100720,7/16/2017,7/21/2017,Tarif normal,CK-12205,Chloris Kastensmidt,Grand public,États-Unis,Philadelphia,Pennsylvanie,USCA - Est,TEC-PH-10001425,Produits technologiques,Téléphones,Mophie Juice Pack Helium for iPhone,143.98,3,0.4,-28.8
601,US-2017-100720,7/16/2017,7/21/2017,Tarif normal,CK-12205,Chloris Kastensmidt,Grand public,États-Unis,Philadelphia,Pennsylvanie,USCA - Est,TEC-PH-10003963,Produits technologiques,Téléphones,GE 2-Jack Phone Line Splitter,494.38,4,0.4,-115.35
602,US-2017-100720,7/16/2017,7/21/2017,Tarif normal,CK-12205,Chloris Kastensmidt,Grand public,États-Unis,Philadelphia,Pennsylvanie,USCA - Est,OFF-SU-10001574,Fournitures de bureau,Fournitures,Acme Value Line Scissors,5.84,2,0.2,0.73
611,US-2017-161816,4/28/2017,5/1/2017,Prioritaire,NB-18655,Nona Balk,Entreprise,États-Unis,Dallas,Texas,USCA - Centre,TEC-PH-10003012,Produits technologiques,Téléphones,Nortel Meridian M3904 Professional Digital phone,369.58,3,0.2,41.58
612,US-2017-161816,4/28/2017,5/1/2017,Prioritaire,NB-18655,Nona Balk,Entreprise,États-Unis,Dallas,Texas,USCA - Centre,OFF-LA-10004345,Fournitures de bureau,Étiquettes,Avery 493,15.71,4,0.2,5.7
613,,9/11/2017,9/13/2017,J+2,GD-14590,Giulietta Dortch,Entreprise,États-Unis,Philadelphia,Pennsylvanie,USCA - Est,OFF-PA-10001204,Fournitures de bureau,Papier,Xerox 1972,8.45,2,0.2,2.64
614,US-2017-121223,9/11/2017,9/13/2017,J+2,GD-14590,Giulietta Dortch,Entreprise,États-Unis,Philadelphia,Pennsylvanie,USCA - Est,TEC-PH-10004667,Produits technologiques,Téléphones,Cisco 8x8 Inc. 6753i IP Business Phone System,728.95,9,0.4,-157.94
631,US-2017-135720,12/11/2017,12/13/2017,J+2,FM-14380,Fred McMath,Grand public,États-Unis,Aurora,Colorado,USCA - Ouest,OFF-ST-10001963,Fournitures de bureau,Stockage,Tennsco Regal Shelving Units,243.38,3,0.2,-51.72
632,US-2017-135720,12/11/2017,12/13/2017,J+2,FM-14380,Fred McMath,Grand public,États-Unis,Aurora,Colorado,USCA - Ouest,TEC-AC-10001267,Produits technologiques,Accessoires,Imation 32GB Pocket Pro USB 3.0 Flash Drive - 32 GB - Black - 1 P ...,119.8,5,0.2,29.95
633,US-2017-135720,12/11/2017,12/13/2017,J+2,FM-14380,Fred McMath,Grand public,États-Unis,Aurora,Colorado,USCA - Ouest,TEC-PH-10002103,Produits technologiques,Téléphones,Jabra SPEAK 410,300.77,4,0.2,30.08
637,US-2017-123470,8/15/2017,8/21/2017,Tarif normal,ME-17725,Max Engle,Grand public,États-Unis,Aurora,Colorado,USCA - Ouest,OFF-BI-10001989,Fournitures de bureau,Classeurs,Premium Transparent Presentation Covers by GBC,18.88,3,0.7,-13.85
638,US-2017-123470,8/15/2017,8/21/2017,Tarif normal,ME-17725,Max Engle,Grand public,États-Unis,Aurora,Colorado,USCA - Ouest,OFF-AP-10003287,Fournitures de bureau,Électroménager,Tripp Lite TLP810NET Broadband Surge for Modem/Fax,122.33,3,0.2,12.23
639,US-2017-115917,5/20/2017,5/25/2017,Tarif normal,RB-19465,Rick Bensley,Bureau à domicile,États-Unis,Vallejo,Californie,USCA - Ouest,FUR-FU-10000576,Mobilier,Meubles,Luxo Professional Fluorescent Magnifier Lamp with Clamp-Mount Base,1049.2,5,0,272.79
640,US-2017-115917,5/20/2017,5/25/2017,Tarif normal,RB-19465,Rick Bensley,Bureau à domicile,États-Unis,Vallejo,Californie,USCA - Ouest,OFF-BI-10004728,Fournitures de bureau,Classeurs,Wilson Jones Turn Tabs Binder Tool for Ring Binders,15.42,4,0.2,5.01
641,US-2017-147067,12/18/2017,12/22/2017,Tarif normal,JD-16150,Justin Deggeller,Entreprise,États-Unis,Minneapolis,Minnesota,USCA - Centre,FUR-FU-10000732,Mobilier,Meubles,Eldon 200 Class Desk Accessories,18.84,3,0,6.03
647,US-2017-103947,4/1/2017,4/8/2017,Tarif normal,BB-10990,Barry Blumstein,Entreprise,États-Unis,Sierra Vista,Arizona,USCA - Ouest,OFF-FA-10003112,Fournitures de bureau,Éléments de fixation,Staples,31.56,5,0.2,9.86
648,US-2017-103947,4/1/2017,4/8/2017,Tarif normal,BB-10990,Barry Blumstein,Entreprise,États-Unis,Sierra Vista,Arizona,USCA - Ouest,OFF-AP-10002350,Fournitures de bureau,Électroménager,Belkin F9H710-06 7 Outlet SurgeMaster Surge Protector,30.14,2,0.2,3.01
649,US-2017-160745,12/11/2017,12/16/2017,J+2,AR-10825,Anthony Rawles,Entreprise,États-Unis,Vancouver,Washington,USCA - Ouest,FUR-FU-10001935,Mobilier,Meubles,3M Hangers With Command Adhesive,14.8,4,0,6.07
650,US-2017-160745,12/11/2017,12/16/2017,J+2,AR-10825,Anthony Rawles,Entreprise,États-Unis,Vancouver,Washington,USCA - Ouest,TEC-PH-10003273,Produits technologiques,Téléphones,AT&T TR1909W,302.38,3,0.2,22.68
651,US-2017-160745,12/11/2017,12/16/2017,J+2,AR-10825,Anthony Rawles,Entreprise,États-Unis,Vancouver,Washington,USCA - Ouest,TEC-AC-10001142,Produits technologiques,Accessoires,First Data FD10 PIN Pad,316,4,0,31.6
652,US-2017-132661,10/23/2017,10/29/2017,Tarif normal,SR-20740,Steven Roelle,Bureau à domicile,États-Unis,New York City,New York,USCA - Est,OFF-PA-10000482,Fournitures de bureau,Papier,"Snap-A-Way Black Print Carbonless Ruled Speed Letter, Triplicate",379.4,10,0,178.32
655,US-2017-137239,8/22/2017,8/28/2017,Tarif normal,CR-12730,Craig Reiter,Grand public,États-Unis,Columbus,Ohio,USCA - Est,OFF-AP-10002439,Fournitures de bureau,Électroménager,Tripp Lite Isotel 8 Ultra 8 Outlet Metal Surge,113.55,2,0.2,8.52
656,US-2017-137239,8/22/2017,8/28/2017,Tarif normal,CR-12730,Craig Reiter,Grand public,États-Unis,Columbus,Ohio,USCA - Est,OFF-BI-10002827,Fournitures de bureau,Classeurs,Avery Durable Poly Binders,3.32,2,0.7,-2.65
657,US-2017-137239,8/22/2017,8/28/2017,Tarif normal,CR-12730,Craig Reiter,Grand public,États-Unis,Columbus,Ohio,USCA - Est,OFF-EN-10002230,Fournitures de bureau,Enveloppes,Airmail Envelopes,134.29,2,0.2,45.32
658,US-2017-156097,9/19/2017,9/19/2017,Le même jour,EH-14125,Eugene Hildebrand,Bureau à domicile,États-Unis,Aurora,Illinois,USCA - Centre,FUR-CH-10001215,Mobilier,Chaises,Global Troy Executive Leather Low-Back Tilter,701.37,2,0.3,-50.1
659,US-2017-156097,9/19/2017,9/19/2017,Le même jour,EH-14125,Eugene Hildebrand,Bureau à domicile,États-Unis,Aurora,Illinois,USCA - Centre,OFF-BI-10004654,Fournitures de bureau,Classeurs,Avery Binding System Hidden Tab Executive Style Index Sets,2.31,2,0.8,-3.46
664,US-2017-123666,3/26/2017,3/27/2017,Tarif normal,SP-20545,Sibella Parks,Entreprise,États-Unis,New York City,New York,USCA - Est,OFF-ST-10001522,Fournitures de bureau,Stockage,"Gould Plastics 18-Pocket Panel Bin, 34w x 5-1/4d x 20-1/2h",459.95,5,0,18.4
665,US-2017-143308,11/4/2017,11/7/2017,Le même jour,RC-19825,Roy Collins,Grand public,États-Unis,Louisville,Kentucky,USCA - Sud,OFF-FA-10000621,Fournitures de bureau,Éléments de fixation,"OIC Colored Binder Clips, Assorted Sizes",10.74,3,0,5.26
681,US-2017-164511,11/19/2017,11/22/2017,Tarif normal,DJ-13630,Doug Jacobs,Grand public,États-Unis,New York City,New York,USCA - Est,OFF-BI-10003305,Fournitures de bureau,Classeurs,Avery Hanging File Binders,14.35,3,0.2,4.66
682,US-2017-164511,11/19/2017,11/22/2017,Tarif normal,DJ-13630,Doug Jacobs,Grand public,États-Unis,New York City,New York,USCA - Est,OFF-ST-10002583,Fournitures de bureau,Stockage,Fellowes Neat Ideas Storage Cubes,64.96,2,0,2.6
683,US-2017-164511,11/19/2017,11/22/2017,Tarif normal,DJ-13630,Doug Jacobs,Grand public,États-Unis,New York City,New York,USCA - Est,OFF-ST-10004507,Fournitures de bureau,Stockage,Advantus Rolling Storage Box,68.6,4,0,18.52
703,US-2017-163755,11/4/2017,11/7/2017,J+2,AS-10285,Alejandro Savely,Entreprise,États-Unis,Seattle,Washington,USCA - Ouest,FUR-FU-10003394,Mobilier,Meubles,"Tenex ""The Solids"" Textured Chair Mats",209.88,3,0,35.68
721,US-2017-112942,2/13/2017,2/16/2017,Tarif normal,RD-19810,Ross DeVincentis,Bureau à domicile,États-Unis,Los Angeles,Californie,USCA - Ouest,OFF-PA-10004092,Fournitures de bureau,Papier,Tops Green Bar Computer Printout Paper,146.82,3,0,73.41
722,US-2017-142335,12/15/2017,12/19/2017,Tarif normal,MP-17965,Michael Paige,Entreprise,États-Unis,Detroit,Michigan,USCA - Centre,FUR-TA-10000198,Mobilier,Tables,Chromcraft Bull-Nose Wood Oval Conference Tables & Bases,1652.94,3,0,231.41
723,US-2017-142335,12/15/2017,12/19/2017,Tarif normal,MP-17965,Michael Paige,Entreprise,États-Unis,Detroit,Michigan,USCA - Centre,OFF-ST-10000036,Fournitures de bureau,Stockage,"Recycled Data-Pak for Archival Bound Computer Printouts, 12-1/2 x 12-1/2 x 16",296.37,3,0,80.02
725,US-2017-114713,7/7/2017,7/12/2017,Tarif normal,SC-20695,Steve Chapman,Entreprise,États-Unis,Hialeah,Floride,USCA - Sud,OFF-SU-10004664,Fournitures de bureau,Fournitures,Acme Softgrip Scissors,45.58,7,0.2,5.13
728,US-2017-150861,12/3/2017,12/6/2017,Prioritaire,EG-13900,Emily Grady,Grand public,États-Unis,Oceanside,New York,USCA - Est,OFF-PA-10001954,Fournitures de bureau,Papier,Xerox 1964,182.72,8,0,84.05
729,US-2017-150861,12/3/2017,12/6/2017,Prioritaire,EG-13900,Emily Grady,Grand public,États-Unis,Oceanside,New York,USCA - Est,FUR-TA-10002228,Mobilier,Tables,"Bevis Traditional Conference Table Top, Plinth Base",400.03,2,0.4,-153.35
730,US-2017-150861,12/3/2017,12/6/2017,Prioritaire,EG-13900,Emily Grady,Grand public,États-Unis,Oceanside,New York,USCA - Est,OFF-ST-10004634,Fournitures de bureau,Stockage,"Personal Folder Holder, Ebony",33.63,3,0,10.09
731,US-2017-150861,12/3/2017,12/6/2017,Prioritaire,EG-13900,Emily Grady,Grand public,États-Unis,Oceanside,New York,USCA - Est,FUR-CH-10002965,Mobilier,Chaises,"Global Leather Highback Executive Chair with Pneumatic Height Adjustment, Black",542.65,3,0.1,102.5
732,US-2017-150861,12/3/2017,12/6/2017,Prioritaire,EG-13900,Emily Grady,Grand public,États-Unis,Oceanside,New York,USCA - Est,OFF-LA-10001317,Fournitures de bureau,Étiquettes,Avery 520,6.3,2,0,3.02
743,US-2017-146710,8/27/2017,9/1/2017,Tarif normal,SS-20875,Sung Shariari,Grand public,États-Unis,Dallas,Texas,USCA - Centre,OFF-SU-10004498,Fournitures de bureau,Fournitures,Martin-Yale Premier Letter Opener,51.52,5,0.2,-10.95
744,US-2017-146710,8/27/2017,9/1/2017,Tarif normal,SS-20875,Sung Shariari,Grand public,États-Unis,Dallas,Texas,USCA - Centre,OFF-PA-10002615,Fournitures de bureau,Papier,"Ampad Gold Fibre Wirebound Steno Books, 6"" x 9"", Gregg Ruled",3.53,1,0.2,1.15
745,US-2017-146710,8/27/2017,9/1/2017,Tarif normal,SS-20875,Sung Shariari,Grand public,États-Unis,Dallas,Texas,USCA - Centre,OFF-PA-10004971,Fournitures de bureau,Papier,Xerox 196,4.62,1,0.2,1.68
746,US-2017-146710,8/27/2017,9/1/2017,Tarif normal,SS-20875,Sung Shariari,Grand public,États-Unis,Dallas,Texas,USCA - Centre,OFF-SU-10004261,Fournitures de bureau,Fournitures,"Fiskars 8"" Scissors, 2/Pack",55.17,4,0.2,6.21
749,US-2017-150889,3/20/2017,3/22/2017,J+2,PB-19105,Peter Bühler,Grand public,États-Unis,Evanston,Illinois,USCA - Centre,TEC-PH-10000004,Produits technologiques,Téléphones,Belkin iPhone and iPad Lightning Cable,11.99,1,0.2,0.9
754,US-2017-110499,4/7/2017,4/9/2017,Prioritaire,YC-21895,Yoseph Carroll,Entreprise,États-Unis,San Francisco,Californie,USCA - Ouest,TEC-CO-10002095,Produits technologiques,Photocopieurs,Hewlett Packard 610 Color Digital Copier / Printer,1199.98,3,0.2,374.99
756,US-2017-140928,9/18/2017,9/22/2017,Tarif normal,NB-18655,Nona Balk,Entreprise,États-Unis,Jacksonville,Floride,USCA - Sud,FUR-TA-10001095,Mobilier,Tables,Chromcraft Round Conference Tables,383.44,4,0.5,-167.32
770,US-2017-157245,5/19/2017,5/24/2017,Tarif normal,LE-16810,Laurel Elliston,Grand public,États-Unis,Arlington,Virginie,USCA - Sud,FUR-CH-10003746,Mobilier,Chaises,Hon 4070 Series Pagoda Round Back Stacking Chairs,641.96,2,0,179.75
793,US-2017-105256,5/20/2017,5/20/2017,Le même jour,JK-15730,Joe Kamberova,Grand public,États-Unis,Asheville,Caroline du Nord,USCA - Sud,TEC-PH-10001530,Produits technologiques,Téléphones,Cisco Unified IP Phone 7945G VoIP phone,1363.96,5,0.2,85.25
803,US-2017-136133,8/18/2017,8/23/2017,J+2,HW-14935,Helen Wasserman,Entreprise,États-Unis,New York City,New York,USCA - Est,OFF-AP-10000576,Fournitures de bureau,Électroménager,Belkin 7 Outlet SurgeMaster II,355.32,9,0,99.49
804,US-2017-115504,3/12/2017,3/17/2017,Tarif normal,MC-18130,Mike Caudle,Entreprise,États-Unis,Monroe,Louisiane,USCA - Sud,OFF-PA-10003953,Fournitures de bureau,Papier,Xerox 218,12.96,2,0,6.22
817,US-2017-149370,9/15/2017,9/19/2017,Tarif normal,DB-13210,Dean Braden,Grand public,États-Unis,Philadelphia,Pennsylvanie,USCA - Est,OFF-PA-10003651,Fournitures de bureau,Papier,Xerox 1968,5.34,1,0.2,1.87
834,US-2017-165316,7/23/2017,7/27/2017,Tarif normal,JB-15400,Jennifer Braxton,Entreprise,États-Unis,Tampa,Floride,USCA - Sud,OFF-AR-10002956,Fournitures de bureau,Art,Boston 16801 Nautilus Battery Pencil Sharpener,35.22,2,0.2,2.64
835,US-2017-165316,7/23/2017,7/27/2017,Tarif normal,JB-15400,Jennifer Braxton,Entreprise,États-Unis,Tampa,Floride,USCA - Sud,OFF-AP-10003266,Fournitures de bureau,Électroménager,"Holmes Replacement Filter for HEPA Air Cleaner, Large Room",23.7,2,0.2,6.52
836,US-2017-165316,7/23/2017,7/27/2017,Tarif normal,JB-15400,Jennifer Braxton,Entreprise,États-Unis,Tampa,Floride,USCA - Sud,TEC-MA-10004002,Produits technologiques,Machines,Zebra GX420t Direct Thermal/Thermal Transfer Printer,265.48,1,0.5,-111.5
839,US-2017-137547,3/7/2017,3/12/2017,Tarif normal,EB-13705,Ed Braxton,Entreprise,États-Unis,Fort Worth,Texas,USCA - Centre,TEC-PH-10002365,Produits technologiques,Téléphones,Belkin Grip Candy Sheer Case / Cover for iPhone 5 and 5S,21.07,3,0.2,1.58
843,US-2017-161669,11/7/2017,11/9/2017,Prioritaire,EM-14095,Eudokia Martin,Entreprise,États-Unis,Los Angeles,Californie,USCA - Ouest,OFF-BI-10001294,Fournitures de bureau,Classeurs,Fellowes Binding Cases,37.44,4,0.2,11.7
844,US-2017-161669,11/7/2017,11/9/2017,Prioritaire,EM-14095,Eudokia Martin,Entreprise,États-Unis,Los Angeles,Californie,USCA - Ouest,OFF-BI-10001636,Fournitures de bureau,Classeurs,Ibico Plastic and Wire Spiral Binding Combs,26.98,4,0.2,8.77
845,US-2017-161669,11/7/2017,11/9/2017,Prioritaire,EM-14095,Eudokia Martin,Entreprise,États-Unis,Los Angeles,Californie,USCA - Ouest,OFF-SU-10002503,Fournitures de bureau,Fournitures,Acme Preferred Stainless Steel Scissors,11.36,2,0,3.29
846,US-2017-161669,11/7/2017,11/9/2017,Prioritaire,EM-14095,Eudokia Martin,Entreprise,États-Unis,Los Angeles,Californie,USCA - Ouest,OFF-LA-10004093,Fournitures de bureau,Étiquettes,Avery 486,14.62,2,0,6.87
851,US-2017-152534,6/20/2017,6/25/2017,J+2,DP-13105,Dave Poirier,Entreprise,États-Unis,Salinas,Californie,USCA - Ouest,OFF-AR-10002335,Fournitures de bureau,Art,DIXON Oriole Pencils,5.16,2,0,1.34
852,US-2017-152534,6/20/2017,6/25/2017,J+2,DP-13105,Dave Poirier,Entreprise,États-Unis,Salinas,Californie,USCA - Ouest,OFF-PA-10001870,Fournitures de bureau,Papier,Xerox 202,38.88,6,0,18.66
853,US-2017-113747,5/28/2017,6/4/2017,Tarif normal,VD-21670,Valerie Dominguez,Grand public,États-Unis,Jackson,Mississippi,USCA - Sud,OFF-AR-10003373,Fournitures de bureau,Art,"Boston School Pro Electric Pencil Sharpener, 1670",185.88,6,0,50.19
854,US-2017-123274,2/19/2017,2/24/2017,Tarif normal,GT-14710,Greg Tran,Grand public,États-Unis,New York City,New York,USCA - Est,FUR-FU-10004090,Mobilier,Meubles,"Executive Impressions 14"" Contract Wall Clock",44.46,2,0,14.67
855,US-2017-123274,2/19/2017,2/24/2017,Tarif normal,GT-14710,Greg Tran,Grand public,États-Unis,New York City,New York,USCA - Est,OFF-ST-10000736,Fournitures de bureau,Stockage,Carina Double Wide Media Storage Towers in Natural & Black,242.94,3,0,9.72
863,US-2017-134474,1/5/2017,1/7/2017,J+2,AJ-10795,Anthony Johnson,Entreprise,États-Unis,Jacksonville,Floride,USCA - Sud,TEC-AC-10001714,Produits technologiques,Accessoires,Logitech MX Performance Wireless Mouse,191.47,6,0.2,40.69
864,US-2017-134474,1/5/2017,1/7/2017,J+2,AJ-10795,Anthony Johnson,Entreprise,États-Unis,Jacksonville,Floride,USCA - Sud,OFF-AR-10003958,Fournitures de bureau,Art,Newell 337,5.25,2,0.2,0.59
865,US-2017-134474,1/5/2017,1/7/2017,J+2,AJ-10795,Anthony Johnson,Entreprise,États-Unis,Jacksonville,Floride,USCA - Sud,TEC-PH-10002923,Produits technologiques,Téléphones,"Logitech B530 USB Headset - headset - Full size, Binaural",59.18,2,0.2,5.18
868,US-2017-134362,9/29/2017,10/2/2017,Prioritaire,LS-16945,Linda Southworth,Entreprise,États-Unis,Philadelphia,Pennsylvanie,USCA - Est,OFF-LA-10004853,Fournitures de bureau,Étiquettes,Avery 483,15.94,4,0.2,5.18
870,US-2017-158099,9/3/2017,9/5/2017,Prioritaire,PK-18910,Paul Knutson,Bureau à domicile,États-Unis,Philadelphia,Pennsylvanie,USCA - Est,OFF-BI-10000545,Fournitures de bureau,Classeurs,GBC Ibimaster 500 Manual ProClick Binding System,1141.47,5,0.7,-760.98
871,US-2017-158099,9/3/2017,9/5/2017,Prioritaire,PK-18910,Paul Knutson,Bureau à domicile,États-Unis,Philadelphia,Pennsylvanie,USCA - Est,TEC-PH-10002496,Produits technologiques,Téléphones,Cisco SPA301,280.78,3,0.4,-46.8
876,US-2017-116736,1/17/2017,1/21/2017,Tarif normal,CC-12430,Chuck Clark,Bureau à domicile,États-Unis,Concord,New Hampshire,USCA - Est,FUR-FU-10004017,Mobilier,Meubles,"Tenex Contemporary Contur Chairmats for Low and Medium Pile Carpet, Computer, 39"" x 49""",322.59,3,0,64.52
877,US-2017-116736,1/17/2017,1/21/2017,Tarif normal,CC-12430,Chuck Clark,Bureau à domicile,États-Unis,Concord,New Hampshire,USCA - Est,TEC-AC-10003628,Produits technologiques,Accessoires,Logitech 910-002974 M325 Wireless Mouse for Web Scrolling,29.99,1,0,13.2
878,US-2017-116736,1/17/2017,1/21/2017,Tarif normal,CC-12430,Chuck Clark,Bureau à domicile,États-Unis,Concord,New Hampshire,USCA - Est,TEC-AC-10002049,Produits technologiques,Accessoires,Logitech G19 Programmable Gaming Keyboard,371.97,3,0,66.95
884,US-2017-165148,10/22/2017,10/24/2017,Prioritaire,PM-19135,Peter McVee,Bureau à domicile,États-Unis,Detroit,Michigan,USCA - Centre,FUR-FU-10000732,Mobilier,Meubles,Eldon 200 Class Desk Accessories,31.4,5,0,10.05
895,US-2017-105494,11/10/2017,11/12/2017,Prioritaire,PC-18745,Pamela Coakley,Entreprise,États-Unis,San Francisco,Californie,USCA - Ouest,OFF-ST-10002205,Fournitures de bureau,Stockage,File Shuttle I and Handi-File,155.82,7,0,42.07
896,US-2017-105494,11/10/2017,11/12/2017,Prioritaire,PC-18745,Pamela Coakley,Entreprise,États-Unis,San Francisco,Californie,USCA - Ouest,OFF-BI-10003364,Fournitures de bureau,Classeurs,Binding Machine Supplies,70.01,3,0.2,24.5
897,US-2017-140634,10/3/2017,10/6/2017,J+2,HL-15040,Hunter Lopez,Grand public,États-Unis,Houston,Texas,USCA - Centre,OFF-EN-10001099,Fournitures de bureau,Enveloppes,Staple envelope,15.65,2,0.2,5.09
900,US-2017-114622,4/10/2017,4/12/2017,Prioritaire,JR-16210,Justin Ritter,Entreprise,États-Unis,Springfield,Ohio,USCA - Est,OFF-BI-10004716,Fournitures de bureau,Classeurs,Wilson Jones Hanging Recycled Pressboard Data Binders,8.9,2,0.7,-6.53
904,US-2017-130477,4/8/2017,4/12/2017,Tarif normal,LC-17140,Logan Currie,Grand public,États-Unis,Los Angeles,Californie,USCA - Ouest,OFF-PA-10002947,Fournitures de bureau,Papier,Xerox 1923,20.04,3,0,9.62
905,US-2017-130477,4/8/2017,4/12/2017,Tarif normal,LC-17140,Logan Currie,Grand public,États-Unis,Los Angeles,Californie,USCA - Ouest,OFF-ST-10002583,Fournitures de bureau,Stockage,Fellowes Neat Ideas Storage Cubes,64.96,2,0,2.6
906,US-2017-130477,4/8/2017,4/12/2017,Tarif normal,LC-17140,Logan Currie,Grand public,États-Unis,Los Angeles,Californie,USCA - Ouest,OFF-PA-10000019,Fournitures de bureau,Papier,Xerox 1931,12.96,2,0,6.22
919,US-2017-165218,3/5/2017,3/11/2017,Tarif normal,RW-19630,Rob Williams,Entreprise,États-Unis,Dallas,Texas,USCA - Centre,OFF-EN-10000056,Fournitures de bureau,Enveloppes,Cameo Buff Policy Envelopes,149.35,3,0.2,50.41
920,US-2017-165218,3/5/2017,3/11/2017,Tarif normal,RW-19630,Rob Williams,Entreprise,États-Unis,Dallas,Texas,USCA - Centre,OFF-ST-10001558,Fournitures de bureau,Stockage,Acco Perma 4000 Stacking Storage Drawers,12.99,1,0.2,-0.81
925,US-2017-149797,9/15/2017,9/20/2017,Tarif normal,AH-10075,Adam Hart,Entreprise,États-Unis,New York City,New York,USCA - Est,OFF-BI-10003650,Fournitures de bureau,Classeurs,GBC DocuBind 300 Electric Binding Machine,841.57,2,0.2,294.55
934,US-2017-140081,6/20/2017,6/24/2017,Tarif normal,CG-12040,Catherine Glotzbach,Bureau à domicile,États-Unis,Philadelphia,Pennsylvanie,USCA - Est,OFF-PA-10001745,Fournitures de bureau,Papier,"Wirebound Message Books, 2 7/8"" x 5"", 3 Forms per Page",45.06,8,0.2,15.21
935,US-2017-140081,6/20/2017,6/24/2017,Tarif normal,CG-12040,Catherine Glotzbach,Bureau à domicile,États-Unis,Philadelphia,Pennsylvanie,USCA - Est,OFF-BI-10004826,Fournitures de bureau,Classeurs,JM Magazine Binder,29.72,6,0.7,-21.79
936,US-2017-140081,6/20/2017,6/24/2017,Tarif normal,CG-12040,Catherine Glotzbach,Bureau à domicile,États-Unis,Philadelphia,Pennsylvanie,USCA - Est,OFF-PA-10001870,Fournitures de bureau,Papier,Xerox 202,15.55,3,0.2,5.44
937,US-2017-140081,6/20/2017,6/24/2017,Tarif normal,CG-12040,Catherine Glotzbach,Bureau à domicile,États-Unis,Philadelphia,Pennsylvanie,USCA - Est,OFF-AP-10001058,Fournitures de bureau,Électroménager,Sanyo 2.5 Cubic Foot Mid-Size Office Refrigerators,447.7,2,0.2,33.58
941,US-2017-105760,6/19/2017,6/20/2017,Prioritaire,KC-16255,Karen Carlisle,Entreprise,États-Unis,San Francisco,Californie,USCA - Ouest,OFF-PA-10000350,Fournitures de bureau,Papier,"Message Book, Standard Line ""While You Were Out"", 5 1/2"" X 4"", 200 Sets/Book",17.12,2,0,8.05
942,US-2017-142958,12/13/2017,12/20/2017,Tarif normal,RW-19630,Rob Williams,Entreprise,États-Unis,Torrance,Californie,USCA - Ouest,OFF-BI-10001759,Fournitures de bureau,Classeurs,"Acco Pressboard Covers with Storage Hooks, 14 7/8"" x 11"", Dark Blue",6.1,2,0.2,2.21
943,US-2017-142958,12/13/2017,12/20/2017,Tarif normal,RW-19630,Rob Williams,Entreprise,États-Unis,Torrance,Californie,USCA - Ouest,FUR-TA-10000577,Mobilier,Tables,Bretford CR4500 Series Slim Rectangular Table,1114.27,4,0.2,41.79
963,US-2017-120859,9/1/2017,9/4/2017,Prioritaire,CV-12805,Cynthia Voltz,Entreprise,États-Unis,San Francisco,Californie,USCA - Ouest,OFF-EN-10001335,Fournitures de bureau,Enveloppes,"White Business Envelopes with Contemporary Seam, Recycled White Business Envelopes",21.88,2,0,10.94
979,US-2017-145499,2/19/2017,2/20/2017,Prioritaire,RW-19690,Robert Waldorf,Grand public,États-Unis,Wilmington,Caroline du Nord,USCA - Sud,OFF-BI-10000848,Fournitures de bureau,Classeurs,Angle-D Ring Binders,3.28,2,0.7,-2.63
981,US-2017-144939,10/3/2017,10/8/2017,Tarif normal,EB-13870,Emily Burns,Grand public,États-Unis,New York City,New York,USCA - Est,FUR-CH-10003199,Mobilier,Chaises,Office Star - Contemporary Task Swivel Chair,599.29,6,0.1,93.22
992,US-2017-110023,9/9/2017,9/11/2017,Prioritaire,TS-21610,Troy Staebel,Grand public,États-Unis,New York City,New York,USCA - Est,OFF-BI-10001036,Fournitures de bureau,Classeurs,Cardinal EasyOpen D-Ring Binders,14.62,2,0.2,5.48
993,US-2017-105585,8/26/2017,8/27/2017,Prioritaire,RF-19735,Roland Fjeld,Grand public,États-Unis,San Jose,Californie,USCA - Ouest,OFF-FA-10002983,Fournitures de bureau,Éléments de fixation,Advantus SlideClip Paper Clips,10.23,3,0,4.91
994,US-2017-105585,8/26/2017,8/27/2017,Prioritaire,RF-19735,Roland Fjeld,Grand public,États-Unis,San Jose,Californie,USCA - Ouest,OFF-PA-10003625,Fournitures de bureau,Papier,Xerox 1979,154.9,5,0,69.71
1001,US-2017-155488,11/13/2017,11/17/2017,Tarif normal,FM-14290,Frank Merwin,Bureau à domicile,États-Unis,Vancouver,Washington,USCA - Ouest,OFF-AR-10002956,Fournitures de bureau,Art,Boston 16801 Nautilus Battery Pencil Sharpener,44.02,2,0,11.45
1026,US-2017-126529,1/11/2017,1/13/2017,J+2,DE-13255,Deanra Eno,Bureau à domicile,États-Unis,Springfield,Ohio,USCA - Est,OFF-PA-10001166,Fournitures de bureau,Papier,Xerox 2,15.55,3,0.2,5.44
1027,US-2017-126529,1/11/2017,1/13/2017,J+2,DE-13255,Deanra Eno,Bureau à domicile,États-Unis,Springfield,Ohio,USCA - Est,OFF-PA-10003656,Fournitures de bureau,Papier,Xerox 1935,63.31,3,0.2,20.58
1028,US-2017-126529,1/11/2017,1/13/2017,J+2,DE-13255,Deanra Eno,Bureau à domicile,États-Unis,Springfield,Ohio,USCA - Est,TEC-PH-10000148,Produits technologiques,Téléphones,Cyber Acoustics AC-202b Speech Recognition Stereo Headset,15.59,2,0.4,-9.87
1034,US-2017-109820,11/20/2017,11/22/2017,Prioritaire,AG-10390,Allen Goldenen,Grand public,États-Unis,Cincinnati,Ohio,USCA - Est,OFF-PA-10000955,Fournitures de bureau,Papier,Southworth 25% Cotton Granite Paper & Envelopes,15.7,3,0.2,5.1
1035,US-2017-109820,11/20/2017,11/22/2017,Prioritaire,AG-10390,Allen Goldenen,Grand public,États-Unis,Cincinnati,Ohio,USCA - Est,OFF-BI-10003460,Fournitures de bureau,Classeurs,Acco 3-Hole Punch,2.63,2,0.7,-1.93
1036,US-2017-109820,11/20/2017,11/22/2017,Prioritaire,AG-10390,Allen Goldenen,Grand public,États-Unis,Cincinnati,Ohio,USCA - Est,OFF-BI-10000474,Fournitures de bureau,Classeurs,Avery Recycled Flexi-View Covers for Binding Systems,14.43,3,0.7,-10.58
1037,US-2017-113061,4/22/2017,4/26/2017,Tarif normal,EL-13735,Ed Ludwig,Bureau à domicile,États-Unis,Jefferson City,Missouri,USCA - Centre,FUR-FU-10003975,Mobilier,Meubles,Eldon Advantage Chair Mats for Low to Medium Pile Carpets,86.62,2,0,8.66
1041,US-2017-127670,3/20/2017,3/24/2017,Tarif normal,RD-19660,Robert Dilbeck,Bureau à domicile,États-Unis,Saint Peters,Missouri,USCA - Centre,FUR-TA-10001095,Mobilier,Tables,Chromcraft Round Conference Tables,697.16,4,0,146.4
1042,US-2017-102981,9/6/2017,9/9/2017,J+2,MO-17500,Mary O'Rourke,Grand public,États-Unis,New York City,New York,USCA - Est,TEC-AC-10004761,Produits technologiques,Accessoires,Maxell 4.7GB DVD+RW 3/Pack,31.86,2,0,11.15
1043,US-2017-102981,9/6/2017,9/9/2017,J+2,MO-17500,Mary O'Rourke,Grand public,États-Unis,New York City,New York,USCA - Est,FUR-BO-10001811,Mobilier,Bibliothèques,"Atlantic Metals Mobile 5-Shelf Bookcases, Custom Colors",722.35,3,0.2,90.29
1047,US-2017-169103,3/8/2017,3/13/2017,Tarif normal,ZC-21910,Zuschuss Carroll,Grand public,États-Unis,Miami,Floride,USCA - Sud,TEC-PH-10001530,Produits technologiques,Téléphones,Cisco Unified IP Phone 7945G VoIP phone,1363.96,5,0.2,85.25
1048,US-2017-169103,3/8/2017,3/13/2017,Tarif normal,ZC-21910,Zuschuss Carroll,Grand public,États-Unis,Miami,Floride,USCA - Sud,FUR-FU-10004006,Mobilier,Meubles,"Deflect-o DuraMat Lighweight, Studded, Beveled Mat for Low Pile Carpeting",102.36,3,0.2,-3.84
1060,US-2017-105284,11/24/2017,12/1/2017,Tarif normal,MG-17650,Matthew Grinstein,Bureau à domicile,États-Unis,Philadelphia,Pennsylvanie,USCA - Est,OFF-FA-10001754,Fournitures de bureau,Éléments de fixation,Stockwell Gold Paper Clips,4.42,3,0.2,1.6
1068,US-2017-157686,10/1/2017,10/2/2017,Prioritaire,BD-11620,Brian DeCherney,Grand public,États-Unis,San Francisco,Californie,USCA - Ouest,FUR-CH-10001146,Mobilier,Chaises,"Global Value Mid-Back Manager's Chair, Gray",194.85,4,0.2,12.18
1072,US-2017-152814,4/28/2017,5/2/2017,Tarif normal,EH-14005,Erica Hernandez,Bureau à domicile,États-Unis,Denver,Colorado,USCA - Ouest,OFF-PA-10001970,Fournitures de bureau,Papier,Xerox 1881,29.47,3,0.2,9.95
1074,US-2017-134348,11/12/2017,11/19/2017,Tarif normal,MS-17710,Maurice Satty,Grand public,États-Unis,Mesa,Arizona,USCA - Ouest,OFF-BI-10003727,Fournitures de bureau,Classeurs,Avery Durable Slant Ring Binders With Label Holder,6.27,5,0.7,-4.6
1075,US-2017-134348,11/12/2017,11/19/2017,Tarif normal,MS-17710,Maurice Satty,Grand public,États-Unis,Mesa,Arizona,USCA - Ouest,OFF-BI-10004967,Fournitures de bureau,Classeurs,Round Ring Binders,4.37,7,0.7,-3.35
1076,US-2017-134348,11/12/2017,11/19/2017,Tarif normal,MS-17710,Maurice Satty,Grand public,États-Unis,Mesa,Arizona,USCA - Ouest,TEC-AC-10003447,Produits technologiques,Accessoires,Micropad Numeric Keypads,31.98,2,0.2,2
1077,US-2017-161781,9/29/2017,10/2/2017,Prioritaire,CC-12100,Chad Cunningham,Bureau à domicile,États-Unis,Columbus,Indiana,USCA - Centre,OFF-AR-10000255,Fournitures de bureau,Art,Newell 328,40.88,7,0,10.63
1083,US-2017-143819,3/1/2017,3/5/2017,Tarif normal,KD-16270,Karen Daniels,Grand public,États-Unis,Yonkers,New York,USCA - Est,FUR-TA-10001095,Mobilier,Tables,Chromcraft Round Conference Tables,836.59,8,0.4,-264.92
1084,US-2017-143819,3/1/2017,3/5/2017,Tarif normal,KD-16270,Karen Daniels,Grand public,États-Unis,Yonkers,New York,USCA - Est,OFF-PA-10003127,Fournitures de bureau,Papier,Easy-staple paper,26.38,1,0,12.13
1085,US-2017-143819,3/1/2017,3/5/2017,Tarif normal,KD-16270,Karen Daniels,Grand public,États-Unis,Yonkers,New York,USCA - Est,OFF-ST-10003208,Fournitures de bureau,Stockage,Adjustable Depth Letter/Legal Cart,362.92,2,0,105.25
1086,US-2017-143819,3/1/2017,3/5/2017,Tarif normal,KD-16270,Karen Daniels,Grand public,États-Unis,Yonkers,New York,USCA - Est,TEC-MA-10003979,Produits technologiques,Machines,Ativa V4110MDD Micro-Cut Shredder,4899.93,7,0,2400.97
1087,US-2017-167584,8/12/2017,8/12/2017,Le même jour,LC-16870,Lena Cacioppo,Grand public,États-Unis,Des Moines,Iowa,USCA - Centre,OFF-PA-10000029,Fournitures de bureau,Papier,Xerox 224,6.48,1,0,3.11
1088,US-2017-166163,8/15/2017,8/20/2017,J+2,CY-12745,Craig Yedwab,Entreprise,États-Unis,Oakland,Californie,USCA - Ouest,TEC-PH-10004896,Produits technologiques,Téléphones,Nokia Lumia 521 (T-Mobile),71.98,3,0.2,7.2
1089,US-2017-166163,8/15/2017,8/20/2017,J+2,CY-12745,Craig Yedwab,Entreprise,États-Unis,Oakland,Californie,USCA - Ouest,OFF-LA-10000452,Fournitures de bureau,Étiquettes,Avery 488,3.15,1,0,1.51
1099,US-2017-107216,6/14/2017,6/17/2017,Prioritaire,PV-18985,Paul Van Hugh,Bureau à domicile,États-Unis,San Francisco,Californie,USCA - Ouest,OFF-AR-10001545,Fournitures de bureau,Art,Newell 326,7.04,4,0,2.04
1100,US-2017-107216,6/14/2017,6/17/2017,Prioritaire,PV-18985,Paul Van Hugh,Bureau à domicile,États-Unis,San Francisco,Californie,USCA - Ouest,FUR-FU-10000206,Mobilier,Meubles,"GE General Purpose, Extra Long Life, Showcase & Floodlight Incandescent Bulbs",8.73,3,0,4.1
1101,US-2017-107216,6/14/2017,6/17/2017,Prioritaire,PV-18985,Paul Van Hugh,Bureau à domicile,États-Unis,San Francisco,Californie,USCA - Ouest,TEC-AC-10001013,Produits technologiques,Accessoires,Logitech ClearChat Comfort/USB Headset H390,29.29,1,0,9.67
1102,US-2017-107216,6/14/2017,6/17/2017,Prioritaire,PV-18985,Paul Van Hugh,Bureau à domicile,États-Unis,San Francisco,Californie,USCA - Ouest,OFF-AR-10002255,Fournitures de bureau,Art,Newell 346,8.64,3,0,2.51
1105,US-2017-112340,10/21/2017,10/27/2017,Tarif normal,NM-18520,Neoma Murray,Grand public,États-Unis,Riverside,Californie,USCA - Ouest,OFF-PA-10001892,Fournitures de bureau,Papier,"Rediform Wirebound ""Phone Memo"" Message Book, 11 x 5-3/4",22.92,3,0,11.23
1106,US-2017-110156,11/19/2017,11/24/2017,Tarif normal,EH-13945,Eric Hoffmann,Grand public,États-Unis,Houston,Texas,USCA - Centre,OFF-ST-10000642,Fournitures de bureau,Stockage,"Tennsco Lockers, Gray",100.7,6,0.2,-16.36
1107,US-2017-110156,11/19/2017,11/24/2017,Tarif normal,EH-13945,Eric Hoffmann,Grand public,États-Unis,Houston,Texas,USCA - Centre,FUR-FU-10000206,Mobilier,Meubles,"GE General Purpose, Extra Long Life, Showcase & Floodlight Incandescent Bulbs",2.33,2,0.6,-0.76
1108,US-2017-110156,11/19/2017,11/24/2017,Tarif normal,EH-13945,Eric Hoffmann,Grand public,États-Unis,Houston,Texas,USCA - Centre,OFF-BI-10003676,Fournitures de bureau,Classeurs,"GBC Standard Recycled Report Covers, Clear Plastic Sheets",10.78,5,0.8,-17.25
1109,US-2017-110156,11/19/2017,11/24/2017,Tarif normal,EH-13945,Eric Hoffmann,Grand public,États-Unis,Houston,Texas,USCA - Centre,OFF-FA-10003495,Fournitures de bureau,Éléments de fixation,Staples,58.37,12,0.2,21.89
1110,US-2017-110156,11/19/2017,11/24/2017,Tarif normal,EH-13945,Eric Hoffmann,Grand public,États-Unis,Houston,Texas,USCA - Centre,OFF-EN-10003798,Fournitures de bureau,Enveloppes,"Recycled Interoffice Envelopes with Re-Use-A-Seal Closure, 10 x 13",40.97,3,0.2,13.83
1111,US-2017-110156,11/19/2017,11/24/2017,Tarif normal,EH-13945,Eric Hoffmann,Grand public,États-Unis,Houston,Texas,USCA - Centre,TEC-PH-10003589,Produits technologiques,Téléphones,invisibleSHIELD by ZAGG Smudge-Free Screen Protector,71.96,5,0.2,25.19
1112,US-2017-110156,11/19/2017,11/24/2017,Tarif normal,EH-13945,Eric Hoffmann,Grand public,États-Unis,Houston,Texas,USCA - Centre,OFF-PA-10004735,Fournitures de bureau,Papier,Xerox 1905,10.37,2,0.2,3.63
1113,US-2017-110156,11/19/2017,11/24/2017,Tarif normal,EH-13945,Eric Hoffmann,Grand public,États-Unis,Houston,Texas,USCA - Centre,OFF-BI-10002609,Fournitures de bureau,Classeurs,Avery Hidden Tab Dividers for Binding Systems,1.19,2,0.8,-2.03
1117,US-2017-144855,7/22/2017,7/24/2017,J+2,DL-13495,Dionis Lloyd,Entreprise,États-Unis,San Francisco,Californie,USCA - Ouest,OFF-LA-10003766,Fournitures de bureau,Étiquettes,Self-Adhesive Removable Labels,6.3,2,0,3.02
1130,US-2017-112102,4/12/2017,4/16/2017,Tarif normal,BD-11605,Brian Dahlen,Grand public,États-Unis,Springfield,Virginie,USCA - Sud,FUR-TA-10004086,Mobilier,Tables,KI Adjustable-Height Table,343.92,4,0,75.66
1131,US-2017-112102,4/12/2017,4/16/2017,Tarif normal,BD-11605,Brian Dahlen,Grand public,États-Unis,Springfield,Virginie,USCA - Sud,OFF-PA-10000100,Fournitures de bureau,Papier,Xerox 1945,40.99,1,0,20.09
1132,US-2017-112102,4/12/2017,4/16/2017,Tarif normal,BD-11605,Brian Dahlen,Grand public,États-Unis,Springfield,Virginie,USCA - Sud,OFF-EN-10002500,Fournitures de bureau,Enveloppes,Globe Weis Peel & Seel First Class Envelopes,63.9,5,0,28.76
1133,US-2017-114776,12/6/2017,12/7/2017,Prioritaire,GG-14650,Greg Guthrie,Entreprise,États-Unis,Antioch,Californie,USCA - Ouest,OFF-PA-10004100,Fournitures de bureau,Papier,Xerox 216,19.44,3,0,9.33
1134,US-2017-134908,6/5/2017,6/9/2017,Tarif normal,JS-15940,Joni Sundaresam,Bureau à domicile,États-Unis,Philadelphia,Pennsylvanie,USCA - Est,OFF-ST-10003479,Fournitures de bureau,Stockage,"Eldon Base for stackable storage shelf, platinum",124.61,4,0.2,-23.36
1135,US-2017-134908,6/5/2017,6/9/2017,Tarif normal,JS-15940,Joni Sundaresam,Bureau à domicile,États-Unis,Philadelphia,Pennsylvanie,USCA - Est,OFF-LA-10000973,Fournitures de bureau,Étiquettes,Avery 502,7.56,3,0.2,2.65
1136,US-2017-148803,12/11/2017,12/11/2017,Le même jour,LR-16915,Lena Radford,Grand public,États-Unis,Homestead,Floride,USCA - Sud,OFF-ST-10001476,Fournitures de bureau,Stockage,Steel Personal Filing/Posting Tote,85.22,3,0.2,7.46
1137,US-2017-152170,11/12/2017,11/15/2017,J+2,FH-14275,Frank Hawley,Entreprise,États-Unis,La Porte,Indiana,USCA - Centre,OFF-EN-10002831,Fournitures de bureau,Enveloppes,"Tyvek  Top-Opening Peel & Seel  Envelopes, Gray",287.52,8,0,129.38
1138,US-2017-152170,11/12/2017,11/15/2017,J+2,FH-14275,Frank Hawley,Entreprise,États-Unis,La Porte,Indiana,USCA - Centre,OFF-AP-10002350,Fournitures de bureau,Électroménager,Belkin F9H710-06 7 Outlet SurgeMaster Surge Protector,37.68,2,0,10.55
1139,US-2017-152170,11/12/2017,11/15/2017,J+2,FH-14275,Frank Hawley,Entreprise,États-Unis,La Porte,Indiana,USCA - Centre,OFF-PA-10001763,Fournitures de bureau,Papier,Xerox 1896,19.98,2,0,8.99
1140,US-2017-152170,11/12/2017,11/15/2017,J+2,FH-14275,Frank Hawley,Entreprise,États-Unis,La Porte,Indiana,USCA - Centre,OFF-AR-10003394,Fournitures de bureau,Art,Newell 332,20.58,7,0,5.56
1141,US-2017-152170,11/12/2017,11/15/2017,J+2,FH-14275,Frank Hawley,Entreprise,États-Unis,La Porte,Indiana,USCA - Centre,OFF-BI-10002072,Fournitures de bureau,Classeurs,Cardinal Slant-D Ring Binders,17.38,2,0,8.69
1153,US-2017-160395,9/22/2017,9/26/2017,Tarif normal,KL-16555,Kelly Lampkin,Entreprise,États-Unis,Reno,Nevada,USCA - Ouest,OFF-AR-10003759,Fournitures de bureau,Art,"Crayola Anti Dust Chalk, 12/Pack",3.64,2,0,1.64
1154,US-2017-160395,9/22/2017,9/26/2017,Tarif normal,KL-16555,Kelly Lampkin,Entreprise,États-Unis,Reno,Nevada,USCA - Ouest,OFF-BI-10003984,Fournitures de bureau,Classeurs,Lock-Up Easel 'Spel-Binder',159.77,7,0.2,53.92
1159,US-2017-149314,7/2/2017,7/7/2017,J+2,GB-14530,George Bell,Entreprise,États-Unis,Los Angeles,Californie,USCA - Ouest,FUR-CH-10002126,Mobilier,Chaises,Hon Deluxe Fabric Upholstered Stacking Chairs,195.18,1,0.2,19.52
1176,US-2017-161207,8/29/2017,9/3/2017,Tarif normal,AB-10060,Adam Bellavance,Bureau à domicile,États-Unis,Concord,New Hampshire,USCA - Est,OFF-SU-10000381,Fournitures de bureau,Fournitures,Acme Forged Steel Scissors with Black Enamel Handles,27.93,3,0,8.1
1178,US-2017-113621,12/1/2017,12/5/2017,Tarif normal,JE-15745,Joel Eaton,Grand public,États-Unis,Rockville,Maryland,USCA - Est,FUR-CH-10001270,Mobilier,Chaises,Harbour Creations Steel Folding Chair,172.5,2,0,51.75
1179,US-2017-113621,12/1/2017,12/5/2017,Tarif normal,JE-15745,Joel Eaton,Grand public,États-Unis,Rockville,Maryland,USCA - Est,TEC-PH-10003931,Produits technologiques,Téléphones,JBL Micro Wireless Portable Bluetooth Speaker,179.97,3,0,44.99
1180,US-2017-168081,4/24/2017,4/27/2017,J+2,CA-12055,Cathy Armstrong,Bureau à domicile,États-Unis,Houston,Texas,USCA - Centre,TEC-AC-10003174,Produits technologiques,Accessoires,Plantronics S12 Corded Telephone Headset System,258.7,3,0.2,64.67
1198,US-2017-130946,4/8/2017,4/12/2017,Tarif normal,ZC-21910,Zuschuss Carroll,Grand public,États-Unis,Houston,Texas,USCA - Centre,TEC-AC-10001990,Produits technologiques,Accessoires,Kensington Orbit Wireless Mobile Trackball for PC and Mac,431.93,9,0.2,64.79
1199,US-2017-130946,4/8/2017,4/12/2017,Tarif normal,ZC-21910,Zuschuss Carroll,Grand public,États-Unis,Houston,Texas,USCA - Centre,FUR-CH-10004540,Mobilier,Chaises,Global Chrome Stack Chair,95.98,4,0.3,-4.11
1200,US-2017-130946,4/8/2017,4/12/2017,Tarif normal,ZC-21910,Zuschuss Carroll,Grand public,États-Unis,Houston,Texas,USCA - Centre,OFF-BI-10004995,Fournitures de bureau,Classeurs,GBC DocuBind P400 Electric Binding System,1088.79,4,0.8,-1850.95
1201,US-2017-114727,7/18/2017,7/24/2017,Tarif normal,LS-16945,Linda Southworth,Entreprise,États-Unis,Denver,Colorado,USCA - Ouest,FUR-CH-10002335,Mobilier,Chaises,Hon GuestStacker Chair,544.01,3,0.2,40.8
1202,US-2017-114727,7/18/2017,7/24/2017,Tarif normal,LS-16945,Linda Southworth,Entreprise,États-Unis,Denver,Colorado,USCA - Ouest,OFF-BI-10004967,Fournitures de bureau,Classeurs,Round Ring Binders,1.87,3,0.7,-1.44
1203,US-2017-114727,7/18/2017,7/24/2017,Tarif normal,LS-16945,Linda Southworth,Entreprise,États-Unis,Denver,Colorado,USCA - Ouest,FUR-CH-10002331,Mobilier,Chaises,Hon 4700 Series Mobuis Mid-Back Task Chairs with Adjustable Arms,854.35,3,0.2,10.68
1204,US-2017-114727,7/18/2017,7/24/2017,Tarif normal,LS-16945,Linda Southworth,Entreprise,États-Unis,Denver,Colorado,USCA - Ouest,OFF-ST-10002292,Fournitures de bureau,Stockage,"Sauder Facets Collection Locker/File Cabinet, Sky Alder Finish",593.57,2,0.2,0
1205,US-2017-114727,7/18/2017,7/24/2017,Tarif normal,LS-16945,Linda Southworth,Entreprise,États-Unis,Denver,Colorado,USCA - Ouest,OFF-ST-10000689,Fournitures de bureau,Stockage,"Fellowes Strictly Business Drawer File, Letter/Legal Size",338.04,3,0.2,-33.8
1207,US-2017-137050,7/14/2017,7/18/2017,J+2,SW-20755,Steven Ward,Entreprise,États-Unis,New York City,New York,USCA - Est,OFF-ST-10004634,Fournitures de bureau,Stockage,"Personal Folder Holder, Ebony",11.21,1,0,3.36
1208,US-2017-137050,7/14/2017,7/18/2017,J+2,SW-20755,Steven Ward,Entreprise,États-Unis,New York City,New York,USCA - Est,OFF-BI-10002160,Fournitures de bureau,Classeurs,Acco Hanging Data Binders,9.14,3,0.2,3.2
1209,US-2017-137050,7/14/2017,7/18/2017,J+2,SW-20755,Steven Ward,Entreprise,États-Unis,New York City,New York,USCA - Est,OFF-FA-10002988,Fournitures de bureau,Éléments de fixation,Ideal Clamps,14.07,7,0,6.89
1210,US-2017-137050,7/14/2017,7/18/2017,J+2,SW-20755,Steven Ward,Entreprise,États-Unis,New York City,New York,USCA - Est,OFF-AR-10004999,Fournitures de bureau,Art,Newell 315,41.86,7,0,10.47
1211,US-2017-137050,7/14/2017,7/18/2017,J+2,SW-20755,Steven Ward,Entreprise,États-Unis,New York City,New York,USCA - Est,OFF-BI-10001031,Fournitures de bureau,Classeurs,Pressboard Data Binders by Wilson Jones,8.54,2,0.2,2.88
1212,US-2017-137050,7/14/2017,7/18/2017,J+2,SW-20755,Steven Ward,Entreprise,États-Unis,New York City,New York,USCA - Est,FUR-BO-10004695,Mobilier,Bibliothèques,O'Sullivan 2-Door Barrister Bookcase in Odessa Pine,579.14,4,0.2,21.72
1223,US-2017-126004,12/4/2017,12/5/2017,Prioritaire,BM-11140,Becky Martin,Grand public,États-Unis,New York City,New York,USCA - Est,FUR-FU-10001602,Mobilier,Meubles,"Eldon Delta Triangular Chair Mat, 52"" x 58"", Clear",113.79,3,0,20.48
1224,US-2017-126004,12/4/2017,12/5/2017,Prioritaire,BM-11140,Becky Martin,Grand public,États-Unis,New York City,New York,USCA - Est,TEC-AC-10001432,Produits technologiques,Accessoires,Enermax Aurora Lite Keyboard,78.15,1,0,34.39
1225,US-2017-126004,12/4/2017,12/5/2017,Prioritaire,BM-11140,Becky Martin,Grand public,États-Unis,New York City,New York,USCA - Est,OFF-BI-10004656,Fournitures de bureau,Classeurs,Peel & Stick Add-On Corner Pockets,1.73,1,0.2,0.6
1226,US-2017-126004,12/4/2017,12/5/2017,Prioritaire,BM-11140,Becky Martin,Grand public,États-Unis,New York City,New York,USCA - Est,OFF-PA-10001685,Fournitures de bureau,Papier,Easy-staple paper,40.56,4,0,19.87
1227,US-2017-126004,12/4/2017,12/5/2017,Prioritaire,BM-11140,Becky Martin,Grand public,États-Unis,New York City,New York,USCA - Est,OFF-ST-10001418,Fournitures de bureau,Stockage,Carina Media Storage Towers in Natural & Black,182.94,3,0,3.66
1228,US-2017-126004,12/4/2017,12/5/2017,Prioritaire,BM-11140,Becky Martin,Grand public,États-Unis,New York City,New York,USCA - Est,OFF-ST-10000676,Fournitures de bureau,Stockage,Fellowes Econo/Stor Drawers,193.86,2,0,11.63
1234,US-2017-153682,2/19/2017,2/23/2017,Prioritaire,BG-11695,Brooke Gillingham,Entreprise,États-Unis,Cincinnati,Ohio,USCA - Est,TEC-CO-10001046,Produits technologiques,Photocopieurs,Canon Imageclass D680 Copier / Fax,839.99,2,0.4,70
1235,US-2017-144344,10/28/2017,10/28/2017,Le même jour,PG-18820,Patrick Gardner,Grand public,États-Unis,Boynton Beach,Floride,USCA - Sud,FUR-FU-10000076,Mobilier,Meubles,24-Hour Round Wall Clock,47.95,3,0.2,13.79
1236,US-2017-144344,10/28/2017,10/28/2017,Le même jour,PG-18820,Patrick Gardner,Grand public,États-Unis,Boynton Beach,Floride,USCA - Sud,OFF-BI-10003719,Fournitures de bureau,Classeurs,Large Capacity Hanging Post Binders,37.43,5,0.7,-29.94
1237,US-2017-144344,10/28/2017,10/28/2017,Le même jour,PG-18820,Patrick Gardner,Grand public,États-Unis,Boynton Beach,Floride,USCA - Sud,FUR-FU-10003268,Mobilier,Meubles,Eldon Radial Chair Mat for Low to Medium Pile Carpets,63.97,2,0.2,0
1238,US-2017-144344,10/28/2017,10/28/2017,Le même jour,PG-18820,Patrick Gardner,Grand public,États-Unis,Boynton Beach,Floride,USCA - Sud,FUR-FU-10003553,Mobilier,Meubles,"Howard Miller 13-1/2"" Diameter Rosebrook Wall Clock",165.05,3,0.2,41.26
1242,US-2017-128727,8/29/2017,9/4/2017,Tarif normal,MO-17800,Meg O'Connel,Bureau à domicile,États-Unis,New York City,New York,USCA - Est,TEC-PH-10003442,Produits technologiques,Téléphones,Samsung Replacement EH64AVFWE Premium Headset,22,4,0,5.5
1243,US-2017-162859,2/15/2017,2/22/2017,Tarif normal,PG-18820,Patrick Gardner,Grand public,États-Unis,New York City,New York,USCA - Est,OFF-BI-10004519,Fournitures de bureau,Classeurs,GBC DocuBind P100 Manual Binding Machine,398.35,3,0.2,124.49
1244,US-2017-162859,2/15/2017,2/22/2017,Tarif normal,PG-18820,Patrick Gardner,Grand public,États-Unis,New York City,New York,USCA - Est,OFF-FA-10000304,Fournitures de bureau,Éléments de fixation,Advantus Push Pins,8.72,4,0,3.58
1258,US-2017-168620,12/24/2017,12/28/2017,J+2,RB-19795,Ross Baird,Bureau à domicile,États-Unis,Charlotte,Caroline du Nord,USCA - Sud,OFF-BI-10001575,Fournitures de bureau,Classeurs,GBC Linen Binding Covers,27.88,3,0.7,-20.45
1259,US-2017-168620,12/24/2017,12/28/2017,J+2,RB-19795,Ross Baird,Bureau à domicile,États-Unis,Charlotte,Caroline du Nord,USCA - Sud,OFF-ST-10003716,Fournitures de bureau,Stockage,Tennsco Double-Tier Lockers,540.05,3,0.2,-47.25
1260,US-2017-168620,12/24/2017,12/28/2017,J+2,RB-19795,Ross Baird,Bureau à domicile,États-Unis,Charlotte,Caroline du Nord,USCA - Sud,TEC-AC-10004469,Produits technologiques,Accessoires,Microsoft Sculpt Comfort Mouse,255.68,8,0.2,76.7
1262,US-2017-144393,10/28/2017,11/4/2017,Tarif normal,SM-20950,Suzanne McNair,Entreprise,États-Unis,Greenville,Caroline du Nord,USCA - Sud,OFF-BI-10004236,Fournitures de bureau,Classeurs,"XtraLife ClearVue Slant-D Ring Binder, White, 3""",17.62,4,0.7,-14.09
1264,US-2017-155992,10/1/2017,10/2/2017,Prioritaire,CC-12220,Chris Cortes,Grand public,États-Unis,La Porte,Indiana,USCA - Centre,TEC-PH-10000215,Produits technologiques,Téléphones,Plantronics Cordless Phone Headset with In-line Volume - M214C,69.9,2,0,18.87
1265,US-2017-155992,10/1/2017,10/2/2017,Prioritaire,CC-12220,Chris Cortes,Grand public,États-Unis,La Porte,Indiana,USCA - Centre,FUR-FU-10003724,Mobilier,Meubles,Westinghouse Clip-On Gooseneck Lamps,41.85,5,0,10.88
1271,US-2017-103646,4/21/2017,4/26/2017,Tarif normal,SP-20545,Sibella Parks,Entreprise,États-Unis,Chicago,Illinois,USCA - Centre,OFF-ST-10000563,Fournitures de bureau,Stockage,Fellowes Bankers Box Stor/Drawer Steel Plus,102.34,4,0.2,-12.79
1272,US-2017-103646,4/21/2017,4/26/2017,Tarif normal,SP-20545,Sibella Parks,Entreprise,États-Unis,Chicago,Illinois,USCA - Centre,OFF-AP-10004487,Fournitures de bureau,Électroménager,Kensington 4 Outlet MasterPiece Compact Power Control Center,48.79,3,0.8,-126.86
1273,US-2017-103646,4/21/2017,4/26/2017,Tarif normal,SP-20545,Sibella Parks,Entreprise,États-Unis,Chicago,Illinois,USCA - Centre,OFF-BI-10002854,Fournitures de bureau,Classeurs,"Performers Binder/Pad Holder, Black",44.85,8,0.8,-67.27
1274,US-2017-119186,5/26/2017,5/26/2017,Le même jour,MS-17710,Maurice Satty,Grand public,États-Unis,Fort Worth,Texas,USCA - Centre,OFF-PA-10004621,Fournitures de bureau,Papier,Xerox 212,10.37,2,0.2,3.63
1275,US-2017-119186,5/26/2017,5/26/2017,Le même jour,MS-17710,Maurice Satty,Grand public,États-Unis,Fort Worth,Texas,USCA - Centre,FUR-CH-10001973,Mobilier,Chaises,Office Star Flex Back Scooter Chair with White Frame,388.43,5,0.3,-88.78
1276,US-2017-119186,5/26/2017,5/26/2017,Le même jour,MS-17710,Maurice Satty,Grand public,États-Unis,Fort Worth,Texas,USCA - Centre,OFF-PA-10004040,Fournitures de bureau,Papier,Universal Premium White Copier/Laser Paper (20Lb. and 87 Bright),14.35,3,0.2,5.2
1277,US-2017-119186,5/26/2017,5/26/2017,Le même jour,MS-17710,Maurice Satty,Grand public,États-Unis,Fort Worth,Texas,USCA - Centre,TEC-AC-10000580,Produits technologiques,Accessoires,Logitech G13 Programmable Gameboard with LCD Display,63.99,1,0.2,-7.2
1278,US-2017-148698,5/2/2017,5/7/2017,Tarif normal,BD-11770,Bryan Davis,Grand public,États-Unis,Houston,Texas,USCA - Centre,OFF-AR-10004022,Fournitures de bureau,Art,Panasonic KP-380BK Classic Electric Pencil Sharpener,86.35,3,0.2,5.4
1281,US-2017-160815,9/5/2017,9/6/2017,Prioritaire,TR-21325,Toby Ritter,Grand public,États-Unis,Cedar Rapids,Iowa,USCA - Centre,TEC-PH-10003505,Produits technologiques,Téléphones,Geemarc AmpliPOWER60,278.4,3,0,80.74
1286,US-2017-119445,6/26/2017,7/3/2017,Tarif normal,GM-14500,Gene McClure,Grand public,États-Unis,Providence,Rhode Island,USCA - Est,OFF-ST-10000617,Fournitures de bureau,Stockage,Woodgrain Magazine Files by Perma,14.9,5,0,1.04
1288,US-2017-154711,11/22/2017,11/26/2017,Tarif normal,TB-21355,Todd Boyes,Entreprise,États-Unis,New York City,New York,USCA - Est,FUR-FU-10000397,Mobilier,Meubles,Luxo Economy Swing Arm Lamp,39.88,2,0,11.17
1289,US-2017-154711,11/22/2017,11/26/2017,Tarif normal,TB-21355,Todd Boyes,Entreprise,États-Unis,New York City,New York,USCA - Est,OFF-BI-10000605,Fournitures de bureau,Classeurs,"Acco Pressboard Covers with Storage Hooks, 9 1/2"" x 11"", Executive Red",12.19,4,0.2,4.11
1290,US-2017-154711,11/22/2017,11/26/2017,Tarif normal,TB-21355,Todd Boyes,Entreprise,États-Unis,New York City,New York,USCA - Est,OFF-AR-10001860,Fournitures de bureau,Art,BIC Liqua Brite Liner,20.82,3,0,7.5
1291,US-2017-163384,11/10/2017,11/12/2017,Prioritaire,CC-12430,Chuck Clark,Bureau à domicile,États-Unis,San Francisco,Californie,USCA - Ouest,OFF-BI-10004970,Fournitures de bureau,Classeurs,"ACCOHIDE 3-Ring Binder, Blue, 1""",13.22,4,0.2,4.46
1292,US-2017-163384,11/10/2017,11/12/2017,Prioritaire,CC-12430,Chuck Clark,Bureau à domicile,États-Unis,San Francisco,Californie,USCA - Ouest,OFF-PA-10003172,Fournitures de bureau,Papier,Xerox 1996,32.4,5,0,15.55
1299,US-2017-134425,12/8/2017,12/12/2017,J+2,QJ-19255,Quincy Jones,Entreprise,États-Unis,Saint Paul,Minnesota,USCA - Centre,TEC-PH-10003555,Produits technologiques,Téléphones,Motorola HK250 Universal Bluetooth Headset,114.95,5,0,2.3
1301,US-2017-137043,12/23/2017,12/25/2017,J+2,LC-17140,Logan Currie,Grand public,États-Unis,Springfield,Virginie,USCA - Sud,FUR-FU-10003664,Mobilier,Meubles,"Electrix Architect's Clamp-On Swing Arm Lamp, Black",572.76,6,0,166.1
1302,US-2017-137043,12/23/2017,12/25/2017,J+2,LC-17140,Logan Currie,Grand public,États-Unis,Springfield,Virginie,USCA - Sud,FUR-FU-10003664,Mobilier,Meubles,"Electrix Architect's Clamp-On Swing Arm Lamp, Black",286.38,3,0,83.05
1306,US-2017-101966,7/14/2017,7/16/2017,J+2,BM-11785,Bryan Mills,Grand public,États-Unis,Houston,Texas,USCA - Centre,TEC-PH-10003437,Produits technologiques,Téléphones,Blue Parrot B250XT Professional Grade Wireless Bluetooth Headset with,419.94,7,0.2,52.49
1307,US-2017-141397,6/20/2017,6/21/2017,Prioritaire,RC-19825,Roy Collins,Grand public,États-Unis,Pasadena,Californie,USCA - Ouest,OFF-PA-10002986,Fournitures de bureau,Papier,Xerox 1898,46.76,7,0,22.44
1308,US-2017-141397,6/20/2017,6/21/2017,Prioritaire,RC-19825,Roy Collins,Grand public,États-Unis,Pasadena,Californie,USCA - Ouest,OFF-BI-10000320,Fournitures de bureau,Classeurs,GBC Plastic Binding Combs,17.71,3,0.2,6.42
1309,US-2017-141397,6/20/2017,6/21/2017,Prioritaire,RC-19825,Roy Collins,Grand public,États-Unis,Pasadena,Californie,USCA - Ouest,OFF-AP-10003971,Fournitures de bureau,Électroménager,Belkin 6 Outlet Metallic Surge Strip,21.78,2,0,5.66
1310,US-2017-141397,6/20/2017,6/21/2017,Prioritaire,RC-19825,Roy Collins,Grand public,États-Unis,Pasadena,Californie,USCA - Ouest,OFF-ST-10001469,Fournitures de bureau,Stockage,Fellowes Bankers Box Recycled Super Stor/Drawer,161.94,3,0,9.72
1311,US-2017-141397,6/20/2017,6/21/2017,Prioritaire,RC-19825,Roy Collins,Grand public,États-Unis,Pasadena,Californie,USCA - Ouest,FUR-CH-10003846,Mobilier,Chaises,Hon Valutask Swivel Chairs,161.57,2,0.2,-8.08
1312,CA-2017-141082,12/9/2017,12/13/2017,Tarif normal,FM-14380,Fred McMath,Grand public,Canada,Montréal,Québec,USCA - Est,OFF-LA-10001404,Fournitures de bureau,Étiquettes,Avery 517,3.69,1,0,1.73
1313,CA-2017-141082,12/9/2017,12/13/2017,Tarif normal,FM-14380,Fred McMath,Grand public,Canada,Montréal,Québec,USCA - Est,OFF-LA-10001474,Fournitures de bureau,Étiquettes,Avery 477,122.12,4,0,56.18
1314,US-2017-134488,9/24/2017,10/1/2017,Tarif normal,PK-19075,Pete Kriz,Grand public,États-Unis,Columbus,Ohio,USCA - Est,FUR-CH-10003199,Mobilier,Chaises,Office Star - Contemporary Task Swivel Chair,155.37,2,0.3,-13.32
1315,US-2017-145919,12/18/2017,12/23/2017,Tarif normal,HG-14965,Henry Goldwyn,Entreprise,États-Unis,Los Angeles,Californie,USCA - Ouest,OFF-PA-10003072,Fournitures de bureau,Papier,"Eureka Recycled Copy Paper 8 1/2"" x 11"", Ream",38.88,6,0,18.66
1316,US-2017-145919,12/18/2017,12/23/2017,Tarif normal,HG-14965,Henry Goldwyn,Entreprise,États-Unis,Los Angeles,Californie,USCA - Ouest,FUR-FU-10004960,Mobilier,Meubles,"Seth Thomas 12"" Clock w/ Goldtone Case",183.84,8,0,62.51
1317,US-2017-145919,12/18/2017,12/23/2017,Tarif normal,HG-14965,Henry Goldwyn,Entreprise,États-Unis,Los Angeles,Californie,USCA - Ouest,OFF-SU-10003505,Fournitures de bureau,Fournitures,Premier Electric Letter Opener,579.3,5,0,28.97
1328,US-2017-128258,3/30/2017,4/1/2017,Prioritaire,CP-12085,Cathy Prescott,Entreprise,États-Unis,Norwich,Connecticut,USCA - Est,OFF-PA-10004156,Fournitures de bureau,Papier,Xerox 188,11.34,1,0,5.56
1330,US-2017-142762,5/23/2017,5/27/2017,Tarif normal,LD-17005,Lisa DeCherney,Grand public,États-Unis,San Francisco,Californie,USCA - Ouest,FUR-FU-10003691,Mobilier,Meubles,"Eldon Image Series Desk Accessories, Ebony",37.05,3,0,16.3
1336,US-2017-122133,5/16/2017,5/23/2017,Tarif normal,JR-15670,Jim Radford,Grand public,États-Unis,Middletown,Connecticut,USCA - Est,OFF-ST-10002574,Fournitures de bureau,Stockage,"SAFCO Commercial Wire Shelving, Black",552.56,4,0,0
1352,US-2017-162901,3/28/2017,3/29/2017,Prioritaire,AS-10045,Aaron Smayling,Entreprise,États-Unis,Arlington,Virginie,USCA - Sud,OFF-ST-10000649,Fournitures de bureau,Stockage,Hanging Personal Folder File,31.4,2,0,7.85
1358,US-2017-145247,5/5/2017,5/7/2017,Prioritaire,ND-18370,Natalie DeCherney,Grand public,États-Unis,Louisville,Kentucky,USCA - Sud,OFF-PA-10003641,Fournitures de bureau,Papier,Xerox 1909,79.14,3,0,36.4
1382,US-2017-100566,9/3/2017,9/9/2017,Tarif normal,JK-16120,Julie Kriz,Bureau à domicile,États-Unis,Aurora,Illinois,USCA - Centre,FUR-FU-10003394,Mobilier,Meubles,"Tenex ""The Solids"" Textured Chair Mats",83.95,3,0.6,-90.25
1383,US-2017-108504,2/5/2017,2/5/2017,Le même jour,PP-18955,Paul Prost,Bureau à domicile,États-Unis,Smyrna,Géorgie,USCA - Sud,OFF-ST-10002344,Fournitures de bureau,Stockage,"Carina 42""Hx23 3/4""W Media Storage Unit",80.98,1,0,1.62
1384,US-2017-108504,2/5/2017,2/5/2017,Le même jour,PP-18955,Paul Prost,Bureau à domicile,États-Unis,Smyrna,Géorgie,USCA - Sud,OFF-PA-10001289,Fournitures de bureau,Papier,White Computer Printout Paper by Universal,348.84,9,0,170.93
1385,US-2017-108504,2/5/2017,2/5/2017,Le même jour,PP-18955,Paul Prost,Bureau à domicile,États-Unis,Smyrna,Géorgie,USCA - Sud,OFF-FA-10000053,Fournitures de bureau,Éléments de fixation,Revere Boxed Rubber Bands by Revere,9.45,5,0,0.19
1386,US-2017-108504,2/5/2017,2/5/2017,Le même jour,PP-18955,Paul Prost,Bureau à domicile,États-Unis,Smyrna,Géorgie,USCA - Sud,FUR-FU-10004091,Mobilier,Meubles,"Eldon 200 Class Desk Accessories, Black",18.84,3,0,7.16
1387,US-2017-108504,2/5/2017,2/5/2017,Le même jour,PP-18955,Paul Prost,Bureau à domicile,États-Unis,Smyrna,Géorgie,USCA - Sud,FUR-BO-10004015,Mobilier,Bibliothèques,"Bush Andora Bookcase, Maple/Graphite Gray Finish",239.98,2,0,52.8
1388,US-2017-108504,2/5/2017,2/5/2017,Le même jour,PP-18955,Paul Prost,Bureau à domicile,États-Unis,Smyrna,Géorgie,USCA - Sud,OFF-EN-10003001,Fournitures de bureau,Enveloppes,Ames Color-File Green Diamond Border X-ray Mailers,167.96,2,0,78.94
1389,US-2017-108504,2/5/2017,2/5/2017,Le même jour,PP-18955,Paul Prost,Bureau à domicile,États-Unis,Smyrna,Géorgie,USCA - Sud,TEC-PH-10000215,Produits technologiques,Téléphones,Plantronics Cordless Phone Headset with In-line Volume - M214C,104.85,3,0,28.31
1390,US-2017-108504,2/5/2017,2/5/2017,Le même jour,PP-18955,Paul Prost,Bureau à domicile,États-Unis,Smyrna,Géorgie,USCA - Sud,TEC-PH-10003645,Produits technologiques,Téléphones,Aastra 57i VoIP phone,484.83,3,0,126.06
1391,US-2017-108504,2/5/2017,2/5/2017,Le même jour,PP-18955,Paul Prost,Bureau à domicile,États-Unis,Smyrna,Géorgie,USCA - Sud,OFF-PA-10000357,Fournitures de bureau,Papier,"White Dual Perf Computer Printout Paper, 2700 Sheets, 1 Part, Heavyweight, 20 lbs., 14 7/8 x 11",122.97,3,0,60.26
1392,US-2017-108504,2/5/2017,2/5/2017,Le même jour,PP-18955,Paul Prost,Bureau à domicile,États-Unis,Smyrna,Géorgie,USCA - Sud,OFF-ST-10004804,Fournitures de bureau,Stockage,"Belkin 19"" Vented Equipment Shelf, Black",154.44,3,0,1.54
1393,US-2017-108504,2/5/2017,2/5/2017,Le même jour,PP-18955,Paul Prost,Bureau à domicile,États-Unis,Smyrna,Géorgie,USCA - Sud,OFF-PA-10003892,Fournitures de bureau,Papier,Xerox 1943,342.37,7,0,160.91
1397,US-2017-124485,11/24/2017,11/26/2017,Prioritaire,NC-18340,Nat Carroll,Grand public,États-Unis,New York City,New York,USCA - Est,OFF-BI-10000822,Fournitures de bureau,Classeurs,"Acco PRESSTEX Data Binder with Storage Hooks, Light Blue, 9 1/2"" X 11""",17.22,4,0.2,6.03
1398,US-2017-124485,11/24/2017,11/26/2017,Prioritaire,NC-18340,Nat Carroll,Grand public,États-Unis,New York City,New York,USCA - Est,OFF-PA-10004971,Fournitures de bureau,Papier,Xerox 196,11.56,2,0,5.66
1399,US-2017-124485,11/24/2017,11/26/2017,Prioritaire,NC-18340,Nat Carroll,Grand public,États-Unis,New York City,New York,USCA - Est,TEC-AC-10002323,Produits technologiques,Accessoires,SanDisk Ultra 32 GB MicroSDHC Class 10 Memory Card,88.4,4,0,11.49
1400,US-2017-124485,11/24/2017,11/26/2017,Prioritaire,NC-18340,Nat Carroll,Grand public,États-Unis,New York City,New York,USCA - Est,OFF-PA-10004888,Fournitures de bureau,Papier,Xerox 217,6.48,1,0,3.11
1401,US-2017-159212,11/1/2017,11/5/2017,Tarif normal,KM-16375,Katherine Murray,Bureau à domicile,États-Unis,Salem,Virginie,USCA - Sud,TEC-PH-10003988,Produits technologiques,Téléphones,"LF Elite 3D Dazzle Designer Hard Case Cover, Lf Stylus Pen and Wiper For Apple Iphone 5c Mini Lite",21.8,2,0,6.1
1402,US-2017-159212,11/1/2017,11/5/2017,Tarif normal,KM-16375,Katherine Murray,Bureau à domicile,États-Unis,Salem,Virginie,USCA - Sud,OFF-EN-10002230,Fournitures de bureau,Enveloppes,Airmail Envelopes,251.79,3,0,118.34
1403,US-2017-161396,4/19/2017,4/25/2017,Tarif normal,GM-14455,Gary Mitchum,Bureau à domicile,États-Unis,Columbus,Ohio,USCA - Est,FUR-TA-10002622,Mobilier,Tables,"Bush Andora Conference Table, Maple/Graphite Gray Finish",205.18,2,0.4,-58.13
1404,US-2017-161396,4/19/2017,4/25/2017,Tarif normal,GM-14455,Gary Mitchum,Bureau à domicile,États-Unis,Columbus,Ohio,USCA - Est,OFF-PA-10000418,Fournitures de bureau,Papier,Xerox 189,419.4,5,0.2,146.79
1408,US-2017-130407,9/2/2017,9/6/2017,Tarif normal,KD-16270,Karen Daniels,Grand public,États-Unis,New York City,New York,USCA - Est,OFF-AR-10002240,Fournitures de bureau,Art,Panasonic KP-150 Electric Pencil Sharpener,75.48,2,0,19.62
1409,US-2017-130407,9/2/2017,9/6/2017,Tarif normal,KD-16270,Karen Daniels,Grand public,États-Unis,New York City,New York,USCA - Est,FUR-FU-10001967,Mobilier,Meubles,Telescoping Adjustable Floor Lamp,39.98,2,0,10
1410,US-2017-122245,9/25/2017,9/29/2017,Tarif normal,AB-10105,Adrian Barton,Grand public,États-Unis,Phoenix,Arizona,USCA - Ouest,FUR-TA-10002356,Mobilier,Tables,Bevis Boat-Shaped Conference Table,393.17,3,0.5,-204.45
1412,US-2017-136329,7/9/2017,7/13/2017,Tarif normal,JD-15895,Jonathan Doherty,Entreprise,États-Unis,New York City,New York,USCA - Est,FUR-CH-10002335,Mobilier,Chaises,Hon GuestStacker Chair,408.01,2,0.1,72.53
1413,US-2017-136329,7/9/2017,7/13/2017,Tarif normal,JD-15895,Jonathan Doherty,Entreprise,États-Unis,New York City,New York,USCA - Est,FUR-FU-10000723,Mobilier,Meubles,"Deflect-o EconoMat Studded, No Bevel Mat for Low Pile Carpeting",165.28,4,0,14.88
1435,US-2017-153129,12/26/2017,12/30/2017,Tarif normal,FP-14320,Frank Preis,Grand public,États-Unis,Seattle,Washington,USCA - Ouest,OFF-PA-10003673,Fournitures de bureau,Papier,Strathmore Photo Mount Cards,33.9,5,0,15.59
1445,US-2017-133725,5/23/2017,5/28/2017,Tarif normal,KL-16645,Ken Lonsdale,Grand public,États-Unis,Chicago,Illinois,USCA - Centre,TEC-PH-10004165,Produits technologiques,Téléphones,Mitel MiVoice 5330e IP Phone,1979.93,9,0.2,148.49
1452,US-2017-133711,11/26/2017,11/29/2017,Prioritaire,MC-17425,Mark Cousins,Entreprise,États-Unis,Mobile,Alabama,USCA - Sud,OFF-PA-10001685,Fournitures de bureau,Papier,Easy-staple paper,70.98,7,0,34.78
1453,US-2017-133711,11/26/2017,11/29/2017,Prioritaire,MC-17425,Mark Cousins,Entreprise,États-Unis,Mobile,Alabama,USCA - Sud,OFF-BI-10000666,Fournitures de bureau,Classeurs,Surelock Post Binders,91.68,3,0,45.84
1454,US-2017-133711,11/26/2017,11/29/2017,Prioritaire,MC-17425,Mark Cousins,Entreprise,États-Unis,Mobile,Alabama,USCA - Sud,OFF-BI-10004352,Fournitures de bureau,Classeurs,Wilson Jones DublLock D-Ring Binders,33.75,5,0,16.88
1455,US-2017-133711,11/26/2017,11/29/2017,Prioritaire,MC-17425,Mark Cousins,Entreprise,États-Unis,Mobile,Alabama,USCA - Sud,TEC-MA-10000010,Produits technologiques,Machines,Hewlett-Packard Deskjet 3050a All-in-One Color Inkjet Printer,3040,8,0,1459.2
1459,US-2017-123722,9/25/2017,10/1/2017,Tarif normal,NH-18610,Nicole Hansen,Entreprise,États-Unis,Irving,Texas,USCA - Centre,OFF-LA-10001569,Fournitures de bureau,Étiquettes,Avery 499,15.94,4,0.2,5.18
1462,US-2017-128902,3/11/2017,3/15/2017,Tarif normal,MB-18085,Mick Brown,Grand public,États-Unis,Vineland,New Jersey,USCA - Est,FUR-TA-10001095,Mobilier,Tables,Chromcraft Round Conference Tables,244.01,2,0.3,-31.37
1463,US-2017-152289,8/26/2017,8/28/2017,Prioritaire,LC-16930,Linda Cazamias,Entreprise,États-Unis,Pasadena,Texas,USCA - Centre,TEC-AC-10004571,Produits technologiques,Accessoires,Logitech G700s Rechargeable Gaming Mouse,159.98,2,0.2,44
1464,US-2017-152289,8/26/2017,8/28/2017,Prioritaire,LC-16930,Linda Cazamias,Entreprise,États-Unis,Pasadena,Texas,USCA - Centre,FUR-CH-10002126,Mobilier,Chaises,Hon Deluxe Fabric Upholstered Stacking Chairs,1024.72,6,0.3,-29.28
1465,US-2017-104794,12/16/2017,12/19/2017,Prioritaire,KD-16495,Keith Dawkins,Entreprise,États-Unis,New York City,New York,USCA - Est,OFF-FA-10001754,Fournitures de bureau,Éléments de fixation,Stockwell Gold Paper Clips,3.68,2,0,1.8
1475,US-2017-113138,11/19/2017,11/25/2017,Tarif normal,NP-18685,Nora Pelletier,Bureau à domicile,États-Unis,Niagara Falls,New York,USCA - Est,OFF-AR-10003770,Fournitures de bureau,Art,Newell 340,17.28,6,0,5.01
1476,US-2017-113138,11/19/2017,11/25/2017,Tarif normal,NP-18685,Nora Pelletier,Bureau à domicile,États-Unis,Niagara Falls,New York,USCA - Est,OFF-BI-10000320,Fournitures de bureau,Classeurs,GBC Plastic Binding Combs,17.71,3,0.2,6.42
1478,US-2017-121958,11/13/2017,11/17/2017,Tarif normal,CS-12505,Cindy Stewart,Grand public,États-Unis,Thomasville,Caroline du Nord,USCA - Sud,OFF-SU-10000381,Fournitures de bureau,Fournitures,Acme Forged Steel Scissors with Black Enamel Handles,52.14,7,0.2,5.87
1480,US-2017-108455,12/2/2017,12/8/2017,Tarif normal,MK-18160,Mike Kennedy,Grand public,États-Unis,San Francisco,Californie,USCA - Ouest,OFF-PA-10002262,Fournitures de bureau,Papier,Xerox 192,25.92,4,0,12.44
1481,US-2017-108455,12/2/2017,12/8/2017,Tarif normal,MK-18160,Mike Kennedy,Grand public,États-Unis,San Francisco,Californie,USCA - Ouest,OFF-PA-10002464,Fournitures de bureau,Papier,HP Office Recycled Paper (20Lb. and 87 Bright),40.46,7,0,19.83
1482,US-2017-108455,12/2/2017,12/8/2017,Tarif normal,MK-18160,Mike Kennedy,Grand public,États-Unis,San Francisco,Californie,USCA - Ouest,OFF-ST-10002214,Fournitures de bureau,Stockage,X-Rack File for Hanging Folders,33.87,3,0,8.81
1485,US-2017-108098,10/14/2017,10/18/2017,Tarif normal,CP-12340,Christine Phan,Entreprise,États-Unis,Seattle,Washington,USCA - Ouest,TEC-AC-10000865,Produits technologiques,Accessoires,WD My Passport Ultra 500GB Portable External Hard Drive,177,3,0,30.09
1499,US-2017-141586,10/17/2017,10/20/2017,Prioritaire,NK-18490,Neil Knudson,Bureau à domicile,États-Unis,San Francisco,Californie,USCA - Ouest,OFF-BI-10003981,Fournitures de bureau,Classeurs,"Avery Durable Plastic 1"" Binders",18.16,5,0.2,6.58
1503,US-2017-100468,11/24/2017,12/1/2017,Tarif normal,AT-10435,Alyssa Tate,Bureau à domicile,États-Unis,Los Angeles,Californie,USCA - Ouest,TEC-PH-10001300,Produits technologiques,Téléphones,"iKross Bluetooth Portable Keyboard + Cell Phone Stand Holder + Brush for Apple iPhone 5S 5C 5, 4S 4",33.52,2,0.2,3.35
1504,US-2017-100468,11/24/2017,12/1/2017,Tarif normal,AT-10435,Alyssa Tate,Bureau à domicile,États-Unis,Los Angeles,Californie,USCA - Ouest,FUR-FU-10000010,Mobilier,Meubles,"DAX Value U-Channel Document Frames, Easel Back",9.94,2,0,3.08
1508,US-2017-134208,9/17/2017,9/23/2017,Tarif normal,CS-12505,Cindy Stewart,Grand public,États-Unis,Columbus,Géorgie,USCA - Sud,TEC-MA-10004458,Produits technologiques,Machines,Lexmark X 9575 Professional All-in-One Color Printer,396,4,0,190.08
1527,US-2017-122392,7/22/2017,7/27/2017,Tarif normal,CJ-12010,Caroline Jumper,Grand public,États-Unis,Allentown,Pennsylvanie,USCA - Est,OFF-AR-10002221,Fournitures de bureau,Art,12 Colored Short Pencils,4.16,2,0.2,0.36
1528,US-2017-122392,7/22/2017,7/27/2017,Tarif normal,CJ-12010,Caroline Jumper,Grand public,États-Unis,Allentown,Pennsylvanie,USCA - Est,FUR-FU-10002456,Mobilier,Meubles,"Master Caster Door Stop, Large Neon Orange",11.65,2,0.2,3.35
1534,US-2017-139885,12/4/2017,12/8/2017,Tarif normal,EB-13840,Ellis Ballard,Entreprise,États-Unis,New York City,New York,USCA - Est,OFF-ST-10003324,Fournitures de bureau,Stockage,Belkin OmniView SE Rackmount Kit,212.88,6,0,0
1536,US-2017-112389,10/29/2017,11/2/2017,Tarif normal,JM-15655,Jim Mitchum,Entreprise,États-Unis,Bridgeton,New Jersey,USCA - Est,OFF-ST-10000419,Fournitures de bureau,Stockage,"Rogers Jumbo File, Granite",40.74,3,0,0.41
1537,US-2017-112389,10/29/2017,11/2/2017,Tarif normal,JM-15655,Jim Mitchum,Entreprise,États-Unis,Bridgeton,New Jersey,USCA - Est,OFF-AP-10001626,Fournitures de bureau,Électroménager,"Commercial WindTunnel Clean Air Upright Vacuum, Replacement Belts, Filtration Bags",11.67,3,0,3.03
1552,US-2017-159345,6/17/2017,6/22/2017,Tarif normal,IG-15085,Ivan Gibson,Grand public,États-Unis,San Diego,Californie,USCA - Ouest,OFF-PA-10000806,Fournitures de bureau,Papier,Xerox 1934,111.96,2,0,54.86
1557,US-2017-109176,5/9/2017,5/15/2017,Tarif normal,JW-16075,Julia West,Grand public,États-Unis,Philadelphia,Pennsylvanie,USCA - Est,OFF-EN-10003134,Fournitures de bureau,Enveloppes,Staple envelope,9.34,1,0.2,3.5
1558,US-2017-109176,5/9/2017,5/15/2017,Tarif normal,JW-16075,Julia West,Grand public,États-Unis,Philadelphia,Pennsylvanie,USCA - Est,OFF-AR-10001955,Fournitures de bureau,Art,Newell 319,79.36,5,0.2,9.92
1560,US-2017-126809,4/9/2017,4/13/2017,Tarif normal,EB-13750,Edward Becker,Entreprise,États-Unis,Seattle,Washington,USCA - Ouest,OFF-BI-10003712,Fournitures de bureau,Classeurs,"Acco Pressboard Covers with Storage Hooks, 14 7/8"" x 11"", Light Blue",35.35,9,0.2,12.82
1577,US-2017-109057,4/22/2017,4/27/2017,Tarif normal,TT-21460,Tonja Turnell,Bureau à domicile,États-Unis,Aurora,Illinois,USCA - Centre,OFF-ST-10002406,Fournitures de bureau,Stockage,Pizazz Global Quick File,23.95,2,0.2,2.4
1578,US-2017-154403,5/23/2017,5/27/2017,Tarif normal,AP-10720,Anne Pryor,Bureau à domicile,États-Unis,Florence,Alabama,USCA - Sud,OFF-PA-10001526,Fournitures de bureau,Papier,Xerox 1949,4.98,1,0,2.44
1579,US-2017-102456,2/27/2017,3/1/2017,Prioritaire,DL-12865,Dan Lawera,Grand public,États-Unis,New York City,New York,USCA - Est,OFF-AP-10004336,Fournitures de bureau,Électroménager,"Conquest 14 Commercial Heavy-Duty Upright Vacuum, Collection System, Accessory Kit",170.88,3,0,49.56
1590,US-2017-109911,5/12/2017,5/16/2017,Tarif normal,VG-21805,Vivek Grady,Entreprise,États-Unis,Virginia Beach,Virginie,USCA - Sud,OFF-AR-10001662,Fournitures de bureau,Art,Rogers Handheld Barrel Pencil Sharpener,10.96,4,0,2.96
1591,US-2017-132423,4/15/2017,4/19/2017,Tarif normal,MY-18295,Muhammed Yedwab,Entreprise,États-Unis,Grapevine,Texas,USCA - Centre,OFF-AR-10001221,Fournitures de bureau,Art,"Dixon Ticonderoga Erasable Colored Pencil Set, 12-Color",33.49,7,0.2,5.86
1592,US-2017-132423,4/15/2017,4/19/2017,Tarif normal,MY-18295,Muhammed Yedwab,Entreprise,États-Unis,Grapevine,Texas,USCA - Centre,OFF-FA-10002988,Fournitures de bureau,Éléments de fixation,Ideal Clamps,8.04,5,0.2,2.91
1602,US-2017-164672,5/8/2017,5/13/2017,J+2,GB-14530,George Bell,Entreprise,États-Unis,Dover,Delaware,USCA - Est,FUR-FU-10001488,Mobilier,Meubles,"Tenex 46"" x 60"" Computer Anti-Static Chairmat, Rectangular Shaped",211.96,2,0,42.39
1603,US-2017-132857,12/11/2017,12/17/2017,Tarif normal,CA-12775,Cynthia Arntzen,Grand public,États-Unis,Smyrna,Tennessee,USCA - Sud,OFF-AR-10003251,Fournitures de bureau,Art,Prang Drawing Pencil Set,6.67,3,0.2,1.67
1605,US-2017-115819,4/19/2017,4/24/2017,J+2,JO-15280,Jas O'Carroll,Grand public,États-Unis,Los Angeles,Californie,USCA - Ouest,TEC-PH-10004700,Produits technologiques,Téléphones,PowerGen Dual USB Car Charger,39.96,5,0.2,12.99
1606,US-2017-115819,4/19/2017,4/24/2017,J+2,JO-15280,Jas O'Carroll,Grand public,États-Unis,Los Angeles,Californie,USCA - Ouest,OFF-AR-10000823,Fournitures de bureau,Art,Newell 307,5.46,3,0,1.53
1607,US-2017-115819,4/19/2017,4/24/2017,J+2,JO-15280,Jas O'Carroll,Grand public,États-Unis,Los Angeles,Californie,USCA - Ouest,OFF-AR-10004456,Fournitures de bureau,Art,Panasonic KP-4ABK Battery-Operated Pencil Sharpener,73.2,5,0,21.23
1608,US-2017-115819,4/19/2017,4/24/2017,J+2,JO-15280,Jas O'Carroll,Grand public,États-Unis,Los Angeles,Californie,USCA - Ouest,OFF-BI-10000050,Fournitures de bureau,Classeurs,"Angle-D Binders with Locking Rings, Label Holders",5.84,1,0.2,1.97
1609,US-2017-115819,4/19/2017,4/24/2017,J+2,JO-15280,Jas O'Carroll,Grand public,États-Unis,Los Angeles,Californie,USCA - Ouest,OFF-PA-10002377,Fournitures de bureau,Papier,"Adams Telephone Message Book W/Dividers/Space For Phone Numbers, 5 1/4""X8 1/2"", 200/Messages",22.72,4,0,10.22
1610,US-2017-115819,4/19/2017,4/24/2017,J+2,JO-15280,Jas O'Carroll,Grand public,États-Unis,Los Angeles,Californie,USCA - Ouest,OFF-BI-10000591,Fournitures de bureau,Classeurs,Avery Binder Labels,9.34,3,0.2,3.27
1615,US-2017-113509,3/15/2017,3/19/2017,Tarif normal,PL-18925,Paul Lucas,Bureau à domicile,États-Unis,Philadelphia,Pennsylvanie,USCA - Est,TEC-AC-10004855,Produits technologiques,Accessoires,V7 USB Numeric Keypad,83.98,3,0.2,-13.65
1619,US-2017-118780,9/10/2017,9/14/2017,J+2,PN-18775,Parhena Norris,Bureau à domicile,États-Unis,New York City,New York,USCA - Est,OFF-ST-10000352,Fournitures de bureau,Stockage,Acco Perma 2700 Stacking Storage Drawers,59.48,2,0,8.92
1620,US-2017-118780,9/10/2017,9/14/2017,J+2,PN-18775,Parhena Norris,Bureau à domicile,États-Unis,New York City,New York,USCA - Est,OFF-PA-10000575,Fournitures de bureau,Papier,"Wirebound Message Books, Four 2 3/4 x 5 White Forms per Page",6.69,1,0,3.08
1631,US-2017-106530,5/8/2017,5/8/2017,Le même jour,CL-12565,Clay Ludtke,Grand public,États-Unis,Cleveland,Ohio,USCA - Est,OFF-ST-10002011,Fournitures de bureau,Stockage,Smead Adjustable Mobile File Trolley with Lockable Top,1006.06,3,0.2,88.03
1632,US-2017-106530,5/8/2017,5/8/2017,Le même jour,CL-12565,Clay Ludtke,Grand public,États-Unis,Cleveland,Ohio,USCA - Est,OFF-PA-10002986,Fournitures de bureau,Papier,Xerox 1898,10.69,2,0.2,3.74
1633,US-2017-106530,5/8/2017,5/8/2017,Le même jour,CL-12565,Clay Ludtke,Grand public,États-Unis,Cleveland,Ohio,USCA - Est,OFF-PA-10004451,Fournitures de bureau,Papier,Xerox 222,10.37,2,0.2,3.63
1634,US-2017-106530,5/8/2017,5/8/2017,Le même jour,CL-12565,Clay Ludtke,Grand public,États-Unis,Cleveland,Ohio,USCA - Est,OFF-ST-10000649,Fournitures de bureau,Stockage,Hanging Personal Folder File,25.12,2,0.2,1.57
1635,US-2017-106530,5/8/2017,5/8/2017,Le même jour,CL-12565,Clay Ludtke,Grand public,États-Unis,Cleveland,Ohio,USCA - Est,TEC-AC-10001465,Produits technologiques,Accessoires,SanDisk Cruzer 64 GB USB Flash Drive,58.11,2,0.2,7.26
1639,US-2017-157266,5/26/2017,6/1/2017,Tarif normal,TB-21280,Toby Braunhardt,Grand public,États-Unis,Washington,District de Columbia,USCA - Est,OFF-PA-10002689,Fournitures de bureau,Papier,Weyerhaeuser First Choice Laser/Copy Paper (20Lb. and 88 Bright),19.44,3,0,9.33
1640,US-2017-157266,5/26/2017,6/1/2017,Tarif normal,TB-21280,Toby Braunhardt,Grand public,États-Unis,Washington,District de Columbia,USCA - Est,OFF-BI-10004728,Fournitures de bureau,Classeurs,Wilson Jones Turn Tabs Binder Tool for Ring Binders,9.64,2,0,4.43
1641,US-2017-157266,5/26/2017,6/1/2017,Tarif normal,TB-21280,Toby Braunhardt,Grand public,États-Unis,Washington,District de Columbia,USCA - Est,OFF-PA-10004675,Fournitures de bureau,Papier,"Telephone Message Books with Fax/Mobile Section, 5 1/2"" x 3 3/16""",12.7,2,0,5.84
1642,US-2017-157266,5/26/2017,6/1/2017,Tarif normal,TB-21280,Toby Braunhardt,Grand public,États-Unis,Washington,District de Columbia,USCA - Est,FUR-FU-10000629,Mobilier,Meubles,9-3/4 Diameter Round Wall Clock,41.37,3,0,17.38
1664,US-2017-128531,11/24/2017,11/26/2017,J+2,NS-18505,Neola Schneider,Grand public,États-Unis,Dallas,Texas,USCA - Centre,OFF-ST-10001325,Fournitures de bureau,Stockage,Sterilite Officeware Hinged File Box,41.92,5,0.2,3.67
1665,US-2017-128531,11/24/2017,11/26/2017,J+2,NS-18505,Neola Schneider,Grand public,États-Unis,Dallas,Texas,USCA - Centre,TEC-AC-10002049,Produits technologiques,Accessoires,Logitech G19 Programmable Gaming Keyboard,297.58,3,0.2,-7.44
1666,US-2017-128531,11/24/2017,11/26/2017,J+2,NS-18505,Neola Schneider,Grand public,États-Unis,Dallas,Texas,USCA - Centre,OFF-FA-10002676,Fournitures de bureau,Éléments de fixation,Colored Push Pins,4.34,3,0.2,0.87
1667,US-2017-128531,11/24/2017,11/26/2017,J+2,NS-18505,Neola Schneider,Grand public,États-Unis,Dallas,Texas,USCA - Centre,TEC-AC-10003023,Produits technologiques,Accessoires,Logitech G105 Gaming Keyboard,94.99,2,0.2,-2.37
1668,US-2017-128531,11/24/2017,11/26/2017,J+2,NS-18505,Neola Schneider,Grand public,États-Unis,Dallas,Texas,USCA - Centre,OFF-PA-10000167,Fournitures de bureau,Papier,Xerox 1925,74.35,3,0.2,23.24
1669,US-2017-128531,11/24/2017,11/26/2017,J+2,NS-18505,Neola Schneider,Grand public,États-Unis,Dallas,Texas,USCA - Centre,OFF-AR-10003405,Fournitures de bureau,Art,"Dixon My First Ticonderoga Pencil, #2",14.04,3,0.2,1.58
1672,US-2017-107615,3/22/2017,3/25/2017,Prioritaire,RB-19645,Robert Barroso,Entreprise,États-Unis,North Las Vegas,Nevada,USCA - Ouest,TEC-AC-10001013,Produits technologiques,Accessoires,Logitech ClearChat Comfort/USB Headset H390,58.58,2,0,19.33
1677,US-2017-122728,5/18/2017,5/24/2017,Tarif normal,EB-13930,Eric Barreto,Grand public,États-Unis,San Francisco,Californie,USCA - Ouest,OFF-ST-10000604,Fournitures de bureau,Stockage,Home/Office Personal File Carts,104.28,3,0,26.07
1678,US-2017-122728,5/18/2017,5/24/2017,Tarif normal,EB-13930,Eric Barreto,Grand public,États-Unis,San Francisco,Californie,USCA - Ouest,OFF-PA-10004040,Fournitures de bureau,Papier,Universal Premium White Copier/Laser Paper (20Lb. and 87 Bright),17.94,3,0,8.79
1683,US-2017-101497,9/29/2017,10/1/2017,J+2,PS-18760,Pamela Stobb,Grand public,États-Unis,Los Angeles,Californie,USCA - Ouest,OFF-PA-10000176,Fournitures de bureau,Papier,Xerox 1887,18.97,1,0,9.11
1684,US-2017-147585,11/7/2017,11/12/2017,Tarif normal,CB-12535,Claudia Bergmann,Entreprise,États-Unis,San Francisco,Californie,USCA - Ouest,FUR-FU-10002597,Mobilier,Meubles,"C-Line Magnetic Cubicle Keepers, Clear Polypropylene",14.82,3,0,6.22
1693,US-2017-154361,3/14/2017,3/19/2017,Tarif normal,HZ-14950,Henia Zydlo,Grand public,États-Unis,Columbus,Ohio,USCA - Est,FUR-FU-10004020,Mobilier,Meubles,Advantus Panel Wall Acrylic Frame,21.88,5,0.2,6.29
1694,US-2017-158708,6/26/2017,6/29/2017,J+2,AB-10255,Alejandro Ballentine,Bureau à domicile,États-Unis,Plano,Texas,USCA - Centre,TEC-AC-10003133,Produits technologiques,Accessoires,Memorex Mini Travel Drive 4 GB USB 2.0 Flash Drive,13.62,2,0.2,3.57
1705,US-2017-106306,3/8/2017,3/8/2017,Le même jour,PG-18820,Patrick Gardner,Grand public,États-Unis,Glendale,Arizona,USCA - Ouest,OFF-BI-10003676,Fournitures de bureau,Classeurs,"GBC Standard Recycled Report Covers, Clear Plastic Sheets",9.7,3,0.7,-7.11
1716,US-2017-154788,1/20/2017,1/24/2017,Tarif normal,JL-15835,John Lee,Grand public,États-Unis,New York City,New York,USCA - Est,OFF-BI-10003314,Fournitures de bureau,Classeurs,Tuff Stuff Recycled Round Ring Binders,7.71,2,0.2,2.8
1717,US-2017-169943,5/19/2017,5/24/2017,Tarif normal,BN-11515,Bradley Nguyen,Grand public,États-Unis,New York City,New York,USCA - Est,OFF-AP-10001563,Fournitures de bureau,Électroménager,Belkin Premiere Surge Master II 8-outlet surge protector,242.9,5,0,70.44
1718,US-2017-169943,5/19/2017,5/24/2017,Tarif normal,BN-11515,Bradley Nguyen,Grand public,États-Unis,New York City,New York,USCA - Est,OFF-ST-10004123,Fournitures de bureau,Stockage,Safco Industrial Wire Shelving System,454.9,5,0,0
1719,US-2017-169943,5/19/2017,5/24/2017,Tarif normal,BN-11515,Bradley Nguyen,Grand public,États-Unis,New York City,New York,USCA - Est,FUR-FU-10002088,Mobilier,Meubles,Nu-Dell Float Frame 11 x 14 1/2,35.92,4,0,15.09
1720,US-2017-169943,5/19/2017,5/24/2017,Tarif normal,BN-11515,Bradley Nguyen,Grand public,États-Unis,New York City,New York,USCA - Est,FUR-FU-10000010,Mobilier,Meubles,"DAX Value U-Channel Document Frames, Easel Back",39.76,8,0,12.33
1721,US-2017-169943,5/19/2017,5/24/2017,Tarif normal,BN-11515,Bradley Nguyen,Grand public,États-Unis,New York City,New York,USCA - Est,OFF-BI-10002824,Fournitures de bureau,Classeurs,Recycled Easel Ring Binders,47.74,4,0.2,14.92
1729,US-2017-106894,2/7/2017,2/7/2017,Le même jour,CA-12265,Christina Anderson,Grand public,États-Unis,Springfield,Virginie,USCA - Sud,TEC-AC-10003063,Produits technologiques,Accessoires,Micro Innovations USB RF Wireless Keyboard with Mouse,100,4,0,21
1730,US-2017-106894,2/7/2017,2/7/2017,Le même jour,CA-12265,Christina Anderson,Grand public,États-Unis,Springfield,Virginie,USCA - Sud,OFF-LA-10001045,Fournitures de bureau,Étiquettes,Permanent Self-Adhesive File Folder Labels for Typewriters by Universal,7.83,3,0,3.6
1733,US-2017-131149,7/10/2017,7/14/2017,Tarif normal,LH-17155,Logan Haushalter,Grand public,États-Unis,Dallas,Texas,USCA - Centre,OFF-ST-10000689,Fournitures de bureau,Stockage,"Fellowes Strictly Business Drawer File, Letter/Legal Size",338.04,3,0.2,-33.8
1734,US-2017-131149,7/10/2017,7/14/2017,Tarif normal,LH-17155,Logan Haushalter,Grand public,États-Unis,Dallas,Texas,USCA - Centre,OFF-AR-10002135,Fournitures de bureau,Art,Boston Heavy-Duty Trimline Electric Pencil Sharpeners,154.24,4,0.2,17.35
1747,US-2017-155670,8/13/2017,8/17/2017,J+2,EM-14065,Erin Mull,Grand public,États-Unis,Jacksonville,Caroline du Nord,USCA - Sud,OFF-BI-10000138,Fournitures de bureau,Classeurs,Acco Translucent Poly Ring Binders,11.23,8,0.7,-8.24
1748,US-2017-155670,8/13/2017,8/17/2017,J+2,EM-14065,Erin Mull,Grand public,États-Unis,Jacksonville,Caroline du Nord,USCA - Sud,OFF-PA-10004947,Fournitures de bureau,Papier,Easy-staple paper,10.27,3,0.2,3.21
1764,US-2017-110254,8/4/2017,8/8/2017,Tarif normal,ML-17755,Max Ludwig,Bureau à domicile,États-Unis,Suffolk,Virginie,USCA - Sud,OFF-SU-10002573,Fournitures de bureau,Fournitures,"Acme 10"" Easy Grip Assistive Scissors",35.06,2,0,10.52
1765,US-2017-110254,8/4/2017,8/8/2017,Tarif normal,ML-17755,Max Ludwig,Bureau à domicile,États-Unis,Suffolk,Virginie,USCA - Sud,OFF-LA-10004484,Fournitures de bureau,Étiquettes,Avery 476,4.13,1,0,1.9
1766,US-2017-110254,8/4/2017,8/8/2017,Tarif normal,ML-17755,Max Ludwig,Bureau à domicile,États-Unis,Suffolk,Virginie,USCA - Sud,FUR-FU-10001591,Mobilier,Meubles,Advantus Panel Wall Certificate Holder - 8.5x11,109.8,9,0,46.12
1767,US-2017-110254,8/4/2017,8/8/2017,Tarif normal,ML-17755,Max Ludwig,Bureau à domicile,États-Unis,Suffolk,Virginie,USCA - Sud,OFF-LA-10002034,Fournitures de bureau,Étiquettes,Avery 478,9.82,2,0,4.81
1772,US-2017-129686,11/27/2017,11/29/2017,J+2,GG-14650,Greg Guthrie,Entreprise,États-Unis,Chicago,Illinois,USCA - Centre,OFF-ST-10004337,Fournitures de bureau,Stockage,"SAFCO Commercial Wire Shelving, 72h",97.98,2,0.2,-24.5
1773,US-2017-129686,11/27/2017,11/29/2017,J+2,GG-14650,Greg Guthrie,Entreprise,États-Unis,Chicago,Illinois,USCA - Centre,TEC-AC-10001266,Produits technologiques,Accessoires,Memorex Micro Travel Drive 8 GB,62.4,6,0.2,19.5
1780,US-2017-124667,11/11/2017,11/16/2017,Tarif normal,BD-11770,Bryan Davis,Grand public,États-Unis,New York City,New York,USCA - Est,TEC-AC-10003447,Produits technologiques,Accessoires,Micropad Numeric Keypads,59.97,3,0,14.99
1781,US-2017-124667,11/11/2017,11/16/2017,Tarif normal,BD-11770,Bryan Davis,Grand public,États-Unis,New York City,New York,USCA - Est,OFF-ST-10002276,Fournitures de bureau,Stockage,Safco Steel Mobile File Cart,83.36,1,0,20.84
1795,US-2017-140774,9/5/2017,9/10/2017,Tarif normal,BE-11455,Brad Eason,Bureau à domicile,États-Unis,Olathe,Kansas,USCA - Centre,OFF-AR-10004022,Fournitures de bureau,Art,Panasonic KP-380BK Classic Electric Pencil Sharpener,107.94,3,0,26.99
1799,US-2017-100965,7/7/2017,7/11/2017,Tarif normal,RM-19375,Raymond Messe,Grand public,États-Unis,San Jose,Californie,USCA - Ouest,FUR-FU-10003039,Mobilier,Meubles,"Howard Miller 11-1/2"" Diameter Grantwood Wall Clock",215.65,5,0,73.32
1800,US-2017-121034,8/8/2017,8/10/2017,J+2,JF-15565,Jill Fjeld,Grand public,États-Unis,Dallas,Texas,USCA - Centre,OFF-FA-10000585,Fournitures de bureau,Éléments de fixation,OIC Bulk Pack Metal Binder Clips,11.17,4,0.2,3.63
1801,US-2017-121034,8/8/2017,8/10/2017,J+2,JF-15565,Jill Fjeld,Grand public,États-Unis,Dallas,Texas,USCA - Centre,OFF-PA-10001994,Fournitures de bureau,Papier,"Ink Jet Note and Greeting Cards, 8-1/2"" x 5-1/2"" Card Size",53.95,3,0.2,17.53
1802,US-2017-149461,11/13/2017,11/19/2017,Tarif normal,AS-10135,Adrian Shami,Bureau à domicile,États-Unis,Auburn,Washington,USCA - Ouest,FUR-FU-10004270,Mobilier,Meubles,"Eldon Image Series Desk Accessories, Burgundy",4.18,1,0,1.5
1806,US-2017-116729,12/25/2017,12/28/2017,Prioritaire,GK-14620,Grace Kelly,Entreprise,États-Unis,Los Angeles,Californie,USCA - Ouest,TEC-PH-10002200,Produits technologiques,Téléphones,Samsung Galaxy Note 2,2575.94,7,0.2,257.59
1807,US-2017-116729,12/25/2017,12/28/2017,Prioritaire,GK-14620,Grace Kelly,Entreprise,États-Unis,Los Angeles,Californie,USCA - Ouest,OFF-PA-10002005,Fournitures de bureau,Papier,Xerox 225,45.36,7,0,21.77
1808,US-2017-116729,12/25/2017,12/28/2017,Prioritaire,GK-14620,Grace Kelly,Entreprise,États-Unis,Los Angeles,Californie,USCA - Ouest,TEC-AC-10001465,Produits technologiques,Accessoires,SanDisk Cruzer 64 GB USB Flash Drive,254.24,7,0,76.27
1809,US-2017-164938,2/11/2017,2/13/2017,Prioritaire,PB-19210,Phillip Breyer,Entreprise,États-Unis,Tulsa,Oklahoma,USCA - Centre,TEC-PH-10004897,Produits technologiques,Téléphones,Mediabridge Sport Armband iPhone 5s,69.93,7,0,0.7
1810,US-2017-165484,10/23/2017,10/29/2017,Tarif normal,HK-14890,Heather Kirkland,Entreprise,États-Unis,Chicago,Illinois,USCA - Centre,FUR-FU-10001196,Mobilier,Meubles,DAX Cubicle Frames - 8x10,16.16,7,0.6,-12.12
1811,US-2017-165484,10/23/2017,10/29/2017,Tarif normal,HK-14890,Heather Kirkland,Entreprise,États-Unis,Chicago,Illinois,USCA - Centre,OFF-PA-10000595,Fournitures de bureau,Papier,Xerox 1929,54.82,3,0.2,17.82
1821,US-2017-168956,2/16/2017,2/20/2017,Tarif normal,EA-14035,Erin Ashbrook,Entreprise,États-Unis,Chicago,Illinois,USCA - Centre,OFF-AP-10004233,Fournitures de bureau,Électroménager,Honeywell Enviracaire Portable Air Cleaner for up to 8 x 10 Room,92.06,6,0.8,-225.56
1822,US-2017-168956,2/16/2017,2/20/2017,Tarif normal,EA-14035,Erin Ashbrook,Entreprise,États-Unis,Chicago,Illinois,USCA - Centre,OFF-FA-10000304,Fournitures de bureau,Éléments de fixation,Advantus Push Pins,6.98,4,0.2,1.83
1823,US-2017-168956,2/16/2017,2/20/2017,Tarif normal,EA-14035,Erin Ashbrook,Entreprise,États-Unis,Chicago,Illinois,USCA - Centre,FUR-CH-10004754,Mobilier,Chaises,"Global Stack Chair with Arms, Black",62.96,3,0.3,-2.7
1824,US-2017-168956,2/16/2017,2/20/2017,Tarif normal,EA-14035,Erin Ashbrook,Entreprise,États-Unis,Chicago,Illinois,USCA - Centre,OFF-PA-10000809,Fournitures de bureau,Papier,Xerox 206,5.18,1,0.2,1.81
1825,US-2017-167507,12/22/2017,12/28/2017,Tarif normal,SA-20830,Sue Ann Reed,Grand public,États-Unis,Redmond,Oregon,USCA - Ouest,OFF-BI-10003694,Fournitures de bureau,Classeurs,"Avery 3 1/2"" Diskette Storage Pages, 10/Pack",31.32,10,0.7,-25.06
1826,US-2017-167507,12/22/2017,12/28/2017,Tarif normal,SA-20830,Sue Ann Reed,Grand public,États-Unis,Redmond,Oregon,USCA - Ouest,FUR-FU-10001935,Mobilier,Meubles,3M Hangers With Command Adhesive,11.84,4,0.2,3.11
1827,US-2017-167507,12/22/2017,12/28/2017,Tarif normal,SA-20830,Sue Ann Reed,Grand public,États-Unis,Redmond,Oregon,USCA - Ouest,FUR-FU-10002878,Mobilier,Meubles,"Seth Thomas 14"" Day/Date Wall Clock",22.78,1,0.2,4.84
1828,US-2017-109344,2/8/2017,2/11/2017,J+2,CH-12070,Cathy Hwang,Bureau à domicile,États-Unis,Raleigh,Caroline du Nord,USCA - Sud,TEC-PH-10002624,Produits technologiques,Téléphones,Samsung Galaxy S4 Mini,1127.98,3,0.2,126.9
1842,US-2017-157763,7/18/2017,7/23/2017,Tarif normal,KH-16330,Katharine Harms,Entreprise,États-Unis,Bowling Green,Kentucky,USCA - Sud,FUR-CH-10000988,Mobilier,Chaises,Hon Olson Stacker Stools,140.81,1,0,39.43
1864,US-2017-100839,10/13/2017,10/17/2017,Tarif normal,NC-18625,Noah Childs,Entreprise,États-Unis,Aurora,Colorado,USCA - Ouest,FUR-TA-10004575,Mobilier,Tables,Hon 5100 Series Wood Tables,727.45,5,0.5,-465.57
1865,US-2017-100839,10/13/2017,10/17/2017,Tarif normal,NC-18625,Noah Childs,Entreprise,États-Unis,Aurora,Colorado,USCA - Ouest,FUR-FU-10001617,Mobilier,Meubles,"Executive Impressions 8-1/2"" Career Panel/Partition Cubicle Clock",24.96,3,0.2,4.37
1870,US-2017-148201,8/26/2017,8/29/2017,J+2,CC-12145,Charles Crestani,Grand public,États-Unis,Seattle,Washington,USCA - Ouest,OFF-PA-10000019,Fournitures de bureau,Papier,Xerox 1931,6.48,1,0,3.11
1876,US-2017-112977,3/10/2017,3/16/2017,Tarif normal,CJ-12010,Caroline Jumper,Grand public,États-Unis,Long Beach,New York,USCA - Est,FUR-BO-10003272,Mobilier,Bibliothèques,O'Sullivan Living Dimensions 5-Shelf Bookcases,176.78,1,0.2,-22.1
1884,US-2017-118570,11/13/2017,11/17/2017,Tarif normal,CC-12430,Chuck Clark,Bureau à domicile,États-Unis,Philadelphia,Pennsylvanie,USCA - Est,OFF-PA-10001289,Fournitures de bureau,Papier,White Computer Printout Paper by Universal,217.06,7,0.2,78.68
1886,US-2017-147578,4/22/2017,4/26/2017,J+2,PG-18895,Paul Gonzalez,Grand public,États-Unis,San Francisco,Californie,USCA - Ouest,FUR-FU-10001889,Mobilier,Meubles,Ultra Door Pull Handle,31.56,3,0,10.41
1894,US-2017-100083,11/24/2017,11/29/2017,Tarif normal,CD-11980,Carol Darley,Grand public,États-Unis,Medford,Oregon,USCA - Ouest,OFF-PA-10000241,Fournitures de bureau,Papier,"IBM Multi-Purpose Copy Paper, 8 1/2 x 11"", Case",24.78,1,0.2,7.75
1901,US-2017-140543,6/29/2017,7/3/2017,J+2,Co-12640,Corey-Lock,Grand public,États-Unis,Florence,Caroline du Sud,USCA - Sud,OFF-ST-10000563,Fournitures de bureau,Stockage,Fellowes Bankers Box Stor/Drawer Steel Plus,191.88,6,0,19.19
1902,US-2017-151141,8/20/2017,8/23/2017,Prioritaire,DW-13480,Dianna Wilson,Bureau à domicile,États-Unis,Detroit,Michigan,USCA - Centre,TEC-PH-10004924,Produits technologiques,Téléphones,"SKILCRAFT Telephone Shoulder Rest, 2"" x 6.5"" x 2.5"", Black",14.78,2,0,3.99
1907,US-2017-150567,5/17/2017,5/21/2017,Tarif normal,RP-19855,Roy Phan,Entreprise,États-Unis,Apopka,Floride,USCA - Sud,OFF-BI-10001757,Fournitures de bureau,Classeurs,Pressboard Hanging Data Binders for Unburst Sheets,2.95,2,0.7,-2.16
1908,US-2017-150567,5/17/2017,5/21/2017,Tarif normal,RP-19855,Roy Phan,Entreprise,États-Unis,Apopka,Floride,USCA - Sud,OFF-BI-10000069,Fournitures de bureau,Classeurs,"GBC Prepunched Paper, 19-Hole, for Binding Systems, 24-lb",27.02,6,0.7,-21.61
1911,US-2017-105963,11/15/2017,11/22/2017,Tarif normal,SC-20770,Stewart Carmichael,Entreprise,États-Unis,Los Angeles,Californie,USCA - Ouest,TEC-AC-10003832,Produits technologiques,Accessoires,Imation 16GB Mini TravelDrive USB 2.0 Flash Drive,99.39,3,0,40.75
1923,US-2017-156685,7/8/2017,7/10/2017,J+2,SC-20230,Scot Coram,Entreprise,États-Unis,Arlington,Texas,USCA - Centre,TEC-PH-10004345,Produits technologiques,Téléphones,Cisco SPA 502G IP Phone,863.64,9,0.2,107.96
1924,US-2017-156685,7/8/2017,7/10/2017,J+2,SC-20230,Scot Coram,Entreprise,États-Unis,Arlington,Texas,USCA - Centre,OFF-AR-10000588,Fournitures de bureau,Art,Newell 345,47.62,3,0.2,3.57
1927,US-2017-139710,6/9/2017,6/15/2017,Tarif normal,GM-14680,Greg Matthias,Grand public,États-Unis,Los Angeles,Californie,USCA - Ouest,TEC-PH-10001198,Produits technologiques,Téléphones,Avaya 4621SW VoIP phone,177.48,3,0.2,19.97
1932,US-2017-152121,11/27/2017,11/29/2017,J+2,CC-12670,Craig Carreira,Grand public,États-Unis,Scottsdale,Arizona,USCA - Ouest,TEC-PH-10002483,Produits technologiques,Téléphones,Motorola Moto X,271.99,1,0.2,23.8
1938,CA-2017-112109,7/8/2017,7/12/2017,Tarif normal,JE-15715,Joe Elijah,Grand public,Canada,Whitehorse,Yukon,USCA - Ouest,OFF-BI-10002082,Fournitures de bureau,Classeurs,GBC Twin Loop Wire Binding Elements,19.97,2,0.7,-13.31
1939,CA-2017-112109,7/8/2017,7/12/2017,Tarif normal,JE-15715,Joe Elijah,Grand public,Canada,Whitehorse,Yukon,USCA - Ouest,OFF-ST-10001505,Fournitures de bureau,Stockage,"Perma STOR-ALL Hanging File Box, 13 1/8""W x 12 1/4""D x 10 1/2""H",33.49,7,0.2,-1.26
1940,CA-2017-112109,7/8/2017,7/12/2017,Tarif normal,JE-15715,Joe Elijah,Grand public,Canada,Whitehorse,Yukon,USCA - Ouest,OFF-BI-10001634,Fournitures de bureau,Classeurs,Wilson Jones Active Use Binders,8.74,4,0.7,-6.12
1941,CA-2017-112109,7/8/2017,7/12/2017,Tarif normal,JE-15715,Joe Elijah,Grand public,Canada,Whitehorse,Yukon,USCA - Ouest,FUR-CH-10004287,Mobilier,Chaises,SAFCO Arco Folding Chair,662.88,3,0.2,74.57
1945,US-2017-108581,6/20/2017,6/26/2017,Tarif normal,EA-14035,Erin Ashbrook,Entreprise,États-Unis,Carrollton,Texas,USCA - Centre,TEC-AC-10001109,Produits technologiques,Accessoires,Logitech Trackman Marble Mouse,95.97,4,0.2,26.39
1946,US-2017-108581,6/20/2017,6/26/2017,Tarif normal,EA-14035,Erin Ashbrook,Entreprise,États-Unis,Carrollton,Texas,USCA - Centre,OFF-PA-10000809,Fournitures de bureau,Papier,Xerox 206,10.37,2,0.2,3.63
1980,US-2017-112669,4/14/2017,4/14/2017,Le même jour,KT-16465,Kean Takahito,Grand public,États-Unis,Glendale,Arizona,USCA - Ouest,FUR-CH-10004086,Mobilier,Chaises,Hon 4070 Series Pagoda Armless Upholstered Stacking Chairs,933.54,4,0.2,105.02
1981,US-2017-112669,4/14/2017,4/14/2017,Le même jour,KT-16465,Kean Takahito,Grand public,États-Unis,Glendale,Arizona,USCA - Ouest,OFF-ST-10001228,Fournitures de bureau,Stockage,"Fellowes Personal Hanging Folder Files, Navy",42.98,4,0.2,4.3
1987,US-2017-147417,7/25/2017,7/27/2017,Prioritaire,CB-12415,Christy Brittain,Grand public,États-Unis,Columbus,Ohio,USCA - Est,TEC-CO-10001449,Produits technologiques,Photocopieurs,Hewlett Packard LaserJet 3310 Copier,1439.98,4,0.4,192
2014,US-2017-145905,9/18/2017,9/23/2017,Tarif normal,AM-10705,Anne McFarland,Grand public,États-Unis,Auburn,Alabama,USCA - Sud,FUR-CH-10001854,Mobilier,Chaises,Office Star - Professional Matrix Back Chair with 2-to-1 Synchro Tilt and Mesh Fabric Seat,350.98,1,0,84.24
2015,US-2017-145905,9/18/2017,9/23/2017,Tarif normal,AM-10705,Anne McFarland,Grand public,États-Unis,Auburn,Alabama,USCA - Sud,OFF-PA-10000533,Fournitures de bureau,Papier,Southworth Parchment Paper & Envelopes,13.08,2,0,6.02
2016,US-2017-145905,9/18/2017,9/23/2017,Tarif normal,AM-10705,Anne McFarland,Grand public,États-Unis,Auburn,Alabama,USCA - Sud,OFF-ST-10003716,Fournitures de bureau,Stockage,Tennsco Double-Tier Lockers,900.08,4,0,117.01
2021,US-2017-168354,9/19/2017,9/21/2017,Prioritaire,RH-19510,Rick Huthwaite,Bureau à domicile,États-Unis,Providence,Rhode Island,USCA - Est,OFF-ST-10001490,Fournitures de bureau,Stockage,"Hot File 7-Pocket, Floor Stand",1606.23,9,0,481.87
2022,US-2017-168354,9/19/2017,9/21/2017,Prioritaire,RH-19510,Rick Huthwaite,Bureau à domicile,États-Unis,Providence,Rhode Island,USCA - Est,OFF-PA-10002377,Fournitures de bureau,Papier,"Adams Telephone Message Book W/Dividers/Space For Phone Numbers, 5 1/4""X8 1/2"", 200/Messages",17.04,3,0,7.67
2023,US-2017-168354,9/19/2017,9/21/2017,Prioritaire,RH-19510,Rick Huthwaite,Bureau à domicile,États-Unis,Providence,Rhode Island,USCA - Est,OFF-BI-10004826,Fournitures de bureau,Classeurs,JM Magazine Binder,49.53,3,0,23.77
2024,US-2017-168354,9/19/2017,9/21/2017,Prioritaire,RH-19510,Rick Huthwaite,Bureau à domicile,États-Unis,Providence,Rhode Island,USCA - Est,FUR-CH-10004675,Mobilier,Chaises,"Lifetime Advantage Folding Chairs, 4/Carton",872.32,4,0,244.25
2027,US-2017-113516,9/8/2017,9/10/2017,J+2,VM-21685,Valerie Mitchum,Bureau à domicile,États-Unis,Lancaster,Californie,USCA - Ouest,OFF-BI-10002225,Fournitures de bureau,Classeurs,"Square Ring Data Binders, Rigid 75 Pt. Covers, 11"" x 14-7/8""",33.02,2,0.2,11.56
2028,US-2017-113516,9/8/2017,9/10/2017,J+2,VM-21685,Valerie Mitchum,Bureau à domicile,États-Unis,Lancaster,Californie,USCA - Ouest,OFF-BI-10001989,Fournitures de bureau,Classeurs,Premium Transparent Presentation Covers by GBC,67.14,4,0.2,23.5
2033,US-2017-128923,12/9/2017,12/13/2017,Tarif normal,GB-14530,George Bell,Entreprise,États-Unis,Fort Worth,Texas,USCA - Centre,OFF-PA-10002250,Fournitures de bureau,Papier,Things To Do Today Pad,9.39,2,0.2,3.29
2034,US-2017-128923,12/9/2017,12/13/2017,Tarif normal,GB-14530,George Bell,Entreprise,États-Unis,Fort Worth,Texas,USCA - Centre,OFF-AR-10000475,Fournitures de bureau,Art,"Hunt BOSTON Vista Battery-Operated Pencil Sharpener, Black",9.33,1,0.2,0.82
2046,US-2017-131835,7/17/2017,7/21/2017,Tarif normal,MC-17590,Matt Collister,Entreprise,États-Unis,Perth Amboy,New Jersey,USCA - Est,OFF-AP-10004487,Fournitures de bureau,Électroménager,Kensington 4 Outlet MasterPiece Compact Power Control Center,162.64,2,0,45.54
2047,US-2017-131835,7/17/2017,7/21/2017,Tarif normal,MC-17590,Matt Collister,Entreprise,États-Unis,Perth Amboy,New Jersey,USCA - Est,TEC-PH-10001760,Produits technologiques,Téléphones,Bose SoundLink Bluetooth Speaker,597,3,0,280.59
2048,US-2017-131835,7/17/2017,7/21/2017,Tarif normal,MC-17590,Matt Collister,Entreprise,États-Unis,Perth Amboy,New Jersey,USCA - Est,OFF-PA-10004071,Fournitures de bureau,Papier,"Eaton Premium Continuous-Feed Paper, 25% Cotton, Letter Size, White, 1000 Shts/Box",55.48,1,0,26.63
2055,US-2017-136434,12/1/2017,12/7/2017,Tarif normal,RD-19480,Rick Duston,Grand public,États-Unis,Richmond,Indiana,USCA - Centre,FUR-FU-10001196,Mobilier,Meubles,DAX Cubicle Frames - 8x10,17.31,3,0,5.19
2071,US-2017-146521,7/21/2017,7/23/2017,J+2,CC-12610,Corey Catlett,Entreprise,États-Unis,Philadelphia,Pennsylvanie,USCA - Est,OFF-BI-10000301,Fournitures de bureau,Classeurs,GBC Instant Report Kit,1.94,1,0.7,-1.29
2073,US-2017-129693,11/26/2017,12/2/2017,Tarif normal,TC-20980,Tamara Chand,Entreprise,États-Unis,Seattle,Washington,USCA - Ouest,OFF-BI-10002954,Fournitures de bureau,Classeurs,Newell 3-Hole Punched Plastic Slotted Magazine Holders for Binders,7.31,2,0.2,2.56
2085,US-2017-140501,6/23/2017,6/28/2017,Tarif normal,IM-15070,Irene Maddox,Grand public,États-Unis,New York City,New York,USCA - Est,OFF-LA-10003510,Fournitures de bureau,Étiquettes,"Avery 4027 File Folder Labels for Dot Matrix Printers, 5000 Labels per Box, White",122.12,4,0,56.18
2086,US-2017-140501,6/23/2017,6/28/2017,Tarif normal,IM-15070,Irene Maddox,Grand public,États-Unis,New York City,New York,USCA - Est,OFF-LA-10000248,Fournitures de bureau,Étiquettes,Avery 52,18.45,5,0,8.67
2087,US-2017-140501,6/23/2017,6/28/2017,Tarif normal,IM-15070,Irene Maddox,Grand public,États-Unis,New York City,New York,USCA - Est,OFF-ST-10000060,Fournitures de bureau,Stockage,Fellowes Bankers Box Staxonsteel Drawer File/Stacking System,324.9,5,0,38.99
2088,US-2017-140501,6/23/2017,6/28/2017,Tarif normal,IM-15070,Irene Maddox,Grand public,États-Unis,New York City,New York,USCA - Est,OFF-PA-10003129,Fournitures de bureau,Papier,Tops White Computer Printout Paper,146.73,3,0,68.96
2089,US-2017-140501,6/23/2017,6/28/2017,Tarif normal,IM-15070,Irene Maddox,Grand public,États-Unis,New York City,New York,USCA - Est,OFF-FA-10004076,Fournitures de bureau,Éléments de fixation,Translucent Push Pins by OIC,3.96,2,0,1.47
2096,US-2017-146570,5/15/2017,5/20/2017,Tarif normal,SN-20710,Steve Nguyen,Bureau à domicile,États-Unis,Jackson,Mississippi,USCA - Sud,OFF-BI-10001718,Fournitures de bureau,Classeurs,GBC DocuBind P50 Personal Binding Machine,511.84,8,0,240.56
2097,US-2017-146570,5/15/2017,5/20/2017,Tarif normal,SN-20710,Steve Nguyen,Bureau à domicile,États-Unis,Jackson,Mississippi,USCA - Sud,OFF-AR-10004602,Fournitures de bureau,Art,Boston KS Multi-Size Manual Pencil Sharpener,91.96,4,0,25.75
2098,US-2017-146570,5/15/2017,5/20/2017,Tarif normal,SN-20710,Steve Nguyen,Bureau à domicile,États-Unis,Jackson,Mississippi,USCA - Sud,OFF-AR-10003856,Fournitures de bureau,Art,Newell 344,8.34,3,0,2.17
2118,US-2017-130267,9/19/2017,9/23/2017,Tarif normal,SW-20245,Scot Wooten,Grand public,États-Unis,Stockton,Californie,USCA - Ouest,OFF-PA-10002222,Fournitures de bureau,Papier,"Xerox Color Copier Paper, 11"" x 17"", Ream",159.88,7,0,73.54
2143,US-2017-155481,9/1/2017,9/5/2017,Tarif normal,DK-13225,Dean Katz,Entreprise,États-Unis,Philadelphia,Pennsylvanie,USCA - Est,OFF-PA-10004675,Fournitures de bureau,Papier,"Telephone Message Books with Fax/Mobile Section, 5 1/2"" x 3 3/16""",30.48,6,0.2,9.91
2144,US-2017-155481,9/1/2017,9/5/2017,Tarif normal,DK-13225,Dean Katz,Entreprise,États-Unis,Philadelphia,Pennsylvanie,USCA - Est,TEC-PH-10002293,Produits technologiques,Téléphones,Anker 36W 4-Port USB Wall Charger Travel Power Adapter for iPhone 5s 5c 5,23.99,2,0.4,-4.8
2145,US-2017-155481,9/1/2017,9/5/2017,Tarif normal,DK-13225,Dean Katz,Entreprise,États-Unis,Philadelphia,Pennsylvanie,USCA - Est,OFF-FA-10002780,Fournitures de bureau,Éléments de fixation,Staples,16.69,7,0.2,5.42
2146,US-2017-152051,6/25/2017,6/29/2017,Tarif normal,TS-21160,Theresa Swint,Entreprise,États-Unis,York,Pennsylvanie,USCA - Est,FUR-CH-10002965,Mobilier,Chaises,"Global Leather Highback Executive Chair with Pneumatic Height Adjustment, Black",422.06,3,0.3,-18.09
2147,US-2017-152051,6/25/2017,6/29/2017,Tarif normal,TS-21160,Theresa Swint,Entreprise,États-Unis,York,Pennsylvanie,USCA - Est,OFF-BI-10004781,Fournitures de bureau,Classeurs,GBC Wire Binding Strips,38.09,4,0.7,-27.93
2148,US-2017-152051,6/25/2017,6/29/2017,Tarif normal,TS-21160,Theresa Swint,Entreprise,États-Unis,York,Pennsylvanie,USCA - Est,OFF-ST-10001713,Fournitures de bureau,Stockage,"Gould Plastics 9-Pocket Panel Bin, 18-3/8w x 5-1/4d x 20-1/2h, Black",254.35,6,0.2,-50.87
2154,US-2017-117282,7/14/2017,7/18/2017,Tarif normal,DR-12880,Dan Reichenbach,Entreprise,États-Unis,New York City,New York,USCA - Est,OFF-BI-10004094,Fournitures de bureau,Classeurs,GBC Standard Plastic Binding Systems Combs,14.16,2,0.2,5.13
2155,US-2017-120460,1/20/2017,1/24/2017,Tarif normal,BF-11170,Ben Ferrer,Bureau à domicile,États-Unis,Dallas,Texas,USCA - Centre,FUR-FU-10004973,Mobilier,Meubles,Flat Face Poster Frame,22.61,3,0.6,-10.17
2156,US-2017-111115,7/25/2017,7/27/2017,J+2,LB-16735,Larry Blacks,Grand public,États-Unis,Los Angeles,Californie,USCA - Ouest,OFF-FA-10000624,Fournitures de bureau,Éléments de fixation,OIC Binder Clips,21.48,6,0,10.74
2160,US-2017-159737,9/3/2017,9/9/2017,Tarif normal,CS-11950,Carlos Soltero,Grand public,États-Unis,Chicago,Illinois,USCA - Centre,OFF-BI-10004236,Fournitures de bureau,Classeurs,"XtraLife ClearVue Slant-D Ring Binder, White, 3""",8.81,3,0.8,-14.97
2161,US-2017-141019,5/14/2017,5/14/2017,Le même jour,LH-17155,Logan Haushalter,Grand public,États-Unis,Cincinnati,Ohio,USCA - Est,FUR-FU-10002937,Mobilier,Meubles,"GE 48"" Fluorescent Tube, Cool White Energy Saver, 34 Watts, 30/Box",79.38,1,0.2,29.77
2162,US-2017-101938,1/7/2017,1/12/2017,Tarif normal,DW-13480,Dianna Wilson,Bureau à domicile,États-Unis,Oakland,Californie,USCA - Ouest,OFF-AR-10003696,Fournitures de bureau,Art,Panasonic KP-350BK Electric Pencil Sharpener with Auto Stop,34.58,1,0,10.03
2164,US-2017-154018,10/13/2017,10/19/2017,Tarif normal,HA-14920,Helen Andreada,Grand public,États-Unis,Laredo,Texas,USCA - Centre,TEC-AC-10002402,Produits technologiques,Accessoires,Razer Kraken PRO Over Ear PC and Music Headset,191.98,3,0.2,24
2165,US-2017-154018,10/13/2017,10/19/2017,Tarif normal,HA-14920,Helen Andreada,Grand public,États-Unis,Laredo,Texas,USCA - Centre,OFF-PA-10000551,Fournitures de bureau,Papier,Array Memo Cubes,8.29,2,0.2,3
2166,US-2017-154018,10/13/2017,10/19/2017,Tarif normal,HA-14920,Helen Andreada,Grand public,États-Unis,Laredo,Texas,USCA - Centre,FUR-FU-10003394,Mobilier,Meubles,"Tenex ""The Solids"" Textured Chair Mats",139.92,5,0.6,-150.41
2167,US-2017-154018,10/13/2017,10/19/2017,Tarif normal,HA-14920,Helen Andreada,Grand public,États-Unis,Laredo,Texas,USCA - Centre,OFF-AR-10002067,Fournitures de bureau,Art,Newell 334,15.87,1,0.2,1.19
2168,US-2017-154018,10/13/2017,10/19/2017,Tarif normal,HA-14920,Helen Andreada,Grand public,États-Unis,Laredo,Texas,USCA - Centre,OFF-BI-10004140,Fournitures de bureau,Classeurs,Avery Non-Stick Binders,6.29,7,0.8,-11
2174,US-2017-112025,4/21/2017,4/25/2017,Tarif normal,LS-16975,Lindsay Shagiari,Bureau à domicile,États-Unis,Houston,Texas,USCA - Centre,OFF-BI-10002353,Fournitures de bureau,Classeurs,GBC VeloBind Cover Sets,9.26,3,0.8,-13.9
2176,US-2017-125738,10/15/2017,10/21/2017,Tarif normal,PB-18805,Patrick Bzostek,Bureau à domicile,États-Unis,Salt Lake City,Utah,USCA - Ouest,OFF-PA-10000740,Fournitures de bureau,Papier,Xerox 1982,45.68,2,0,21.01
2177,US-2017-125738,10/15/2017,10/21/2017,Tarif normal,PB-18805,Patrick Bzostek,Bureau à domicile,États-Unis,Salt Lake City,Utah,USCA - Ouest,OFF-PA-10003001,Fournitures de bureau,Papier,Xerox 1986,60.12,9,0,28.86
2178,US-2017-125738,10/15/2017,10/21/2017,Tarif normal,PB-18805,Patrick Bzostek,Bureau à domicile,États-Unis,Salt Lake City,Utah,USCA - Ouest,OFF-BI-10001628,Fournitures de bureau,Classeurs,"Acco Data Flex Cable Posts For Top & Bottom Load Binders, 6"" Capacity",41.72,5,0.2,13.04
2179,US-2017-125738,10/15/2017,10/21/2017,Tarif normal,PB-18805,Patrick Bzostek,Bureau à domicile,États-Unis,Salt Lake City,Utah,USCA - Ouest,OFF-PA-10001509,Fournitures de bureau,Papier,"Recycled Desk Saver Line ""While You Were Out"" Book, 5 1/2"" X 4""",71.6,8,0,32.94
2180,US-2017-128818,5/7/2017,5/11/2017,Tarif normal,CJ-12010,Caroline Jumper,Grand public,États-Unis,New York City,New York,USCA - Est,OFF-BI-10000309,Fournitures de bureau,Classeurs,"GBC Twin Loop Wire Binding Elements, 9/16"" Spine, Black",85.23,7,0.2,30.9
2181,US-2017-128818,5/7/2017,5/11/2017,Tarif normal,CJ-12010,Caroline Jumper,Grand public,États-Unis,New York City,New York,USCA - Est,OFF-LA-10003923,Fournitures de bureau,Étiquettes,Alphabetical Labels for Top Tab Filing,44.4,3,0,22.2
2182,US-2017-128818,5/7/2017,5/11/2017,Tarif normal,CJ-12010,Caroline Jumper,Grand public,États-Unis,New York City,New York,USCA - Est,FUR-CH-10002084,Mobilier,Chaises,Hon Mobius Operator's Chair,442.76,4,0.1,59.04
2183,US-2017-128818,5/7/2017,5/11/2017,Tarif normal,CJ-12010,Caroline Jumper,Grand public,États-Unis,New York City,New York,USCA - Est,TEC-MA-10000488,Produits technologiques,Machines,Bady BDG101FRU Card Printer,3999.95,5,0,1159.99
2184,US-2017-128818,5/7/2017,5/11/2017,Tarif normal,CJ-12010,Caroline Jumper,Grand public,États-Unis,New York City,New York,USCA - Est,TEC-AC-10001767,Produits technologiques,Accessoires,SanDisk Ultra 64 GB MicroSDHC Class 10 Memory Card,199.95,5,0,21.99
2185,US-2017-128818,5/7/2017,5/11/2017,Tarif normal,CJ-12010,Caroline Jumper,Grand public,États-Unis,New York City,New York,USCA - Est,FUR-FU-10001940,Mobilier,Meubles,Staple-based wall hangings,63.68,8,0,28.02
2187,US-2017-101378,7/14/2017,7/14/2017,Le même jour,RH-19600,Rob Haberlin,Grand public,États-Unis,Huntsville,Alabama,USCA - Sud,TEC-AC-10002345,Produits technologiques,Accessoires,HP Standard 104 key PS/2 Keyboard,29,2,0,7.25
2191,US-2017-118913,6/25/2017,6/29/2017,Tarif normal,AS-10240,Alan Shonely,Grand public,États-Unis,Los Angeles,Californie,USCA - Ouest,OFF-AP-10000692,Fournitures de bureau,Électroménager,Fellowes Mighty 8 Compact Surge Protector,60.81,3,0,17.03
2192,US-2017-128412,12/10/2017,12/17/2017,Tarif normal,AP-10915,Arthur Prichep,Grand public,États-Unis,Seattle,Washington,USCA - Ouest,OFF-BI-10001718,Fournitures de bureau,Classeurs,GBC DocuBind P50 Personal Binding Machine,153.55,3,0.2,51.82
2193,US-2017-128412,12/10/2017,12/17/2017,Tarif normal,AP-10915,Arthur Prichep,Grand public,États-Unis,Seattle,Washington,USCA - Ouest,OFF-AP-10002082,Fournitures de bureau,Électroménager,Holmes HEPA Air Purifier,65.34,3,0,22.87
2194,US-2017-128412,12/10/2017,12/17/2017,Tarif normal,AP-10915,Arthur Prichep,Grand public,États-Unis,Seattle,Washington,USCA - Ouest,OFF-PA-10001125,Fournitures de bureau,Papier,Xerox 1988,123.92,4,0,55.76
2195,US-2017-128412,12/10/2017,12/17/2017,Tarif normal,AP-10915,Arthur Prichep,Grand public,États-Unis,Seattle,Washington,USCA - Ouest,OFF-AP-10000252,Fournitures de bureau,Électroménager,Harmony HEPA Quiet Air Purifiers,35.1,3,0,12.29
2196,US-2017-128412,12/10/2017,12/17/2017,Tarif normal,AP-10915,Arthur Prichep,Grand public,États-Unis,Seattle,Washington,USCA - Ouest,TEC-AC-10003038,Produits technologiques,Accessoires,Kingston Digital DataTraveler 16GB USB 2.0,44.75,5,0,8.5
2197,US-2017-136483,12/1/2017,12/6/2017,Tarif normal,AG-10390,Allen Goldenen,Grand public,États-Unis,Knoxville,Tennessee,USCA - Sud,OFF-AR-10000940,Fournitures de bureau,Art,Newell 343,4.7,2,0.2,0.41
2206,US-2017-164350,9/10/2017,9/12/2017,J+2,CG-12040,Catherine Glotzbach,Bureau à domicile,États-Unis,Bristol,Tennessee,USCA - Sud,OFF-AR-10000538,Fournitures de bureau,Art,"Boston Model 1800 Electric Pencil Sharpener, Gray",67.56,3,0.2,8.44
2212,US-2017-162313,11/27/2017,12/1/2017,Prioritaire,VB-21745,Victoria Brennan,Entreprise,États-Unis,Lincoln Park,Michigan,USCA - Centre,OFF-AP-10003842,Fournitures de bureau,Électroménager,Euro-Pro Shark Turbo Vacuum,167.29,6,0.1,29.74
2226,US-2017-106383,3/19/2017,3/21/2017,J+2,BT-11440,Bobby Trafton,Grand public,États-Unis,Littleton,Colorado,USCA - Ouest,FUR-BO-10002202,Mobilier,Bibliothèques,"Atlantic Metals Mobile 2-Shelf Bookcases, Custom Colors",72.29,1,0.7,-98.8
2229,US-2017-139157,10/1/2017,10/5/2017,Tarif normal,GM-14680,Greg Matthias,Grand public,États-Unis,New York City,New York,USCA - Est,FUR-TA-10003238,Mobilier,Tables,"Chromcraft Bull-Nose Wood 48"" x 96"" Rectangular Conference Tables",330.59,1,0.4,-115.71
2238,US-2017-122322,7/15/2017,7/21/2017,Tarif normal,RH-19510,Rick Huthwaite,Bureau à domicile,États-Unis,Provo,Utah,USCA - Ouest,OFF-SU-10000952,Fournitures de bureau,Fournitures,Fiskars Home & Office Scissors,44.4,5,0,12.43
2240,US-2017-146633,11/15/2017,11/17/2017,J+2,TG-21310,Toby Gnade,Grand public,États-Unis,Los Angeles,Californie,USCA - Ouest,OFF-BI-10003527,Fournitures de bureau,Classeurs,Fellowes PB500 Electric Punch Plastic Comb Binding Machine with Manual Bind,1016.79,1,0.2,381.3
2241,US-2017-146633,11/15/2017,11/17/2017,J+2,TG-21310,Toby Gnade,Grand public,États-Unis,Los Angeles,Californie,USCA - Ouest,OFF-BI-10002982,Fournitures de bureau,Classeurs,Avery Self-Adhesive Photo Pockets for Polaroid Photos,38.14,7,0.2,13.35
2242,US-2017-126893,11/26/2017,12/1/2017,Tarif normal,CT-11995,Carol Triggs,Grand public,États-Unis,Philadelphia,Pennsylvanie,USCA - Est,TEC-PH-10004165,Produits technologiques,Téléphones,Mitel MiVoice 5330e IP Phone,494.98,3,0.4,-115.5
2253,US-2017-117849,4/15/2017,4/17/2017,J+2,JK-16120,Julie Kriz,Bureau à domicile,États-Unis,San Diego,Californie,USCA - Ouest,OFF-PA-10004327,Fournitures de bureau,Papier,Xerox 1911,143.7,3,0,68.98
2256,US-2017-164091,9/17/2017,9/22/2017,Tarif normal,LA-16780,Laura Armstrong,Entreprise,États-Unis,Bangor,Maine,USCA - Est,TEC-PH-10001944,Produits technologiques,Téléphones,Wi-Ex zBoost YX540 Cellular Phone Signal Booster,437.85,3,0,131.36
2257,US-2017-164091,9/17/2017,9/22/2017,Tarif normal,LA-16780,Laura Armstrong,Entreprise,États-Unis,Bangor,Maine,USCA - Est,FUR-FU-10004952,Mobilier,Meubles,"C-Line Cubicle Keepers Polyproplyene Holder w/Velcro Back, 8-1/2x11, 25/Bx",109.48,2,0,33.94
2264,US-2017-131065,11/14/2017,11/16/2017,J+2,AA-10375,Allen Armold,Grand public,États-Unis,Atlanta,Géorgie,USCA - Sud,TEC-AC-10004145,Produits technologiques,Accessoires,Logitech diNovo Edge Keyboard,499.98,2,0,115
2265,US-2017-131065,11/14/2017,11/16/2017,J+2,AA-10375,Allen Armold,Grand public,États-Unis,Atlanta,Géorgie,USCA - Sud,OFF-PA-10002479,Fournitures de bureau,Papier,Xerox 4200 Series MultiUse Premium Copy Paper (20Lb. and 84 Bright),5.28,1,0,2.38
2266,US-2017-131065,11/14/2017,11/16/2017,J+2,AA-10375,Allen Armold,Grand public,États-Unis,Atlanta,Géorgie,USCA - Sud,OFF-BI-10004970,Fournitures de bureau,Classeurs,"ACCOHIDE 3-Ring Binder, Blue, 1""",8.26,2,0,3.88
2283,US-2017-132143,9/3/2017,9/5/2017,Prioritaire,FM-14215,Filia McAdams,Entreprise,États-Unis,Middletown,Connecticut,USCA - Est,OFF-PA-10002713,Fournitures de bureau,Papier,"Adams Phone Message Book, 200 Message Capacity, 8 1/16” x 11”",48.16,7,0,22.15
2286,US-2017-112676,5/5/2017,5/8/2017,Prioritaire,PJ-18835,Patrick Jones,Entreprise,États-Unis,Murfreesboro,Tennessee,USCA - Sud,OFF-PA-10003971,Fournitures de bureau,Papier,Xerox 1965,14.35,3,0.2,5.2
2303,US-2017-106558,1/17/2017,1/21/2017,Tarif normal,DL-13495,Dionis Lloyd,Entreprise,États-Unis,Columbus,Géorgie,USCA - Sud,TEC-AC-10001142,Produits technologiques,Accessoires,First Data FD10 PIN Pad,316,4,0,31.6
2306,US-2017-115574,12/23/2017,12/24/2017,Prioritaire,BP-11185,Ben Peterman,Entreprise,États-Unis,Chicago,Illinois,USCA - Centre,FUR-BO-10003441,Mobilier,Bibliothèques,"Bush Westfield Collection Bookcases, Fully Assembled",141.37,2,0.3,-14.14
2331,US-2017-155187,9/24/2017,9/26/2017,J+2,LA-16780,Laura Armstrong,Entreprise,États-Unis,Los Angeles,Californie,USCA - Ouest,OFF-ST-10000642,Fournitures de bureau,Stockage,"Tennsco Lockers, Gray",41.96,2,0,2.94
2332,US-2017-155187,9/24/2017,9/26/2017,J+2,LA-16780,Laura Armstrong,Entreprise,États-Unis,Los Angeles,Californie,USCA - Ouest,OFF-PA-10000380,Fournitures de bureau,Papier,"REDIFORM Incoming/Outgoing Call Register, 11"" X 8 1/2"", 100 Messages",41.7,5,0,20.85
2341,US-2017-137736,11/10/2017,11/15/2017,Tarif normal,DC-13285,Debra Catini,Grand public,États-Unis,Warner Robins,Géorgie,USCA - Sud,OFF-AR-10004999,Fournitures de bureau,Art,Newell 315,41.86,7,0,10.47
2345,US-2017-119025,2/22/2017,2/28/2017,Tarif normal,PV-18985,Paul Van Hugh,Bureau à domicile,États-Unis,Milwaukee,Wisconsin,USCA - Centre,OFF-AP-10001205,Fournitures de bureau,Électroménager,Belkin 5 Outlet SurgeMaster Power Centers,490.32,9,0,137.29
2346,US-2017-159373,3/13/2017,3/18/2017,Tarif normal,LT-17110,Liz Thompson,Grand public,États-Unis,San Antonio,Texas,USCA - Centre,OFF-PA-10000659,Fournitures de bureau,Papier,"TOPS Carbonless Receipt Book, Four 2-3/4 x 7-1/4 Money Receipts per Page",70.08,5,0.2,24.53
2347,US-2017-159373,3/13/2017,3/18/2017,Tarif normal,LT-17110,Liz Thompson,Grand public,États-Unis,San Antonio,Texas,USCA - Centre,OFF-BI-10004141,Fournitures de bureau,Classeurs,Insertable Tab Indexes For Data Binders,1.27,2,0.8,-2.16
2348,US-2017-159373,3/13/2017,3/18/2017,Tarif normal,LT-17110,Liz Thompson,Grand public,États-Unis,San Antonio,Texas,USCA - Centre,FUR-TA-10004619,Mobilier,Tables,Hon Non-Folding Utility Tables,557.59,5,0.3,0
2364,US-2017-108637,3/13/2017,3/18/2017,Tarif normal,AB-10060,Adam Bellavance,Bureau à domicile,États-Unis,Waynesboro,Virginie,USCA - Sud,FUR-FU-10004864,Mobilier,Meubles,"Howard Miller 14-1/2"" Diameter Chrome Round Wall Clock",127.88,2,0,40.92
2365,US-2017-108637,3/13/2017,3/18/2017,Tarif normal,AB-10060,Adam Bellavance,Bureau à domicile,États-Unis,Waynesboro,Virginie,USCA - Sud,OFF-AP-10004540,Fournitures de bureau,Électroménager,"Eureka The Boss Lite 10-Amp Upright Vacuum, Blue",160.32,2,0,44.89
2366,US-2017-108637,3/13/2017,3/18/2017,Tarif normal,AB-10060,Adam Bellavance,Bureau à domicile,États-Unis,Waynesboro,Virginie,USCA - Sud,OFF-BI-10004965,Fournitures de bureau,Classeurs,Ibico Covers for Plastic or Wire Binding Elements,46,4,0,20.7
2369,US-2017-129469,9/23/2017,9/27/2017,Tarif normal,KL-16555,Kelly Lampkin,Entreprise,États-Unis,Fairfield,Ohio,USCA - Est,FUR-FU-10002298,Mobilier,Meubles,"Rubbermaid ClusterMat Chairmats, Mat Size- 66"" x 60"", Lip 20"" x 11"" -90 Degree Angle",532.7,6,0.2,-26.64
2370,US-2017-129469,9/23/2017,9/27/2017,Tarif normal,KL-16555,Kelly Lampkin,Entreprise,États-Unis,Fairfield,Ohio,USCA - Est,OFF-AR-10000315,Fournitures de bureau,Art,"Dixon Ticonderoga Maple Cedar Pencil, #2",4.91,2,0.2,0.31
2372,US-2017-159940,7/7/2017,7/11/2017,J+2,BF-11020,Barry Französisch,Entreprise,États-Unis,Aurora,Illinois,USCA - Centre,FUR-FU-10004973,Mobilier,Meubles,Flat Face Poster Frame,60.29,8,0.6,-27.13
2373,US-2017-159940,7/7/2017,7/11/2017,J+2,BF-11020,Barry Französisch,Entreprise,États-Unis,Aurora,Illinois,USCA - Centre,OFF-FA-10000936,Fournitures de bureau,Éléments de fixation,Acco Hot Clips Clips to Go,2.63,1,0.2,0.82
2374,US-2017-159940,7/7/2017,7/11/2017,J+2,BF-11020,Barry Französisch,Entreprise,États-Unis,Aurora,Illinois,USCA - Centre,OFF-PA-10001609,Fournitures de bureau,Papier,Tops Wirebound Message Log Books,23.69,9,0.2,7.7
2375,US-2017-159940,7/7/2017,7/11/2017,J+2,BF-11020,Barry Französisch,Entreprise,États-Unis,Aurora,Illinois,USCA - Centre,FUR-CH-10000785,Mobilier,Chaises,Global Ergonomic Managers Chair,253.37,2,0.3,-14.48
2380,US-2017-118052,5/6/2017,5/10/2017,Tarif normal,BE-11455,Brad Eason,Bureau à domicile,États-Unis,Lorain,Ohio,USCA - Est,OFF-FA-10004248,Fournitures de bureau,Éléments de fixation,Advantus T-Pin Paper Clips,7.22,2,0.2,1.71
2381,US-2017-118052,5/6/2017,5/10/2017,Tarif normal,BE-11455,Brad Eason,Bureau à domicile,États-Unis,Lorain,Ohio,USCA - Est,OFF-PA-10002581,Fournitures de bureau,Papier,Xerox 1951,49.57,2,0.2,15.49
2382,US-2017-118052,5/6/2017,5/10/2017,Tarif normal,BE-11455,Brad Eason,Bureau à domicile,États-Unis,Lorain,Ohio,USCA - Est,FUR-FU-10004848,Mobilier,Meubles,DAX Solid Wood Frames,54.71,7,0.2,11.63
2394,US-2017-128111,3/17/2017,3/23/2017,Tarif normal,CS-12355,Christine Sundaresam,Grand public,États-Unis,Malden,Massachusetts,USCA - Est,OFF-AR-10000588,Fournitures de bureau,Art,Newell 345,39.68,2,0,10.32
2404,US-2017-110170,9/27/2017,10/3/2017,Tarif normal,HM-14860,Harry Marie,Entreprise,États-Unis,Huntsville,Texas,USCA - Centre,FUR-BO-10000780,Mobilier,Bibliothèques,O'Sullivan Plantations 2-Door Library in Landvery Oak,956.66,7,0.3,-225.1
2415,US-2017-156300,12/29/2017,1/2/2018,Tarif normal,TB-21595,Troy Blackwell,Grand public,États-Unis,Milwaukee,Wisconsin,USCA - Centre,FUR-CH-10001714,Mobilier,Chaises,"Global Leather & Oak Executive Chair, Burgundy",754.45,5,0,60.36
2419,US-2017-107202,5/21/2017,5/28/2017,Tarif normal,LC-16930,Linda Cazamias,Entreprise,États-Unis,Sparks,Nevada,USCA - Ouest,TEC-MA-10000112,Produits technologiques,Machines,Panasonic KX MB2061 Multifunction Printer,2396.4,10,0.2,179.73
2422,US-2017-155551,4/18/2017,4/23/2017,Tarif normal,CR-12580,Clay Rozendal,Bureau à domicile,États-Unis,Elmhurst,Illinois,USCA - Centre,OFF-ST-10003656,Fournitures de bureau,Stockage,Safco Industrial Wire Shelving,230.38,3,0.2,-48.95
2423,US-2017-155551,4/18/2017,4/23/2017,Tarif normal,CR-12580,Clay Rozendal,Bureau à domicile,États-Unis,Elmhurst,Illinois,USCA - Centre,OFF-PA-10001560,Fournitures de bureau,Papier,"Adams Telephone Message Books, 5 1/4” x 11”",9.66,2,0.2,3.26
2428,US-2017-169922,6/11/2017,6/17/2017,Tarif normal,MZ-17515,Mary Zewe,Entreprise,États-Unis,Arlington,Texas,USCA - Centre,OFF-BI-10003784,Fournitures de bureau,Classeurs,Computer Printout Index Tabs,1.34,4,0.8,-2.15
2429,US-2017-169922,6/11/2017,6/17/2017,Tarif normal,MZ-17515,Mary Zewe,Entreprise,États-Unis,Arlington,Texas,USCA - Centre,OFF-BI-10001617,Fournitures de bureau,Classeurs,GBC Wire Binding Combs,8.27,4,0.8,-13.65
2430,US-2017-169922,6/11/2017,6/17/2017,Tarif normal,MZ-17515,Mary Zewe,Entreprise,États-Unis,Arlington,Texas,USCA - Centre,FUR-FU-10004415,Mobilier,Meubles,"Stacking Tray, Side-Loading, Legal, Smoke",12.54,7,0.6,-9.09
2441,US-2017-146934,5/22/2017,5/27/2017,Tarif normal,AF-10870,Art Ferguson,Grand public,États-Unis,Passaic,New Jersey,USCA - Est,TEC-PH-10004614,Produits technologiques,Téléphones,AT&T 841000 Phone,345,5,0,86.25
2442,US-2017-146934,5/22/2017,5/27/2017,Tarif normal,AF-10870,Art Ferguson,Grand public,États-Unis,Passaic,New Jersey,USCA - Est,FUR-TA-10003748,Mobilier,Tables,Bevis 36 x 72 Conference Tables,174.29,2,0.3,-19.92
2443,US-2017-146934,5/22/2017,5/27/2017,Tarif normal,AF-10870,Art Ferguson,Grand public,États-Unis,Passaic,New Jersey,USCA - Est,OFF-AP-10003217,Fournitures de bureau,Électroménager,Eureka Sanitaire  Commercial Upright,662.84,4,0,172.34
2444,US-2017-146934,5/22/2017,5/27/2017,Tarif normal,AF-10870,Art Ferguson,Grand public,États-Unis,Passaic,New Jersey,USCA - Est,TEC-AC-10002399,Produits technologiques,Accessoires,SanDisk Cruzer 32 GB USB Flash Drive,95.1,5,0,30.43
2445,US-2017-146934,5/22/2017,5/27/2017,Tarif normal,AF-10870,Art Ferguson,Grand public,États-Unis,Passaic,New Jersey,USCA - Est,OFF-EN-10002973,Fournitures de bureau,Enveloppes,Ampad #10 Peel & Seel Holiday Envelopes,26.88,6,0,12.9
2446,US-2017-146934,5/22/2017,5/27/2017,Tarif normal,AF-10870,Art Ferguson,Grand public,États-Unis,Passaic,New Jersey,USCA - Est,TEC-PH-10001336,Produits technologiques,Téléphones,Digium D40 VoIP phone,257.98,2,0,74.81
2448,US-2017-119165,7/23/2017,7/27/2017,Tarif normal,BD-11320,Bill Donatelli,Grand public,États-Unis,Philadelphia,Pennsylvanie,USCA - Est,FUR-CH-10000988,Mobilier,Chaises,Hon Olson Stacker Stools,492.84,5,0.3,-14.08
2450,US-2017-140207,11/5/2017,11/10/2017,Tarif normal,CS-12400,Christopher Schild,Bureau à domicile,États-Unis,San Jose,Californie,USCA - Ouest,OFF-BI-10003963,Fournitures de bureau,Classeurs,Cardinal Holdit Data Disk Pockets,29.12,5,0.2,9.83
2471,US-2017-135923,1/22/2017,1/28/2017,Tarif normal,CM-11935,Carlos Meador,Grand public,États-Unis,Fayetteville,Caroline du Nord,USCA - Sud,FUR-FU-10002107,Mobilier,Meubles,Eldon Pizzaz Desk Accessories,14.27,8,0.2,4.28
2472,US-2017-135923,1/22/2017,1/28/2017,Tarif normal,CM-11935,Carlos Meador,Grand public,États-Unis,Fayetteville,Caroline du Nord,USCA - Sud,FUR-BO-10002213,Mobilier,Bibliothèques,"Sauder Forest Hills Library, Woodland Oak Finish",451.14,4,0.2,-67.67
2473,US-2017-135923,1/22/2017,1/28/2017,Tarif normal,CM-11935,Carlos Meador,Grand public,États-Unis,Fayetteville,Caroline du Nord,USCA - Sud,OFF-AP-10000692,Fournitures de bureau,Électroménager,Fellowes Mighty 8 Compact Surge Protector,64.86,4,0.2,6.49
2474,US-2017-114972,11/3/2017,11/6/2017,Prioritaire,PF-19225,Phillip Flathmann,Grand public,États-Unis,Los Angeles,Californie,USCA - Ouest,FUR-CH-10001190,Mobilier,Chaises,Global Deluxe High-Back Office Chair in Storm,217.58,2,0.2,-29.92
2475,US-2017-114972,11/3/2017,11/6/2017,Prioritaire,PF-19225,Phillip Flathmann,Grand public,États-Unis,Los Angeles,Californie,USCA - Ouest,TEC-AC-10000682,Produits technologiques,Accessoires,Kensington K72356US Mouse-in-a-Box USB Desktop Mouse,82.95,5,0,29.03
2476,US-2017-114972,11/3/2017,11/6/2017,Prioritaire,PF-19225,Phillip Flathmann,Grand public,États-Unis,Los Angeles,Californie,USCA - Ouest,OFF-LA-10004545,Fournitures de bureau,Étiquettes,Avery 50,87.71,7,0,41.22
2477,US-2017-114972,11/3/2017,11/6/2017,Prioritaire,PF-19225,Phillip Flathmann,Grand public,États-Unis,Los Angeles,Californie,USCA - Ouest,OFF-AP-10003057,Fournitures de bureau,Électroménager,Honeywell Enviracaire Portable HEPA Air Cleaner for 16' x 20' Room,1101.48,4,0,429.58
2494,US-2017-146206,9/10/2017,9/14/2017,J+2,KT-16480,Kean Thornton,Grand public,États-Unis,Houston,Texas,USCA - Centre,FUR-TA-10004086,Mobilier,Tables,KI Adjustable-Height Table,300.93,5,0.3,-34.39
2495,US-2017-146206,9/10/2017,9/14/2017,J+2,KT-16480,Kean Thornton,Grand public,États-Unis,Houston,Texas,USCA - Centre,TEC-PH-10000895,Produits technologiques,Téléphones,Polycom VVX 310 VoIP phone,719.96,5,0.2,54
2499,US-2017-126935,5/19/2017,5/24/2017,Tarif normal,BT-11395,Bill Tyler,Entreprise,États-Unis,San Francisco,Californie,USCA - Ouest,OFF-BI-10004817,Fournitures de bureau,Classeurs,GBC Personal VeloBind Strips,9.58,1,0.2,3.35
2504,US-2017-149482,11/14/2017,11/19/2017,Tarif normal,RR-19315,Ralph Ritter,Grand public,États-Unis,San Francisco,Californie,USCA - Ouest,OFF-LA-10000248,Fournitures de bureau,Étiquettes,Avery 52,7.38,2,0,3.47
2511,US-2017-136812,11/18/2017,11/23/2017,Tarif normal,AW-10930,Arthur Wiediger,Bureau à domicile,États-Unis,Oklahoma City,Oklahoma,USCA - Centre,OFF-ST-10003470,Fournitures de bureau,Stockage,"Tennsco Snap-Together Open Shelving Units, Starter Sets and Add-On Units",1117.92,4,0,55.9
2514,US-2017-124506,11/11/2017,11/17/2017,Tarif normal,BB-11545,Brenda Bowman,Entreprise,États-Unis,Chicago,Illinois,USCA - Centre,TEC-AC-10003280,Produits technologiques,Accessoires,Belkin F8E887 USB Wired Ergonomic Keyboard,95.97,4,0.2,1.2
2515,US-2017-124506,11/11/2017,11/17/2017,Tarif normal,BB-11545,Brenda Bowman,Entreprise,États-Unis,Chicago,Illinois,USCA - Centre,FUR-CH-10004540,Mobilier,Chaises,Global Chrome Stack Chair,47.99,2,0.3,-2.06
2519,US-2017-124352,10/15/2017,10/21/2017,Tarif normal,CD-12790,Cynthia Delaney,Bureau à domicile,États-Unis,Oklahoma City,Oklahoma,USCA - Centre,OFF-LA-10004559,Fournitures de bureau,Étiquettes,Avery 49,20.16,7,0,9.88
2520,US-2017-124352,10/15/2017,10/21/2017,Tarif normal,CD-12790,Cynthia Delaney,Bureau à domicile,États-Unis,Oklahoma City,Oklahoma,USCA - Centre,OFF-LA-10003223,Fournitures de bureau,Étiquettes,Avery 508,29.46,6,0,14.44
2521,US-2017-124352,10/15/2017,10/21/2017,Tarif normal,CD-12790,Cynthia Delaney,Bureau à domicile,États-Unis,Oklahoma City,Oklahoma,USCA - Centre,OFF-AP-10002651,Fournitures de bureau,Électroménager,Hoover Upright Vacuum With Dirt Cup,868.59,3,0,251.89
2522,US-2017-124352,10/15/2017,10/21/2017,Tarif normal,CD-12790,Cynthia Delaney,Bureau à domicile,États-Unis,Oklahoma City,Oklahoma,USCA - Centre,OFF-PA-10003177,Fournitures de bureau,Papier,Xerox 1999,12.96,2,0,6.22
2523,US-2017-124352,10/15/2017,10/21/2017,Tarif normal,CD-12790,Cynthia Delaney,Bureau à domicile,États-Unis,Oklahoma City,Oklahoma,USCA - Centre,TEC-PH-10003442,Produits technologiques,Téléphones,Samsung Replacement EH64AVFWE Premium Headset,5.5,1,0,1.38
2524,US-2017-124352,10/15/2017,10/21/2017,Tarif normal,CD-12790,Cynthia Delaney,Bureau à domicile,États-Unis,Oklahoma City,Oklahoma,USCA - Centre,OFF-BI-10000977,Fournitures de bureau,Classeurs,Ibico Plastic Spiral Binding Combs,121.6,4,0,55.94
2542,US-2017-144792,1/20/2017,1/24/2017,Tarif normal,KD-16615,Ken Dana,Entreprise,États-Unis,Scottsdale,Arizona,USCA - Ouest,FUR-FU-10002759,Mobilier,Meubles,12-1/2 Diameter Round Wall Clock,111.89,7,0.2,22.38
2544,US-2017-114174,9/8/2017,9/14/2017,Tarif normal,AP-10720,Anne Pryor,Bureau à domicile,États-Unis,Malden,Massachusetts,USCA - Est,FUR-BO-10003450,Mobilier,Bibliothèques,"Bush Westfield Collection Bookcases, Dark Cherry Finish",173.94,3,0,13.92
2545,US-2017-114174,9/8/2017,9/14/2017,Tarif normal,AP-10720,Anne Pryor,Bureau à domicile,États-Unis,Malden,Massachusetts,USCA - Est,OFF-LA-10000248,Fournitures de bureau,Étiquettes,Avery 52,14.76,4,0,6.94
2554,US-2017-155439,9/14/2017,9/18/2017,Tarif normal,PN-18775,Parhena Norris,Bureau à domicile,États-Unis,Columbia,Caroline du Sud,USCA - Sud,OFF-PA-10000029,Fournitures de bureau,Papier,Xerox 224,25.92,4,0,12.44
2555,US-2017-118626,8/15/2017,8/20/2017,Tarif normal,JC-15775,John Castell,Grand public,États-Unis,Tallahassee,Floride,USCA - Sud,TEC-PH-10000369,Produits technologiques,Téléphones,HTC One Mini,705.54,7,0.2,70.55
2557,US-2017-126844,10/8/2017,10/14/2017,Tarif normal,BW-11110,Bart Watters,Entreprise,États-Unis,Houston,Texas,USCA - Centre,FUR-FU-10004909,Mobilier,Meubles,Contemporary Wood/Metal Frame,51.71,8,0.6,-32.32
2573,US-2017-155845,8/12/2017,8/15/2017,J+2,CM-12235,Chris McAfee,Grand public,États-Unis,Carrollton,Texas,USCA - Centre,TEC-AC-10004145,Produits technologiques,Accessoires,Logitech diNovo Edge Keyboard,1399.94,7,0.2,52.5
2589,US-2017-137729,5/5/2017,5/9/2017,Tarif normal,BF-11005,Barry Franz,Bureau à domicile,États-Unis,Los Angeles,Californie,USCA - Ouest,OFF-ST-10001505,Fournitures de bureau,Stockage,"Perma STOR-ALL Hanging File Box, 13 1/8""W x 12 1/4""D x 10 1/2""H",5.98,1,0,1.02
2590,US-2017-137729,5/5/2017,5/9/2017,Tarif normal,BF-11005,Barry Franz,Bureau à domicile,États-Unis,Los Angeles,Californie,USCA - Ouest,TEC-PH-10001433,Produits technologiques,Téléphones,Cisco Small Business SPA 502G VoIP phone,246.17,3,0.2,21.54
2591,US-2017-115455,9/8/2017,9/14/2017,Tarif normal,SE-20110,Sanjit Engle,Grand public,États-Unis,Wheeling,Illinois,USCA - Centre,FUR-FU-10004671,Mobilier,Meubles,"Executive Impressions 12"" Wall Clock",14.14,2,0.6,-7.77
2592,US-2017-115455,9/8/2017,9/14/2017,Tarif normal,SE-20110,Sanjit Engle,Grand public,États-Unis,Wheeling,Illinois,USCA - Centre,FUR-TA-10003569,Mobilier,Tables,Bretford CR8500 Series Meeting Room Furniture,601.47,3,0.5,-300.74
2602,US-2017-165848,6/4/2017,6/4/2017,Le même jour,EN-13780,Edward Nazzal,Grand public,États-Unis,New York City,New York,USCA - Est,OFF-PA-10000349,Fournitures de bureau,Papier,Easy-staple paper,14.94,3,0,7.02
2603,US-2017-165848,6/4/2017,6/4/2017,Le même jour,EN-13780,Edward Nazzal,Grand public,États-Unis,New York City,New York,USCA - Est,TEC-MA-10003356,Produits technologiques,Machines,Panasonic KX MC6040 Color Laser Multifunction Printer,1349.85,3,0,364.46
2604,US-2017-165848,6/4/2017,6/4/2017,Le même jour,EN-13780,Edward Nazzal,Grand public,États-Unis,New York City,New York,USCA - Est,FUR-BO-10000362,Mobilier,Bibliothèques,Sauder Inglewood Library Bookcases,136.78,1,0.2,5.13
2605,US-2017-165848,6/4/2017,6/4/2017,Le même jour,EN-13780,Edward Nazzal,Grand public,États-Unis,New York City,New York,USCA - Est,FUR-FU-10003878,Mobilier,Meubles,"Linden 10"" Round Wall Clock, Black",61.12,4,0,20.78
2607,US-2017-154053,3/4/2017,3/10/2017,Tarif normal,MG-17890,Michael Granlund,Bureau à domicile,États-Unis,San Diego,Californie,USCA - Ouest,OFF-AR-10003727,Fournitures de bureau,Art,Berol Giant Pencil Sharpener,16.99,1,0,4.93
2614,US-2017-137204,4/28/2017,5/5/2017,Tarif normal,BO-11350,Bill Overfelt,Entreprise,États-Unis,Los Angeles,Californie,USCA - Ouest,FUR-CH-10002304,Mobilier,Chaises,"Global Stack Chair without Arms, Black",41.57,2,0.2,2.6
2643,US-2017-124051,12/29/2017,1/2/2018,Prioritaire,KA-16525,Kelly Andreada,Grand public,États-Unis,Aurora,Illinois,USCA - Centre,OFF-PA-10001289,Fournitures de bureau,Papier,White Computer Printout Paper by Universal,186.05,6,0.2,67.44
2644,US-2017-149111,4/17/2017,4/21/2017,J+2,BF-11170,Ben Ferrer,Bureau à domicile,États-Unis,Raleigh,Caroline du Nord,USCA - Sud,TEC-PH-10003092,Produits technologiques,Téléphones,Motorola L804,36.79,1,0.2,4.14
2645,US-2017-149111,4/17/2017,4/21/2017,J+2,BF-11170,Ben Ferrer,Bureau à domicile,États-Unis,Raleigh,Caroline du Nord,USCA - Sud,FUR-FU-10000206,Mobilier,Meubles,"GE General Purpose, Extra Long Life, Showcase & Floodlight Incandescent Bulbs",18.62,8,0.2,6.29
2651,US-2017-146794,9/26/2017,10/1/2017,Tarif normal,SH-19975,Sally Hughsby,Entreprise,États-Unis,Hesperia,Californie,USCA - Ouest,FUR-BO-10004467,Mobilier,Bibliothèques,Bestar Classic Bookcase,424.96,5,0.2,20
2659,US-2017-150343,8/16/2017,8/20/2017,Tarif normal,PK-19075,Pete Kriz,Grand public,États-Unis,San Francisco,Californie,USCA - Ouest,OFF-EN-10004030,Fournitures de bureau,Enveloppes,Convenience Packs of Business Envelopes,10.86,3,0,5.1
2664,US-2017-164784,5/1/2017,5/4/2017,Prioritaire,HF-14995,Herbert Flentye,Grand public,États-Unis,Memphis,Tennessee,USCA - Sud,OFF-LA-10001569,Fournitures de bureau,Étiquettes,Avery 499,3.98,1,0.2,1.29
2665,US-2017-164784,5/1/2017,5/4/2017,Prioritaire,HF-14995,Herbert Flentye,Grand public,États-Unis,Memphis,Tennessee,USCA - Sud,FUR-TA-10004534,Mobilier,Tables,Bevis 44 x 96 Conference Tables,370.62,3,0.4,-142.07
2666,US-2017-164784,5/1/2017,5/4/2017,Prioritaire,HF-14995,Herbert Flentye,Grand public,États-Unis,Memphis,Tennessee,USCA - Sud,OFF-BI-10002954,Fournitures de bureau,Classeurs,Newell 3-Hole Punched Plastic Slotted Magazine Holders for Binders,2.74,2,0.7,-2.01
2667,US-2017-111794,10/1/2017,10/1/2017,Le même jour,HG-15025,Hunter Glantz,Grand public,États-Unis,Amarillo,Texas,USCA - Centre,TEC-AC-10003832,Produits technologiques,Accessoires,Imation 16GB Mini TravelDrive USB 2.0 Flash Drive,79.51,3,0.2,20.87
2668,US-2017-111794,10/1/2017,10/1/2017,Le même jour,HG-15025,Hunter Glantz,Grand public,États-Unis,Amarillo,Texas,USCA - Centre,OFF-PA-10000474,Fournitures de bureau,Papier,Easy-staple paper,28.35,1,0.2,9.57
2686,US-2017-133123,9/6/2017,9/11/2017,Tarif normal,KB-16315,Karl Braun,Grand public,États-Unis,Thomasville,Caroline du Nord,USCA - Sud,OFF-EN-10003055,Fournitures de bureau,Enveloppes,"Blue String-Tie & Button Interoffice Envelopes, 10 x 13",95.95,3,0.2,29.99
2687,US-2017-133123,9/6/2017,9/11/2017,Tarif normal,KB-16315,Karl Braun,Grand public,États-Unis,Thomasville,Caroline du Nord,USCA - Sud,OFF-BI-10001031,Fournitures de bureau,Classeurs,Pressboard Data Binders by Wilson Jones,3.2,2,0.7,-2.46
2688,US-2017-128195,8/4/2017,8/5/2017,Prioritaire,RA-19285,Ralph Arnett,Grand public,États-Unis,Peoria,Illinois,USCA - Centre,OFF-BI-10002003,Fournitures de bureau,Classeurs,Ibico Presentation Index for Binding Systems,3.98,5,0.8,-6.57
2692,US-2017-144211,8/28/2017,9/2/2017,Tarif normal,CS-12130,Chad Sievert,Grand public,États-Unis,Englewood,Colorado,USCA - Ouest,OFF-PA-10002246,Fournitures de bureau,Papier,"Wirebound Four 2-3/4 x 5 Forms per Page, 400 Sets per Book",15.48,3,0.2,5.61
2693,US-2017-144211,8/28/2017,9/2/2017,Tarif normal,CS-12130,Chad Sievert,Grand public,États-Unis,Englewood,Colorado,USCA - Ouest,TEC-PH-10002890,Produits technologiques,Téléphones,AT&T 17929 Lendline Telephone,108.58,3,0.2,8.14
2694,US-2017-138079,1/22/2017,1/28/2017,Tarif normal,AJ-10795,Anthony Johnson,Entreprise,États-Unis,Seattle,Washington,USCA - Ouest,FUR-FU-10001475,Mobilier,Meubles,"Contract Clock, 14"", Brown",109.9,5,0,37.37
2696,US-2017-161662,2/7/2017,2/9/2017,Prioritaire,BE-11410,Bobby Elias,Grand public,États-Unis,Lancaster,Ohio,USCA - Est,OFF-PA-10003465,Fournitures de bureau,Papier,Xerox 1912,30.35,2,0.2,10.62
2723,US-2017-164735,4/14/2017,4/19/2017,J+2,TB-21400,Tom Boeckenhauer,Grand public,États-Unis,Alexandria,Virginie,USCA - Sud,OFF-ST-10001558,Fournitures de bureau,Stockage,Acco Perma 4000 Stacking Storage Drawers,81.2,5,0,12.18
2742,US-2017-165015,2/25/2017,2/27/2017,J+2,BD-11725,Bruce Degenhardt,Grand public,États-Unis,Newark,Ohio,USCA - Est,OFF-EN-10003134,Fournitures de bureau,Enveloppes,Staple envelope,46.72,5,0.2,17.52
2758,US-2017-127775,6/11/2017,6/13/2017,J+2,ES-14020,Erica Smith,Grand public,États-Unis,New York City,New York,USCA - Est,TEC-AC-10002402,Produits technologiques,Accessoires,Razer Kraken PRO Over Ear PC and Music Headset,239.97,3,0,71.99
2759,US-2017-146171,3/11/2017,3/15/2017,Tarif normal,JP-16135,Julie Prescott,Bureau à domicile,États-Unis,Columbus,Géorgie,USCA - Sud,FUR-FU-10004270,Mobilier,Meubles,"Executive Impressions 13"" Clairmont Wall Clock",76.92,4,0,31.54
2760,US-2017-146171,3/11/2017,3/15/2017,Tarif normal,JP-16135,Julie Prescott,Bureau à domicile,États-Unis,Columbus,Géorgie,USCA - Sud,OFF-ST-10001526,Fournitures de bureau,Stockage,Iceberg Mobile Mega Data/Printer Cart,481.32,4,0,125.14
2772,US-2017-163986,9/3/2017,9/10/2017,Tarif normal,JJ-15445,Jennifer Jackson,Grand public,États-Unis,Waukesha,Wisconsin,USCA - Centre,OFF-ST-10000918,Fournitures de bureau,Stockage,Crate-A-Files,54.5,5,0,14.17
2774,US-2017-131576,11/22/2017,11/26/2017,Tarif normal,RD-19585,Rob Dowd,Grand public,États-Unis,Detroit,Michigan,USCA - Centre,OFF-BI-10002852,Fournitures de bureau,Classeurs,Ibico Standard Transparent Covers,49.44,3,0,24.23
2776,US-2017-144729,10/21/2017,10/25/2017,Tarif normal,JE-15745,Joel Eaton,Grand public,États-Unis,San Diego,Californie,USCA - Ouest,OFF-ST-10004804,Fournitures de bureau,Stockage,"Belkin 19"" Vented Equipment Shelf, Black",154.44,3,0,1.54
2783,US-2017-139878,11/11/2017,11/16/2017,Tarif normal,LD-17005,Lisa DeCherney,Grand public,États-Unis,Detroit,Michigan,USCA - Centre,TEC-PH-10001336,Produits technologiques,Téléphones,Digium D40 VoIP phone,257.98,2,0,74.81
2784,US-2017-106677,11/5/2017,11/10/2017,Tarif normal,AS-10285,Alejandro Savely,Entreprise,États-Unis,Philadelphia,Pennsylvanie,USCA - Est,TEC-PH-10003187,Produits technologiques,Téléphones,Anker Astro Mini 3000mAh Ultra-Compact Portable Charger,23.99,2,0.4,-15.99
2785,US-2017-116974,10/9/2017,10/15/2017,Tarif normal,MP-17965,Michael Paige,Entreprise,États-Unis,Troy,Ohio,USCA - Est,TEC-PH-10004897,Produits technologiques,Téléphones,Mediabridge Sport Armband iPhone 5s,23.98,4,0.4,-15.58
2801,US-2017-153318,10/25/2017,10/28/2017,Prioritaire,JS-15595,Jill Stevenson,Entreprise,États-Unis,Miami,Floride,USCA - Sud,TEC-PH-10000984,Produits technologiques,Téléphones,Panasonic KX-TG9471B,783.96,5,0.2,78.4
2820,US-2017-160500,5/5/2017,5/8/2017,Prioritaire,DM-13015,Darrin Martin,Grand public,États-Unis,Encinitas,Californie,USCA - Ouest,OFF-BI-10003784,Fournitures de bureau,Classeurs,Computer Printout Index Tabs,6.72,5,0.2,2.35
2821,US-2017-160500,5/5/2017,5/8/2017,Prioritaire,DM-13015,Darrin Martin,Grand public,États-Unis,Encinitas,Californie,USCA - Ouest,FUR-TA-10003748,Mobilier,Tables,Bevis 36 x 72 Conference Tables,298.78,3,0.2,7.47
2822,US-2017-100202,9/22/2017,9/28/2017,Tarif normal,BD-11620,Brian DeCherney,Grand public,États-Unis,Anaheim,Californie,USCA - Ouest,TEC-PH-10002563,Produits technologiques,Téléphones,Adtran 1202752G1,302.38,3,0.2,22.68
2829,US-2017-124149,4/23/2017,4/26/2017,Prioritaire,MJ-17740,Max Jones,Grand public,États-Unis,Lancaster,Ohio,USCA - Est,OFF-PA-10002421,Fournitures de bureau,Papier,Embossed Ink Jet Note Cards,108.34,6,0.2,37.92
2830,US-2017-124149,4/23/2017,4/26/2017,Prioritaire,MJ-17740,Max Jones,Grand public,États-Unis,Lancaster,Ohio,USCA - Est,OFF-ST-10000760,Fournitures de bureau,Stockage,Eldon Fold 'N Roll Cart System,55.92,5,0.2,6.29
2831,US-2017-124149,4/23/2017,4/26/2017,Prioritaire,MJ-17740,Max Jones,Grand public,États-Unis,Lancaster,Ohio,USCA - Est,OFF-PA-10002923,Fournitures de bureau,Papier,Xerox 1942,78.3,2,0.2,29.36
2839,US-2017-147368,6/9/2017,6/12/2017,Prioritaire,TC-21295,Toby Carlisle,Grand public,États-Unis,Tallahassee,Floride,USCA - Sud,TEC-MA-10002178,Produits technologiques,Machines,Cisco CP-7937G Unified IP Conference Station Phone,695.7,2,0.5,-27.83
2845,US-2017-162852,12/27/2017,1/2/2018,Tarif normal,BG-11695,Brooke Gillingham,Entreprise,États-Unis,Woodstock,Illinois,USCA - Centre,FUR-CH-10004853,Mobilier,Chaises,"Global Manager's Adjustable Task Chair, Storm",845.49,8,0.3,-12.08
2850,US-2017-123617,11/28/2017,12/3/2017,Tarif normal,AJ-10780,Anthony Jacobs,Entreprise,États-Unis,Palm Coast,Floride,USCA - Sud,OFF-BI-10002976,Fournitures de bureau,Classeurs,ACCOHIDE Binder by Acco,7.43,6,0.7,-5.7
2851,US-2017-128293,6/2/2017,6/5/2017,Prioritaire,KC-16255,Karen Carlisle,Entreprise,États-Unis,Philadelphia,Pennsylvanie,USCA - Est,OFF-ST-10000736,Fournitures de bureau,Stockage,Carina Double Wide Media Storage Towers in Natural & Black,64.78,1,0.2,-12.96
2853,US-2017-136371,3/19/2017,3/21/2017,J+2,SV-20935,Susan Vittorini,Grand public,États-Unis,Oceanside,New York,USCA - Est,FUR-FU-10000409,Mobilier,Meubles,"GE 4 Foot Flourescent Tube, 40 Watt",14.98,1,0,6.89
2854,US-2017-136371,3/19/2017,3/21/2017,J+2,SV-20935,Susan Vittorini,Grand public,États-Unis,Oceanside,New York,USCA - Est,FUR-FU-10000221,Mobilier,Meubles,"Master Caster Door Stop, Brown",20.32,4,0,6.91
2857,US-2017-128594,8/26/2017,8/29/2017,Prioritaire,DJ-13510,Don Jones,Entreprise,États-Unis,San Diego,Californie,USCA - Ouest,FUR-CH-10001215,Mobilier,Chaises,Global Troy Executive Leather Low-Back Tilter,1603.14,4,0.2,100.2
2858,US-2017-154690,8/15/2017,8/17/2017,J+2,CC-12370,Christopher Conant,Grand public,États-Unis,Fayetteville,Caroline du Nord,USCA - Sud,FUR-CH-10000988,Mobilier,Chaises,Hon Olson Stacker Stools,225.3,2,0.2,22.53
2868,US-2017-115588,11/10/2017,11/12/2017,J+2,AF-10885,Art Foster,Grand public,États-Unis,Toledo,Ohio,USCA - Est,OFF-SU-10001225,Fournitures de bureau,Fournitures,Staple remover,14.72,5,0.2,-3.31
2869,US-2017-115588,11/10/2017,11/12/2017,J+2,AF-10885,Art Foster,Grand public,États-Unis,Toledo,Ohio,USCA - Est,OFF-ST-10001558,Fournitures de bureau,Stockage,Acco Perma 4000 Stacking Storage Drawers,38.98,3,0.2,-2.44
2876,US-2017-167339,1/21/2017,1/23/2017,J+2,TD-20995,Tamara Dahlen,Grand public,États-Unis,San Diego,Californie,USCA - Ouest,FUR-CH-10004289,Mobilier,Chaises,Global Super Steno Chair,153.57,2,0.2,-5.76
2877,US-2017-167339,1/21/2017,1/23/2017,J+2,TD-20995,Tamara Dahlen,Grand public,États-Unis,San Diego,Californie,USCA - Ouest,FUR-CH-10000785,Mobilier,Chaises,Global Ergonomic Managers Chair,1013.49,7,0.2,76.01
2878,US-2017-152072,1/15/2017,1/19/2017,Tarif normal,Dp-13240,Dean percer,Bureau à domicile,États-Unis,Westfield,New Jersey,USCA - Est,OFF-EN-10003040,Fournitures de bureau,Enveloppes,Quality Park Security Envelopes,52.34,2,0,24.6
2879,US-2017-152072,1/15/2017,1/19/2017,Tarif normal,Dp-13240,Dean percer,Bureau à domicile,États-Unis,Westfield,New Jersey,USCA - Est,OFF-AR-10001573,Fournitures de bureau,Art,American Pencil,4.66,2,0,1.35
2880,US-2017-152072,1/15/2017,1/19/2017,Tarif normal,Dp-13240,Dean percer,Bureau à domicile,États-Unis,Westfield,New Jersey,USCA - Est,TEC-AC-10000844,Produits technologiques,Accessoires,Logitech Gaming G510s - Keyboard,254.97,3,0,91.79
2881,US-2017-102932,9/19/2017,9/23/2017,J+2,SD-20485,Shirley Daniels,Bureau à domicile,États-Unis,Orange,New Jersey,USCA - Est,OFF-BI-10000756,Fournitures de bureau,Classeurs,Storex DuraTech Recycled Plastic Frosted Binders,25.44,6,0,12.72
2882,US-2017-102932,9/19/2017,9/23/2017,J+2,SD-20485,Shirley Daniels,Bureau à domicile,États-Unis,Orange,New Jersey,USCA - Est,OFF-SU-10000381,Fournitures de bureau,Fournitures,Acme Forged Steel Scissors with Black Enamel Handles,27.93,3,0,8.1
2884,US-2017-130799,11/11/2017,11/16/2017,J+2,BK-11260,Berenike Kampe,Grand public,États-Unis,San Francisco,Californie,USCA - Ouest,FUR-FU-10001852,Mobilier,Meubles,"Eldon Regeneration Recycled Desk Accessories, Smoke",6.96,4,0,2.23
2885,US-2017-164483,2/1/2017,2/3/2017,Tarif normal,JF-15490,Jeremy Farry,Grand public,États-Unis,San Francisco,Californie,USCA - Ouest,OFF-BI-10000014,Fournitures de bureau,Classeurs,Heavy-Duty E-Z-D Binders,17.46,2,0.2,5.89
2886,US-2017-159856,10/18/2017,10/22/2017,Tarif normal,EP-13915,Emily Phan,Grand public,États-Unis,Tempe,Arizona,USCA - Ouest,FUR-CH-10003396,Mobilier,Chaises,Global Deluxe Steno Chair,307.92,5,0.2,-34.64
2898,US-2017-164630,1/4/2017,1/9/2017,Tarif normal,EB-13975,Erica Bern,Entreprise,États-Unis,Charlotte,Caroline du Nord,USCA - Sud,TEC-CO-10000971,Produits technologiques,Photocopieurs,Hewlett Packard 310 Color Digital Copier,959.97,4,0.2,120
2903,US-2017-164035,6/12/2017,6/17/2017,Tarif normal,CR-12730,Craig Reiter,Grand public,États-Unis,Chicago,Illinois,USCA - Centre,OFF-PA-10002160,Fournitures de bureau,Papier,Xerox 1978,23.12,5,0.2,8.38
2904,US-2017-153577,6/27/2017,7/1/2017,Tarif normal,KH-16330,Katharine Harms,Entreprise,États-Unis,Highland Park,Illinois,USCA - Centre,OFF-PA-10000575,Fournitures de bureau,Papier,"Wirebound Message Books, Four 2 3/4 x 5 White Forms per Page",37.46,7,0.2,12.18
2905,US-2017-153577,6/27/2017,7/1/2017,Tarif normal,KH-16330,Katharine Harms,Entreprise,États-Unis,Highland Park,Illinois,USCA - Centre,FUR-CH-10003981,Mobilier,Chaises,Global Commerce Series Low-Back Swivel/Tilt Chairs,539.66,3,0.3,-7.71
2919,US-2017-160129,11/23/2017,11/23/2017,Le même jour,LS-17200,Luke Schmidt,Entreprise,États-Unis,Philadelphia,Pennsylvanie,USCA - Est,OFF-FA-10002763,Fournitures de bureau,Éléments de fixation,Advantus Map Pennant Flags and Round Head Tacks,15.8,5,0.2,2.37
2920,US-2017-160129,11/23/2017,11/23/2017,Le même jour,LS-17200,Luke Schmidt,Entreprise,États-Unis,Philadelphia,Pennsylvanie,USCA - Est,FUR-FU-10002088,Mobilier,Meubles,Nu-Dell Float Frame 11 x 14 1/2,14.37,2,0.2,3.95
2921,US-2017-160129,11/23/2017,11/23/2017,Le même jour,LS-17200,Luke Schmidt,Entreprise,États-Unis,Philadelphia,Pennsylvanie,USCA - Est,FUR-FU-10003976,Mobilier,Meubles,"DAX Executive Solid Wood Document Frame, Desktop or Hang, Mahogany, 5 x 7",70.45,7,0.2,12.33
2934,US-2017-169040,12/6/2017,12/12/2017,Tarif normal,GT-14710,Greg Tran,Grand public,États-Unis,Seattle,Washington,USCA - Ouest,TEC-PH-10002310,Produits technologiques,Téléphones,Plantronics Calisto P620-M USB Wireless Speakerphone System,156.79,1,0.2,13.72
2935,US-2017-169040,12/6/2017,12/12/2017,Tarif normal,GT-14710,Greg Tran,Grand public,États-Unis,Seattle,Washington,USCA - Ouest,TEC-PH-10002834,Produits technologiques,Téléphones,Google Nexus 5,431.98,3,0.2,27
2936,US-2017-169040,12/6/2017,12/12/2017,Tarif normal,GT-14710,Greg Tran,Grand public,États-Unis,Seattle,Washington,USCA - Ouest,OFF-EN-10000927,Fournitures de bureau,Enveloppes,Jet-Pak Recycled Peel 'N' Seal Padded Mailers,35.89,1,0,16.15
2937,US-2017-169040,12/6/2017,12/12/2017,Tarif normal,GT-14710,Greg Tran,Grand public,États-Unis,Seattle,Washington,USCA - Ouest,OFF-BI-10001636,Fournitures de bureau,Classeurs,Ibico Plastic and Wire Spiral Binding Combs,47.21,7,0.2,15.34
2938,US-2017-169040,12/6/2017,12/12/2017,Tarif normal,GT-14710,Greg Tran,Grand public,États-Unis,Seattle,Washington,USCA - Ouest,OFF-PA-10001736,Fournitures de bureau,Papier,Xerox 1880,248.08,7,0,116.6
2939,US-2017-169040,12/6/2017,12/12/2017,Tarif normal,GT-14710,Greg Tran,Grand public,États-Unis,Seattle,Washington,USCA - Ouest,OFF-PA-10000482,Fournitures de bureau,Papier,"Snap-A-Way Black Print Carbonless Ruled Speed Letter, Triplicate",189.7,5,0,89.16
2940,US-2017-169040,12/6/2017,12/12/2017,Tarif normal,GT-14710,Greg Tran,Grand public,États-Unis,Seattle,Washington,USCA - Ouest,OFF-BI-10001658,Fournitures de bureau,Classeurs,GBC Standard Therm-A-Bind Covers,59.81,3,0.2,19.44
2946,US-2017-166443,11/4/2017,11/5/2017,Prioritaire,LH-17020,Lisa Hazard,Grand public,États-Unis,San Francisco,Californie,USCA - Ouest,FUR-FU-10004020,Mobilier,Meubles,Advantus Panel Wall Acrylic Frame,38.29,7,0,16.46
2956,US-2017-153353,8/18/2017,8/24/2017,Tarif normal,GG-14650,Greg Guthrie,Entreprise,États-Unis,New York City,New York,USCA - Est,TEC-PH-10000439,Produits technologiques,Téléphones,GE DSL Phone Line Filter,39.99,1,0,11.6
2986,US-2017-139269,5/25/2017,5/31/2017,Tarif normal,JB-16045,Julia Barnett,Bureau à domicile,États-Unis,Columbus,Géorgie,USCA - Sud,FUR-FU-10000755,Mobilier,Meubles,Eldon Expressions Mahogany Wood Desk Collection,24.96,4,0,6.24
2987,US-2017-139269,5/25/2017,5/31/2017,Tarif normal,JB-16045,Julia Barnett,Bureau à domicile,États-Unis,Columbus,Géorgie,USCA - Sud,OFF-PA-10002893,Fournitures de bureau,Papier,"Wirebound Service Call Books, 5 1/2"" x 4""",19.36,2,0,9.29
2988,US-2017-139269,5/25/2017,5/31/2017,Tarif normal,JB-16045,Julia Barnett,Bureau à domicile,États-Unis,Columbus,Géorgie,USCA - Sud,OFF-ST-10000689,Fournitures de bureau,Stockage,"Fellowes Strictly Business Drawer File, Letter/Legal Size",1267.65,9,0,152.12
2989,US-2017-139010,2/21/2017,2/26/2017,J+2,MC-17635,Matthew Clasen,Entreprise,États-Unis,Los Angeles,Californie,USCA - Ouest,TEC-AC-10004227,Produits technologiques,Accessoires,SanDisk Ultra 16 GB MicroSDHC Class 10 Memory Card,12.99,1,0,0.78
2990,US-2017-139010,2/21/2017,2/26/2017,J+2,MC-17635,Matthew Clasen,Entreprise,États-Unis,Los Angeles,Californie,USCA - Ouest,OFF-BI-10000174,Fournitures de bureau,Classeurs,"Wilson Jones Clip & Carry Folder Binder Tool for Ring Binders, Clear",18.56,4,0.2,6.5
2991,US-2017-139010,2/21/2017,2/26/2017,J+2,MC-17635,Matthew Clasen,Entreprise,États-Unis,Los Angeles,Californie,USCA - Ouest,OFF-ST-10001809,Fournitures de bureau,Stockage,Fellowes Officeware Wire Shelving,449.15,5,0,8.98
2992,US-2017-139010,2/21/2017,2/26/2017,J+2,MC-17635,Matthew Clasen,Entreprise,États-Unis,Los Angeles,Californie,USCA - Ouest,OFF-BI-10002309,Fournitures de bureau,Classeurs,Avery Heavy-Duty EZD  Binder With Locking Rings,31.25,7,0.2,10.94
2993,US-2017-134376,10/2/2017,10/6/2017,Tarif normal,TT-21265,Tim Taslimi,Entreprise,États-Unis,New York City,New York,USCA - Est,OFF-AP-10004532,Fournitures de bureau,Électroménager,Kensington 6 Outlet Guardian Standard Surge Protector,61.44,3,0,16.59
2995,US-2017-112893,9/9/2017,9/13/2017,J+2,AT-10735,Annie Thurman,Grand public,États-Unis,Stockton,Californie,USCA - Ouest,OFF-BI-10004654,Fournitures de bureau,Classeurs,VariCap6 Expandable Binder,55.36,4,0.2,18.68
3005,US-2017-131499,9/8/2017,9/10/2017,Prioritaire,MG-17875,Michael Grace,Bureau à domicile,États-Unis,New York City,New York,USCA - Est,OFF-AP-10003779,Fournitures de bureau,Électroménager,Kensington 7 Outlet MasterPiece Power Center with Fax/Phone Line Protection,207.48,1,0,62.24
3009,US-2017-124772,12/5/2017,12/6/2017,Prioritaire,JG-15160,James Galang,Grand public,États-Unis,Murray,Kentucky,USCA - Sud,FUR-FU-10004748,Mobilier,Meubles,"Howard Miller 16"" Diameter Gallery Wall Clock",191.82,3,0,74.81
3010,US-2017-115525,7/25/2017,7/29/2017,Tarif normal,RR-19525,Rick Reed,Entreprise,États-Unis,Toledo,Ohio,USCA - Est,OFF-AP-10000026,Fournitures de bureau,Électroménager,Tripp Lite Isotel 6 Outlet Surge Protector with Fax/Modem Protection,243.88,5,0.2,27.44
3017,US-2017-160528,8/23/2017,8/29/2017,Tarif normal,MH-18115,Mick Hernandez,Bureau à domicile,États-Unis,Pharr,Texas,USCA - Centre,OFF-ST-10002743,Fournitures de bureau,Stockage,SAFCO Boltless Steel Shelving,727.3,8,0.2,-172.73
3018,US-2017-160528,8/23/2017,8/29/2017,Tarif normal,MH-18115,Mick Hernandez,Bureau à domicile,États-Unis,Pharr,Texas,USCA - Centre,FUR-FU-10004973,Mobilier,Meubles,Flat Face Poster Frame,22.61,3,0.6,-10.17
3019,US-2017-160528,8/23/2017,8/29/2017,Tarif normal,MH-18115,Mick Hernandez,Bureau à domicile,États-Unis,Pharr,Texas,USCA - Centre,TEC-AC-10002842,Produits technologiques,Accessoires,WD My Passport Ultra 2TB Portable External Hard Drive,666.4,7,0.2,-33.32
3030,US-2017-164189,3/24/2017,3/28/2017,Tarif normal,DR-12880,Dan Reichenbach,Entreprise,États-Unis,Gresham,Oregon,USCA - Ouest,TEC-PH-10003691,Produits technologiques,Téléphones,BlackBerry Q10,403.17,4,0.2,25.2
3033,US-2017-114293,11/21/2017,11/26/2017,Tarif normal,JH-16180,Justin Hirsh,Grand public,États-Unis,Gresham,Oregon,USCA - Ouest,FUR-CH-10003833,Mobilier,Chaises,Novimex Fabric Task Chair,195.14,4,0.2,-12.2
3041,US-2017-147991,5/5/2017,5/9/2017,Tarif normal,ZD-21925,Zuschuss Donatelli,Grand public,États-Unis,Chattanooga,Tennessee,USCA - Sud,FUR-FU-10004270,Mobilier,Meubles,"Eldon Image Series Desk Accessories, Burgundy",16.72,5,0.2,3.34
3054,US-2017-128517,4/9/2017,4/14/2017,J+2,SW-20350,Sean Wendt,Bureau à domicile,États-Unis,Detroit,Michigan,USCA - Centre,TEC-PH-10002555,Produits technologiques,Téléphones,Nortel Meridian M5316 Digital phone,517.9,2,0,134.65
3055,US-2017-128517,4/9/2017,4/14/2017,J+2,SW-20350,Sean Wendt,Bureau à domicile,États-Unis,Detroit,Michigan,USCA - Centre,OFF-BI-10000831,Fournitures de bureau,Classeurs,Storex Flexible Poly Binders with Double Pockets,5.28,2,0,2.43
3061,US-2017-144554,11/7/2017,11/12/2017,Tarif normal,DM-13345,Denise Monton,Entreprise,États-Unis,Newark,Ohio,USCA - Est,TEC-AC-10002800,Produits technologiques,Accessoires,Plantronics Audio 478 Stereo USB Headset,119.98,3,0.2,22.5
3074,US-2017-125206,1/3/2017,1/5/2017,Prioritaire,LR-16915,Lena Radford,Grand public,États-Unis,Los Angeles,Californie,USCA - Ouest,OFF-ST-10003692,Fournitures de bureau,Stockage,Recycled Steel Personal File for Hanging File Folders,114.46,2,0,28.62
3091,US-2017-112123,3/3/2017,3/8/2017,Tarif normal,BH-11710,Brosina Hoffman,Grand public,États-Unis,Newark,Delaware,USCA - Est,OFF-BI-10001071,Fournitures de bureau,Classeurs,GBC ProClick Punch Binding System,447.86,7,0,219.45
3092,US-2017-112123,3/3/2017,3/8/2017,Tarif normal,BH-11710,Brosina Hoffman,Grand public,États-Unis,Newark,Delaware,USCA - Est,TEC-PH-10001557,Produits technologiques,Téléphones,Pyle PMP37LED,479.95,5,0,129.59
3093,US-2017-112123,3/3/2017,3/8/2017,Tarif normal,BH-11710,Brosina Hoffman,Grand public,États-Unis,Newark,Delaware,USCA - Est,OFF-PA-10001977,Fournitures de bureau,Papier,Xerox 194,166.44,3,0,79.89
3104,US-2017-124562,12/8/2017,12/12/2017,Tarif normal,JP-16135,Julie Prescott,Bureau à domicile,États-Unis,Columbus,Ohio,USCA - Est,OFF-BI-10001267,Fournitures de bureau,Classeurs,"Universal Recycled Hanging Pressboard Report Binders, Letter Size",12.96,7,0.7,-9.5
3106,US-2017-103037,7/25/2017,7/29/2017,Tarif normal,KH-16630,Ken Heidel,Entreprise,États-Unis,Houston,Texas,USCA - Centre,OFF-LA-10004345,Fournitures de bureau,Étiquettes,Avery 493,15.71,4,0.2,5.7
3108,US-2017-121671,7/17/2017,7/22/2017,Tarif normal,AA-10480,Andrew Allen,Grand public,États-Unis,Springfield,Missouri,USCA - Centre,OFF-PA-10001471,Fournitures de bureau,Papier,Strathmore Photo Frame Cards,21.93,3,0,10.09
3109,US-2017-121671,7/17/2017,7/22/2017,Tarif normal,AA-10480,Andrew Allen,Grand public,États-Unis,Springfield,Missouri,USCA - Centre,OFF-ST-10002344,Fournitures de bureau,Stockage,"Carina 42""Hx23 3/4""W Media Storage Unit",242.94,3,0,4.86
3110,US-2017-121671,7/17/2017,7/22/2017,Tarif normal,AA-10480,Andrew Allen,Grand public,États-Unis,Springfield,Missouri,USCA - Centre,OFF-PA-10001892,Fournitures de bureau,Papier,"Rediform Wirebound ""Phone Memo"" Message Book, 11 x 5-3/4",7.64,1,0,3.74
3111,US-2017-121671,7/17/2017,7/22/2017,Tarif normal,AA-10480,Andrew Allen,Grand public,États-Unis,Springfield,Missouri,USCA - Centre,OFF-PA-10001934,Fournitures de bureau,Papier,Xerox 1993,51.84,8,0,25.4
3112,US-2017-121671,7/17/2017,7/22/2017,Tarif normal,AA-10480,Andrew Allen,Grand public,États-Unis,Springfield,Missouri,USCA - Centre,OFF-ST-10000078,Fournitures de bureau,Stockage,Tennsco 6- and 18-Compartment Lockers,265.17,1,0,47.73
3113,US-2017-150350,8/23/2017,8/29/2017,Tarif normal,MS-17770,Maxwell Schwartz,Grand public,États-Unis,Seattle,Washington,USCA - Ouest,TEC-MA-10001972,Produits technologiques,Machines,Okidata C331dn Printer,837.6,3,0.2,62.82
3114,US-2017-150350,8/23/2017,8/29/2017,Tarif normal,MS-17770,Maxwell Schwartz,Grand public,États-Unis,Seattle,Washington,USCA - Ouest,OFF-EN-10002504,Fournitures de bureau,Enveloppes,"Tyvek  Top-Opening Peel & Seel Envelopes, Plain White",135.9,5,0,63.87
3115,US-2017-150350,8/23/2017,8/29/2017,Tarif normal,MS-17770,Maxwell Schwartz,Grand public,États-Unis,Seattle,Washington,USCA - Ouest,OFF-PA-10002160,Fournitures de bureau,Papier,Xerox 1978,34.68,6,0,16.99
3116,US-2017-150350,8/23/2017,8/29/2017,Tarif normal,MS-17770,Maxwell Schwartz,Grand public,États-Unis,Seattle,Washington,USCA - Ouest,FUR-CH-10001973,Mobilier,Chaises,Office Star Flex Back Scooter Chair with White Frame,532.7,6,0.2,-39.95
3117,US-2017-150350,8/23/2017,8/29/2017,Tarif normal,MS-17770,Maxwell Schwartz,Grand public,États-Unis,Seattle,Washington,USCA - Ouest,OFF-AP-10001492,Fournitures de bureau,Électroménager,"Acco Six-Outlet Power Strip, 4' Cord Length",43.1,5,0,11.21
3118,US-2017-150350,8/23/2017,8/29/2017,Tarif normal,MS-17770,Maxwell Schwartz,Grand public,États-Unis,Seattle,Washington,USCA - Ouest,OFF-SU-10002189,Fournitures de bureau,Fournitures,Acme Rosewood Handle Letter Opener,15.88,4,0,0.16
3145,US-2017-148110,9/5/2017,9/11/2017,Tarif normal,AR-10825,Anthony Rawles,Entreprise,États-Unis,Austin,Texas,USCA - Centre,FUR-CH-10002647,Mobilier,Chaises,"Situations Contoured Folding Chairs, 4/Set",347.8,7,0.3,-24.84
3149,US-2017-120558,6/7/2017,6/10/2017,Prioritaire,RD-19810,Ross DeVincentis,Bureau à domicile,États-Unis,New York City,New York,USCA - Est,OFF-PA-10003441,Fournitures de bureau,Papier,Xerox 226,32.4,5,0,15.55
3159,US-2017-162677,3/26/2017,3/27/2017,Prioritaire,DB-13210,Dean Braden,Grand public,États-Unis,Jacksonville,Caroline du Nord,USCA - Sud,OFF-ST-10001291,Fournitures de bureau,Stockage,"Tenex Personal Self-Stacking Standard File Box, Black/Gray",67.64,5,0.2,5.92
3160,US-2017-162677,3/26/2017,3/27/2017,Prioritaire,DB-13210,Dean Braden,Grand public,États-Unis,Jacksonville,Caroline du Nord,USCA - Sud,TEC-AC-10001314,Produits technologiques,Accessoires,Case Logic 2.4GHz Wireless Keyboard,119.98,3,0.2,-18
3168,US-2017-146682,10/29/2017,10/31/2017,Prioritaire,KW-16435,Katrina Willman,Grand public,États-Unis,Lansing,Michigan,USCA - Centre,FUR-FU-10002671,Mobilier,Meubles,Electrix 20W Halogen Replacement Bulb for Zoom-In Desk Lamp,67,5,0,32.16
3169,US-2017-138695,5/28/2017,6/3/2017,Tarif normal,KC-16675,Kimberly Carter,Entreprise,États-Unis,Tallahassee,Floride,USCA - Sud,FUR-CH-10003833,Mobilier,Chaises,Novimex Fabric Task Chair,390.27,8,0.2,-24.39
3170,US-2017-138695,5/28/2017,6/3/2017,Tarif normal,KC-16675,Kimberly Carter,Entreprise,États-Unis,Tallahassee,Floride,USCA - Sud,OFF-PA-10001667,Fournitures de bureau,Papier,Great White Multi-Use Recycled Paper (20Lb. and 84 Bright),62.19,13,0.2,19.44
3172,US-2017-133879,3/21/2017,3/28/2017,Tarif normal,KT-16465,Kean Takahito,Grand public,États-Unis,Chicago,Illinois,USCA - Centre,OFF-BI-10004465,Fournitures de bureau,Classeurs,Avery Durable Slant Ring Binders,3.17,2,0.8,-4.75
3173,US-2017-133879,3/21/2017,3/28/2017,Tarif normal,KT-16465,Kean Takahito,Grand public,États-Unis,Chicago,Illinois,USCA - Centre,FUR-CH-10000665,Mobilier,Chaises,"Global Airflow Leather Mesh Back Chair, Black",528.43,5,0.3,0
3174,US-2017-133879,3/21/2017,3/28/2017,Tarif normal,KT-16465,Kean Takahito,Grand public,États-Unis,Chicago,Illinois,USCA - Centre,OFF-AR-10004956,Fournitures de bureau,Art,Newell 33,13.39,3,0.2,1.51
3196,US-2017-169026,8/8/2017,8/13/2017,Tarif normal,CM-12655,Corinna Mitchell,Bureau à domicile,États-Unis,Jackson,Mississippi,USCA - Sud,OFF-FA-10001883,Fournitures de bureau,Éléments de fixation,"Alliance Super-Size Bands, Assorted Sizes",23.34,3,0,0.23
3209,US-2017-108882,1/9/2017,1/15/2017,Tarif normal,LA-16780,Laura Armstrong,Entreprise,États-Unis,Fresno,Californie,USCA - Ouest,TEC-AC-10000420,Produits technologiques,Accessoires,Logitech G500s Laser Gaming Mouse with Adjustable Weight Tuning,349.95,5,0,118.98
3210,US-2017-108882,1/9/2017,1/15/2017,Tarif normal,LA-16780,Laura Armstrong,Entreprise,États-Unis,Fresno,Californie,USCA - Ouest,TEC-PH-10002726,Produits technologiques,Téléphones,netTALK DUO VoIP Telephone Service,377.93,9,0.2,141.72
3214,US-2017-132409,5/26/2017,6/1/2017,Tarif normal,TH-21235,Tiffany House,Entreprise,États-Unis,Philadelphia,Pennsylvanie,USCA - Est,OFF-AR-10001919,Fournitures de bureau,Art,"OIC #2 Pencils, Medium Soft",1.5,1,0.2,0.17
3215,US-2017-132409,5/26/2017,6/1/2017,Tarif normal,TH-21235,Tiffany House,Entreprise,États-Unis,Philadelphia,Pennsylvanie,USCA - Est,OFF-AP-10002082,Fournitures de bureau,Électroménager,Holmes HEPA Air Purifier,34.85,2,0.2,6.53
3235,US-2017-138933,4/24/2017,4/27/2017,Prioritaire,JL-15130,Jack Lebron,Grand public,États-Unis,Riverside,Californie,USCA - Ouest,OFF-BI-10003355,Fournitures de bureau,Classeurs,Cardinal Holdit Business Card Pockets,3.98,1,0.2,1.39
3236,US-2017-140746,1/15/2017,1/15/2017,Le même jour,RC-19825,Roy Collins,Grand public,États-Unis,Fairfield,Connecticut,USCA - Est,FUR-TA-10002903,Mobilier,Tables,"Bevis Round Bullnose 29"" High Table Top",181.8,1,0.3,-15.58
3237,US-2017-146836,5/2/2017,5/2/2017,Le même jour,CC-12475,Cindy Chapman,Grand public,États-Unis,New York City,New York,USCA - Est,OFF-ST-10001580,Fournitures de bureau,Stockage,Super Decoflex Portable Personal File,44.94,3,0,12.58
3238,US-2017-146836,5/2/2017,5/2/2017,Le même jour,CC-12475,Cindy Chapman,Grand public,États-Unis,New York City,New York,USCA - Est,OFF-BI-10000315,Fournitures de bureau,Classeurs,Poly Designer Cover & Back,45.58,3,0.2,15.95
3239,US-2017-127971,11/20/2017,11/27/2017,Tarif normal,DW-13195,David Wiener,Entreprise,États-Unis,Houston,Texas,USCA - Centre,FUR-CH-10003774,Mobilier,Chaises,"Global Wood Trimmed Manager's Task Chair, Khaki",318.43,5,0.3,-77.33
3240,US-2017-127971,11/20/2017,11/27/2017,Tarif normal,DW-13195,David Wiener,Entreprise,États-Unis,Houston,Texas,USCA - Centre,TEC-PH-10003095,Produits technologiques,Téléphones,Samsung HM1900 Bluetooth Headset,122.92,7,0.2,46.1
3241,US-2017-127971,11/20/2017,11/27/2017,Tarif normal,DW-13195,David Wiener,Entreprise,États-Unis,Houston,Texas,USCA - Centre,FUR-FU-10000023,Mobilier,Meubles,Eldon Wave Desk Accessories,7.07,3,0.6,-2.83
3242,US-2017-140809,2/1/2017,2/3/2017,Prioritaire,CK-12760,Cyma Kinney,Entreprise,États-Unis,Arlington,Virginie,USCA - Sud,OFF-ST-10002214,Fournitures de bureau,Stockage,X-Rack File for Hanging Folders,56.45,5,0,14.68
3249,US-2017-159730,9/17/2017,9/21/2017,Tarif normal,SJ-20125,Sanjit Jacobs,Bureau à domicile,États-Unis,Seattle,Washington,USCA - Ouest,FUR-CH-10004875,Mobilier,Chaises,Harbour Creations 67200 Series Stacking Chairs,113.89,2,0.2,9.97
3250,US-2017-159730,9/17/2017,9/21/2017,Tarif normal,SJ-20125,Sanjit Jacobs,Bureau à domicile,États-Unis,Seattle,Washington,USCA - Ouest,TEC-PH-10002085,Produits technologiques,Téléphones,Clarity 53712,105.58,2,0.2,7.92
3251,US-2017-157868,12/23/2017,12/29/2017,Tarif normal,MC-17590,Matt Collister,Entreprise,États-Unis,Grand Rapids,Michigan,USCA - Centre,OFF-FA-10000992,Fournitures de bureau,Éléments de fixation,"Acco Clips to Go Binder Clips, 24 Clips in Two Sizes",24.85,7,0,11.68
3255,US-2017-155474,7/8/2017,7/14/2017,Tarif normal,CC-12220,Chris Cortes,Grand public,États-Unis,Seattle,Washington,USCA - Ouest,TEC-PH-10001580,Produits technologiques,Téléphones,Logitech Mobile Speakerphone P710e - speaker phone,107.98,1,0.2,9.45
3256,US-2017-155474,7/8/2017,7/14/2017,Tarif normal,CC-12220,Chris Cortes,Grand public,États-Unis,Seattle,Washington,USCA - Ouest,OFF-BI-10004209,Fournitures de bureau,Classeurs,"Fellowes Twister Kit, Gray/Clear, 3/pkg",19.3,3,0.2,6.03
3258,US-2017-161844,12/9/2017,12/14/2017,J+2,DK-12835,Damala Kotsonis,Entreprise,États-Unis,Franklin,Tennessee,USCA - Sud,FUR-TA-10001676,Mobilier,Tables,Hon 61000 Series Interactive Training Tables,79.97,3,0.4,-29.32
3259,US-2017-161844,12/9/2017,12/14/2017,J+2,DK-12835,Damala Kotsonis,Entreprise,États-Unis,Franklin,Tennessee,USCA - Sud,OFF-BI-10003712,Fournitures de bureau,Classeurs,"Acco Pressboard Covers with Storage Hooks, 14 7/8"" x 11"", Light Blue",2.95,2,0.7,-2.06
3260,US-2017-162103,11/13/2017,11/17/2017,Tarif normal,LB-16795,Laurel Beltran,Bureau à domicile,États-Unis,Highland Park,Illinois,USCA - Centre,OFF-BI-10000285,Fournitures de bureau,Classeurs,XtraLife ClearVue Slant-D Ring Binders by Cardinal,3.14,2,0.8,-4.7
3265,US-2017-122518,3/4/2017,3/8/2017,J+2,RF-19345,Randy Ferguson,Entreprise,États-Unis,Miami,Floride,USCA - Sud,OFF-LA-10001641,Fournitures de bureau,Étiquettes,Avery 518,10.08,4,0.2,3.53
3292,US-2017-167290,7/22/2017,7/24/2017,Tarif normal,JF-15295,Jason Fortune-,Grand public,États-Unis,Sterling Heights,Michigan,USCA - Centre,OFF-AR-10004078,Fournitures de bureau,Art,Newell 312,11.68,2,0,3.5
3311,US-2017-111416,9/17/2017,9/22/2017,Tarif normal,LW-17215,Luke Weiss,Grand public,États-Unis,New York City,New York,USCA - Est,OFF-BI-10002026,Fournitures de bureau,Classeurs,Avery Arch Ring Binders,232.4,5,0.2,78.44
3312,US-2017-162747,3/20/2017,3/25/2017,J+2,AH-10030,Aaron Hawkins,Entreprise,États-Unis,Gulfport,Mississippi,USCA - Sud,FUR-FU-10003691,Mobilier,Meubles,"Eldon Image Series Desk Accessories, Ebony",86.45,7,0,38.04
3342,US-2017-145982,8/27/2017,9/1/2017,J+2,TB-21055,Ted Butterfield,Grand public,États-Unis,Quincy,Massachusetts,USCA - Est,OFF-PA-10000675,Fournitures de bureau,Papier,Xerox 1919,122.97,3,0,60.26
3343,US-2017-145982,8/27/2017,9/1/2017,J+2,TB-21055,Ted Butterfield,Grand public,États-Unis,Quincy,Massachusetts,USCA - Est,FUR-TA-10001307,Mobilier,Tables,"SAFCO PlanMaster Heigh-Adjustable Drafting Table Base, 43w x 30d x 30-37h, Black",244.62,1,0.3,20.97
3344,US-2017-145982,8/27/2017,9/1/2017,J+2,TB-21055,Ted Butterfield,Grand public,États-Unis,Quincy,Massachusetts,USCA - Est,TEC-PH-10000011,Produits technologiques,Téléphones,PureGear Roll-On Screen Protector,59.97,3,0,28.79
3345,US-2017-145982,8/27/2017,9/1/2017,J+2,TB-21055,Ted Butterfield,Grand public,États-Unis,Quincy,Massachusetts,USCA - Est,OFF-PA-10002666,Fournitures de bureau,Papier,Southworth 25% Cotton Linen-Finish Paper & Envelopes,81.54,9,0,36.69
3346,US-2017-145982,8/27/2017,9/1/2017,J+2,TB-21055,Ted Butterfield,Grand public,États-Unis,Quincy,Massachusetts,USCA - Est,OFF-FA-10000735,Fournitures de bureau,Éléments de fixation,Staples,11.68,4,0,5.26
3347,US-2017-145982,8/27/2017,9/1/2017,J+2,TB-21055,Ted Butterfield,Grand public,États-Unis,Quincy,Massachusetts,USCA - Est,OFF-BI-10000174,Fournitures de bureau,Classeurs,"Wilson Jones Clip & Carry Folder Binder Tool for Ring Binders, Clear",29,5,0,13.92
3350,US-2017-157308,8/17/2017,8/21/2017,Tarif normal,NM-18520,Neoma Murray,Grand public,États-Unis,Seattle,Washington,USCA - Ouest,OFF-BI-10003712,Fournitures de bureau,Classeurs,"Acco Pressboard Covers with Storage Hooks, 14 7/8"" x 11"", Light Blue",15.71,4,0.2,5.7
3351,US-2017-147536,12/26/2017,12/28/2017,Tarif normal,AR-10510,Andrew Roberts,Grand public,États-Unis,New York City,New York,USCA - Est,TEC-AC-10003280,Produits technologiques,Accessoires,Belkin F8E887 USB Wired Ergonomic Keyboard,89.97,3,0,18.89
3359,US-2017-139234,5/6/2017,5/10/2017,Tarif normal,AF-10870,Art Ferguson,Grand public,États-Unis,Chicago,Illinois,USCA - Centre,OFF-BI-10000773,Fournitures de bureau,Classeurs,Insertable Tab Post Binder Dividers,3.21,2,0.8,-5.29
3360,US-2017-139234,5/6/2017,5/10/2017,Tarif normal,AF-10870,Art Ferguson,Grand public,États-Unis,Chicago,Illinois,USCA - Centre,TEC-AC-10004510,Produits technologiques,Accessoires,Logitech Desktop MK120 Mouse and keyboard Combo,26.18,2,0.2,-3.27
3365,US-2017-130050,7/16/2017,7/18/2017,J+2,MC-17425,Mark Cousins,Entreprise,États-Unis,Houston,Texas,USCA - Centre,FUR-FU-10001940,Mobilier,Meubles,Staple-based wall hangings,9.55,3,0.6,-3.82
3371,US-2017-134887,3/25/2017,3/25/2017,Le même jour,TB-21280,Toby Braunhardt,Grand public,États-Unis,Norman,Oklahoma,USCA - Centre,TEC-AC-10003832,Produits technologiques,Accessoires,Logitech P710e Mobile Speakerphone,1287.45,5,0,244.62
3378,US-2017-100671,11/1/2017,11/4/2017,Prioritaire,CS-12490,Cindy Schnelling,Entreprise,États-Unis,Conroe,Texas,USCA - Centre,OFF-ST-10004950,Fournitures de bureau,Stockage,"Tenex Personal Filing Tote With Secure Closure Lid, Black/Frost",111.67,9,0.2,6.98
3411,US-2017-100244,9/20/2017,9/24/2017,Tarif normal,GM-14695,Greg Maxwell,Entreprise,États-Unis,San Francisco,Californie,USCA - Ouest,OFF-PA-10001471,Fournitures de bureau,Papier,Strathmore Photo Frame Cards,65.79,9,0,30.26
3412,US-2017-100244,9/20/2017,9/24/2017,Tarif normal,GM-14695,Greg Maxwell,Entreprise,États-Unis,San Francisco,Californie,USCA - Ouest,OFF-BI-10003656,Fournitures de bureau,Classeurs,Fellowes PB200 Plastic Comb Binding Machine,271.98,2,0.2,88.39
3413,US-2017-100244,9/20/2017,9/24/2017,Tarif normal,GM-14695,Greg Maxwell,Entreprise,États-Unis,San Francisco,Californie,USCA - Ouest,OFF-AR-10000940,Fournitures de bureau,Art,Newell 343,11.76,4,0,3.18
3414,US-2017-100244,9/20/2017,9/24/2017,Tarif normal,GM-14695,Greg Maxwell,Entreprise,États-Unis,San Francisco,Californie,USCA - Ouest,OFF-PA-10002319,Fournitures de bureau,Papier,Xerox 1944,77.52,2,0,37.98
3415,US-2017-100244,9/20/2017,9/24/2017,Tarif normal,GM-14695,Greg Maxwell,Entreprise,États-Unis,San Francisco,Californie,USCA - Ouest,OFF-BI-10000977,Fournitures de bureau,Classeurs,Ibico Plastic Spiral Binding Combs,48.64,2,0.2,15.81
3416,US-2017-116540,9/2/2017,9/2/2017,Le même jour,SS-20590,Sonia Sunley,Grand public,États-Unis,Madison,Wisconsin,USCA - Centre,OFF-FA-10002676,Fournitures de bureau,Éléments de fixation,Colored Push Pins,1.81,1,0,0.65
3417,US-2017-116540,9/2/2017,9/2/2017,Le même jour,SS-20590,Sonia Sunley,Grand public,États-Unis,Madison,Wisconsin,USCA - Centre,OFF-BI-10004970,Fournitures de bureau,Classeurs,"ACCOHIDE 3-Ring Binder, Blue, 1""",8.26,2,0,3.88
3421,US-2017-134803,5/28/2017,6/3/2017,Tarif normal,CL-12565,Clay Ludtke,Grand public,États-Unis,Los Angeles,Californie,USCA - Ouest,OFF-AP-10000891,Fournitures de bureau,Électroménager,Kensington 7 Outlet MasterPiece HOMEOFFICE Power Control Center,262.24,2,0,78.67
3422,US-2017-134803,5/28/2017,6/3/2017,Tarif normal,CL-12565,Clay Ludtke,Grand public,États-Unis,Los Angeles,Californie,USCA - Ouest,OFF-PA-10003790,Fournitures de bureau,Papier,Xerox 1991,182.72,8,0,84.05
3423,US-2017-134803,5/28/2017,6/3/2017,Tarif normal,CL-12565,Clay Ludtke,Grand public,États-Unis,Los Angeles,Californie,USCA - Ouest,TEC-AC-10002217,Produits technologiques,Accessoires,Imation Clip USB flash drive - 8 GB,131.6,7,0,7.9
3424,US-2017-134803,5/28/2017,6/3/2017,Tarif normal,CL-12565,Clay Ludtke,Grand public,États-Unis,Los Angeles,Californie,USCA - Ouest,OFF-BI-10002215,Fournitures de bureau,Classeurs,"Wilson Jones Hanging View Binder, White, 1""",22.72,4,0.2,7.38
3425,US-2017-134803,5/28/2017,6/3/2017,Tarif normal,CL-12565,Clay Ludtke,Grand public,États-Unis,Los Angeles,Californie,USCA - Ouest,TEC-MA-10001972,Produits technologiques,Machines,Okidata C331dn Printer,558.4,2,0.2,41.88
3445,US-2017-116344,7/29/2017,8/2/2017,Tarif normal,JO-15145,Jack O'Briant,Entreprise,États-Unis,Philadelphia,Pennsylvanie,USCA - Est,OFF-ST-10001713,Fournitures de bureau,Stockage,"Gould Plastics 9-Pocket Panel Bin, 18-3/8w x 5-1/4d x 20-1/2h, Black",84.78,2,0.2,-16.96
3447,US-2017-158869,8/6/2017,8/7/2017,Prioritaire,AH-10690,Anna Häberlin,Entreprise,États-Unis,New York City,New York,USCA - Est,OFF-PA-10000474,Fournitures de bureau,Papier,Easy-staple paper,70.88,2,0,33.31
3449,US-2017-162614,10/7/2017,10/13/2017,Tarif normal,TB-21250,Tim Brockman,Grand public,États-Unis,Los Angeles,Californie,USCA - Ouest,OFF-BI-10004001,Fournitures de bureau,Classeurs,GBC Recycled VeloBinder Covers,27.26,2,0.2,8.86
3456,US-2017-166485,2/20/2017,2/27/2017,Tarif normal,AH-10210,Alan Hwang,Grand public,États-Unis,Nashville,Tennessee,USCA - Sud,OFF-PA-10004996,Fournitures de bureau,Papier,"Speediset Carbonless Redi-Letter 7"" x 8 1/2""",16.5,2,0.2,5.57
3464,US-2017-165470,11/25/2017,11/27/2017,Tarif normal,HJ-14875,Heather Jas,Bureau à domicile,États-Unis,Jacksonville,Floride,USCA - Sud,OFF-PA-10004675,Fournitures de bureau,Papier,"Telephone Message Books with Fax/Mobile Section, 5 1/2"" x 3 3/16""",5.08,1,0.2,1.65
3469,US-2017-146143,12/14/2017,12/19/2017,Tarif normal,MC-17845,Michael Chen,Grand public,États-Unis,Jackson,Mississippi,USCA - Sud,FUR-FU-10002045,Mobilier,Meubles,"Executive Impressions 14""",133.38,6,0,58.69
3471,US-2017-150035,12/1/2017,12/5/2017,Tarif normal,CL-11890,Carl Ludwig,Grand public,États-Unis,San Francisco,Californie,USCA - Ouest,FUR-FU-10003724,Mobilier,Meubles,Westinghouse Clip-On Gooseneck Lamps,16.74,2,0,4.35
3476,US-2017-144911,11/27/2017,11/29/2017,Prioritaire,RW-19630,Rob Williams,Entreprise,États-Unis,Overland Park,Kansas,USCA - Centre,TEC-AC-10004633,Produits technologiques,Accessoires,"Verbatim 25 GB 6x Blu-ray Single Layer Recordable Disc, 3/Pack",34.95,5,0,15.38
3477,US-2017-144911,11/27/2017,11/29/2017,Prioritaire,RW-19630,Rob Williams,Entreprise,États-Unis,Overland Park,Kansas,USCA - Centre,OFF-BI-10000977,Fournitures de bureau,Classeurs,Ibico Plastic Spiral Binding Combs,152,5,0,69.92
3479,US-2017-131289,12/8/2017,12/14/2017,Tarif normal,SP-20620,Stefania Perrino,Entreprise,États-Unis,San Francisco,Californie,USCA - Ouest,OFF-AR-10003056,Fournitures de bureau,Art,Newell 341,8.56,2,0,2.48
3480,US-2017-131289,12/8/2017,12/14/2017,Tarif normal,SP-20620,Stefania Perrino,Entreprise,États-Unis,San Francisco,Californie,USCA - Ouest,OFF-PA-10003363,Fournitures de bureau,Papier,Xerox 204,45.36,7,0,21.77
3481,US-2017-131289,12/8/2017,12/14/2017,Tarif normal,SP-20620,Stefania Perrino,Entreprise,États-Unis,San Francisco,Californie,USCA - Ouest,FUR-TA-10003954,Mobilier,Tables,Hon 94000 Series Round Tables,1421.66,6,0.2,-195.48
3486,US-2017-151169,10/21/2017,10/26/2017,Tarif normal,MY-18295,Muhammed Yedwab,Entreprise,États-Unis,Newark,Delaware,USCA - Est,OFF-BI-10002813,Fournitures de bureau,Classeurs,Avery Reinforcements for Hole-Punch Pages,7.92,4,0,3.56
3487,US-2017-134761,8/22/2017,8/22/2017,Le même jour,DB-13210,Dean Braden,Grand public,États-Unis,Hickory,Caroline du Nord,USCA - Sud,TEC-PH-10002890,Produits technologiques,Téléphones,AT&T 17929 Lendline Telephone,36.19,1,0.2,2.71
3497,US-2017-107328,8/8/2017,8/15/2017,Tarif normal,CA-12055,Cathy Armstrong,Bureau à domicile,États-Unis,Los Angeles,Californie,USCA - Ouest,FUR-TA-10001932,Mobilier,Tables,"Chromcraft 48"" x 96"" Racetrack Double Pedestal Table",513.02,2,0.2,12.83
3498,US-2017-107328,8/8/2017,8/15/2017,Tarif normal,CA-12055,Cathy Armstrong,Bureau à domicile,États-Unis,Los Angeles,Californie,USCA - Ouest,OFF-AP-10004487,Fournitures de bureau,Électroménager,Kensington 4 Outlet MasterPiece Compact Power Control Center,487.92,6,0,136.62
3499,US-2017-107328,8/8/2017,8/15/2017,Tarif normal,CA-12055,Cathy Armstrong,Bureau à domicile,États-Unis,Los Angeles,Californie,USCA - Ouest,OFF-BI-10002160,Fournitures de bureau,Classeurs,Acco Hanging Data Binders,15.24,5,0.2,5.33
3500,US-2017-108616,9/29/2017,10/3/2017,Tarif normal,JK-15730,Joe Kamberova,Grand public,États-Unis,Mobile,Alabama,USCA - Sud,TEC-AC-10000420,Produits technologiques,Accessoires,Logitech G500s Laser Gaming Mouse with Adjustable Weight Tuning,209.97,3,0,71.39
3501,US-2017-108616,9/29/2017,10/3/2017,Tarif normal,JK-15730,Joe Kamberova,Grand public,États-Unis,Mobile,Alabama,USCA - Sud,OFF-BI-10001989,Fournitures de bureau,Classeurs,Premium Transparent Presentation Covers by GBC,62.94,3,0,30.21
3502,US-2017-108616,9/29/2017,10/3/2017,Tarif normal,JK-15730,Joe Kamberova,Grand public,États-Unis,Mobile,Alabama,USCA - Sud,OFF-AR-10001149,Fournitures de bureau,Art,"Sanford Colorific Colored Pencils, 12/Box",25.92,9,0,7.78
3505,US-2017-150945,12/18/2017,12/20/2017,J+2,JK-16120,Julie Kriz,Bureau à domicile,États-Unis,New York City,New York,USCA - Est,OFF-ST-10003716,Fournitures de bureau,Stockage,Tennsco Double-Tier Lockers,900.08,4,0,117.01
3516,US-2017-168536,12/20/2017,12/24/2017,Tarif normal,SC-20800,Stuart Calhoun,Grand public,États-Unis,Jackson,Mississippi,USCA - Sud,TEC-AC-10002323,Produits technologiques,Accessoires,SanDisk Ultra 32 GB MicroSDHC Class 10 Memory Card,66.3,3,0,8.62
3517,US-2017-113649,8/9/2017,8/12/2017,Prioritaire,HA-14920,Helen Andreada,Grand public,États-Unis,Fayetteville,Caroline du Nord,USCA - Sud,OFF-PA-10000130,Fournitures de bureau,Papier,Xerox 199,30.82,9,0.2,9.63
3518,US-2017-113649,8/9/2017,8/12/2017,Prioritaire,HA-14920,Helen Andreada,Grand public,États-Unis,Fayetteville,Caroline du Nord,USCA - Sud,TEC-PH-10002350,Produits technologiques,Téléphones,Apple EarPods with Remote and Mic,44.78,2,0.2,4.48
3519,US-2017-113649,8/9/2017,8/12/2017,Prioritaire,HA-14920,Helen Andreada,Grand public,États-Unis,Fayetteville,Caroline du Nord,USCA - Sud,OFF-AP-10002518,Fournitures de bureau,Électroménager,Kensington 7 Outlet MasterPiece Power Center,569.54,4,0.2,64.07
3522,US-2017-114482,11/21/2017,11/25/2017,J+2,DM-13345,Denise Monton,Entreprise,États-Unis,Des Moines,Iowa,USCA - Centre,OFF-PA-10003845,Fournitures de bureau,Papier,Xerox 1987,40.46,7,0,19.83
3523,US-2017-114482,11/21/2017,11/25/2017,J+2,DM-13345,Denise Monton,Entreprise,États-Unis,Des Moines,Iowa,USCA - Centre,TEC-PH-10001580,Produits technologiques,Téléphones,Logitech Mobile Speakerphone P710e - speaker phone,404.94,3,0,109.33
3524,US-2017-137673,9/5/2017,9/10/2017,Tarif normal,ML-17395,Marina Lichtenstein,Entreprise,États-Unis,San Diego,Californie,USCA - Ouest,TEC-AC-10002345,Produits technologiques,Accessoires,HP Standard 104 key PS/2 Keyboard,116,8,0,29
3525,US-2017-132731,11/24/2017,11/28/2017,Tarif normal,GA-14515,George Ashbrook,Grand public,États-Unis,Dallas,Texas,USCA - Centre,TEC-PH-10004120,Produits technologiques,Téléphones,AT&T 1080 Phone,657.55,6,0.2,49.32
3529,US-2017-130680,6/24/2017,6/29/2017,Tarif normal,BD-11320,Bill Donatelli,Grand public,États-Unis,San Diego,Californie,USCA - Ouest,TEC-PH-10004833,Produits technologiques,Téléphones,Macally Suction Cup Mount,38.24,4,0.2,-9.56
3531,US-2017-152835,5/19/2017,5/23/2017,Tarif normal,RP-19855,Roy Phan,Entreprise,États-Unis,Lafayette,Indiana,USCA - Centre,OFF-AR-10003056,Fournitures de bureau,Art,Newell 341,21.4,5,0,6.21
3532,US-2017-155565,5/28/2017,5/28/2017,Le même jour,EH-13765,Edward Hooks,Entreprise,États-Unis,New York City,New York,USCA - Est,OFF-SU-10001218,Fournitures de bureau,Fournitures,Fiskars Softgrip Scissors,54.9,5,0,15.37
3537,US-2017-145842,6/17/2017,6/20/2017,J+2,FM-14380,Fred McMath,Grand public,États-Unis,New York City,New York,USCA - Est,OFF-ST-10000419,Fournitures de bureau,Stockage,"Rogers Jumbo File, Granite",40.74,3,0,0.41
3542,US-2017-157511,9/18/2017,9/20/2017,Prioritaire,SV-20365,Seth Vernon,Grand public,États-Unis,Columbus,Ohio,USCA - Est,FUR-FU-10002107,Mobilier,Meubles,Eldon Pizzaz Desk Accessories,5.35,3,0.2,1.61
3543,US-2017-157511,9/18/2017,9/20/2017,Prioritaire,SV-20365,Seth Vernon,Grand public,États-Unis,Columbus,Ohio,USCA - Est,FUR-CH-10002647,Mobilier,Chaises,"Situations Contoured Folding Chairs, 4/Set",99.37,2,0.3,-7.1
3544,US-2017-157511,9/18/2017,9/20/2017,Prioritaire,SV-20365,Seth Vernon,Grand public,États-Unis,Columbus,Ohio,USCA - Est,OFF-AR-10002257,Fournitures de bureau,Art,"Eldon Spacemaker Box, Quick-Snap Lid, Clear",2.67,1,0.2,0.37
3551,US-2017-152555,3/29/2017,4/2/2017,J+2,ME-17320,Maria Etezadi,Bureau à domicile,États-Unis,Chicago,Illinois,USCA - Centre,OFF-PA-10001295,Fournitures de bureau,Papier,Computer Printout Paper with Letter-Trim Perforations,45.53,3,0.2,15.93
3552,US-2017-152555,3/29/2017,4/2/2017,J+2,ME-17320,Maria Etezadi,Bureau à domicile,États-Unis,Chicago,Illinois,USCA - Centre,FUR-CH-10002965,Mobilier,Chaises,"Global Leather Highback Executive Chair with Pneumatic Height Adjustment, Black",844.12,6,0.3,-36.18
3553,US-2017-152555,3/29/2017,4/2/2017,J+2,ME-17320,Maria Etezadi,Bureau à domicile,États-Unis,Chicago,Illinois,USCA - Centre,TEC-PH-10001254,Produits technologiques,Téléphones,Jabra BIZ 2300 Duo QD Duo Corded Headset,812.74,8,0.2,60.96
3565,US-2017-130029,7/3/2017,7/6/2017,Prioritaire,GT-14755,Guy Thornton,Grand public,États-Unis,Los Angeles,Californie,USCA - Ouest,OFF-PA-10000552,Fournitures de bureau,Papier,Xerox 200,12.96,2,0,6.22
3566,US-2017-130029,7/3/2017,7/6/2017,Prioritaire,GT-14755,Guy Thornton,Grand public,États-Unis,Los Angeles,Californie,USCA - Ouest,OFF-FA-10001135,Fournitures de bureau,Éléments de fixation,"Brites Rubber Bands, 1 1/2 oz. Box",3.96,2,0,0.08
3568,US-2017-137176,9/9/2017,9/14/2017,J+2,DB-12910,Daniel Byrd,Bureau à domicile,États-Unis,Dallas,Texas,USCA - Centre,FUR-FU-10003832,Mobilier,Meubles,"Eldon Expressions Punched Metal & Wood Desk Accessories, Black & Cherry",15.01,4,0.6,-12.01
3577,US-2017-103163,6/7/2017,6/11/2017,Tarif normal,FM-14290,Frank Merwin,Bureau à domicile,États-Unis,Bakersfield,Californie,USCA - Ouest,OFF-BI-10003305,Fournitures de bureau,Classeurs,Avery Hanging File Binders,4.78,1,0.2,1.55
3578,US-2017-103163,6/7/2017,6/11/2017,Tarif normal,FM-14290,Frank Merwin,Bureau à domicile,États-Unis,Bakersfield,Californie,USCA - Ouest,OFF-PA-10004000,Fournitures de bureau,Papier,"While You Were Out Pads, 50 per Pad, 4 x 5 1/4, Green Cycle",4.73,1,0,2.32
3579,US-2017-104157,7/25/2017,7/29/2017,Tarif normal,MT-17815,Meg Tillman,Grand public,États-Unis,Jackson,Mississippi,USCA - Sud,OFF-ST-10000321,Fournitures de bureau,Stockage,Akro Stacking Bins,7.89,1,0,0.32
3580,US-2017-104157,7/25/2017,7/29/2017,Tarif normal,MT-17815,Meg Tillman,Grand public,États-Unis,Jackson,Mississippi,USCA - Sud,OFF-PA-10004665,Fournitures de bureau,Papier,Advantus Motivational Note Cards,65.5,5,0,32.1
3581,US-2017-104157,7/25/2017,7/29/2017,Tarif normal,MT-17815,Meg Tillman,Grand public,États-Unis,Jackson,Mississippi,USCA - Sud,FUR-TA-10004915,Mobilier,Tables,"Office Impressions End Table, 20-1/2""H x 24""W x 20""D",2430.08,8,0,388.81
3593,US-2017-108434,12/5/2017,12/7/2017,J+2,JG-15160,James Galang,Grand public,États-Unis,New York City,New York,USCA - Est,OFF-ST-10002615,Fournitures de bureau,Stockage,"Dual Level, Single-Width Filing Carts",465.18,3,0,120.95
3594,US-2017-164154,9/11/2017,9/17/2017,Tarif normal,NZ-18565,Nick Zandusky,Bureau à domicile,États-Unis,Toledo,Ohio,USCA - Est,OFF-BI-10001658,Fournitures de bureau,Classeurs,GBC Standard Therm-A-Bind Covers,22.43,3,0.7,-17.94
3595,US-2017-164154,9/11/2017,9/17/2017,Tarif normal,NZ-18565,Nick Zandusky,Bureau à domicile,États-Unis,Toledo,Ohio,USCA - Est,OFF-ST-10002562,Fournitures de bureau,Stockage,Staple magnet,37.52,5,0.2,3.75
3607,US-2017-119683,3/12/2017,3/16/2017,J+2,CK-12595,Clytie Kelty,Grand public,États-Unis,New York City,New York,USCA - Est,OFF-EN-10001099,Fournitures de bureau,Enveloppes,Staple envelope,29.34,3,0,13.5
3612,US-2017-131674,11/29/2017,12/1/2017,J+2,NC-18535,Nick Crebassa,Entreprise,États-Unis,Dallas,Texas,USCA - Centre,TEC-AC-10004864,Produits technologiques,Accessoires,Memorex Micro Travel Drive 32 GB,58.42,2,0.2,16.79
3617,US-2017-154536,9/5/2017,9/9/2017,Tarif normal,JC-15340,Jasper Cacioppo,Grand public,États-Unis,Philadelphia,Pennsylvanie,USCA - Est,OFF-BI-10004410,Fournitures de bureau,Classeurs,"C-Line Peel & Stick Add-On Filing Pockets, 8-3/4 x 5-1/8, 10/Pack",9.56,5,0.7,-7.33
3621,US-2017-109743,9/22/2017,9/29/2017,Tarif normal,SH-19975,Sally Hughsby,Entreprise,États-Unis,Smyrna,Tennessee,USCA - Sud,OFF-AR-10003727,Fournitures de bureau,Art,Berol Giant Pencil Sharpener,40.78,3,0.2,4.59
3622,US-2017-109743,9/22/2017,9/29/2017,Tarif normal,SH-19975,Sally Hughsby,Entreprise,États-Unis,Smyrna,Tennessee,USCA - Sud,TEC-PH-10004071,Produits technologiques,Téléphones,PayAnywhere Card Reader,63.94,8,0.2,5.59
3634,US-2017-145177,11/10/2017,11/14/2017,Tarif normal,PP-18955,Paul Prost,Bureau à domicile,États-Unis,Springfield,Ohio,USCA - Est,OFF-LA-10001613,Fournitures de bureau,Étiquettes,Avery File Folder Labels,9.22,4,0.2,3.34
3635,US-2017-145177,11/10/2017,11/14/2017,Tarif normal,PP-18955,Paul Prost,Bureau à domicile,États-Unis,Springfield,Ohio,USCA - Est,TEC-PH-10000376,Produits technologiques,Téléphones,Square Credit Card Reader,41.96,7,0.4,-9.79
3636,US-2017-145177,11/10/2017,11/14/2017,Tarif normal,PP-18955,Paul Prost,Bureau à domicile,États-Unis,Springfield,Ohio,USCA - Est,OFF-PA-10004039,Fournitures de bureau,Papier,Xerox 1882,89.57,2,0.2,32.47
3637,US-2017-145177,11/10/2017,11/14/2017,Tarif normal,PP-18955,Paul Prost,Bureau à domicile,États-Unis,Springfield,Ohio,USCA - Est,OFF-PA-10001776,Fournitures de bureau,Papier,"Wirebound Message Books, Four 2 3/4"" x 5"" Forms per Page, 600 Sets per Book",22.25,3,0.2,7.51
3638,US-2017-145177,11/10/2017,11/14/2017,Tarif normal,PP-18955,Paul Prost,Bureau à domicile,États-Unis,Springfield,Ohio,USCA - Est,OFF-AP-10002457,Fournitures de bureau,Électroménager,"Eureka The Boss Plus 12-Amp Hard Box Upright Vacuum, Red",334.88,4,0.2,29.3
3639,US-2017-145177,11/10/2017,11/14/2017,Tarif normal,PP-18955,Paul Prost,Bureau à domicile,États-Unis,Springfield,Ohio,USCA - Est,FUR-FU-10000758,Mobilier,Meubles,DAX Natural Wood-Tone Poster Frame,148.29,7,0.2,29.66
3640,US-2017-145177,11/10/2017,11/14/2017,Tarif normal,PP-18955,Paul Prost,Bureau à domicile,États-Unis,Springfield,Ohio,USCA - Est,OFF-PA-10000682,Fournitures de bureau,Papier,Xerox 1924,4.62,1,0.2,1.68
3641,US-2017-145177,11/10/2017,11/14/2017,Tarif normal,PP-18955,Paul Prost,Bureau à domicile,États-Unis,Springfield,Ohio,USCA - Est,TEC-AC-10002550,Produits technologiques,Accessoires,"Memorex 25GB 6X Branded Blu-Ray Recordable Disc, 30/Pack",178.92,7,0.2,-29.07
3642,US-2017-145177,11/10/2017,11/14/2017,Tarif normal,PP-18955,Paul Prost,Bureau à domicile,États-Unis,Springfield,Ohio,USCA - Est,OFF-BI-10002082,Fournitures de bureau,Classeurs,GBC Twin Loop Wire Binding Elements,69.89,7,0.7,-46.59
3661,US-2017-161676,7/18/2017,7/23/2017,Tarif normal,JP-15460,Jennifer Patt,Entreprise,États-Unis,Glendale,Arizona,USCA - Ouest,OFF-SU-10004782,Fournitures de bureau,Fournitures,"Elite 5"" Scissors",33.8,5,0.2,4.23
3662,US-2017-155005,6/13/2017,6/15/2017,J+2,SC-20050,Sample Company A,Bureau à domicile,États-Unis,Jackson,Michigan,USCA - Centre,TEC-PH-10003484,Produits technologiques,Téléphones,Ooma Telo VoIP Home Phone System,377.97,3,0,94.49
3673,US-2017-104969,4/8/2017,4/14/2017,Tarif normal,EH-14125,Eugene Hildebrand,Bureau à domicile,États-Unis,Troy,Ohio,USCA - Est,OFF-EN-10002312,Fournitures de bureau,Enveloppes,#10 Self-Seal White Envelopes,8.87,1,0.2,3.22
3674,US-2017-104969,4/8/2017,4/14/2017,Tarif normal,EH-14125,Eugene Hildebrand,Bureau à domicile,États-Unis,Troy,Ohio,USCA - Est,OFF-BI-10004224,Fournitures de bureau,Classeurs,Catalog Binders with Expanding Posts,121.1,6,0.7,-100.92
3687,US-2017-102792,12/13/2017,12/19/2017,Tarif normal,JC-15340,Jasper Cacioppo,Grand public,États-Unis,Riverside,Californie,USCA - Ouest,OFF-AR-10004757,Fournitures de bureau,Art,Crayola Colored Pencils,9.84,3,0,3.25
3688,US-2017-108567,5/20/2017,5/24/2017,Tarif normal,DB-13210,Dean Braden,Grand public,États-Unis,Port Saint Lucie,Floride,USCA - Sud,OFF-BI-10004140,Fournitures de bureau,Classeurs,Avery Non-Stick Binders,2.69,2,0.7,-2.25
3695,US-2017-142097,10/15/2017,10/20/2017,Tarif normal,QJ-19255,Quincy Jones,Entreprise,États-Unis,Springfield,Virginie,USCA - Sud,OFF-BI-10002082,Fournitures de bureau,Classeurs,GBC Twin Loop Wire Binding Elements,232.96,7,0,116.48
3696,US-2017-142097,10/15/2017,10/20/2017,Tarif normal,QJ-19255,Quincy Jones,Entreprise,États-Unis,Springfield,Virginie,USCA - Sud,OFF-EN-10002312,Fournitures de bureau,Enveloppes,#10 Self-Seal White Envelopes,66.54,6,0,32.6
3697,US-2017-142097,10/15/2017,10/20/2017,Tarif normal,QJ-19255,Quincy Jones,Entreprise,États-Unis,Springfield,Virginie,USCA - Sud,OFF-AP-10000696,Fournitures de bureau,Électroménager,Holmes Odor Grabber,43.26,3,0,14.28
3702,US-2017-126543,1/9/2017,1/13/2017,J+2,MF-17665,Maureen Fritzler,Entreprise,États-Unis,Toledo,Ohio,USCA - Est,FUR-FU-10002445,Mobilier,Meubles,"DAX Two-Tone Rosewood/Black Document Frame, Desktop, 5 x 7",15.17,2,0.2,3.79
3718,US-2017-142370,9/19/2017,9/23/2017,Tarif normal,TP-21130,Theone Pippenger,Grand public,États-Unis,Columbus,Géorgie,USCA - Sud,OFF-SU-10003002,Fournitures de bureau,Fournitures,Letter Slitter,5.04,2,0,0.15
3719,US-2017-142370,9/19/2017,9/23/2017,Tarif normal,TP-21130,Theone Pippenger,Grand public,États-Unis,Columbus,Géorgie,USCA - Sud,TEC-AC-10002926,Produits technologiques,Accessoires,Logitech Wireless Marathon Mouse M705,249.95,5,0,107.48
3720,US-2017-105900,9/17/2017,9/23/2017,Tarif normal,BS-11590,Brendan Sweed,Entreprise,États-Unis,Columbus,Indiana,USCA - Centre,OFF-AR-10002656,Fournitures de bureau,Art,Sanford Liquid Accent Highlighters,33.4,5,0,12.36
3721,US-2017-151155,12/20/2017,12/24/2017,Tarif normal,AB-10255,Alejandro Ballentine,Bureau à domicile,États-Unis,Jackson,Mississippi,USCA - Sud,FUR-FU-10001918,Mobilier,Meubles,C-Line Cubicle Keepers Polyproplyene Holder With Velcro Backings,18.92,4,0,7.38
3722,US-2017-151155,12/20/2017,12/24/2017,Tarif normal,AB-10255,Alejandro Ballentine,Bureau à domicile,États-Unis,Jackson,Mississippi,USCA - Sud,OFF-BI-10003910,Fournitures de bureau,Classeurs,DXL Angle-View Binders with Locking Rings by Samsill,15.42,2,0,6.94
3726,US-2017-151512,12/26/2017,12/28/2017,Tarif normal,SH-19975,Sally Hughsby,Entreprise,États-Unis,Denver,Colorado,USCA - Ouest,OFF-AP-10000252,Fournitures de bureau,Électroménager,Harmony HEPA Quiet Air Purifiers,18.72,2,0.2,3.51
3727,US-2017-165169,6/5/2017,6/11/2017,Tarif normal,JL-15235,Janet Lee,Grand public,États-Unis,Newark,Delaware,USCA - Est,OFF-ST-10001496,Fournitures de bureau,Stockage,Standard Rollaway File with Lock,360.38,2,0,93.7
3728,US-2017-165169,6/5/2017,6/11/2017,Tarif normal,JL-15235,Janet Lee,Grand public,États-Unis,Newark,Delaware,USCA - Est,OFF-AR-10000122,Fournitures de bureau,Art,Newell 314,11.16,2,0,2.79
3729,US-2017-165169,6/5/2017,6/11/2017,Tarif normal,JL-15235,Janet Lee,Grand public,États-Unis,Newark,Delaware,USCA - Est,OFF-LA-10000407,Fournitures de bureau,Étiquettes,Avery White Multi-Purpose Labels,14.94,3,0,6.87
3737,US-2017-115476,3/17/2017,3/17/2017,Le même jour,VM-21835,Vivian Mathis,Grand public,États-Unis,Newark,Delaware,USCA - Est,TEC-PH-10000673,Produits technologiques,Téléphones,Plantronics Voyager Pro HD - Bluetooth Headset,129.98,2,0,62.39
3738,US-2017-115476,3/17/2017,3/17/2017,Le même jour,VM-21835,Vivian Mathis,Grand public,États-Unis,Newark,Delaware,USCA - Est,OFF-BI-10000962,Fournitures de bureau,Classeurs,"Acco Flexible ACCOHIDE Square Ring Data Binder, Dark Blue, 11 1/2"" X 14"" 7/8""",32.54,2,0,15.94
3739,US-2017-133340,12/9/2017,12/13/2017,Tarif normal,LH-17155,Logan Haushalter,Grand public,États-Unis,Jackson,Michigan,USCA - Centre,TEC-PH-10003988,Produits technologiques,Téléphones,"LF Elite 3D Dazzle Designer Hard Case Cover, Lf Stylus Pen and Wiper For Apple Iphone 5c Mini Lite",10.9,1,0,3.05
3740,US-2017-133340,12/9/2017,12/13/2017,Tarif normal,LH-17155,Logan Haushalter,Grand public,États-Unis,Jackson,Michigan,USCA - Centre,TEC-AC-10001109,Produits technologiques,Accessoires,Logitech Trackman Marble Mouse,59.98,2,0,25.19
3741,US-2017-133340,12/9/2017,12/13/2017,Tarif normal,LH-17155,Logan Haushalter,Grand public,États-Unis,Jackson,Michigan,USCA - Centre,OFF-AP-10002311,Fournitures de bureau,Électroménager,"Holmes Replacement Filter for HEPA Air Cleaner, Very Large Room, HEPA Filter",61.93,1,0.1,23.4
3742,US-2017-137848,1/15/2017,1/21/2017,Tarif normal,WB-21850,William Brown,Grand public,États-Unis,New York City,New York,USCA - Est,OFF-EN-10001137,Fournitures de bureau,Enveloppes,"#10 Gummed Flap White Envelopes, 100/Box",16.52,4,0,7.6
3743,US-2017-137848,1/15/2017,1/21/2017,Tarif normal,WB-21850,William Brown,Grand public,États-Unis,New York City,New York,USCA - Est,OFF-PA-10004285,Fournitures de bureau,Papier,Xerox 1959,60.12,9,0,28.86
3744,US-2017-137848,1/15/2017,1/21/2017,Tarif normal,WB-21850,William Brown,Grand public,États-Unis,New York City,New York,USCA - Est,OFF-BI-10002225,Fournitures de bureau,Classeurs,"Square Ring Data Binders, Rigid 75 Pt. Covers, 11"" x 14-7/8""",49.54,3,0.2,17.34
3746,US-2017-149979,9/23/2017,9/28/2017,J+2,RA-19915,Russell Applegate,Grand public,États-Unis,Columbus,Géorgie,USCA - Sud,OFF-ST-10003058,Fournitures de bureau,Stockage,Eldon Mobile Mega Data Cart  Mega Stackable  Add-On Trays,118.25,5,0,34.29
3747,US-2017-149979,9/23/2017,9/28/2017,J+2,RA-19915,Russell Applegate,Grand public,États-Unis,Columbus,Géorgie,USCA - Sud,FUR-CH-10002084,Mobilier,Chaises,Hon Mobius Operator's Chair,368.97,3,0,81.17
3756,US-2017-116799,3/3/2017,3/6/2017,Prioritaire,JG-15310,Jason Gross,Entreprise,États-Unis,Odessa,Texas,USCA - Centre,OFF-PA-10001892,Fournitures de bureau,Papier,"Rediform Wirebound ""Phone Memo"" Message Book, 11 x 5-3/4",42.78,7,0.2,15.51
3757,US-2017-116799,3/3/2017,3/6/2017,Prioritaire,JG-15310,Jason Gross,Entreprise,États-Unis,Odessa,Texas,USCA - Centre,FUR-CH-10004983,Mobilier,Chaises,Office Star - Mid Back Dual function Ergonomic High Back Chair with 2-Way Adjustable Arms,563.43,5,0.3,-56.34
3758,US-2017-111283,2/28/2017,3/4/2017,Tarif normal,LC-16870,Lena Cacioppo,Grand public,États-Unis,Newark,Ohio,USCA - Est,OFF-AR-10001615,Fournitures de bureau,Art,Newell 34,111.1,7,0.2,8.33
3763,US-2017-156251,8/13/2017,8/18/2017,J+2,TS-21160,Theresa Swint,Entreprise,États-Unis,West Allis,Wisconsin,USCA - Centre,FUR-BO-10001337,Mobilier,Bibliothèques,O'Sullivan Living Dimensions 2-Shelf Bookcases,241.96,2,0,24.2
3764,US-2017-156251,8/13/2017,8/18/2017,J+2,TS-21160,Theresa Swint,Entreprise,États-Unis,West Allis,Wisconsin,USCA - Centre,OFF-BI-10003529,Fournitures de bureau,Classeurs,Avery Round Ring Poly Binders,8.52,3,0,4.17
3766,US-2017-163153,3/21/2017,3/25/2017,Tarif normal,DM-12955,Dario Medina,Entreprise,États-Unis,Houston,Texas,USCA - Centre,FUR-TA-10004767,Mobilier,Tables,Safco Drafting Table,99.37,2,0.3,-1.42
3767,US-2017-163153,3/21/2017,3/25/2017,Tarif normal,DM-12955,Dario Medina,Entreprise,États-Unis,Houston,Texas,USCA - Centre,OFF-AR-10001868,Fournitures de bureau,Art,Prang Dustless Chalk Sticks,1.34,1,0.2,0.5
3771,US-2017-155530,12/17/2017,12/21/2017,Tarif normal,CM-12160,Charles McCrossin,Grand public,États-Unis,San Francisco,Californie,USCA - Ouest,FUR-TA-10004256,Mobilier,Tables,Bretford “Just In Time” Height-Adjustable Multi-Task Work Tables,2003.52,6,0.2,-325.57
3772,US-2017-101196,5/12/2017,5/17/2017,Tarif normal,FM-14215,Filia McAdams,Entreprise,États-Unis,Philadelphia,Pennsylvanie,USCA - Est,OFF-ST-10004804,Fournitures de bureau,Stockage,"Belkin 19"" Vented Equipment Shelf, Black",82.37,2,0.2,-19.56
3787,US-2017-144218,7/23/2017,7/25/2017,Tarif normal,JD-15895,Jonathan Doherty,Entreprise,États-Unis,Los Angeles,Californie,USCA - Ouest,OFF-ST-10002615,Fournitures de bureau,Stockage,"Dual Level, Single-Width Filing Carts",1085.42,7,0,282.21
3788,US-2017-169971,9/4/2017,9/9/2017,Tarif normal,IL-15100,Ivan Liston,Grand public,États-Unis,Houston,Texas,USCA - Centre,OFF-AR-10002804,Fournitures de bureau,Art,Faber Castell Col-Erase Pencils,3.91,1,0.2,1.03
3789,US-2017-169971,9/4/2017,9/9/2017,Tarif normal,IL-15100,Ivan Liston,Grand public,États-Unis,Houston,Texas,USCA - Centre,OFF-AR-10001044,Fournitures de bureau,Art,"BOSTON Ranger #55 Pencil Sharpener, Black",62.38,3,0.2,7.02
3790,US-2017-133508,4/17/2017,4/21/2017,Tarif normal,SW-20350,Sean Wendt,Bureau à domicile,États-Unis,Omaha,Nebraska,USCA - Centre,OFF-FA-10000134,Fournitures de bureau,Éléments de fixation,"Advantus Push Pins, Aluminum Head",29.05,5,0,9.01
3801,US-2017-156503,10/14/2017,10/20/2017,Tarif normal,NC-18415,Nathan Cano,Grand public,États-Unis,Jacksonville,Caroline du Nord,USCA - Sud,FUR-CH-10003606,Mobilier,Chaises,SAFCO Folding Chair Trolley,102.59,1,0.2,10.26
3802,US-2017-156503,10/14/2017,10/20/2017,Tarif normal,NC-18415,Nathan Cano,Grand public,États-Unis,Jacksonville,Caroline du Nord,USCA - Sud,TEC-AC-10002473,Produits technologiques,Accessoires,Maxell 4.7GB DVD-R,22.7,1,0.2,5.96
3803,US-2017-156503,10/14/2017,10/20/2017,Tarif normal,NC-18415,Nathan Cano,Grand public,États-Unis,Jacksonville,Caroline du Nord,USCA - Sud,OFF-PA-10002319,Fournitures de bureau,Papier,Xerox 1944,93.02,3,0.2,33.72
3804,US-2017-156503,10/14/2017,10/20/2017,Tarif normal,NC-18415,Nathan Cano,Grand public,États-Unis,Jacksonville,Caroline du Nord,USCA - Sud,OFF-SU-10000946,Fournitures de bureau,Fournitures,Staple remover,12.77,2,0.2,1.44
3805,US-2017-156503,10/14/2017,10/20/2017,Tarif normal,NC-18415,Nathan Cano,Grand public,États-Unis,Jacksonville,Caroline du Nord,USCA - Sud,OFF-EN-10001335,Fournitures de bureau,Enveloppes,"White Business Envelopes with Contemporary Seam, Recycled White Business Envelopes",35.01,4,0.2,13.13
3806,US-2017-156503,10/14/2017,10/20/2017,Tarif normal,NC-18415,Nathan Cano,Grand public,États-Unis,Jacksonville,Caroline du Nord,USCA - Sud,OFF-PA-10002377,Fournitures de bureau,Papier,Xerox 1916,39.15,1,0.2,14.68
3815,US-2017-152471,7/8/2017,7/8/2017,Le même jour,ZD-21925,Zuschuss Donatelli,Grand public,États-Unis,Jacksonville,Floride,USCA - Sud,TEC-PH-10002824,Produits technologiques,Téléphones,Jabra SPEAK 410 Multidevice Speakerphone,823.96,5,0.2,51.5
3816,US-2017-152471,7/8/2017,7/8/2017,Le même jour,ZD-21925,Zuschuss Donatelli,Grand public,États-Unis,Jacksonville,Floride,USCA - Sud,OFF-PA-10004965,Fournitures de bureau,Papier,Xerox 1921,15.98,2,0.2,5
3874,US-2017-136231,9/5/2017,9/7/2017,J+2,DM-13015,Darrin Martin,Grand public,États-Unis,Johnson City,Tennessee,USCA - Sud,OFF-EN-10001099,Fournitures de bureau,Enveloppes,Staple envelope,23.47,3,0.2,7.63
3875,US-2017-136231,9/5/2017,9/7/2017,J+2,DM-13015,Darrin Martin,Grand public,États-Unis,Johnson City,Tennessee,USCA - Sud,OFF-BI-10001597,Fournitures de bureau,Classeurs,"Wilson Jones Ledger-Size, Piano-Hinge Binder, 2"", Blue",86.06,7,0.7,-63.11
3876,US-2017-136231,9/5/2017,9/7/2017,J+2,DM-13015,Darrin Martin,Grand public,États-Unis,Johnson City,Tennessee,USCA - Sud,TEC-PH-10002660,Produits technologiques,Téléphones,Nortel Networks T7316 E Nt8 B27,108.78,2,0.2,6.8
3877,US-2017-136231,9/5/2017,9/7/2017,J+2,DM-13015,Darrin Martin,Grand public,États-Unis,Johnson City,Tennessee,USCA - Sud,OFF-PA-10000327,Fournitures de bureau,Papier,Xerox 1971,10.27,3,0.2,3.21
3878,US-2017-140641,10/28/2017,11/2/2017,Tarif normal,EP-13915,Emily Phan,Grand public,États-Unis,Tampa,Floride,USCA - Sud,OFF-BI-10001191,Fournitures de bureau,Classeurs,Canvas Sectional Post Binders,38.19,5,0.7,-26.73
3887,US-2017-167759,3/3/2017,3/8/2017,J+2,CC-12670,Craig Carreira,Grand public,États-Unis,Bloomington,Indiana,USCA - Centre,TEC-PH-10003171,Produits technologiques,Téléphones,Plantronics Encore H101 Dual Earpieces Headset,134.85,3,0,37.76
3891,US-2017-163881,11/24/2017,11/26/2017,Tarif normal,SP-20860,Sung Pak,Entreprise,États-Unis,Los Angeles,Californie,USCA - Ouest,TEC-AC-10003033,Produits technologiques,Accessoires,Plantronics CS510 - Over-the-Head monaural Wireless Headset System,659.9,2,0,217.77
3892,US-2017-163881,11/24/2017,11/26/2017,Tarif normal,SP-20860,Sung Pak,Entreprise,États-Unis,Los Angeles,Californie,USCA - Ouest,FUR-CH-10001394,Mobilier,Chaises,Global Leather Executive Chair,1684.75,6,0.2,210.59
3893,US-2017-163881,11/24/2017,11/26/2017,Tarif normal,SP-20860,Sung Pak,Entreprise,États-Unis,Los Angeles,Californie,USCA - Ouest,TEC-AC-10000420,Produits technologiques,Accessoires,Logitech G500s Laser Gaming Mouse with Adjustable Weight Tuning,559.92,8,0,190.37
3894,US-2017-144547,11/10/2017,11/14/2017,Tarif normal,MS-17770,Maxwell Schwartz,Grand public,États-Unis,Houston,Texas,USCA - Centre,TEC-AC-10004901,Produits technologiques,Accessoires,Kensington SlimBlade Notebook Wireless Mouse with Nano Receiver,279.94,7,0.2,48.99
3922,US-2017-110044,6/28/2017,7/2/2017,J+2,RF-19735,Roland Fjeld,Grand public,États-Unis,Chicago,Illinois,USCA - Centre,TEC-PH-10001299,Produits technologiques,Téléphones,Polycom CX300 Desktop Phone USB VoIP phone,359.98,3,0.2,36
3929,US-2017-162082,3/14/2017,3/17/2017,Prioritaire,JS-15880,John Stevenson,Grand public,États-Unis,Harlingen,Texas,USCA - Centre,FUR-BO-10004409,Mobilier,Bibliothèques,"Safco Value Mate Series Steel Bookcases, Baked Enamel Finish on Steel, Gray",241.33,5,0.3,-14.2
3930,US-2017-162082,3/14/2017,3/17/2017,Prioritaire,JS-15880,John Stevenson,Grand public,États-Unis,Harlingen,Texas,USCA - Centre,OFF-PA-10001934,Fournitures de bureau,Papier,Xerox 1993,5.18,1,0.2,1.88
3931,US-2017-162082,3/14/2017,3/17/2017,Prioritaire,JS-15880,John Stevenson,Grand public,États-Unis,Harlingen,Texas,USCA - Centre,OFF-AR-10001044,Fournitures de bureau,Art,"BOSTON Ranger #55 Pencil Sharpener, Black",145.54,7,0.2,16.37
3932,US-2017-132094,8/26/2017,9/2/2017,Tarif normal,VG-21805,Vivek Grady,Entreprise,États-Unis,Philadelphia,Pennsylvanie,USCA - Est,OFF-AR-10004165,Fournitures de bureau,Art,"Binney & Smith inkTank Erasable Pocket Highlighter, Chisel Tip, Yellow",5.47,3,0.2,1.64
3933,US-2017-132094,8/26/2017,9/2/2017,Tarif normal,VG-21805,Vivek Grady,Entreprise,États-Unis,Philadelphia,Pennsylvanie,USCA - Est,TEC-AC-10001109,Produits technologiques,Accessoires,Logitech Trackman Marble Mouse,47.98,2,0.2,13.2
3940,US-2017-143448,12/10/2017,12/10/2017,Le même jour,MH-17455,Mark Hamilton,Grand public,États-Unis,Greenwood,Indiana,USCA - Centre,FUR-CH-10003379,Mobilier,Chaises,Global Commerce Series High-Back Swivel/Tilt Chairs,1424.9,5,0,356.23
3944,US-2017-142685,6/23/2017,6/25/2017,Tarif normal,MG-17695,Maureen Gnade,Grand public,États-Unis,Buffalo,New York,USCA - Est,OFF-SU-10000157,Fournitures de bureau,Fournitures,Compact Automatic Electric Letter Opener,835.17,7,0,16.7
3945,US-2017-133144,5/16/2017,5/21/2017,J+2,DO-13435,Denny Ordway,Grand public,États-Unis,Los Angeles,Californie,USCA - Ouest,OFF-PA-10004971,Fournitures de bureau,Papier,Xerox 196,17.34,3,0,8.5
3948,US-2017-119963,11/18/2017,11/22/2017,Tarif normal,SN-20710,Steve Nguyen,Bureau à domicile,États-Unis,Pasadena,Texas,USCA - Centre,OFF-AR-10003514,Fournitures de bureau,Art,4009 Highlighters by Sanford,6.37,2,0.2,1.03
3949,US-2017-119963,11/18/2017,11/22/2017,Tarif normal,SN-20710,Steve Nguyen,Bureau à domicile,États-Unis,Pasadena,Texas,USCA - Centre,OFF-LA-10003510,Fournitures de bureau,Étiquettes,"Avery 4027 File Folder Labels for Dot Matrix Printers, 5000 Labels per Box, White",48.85,2,0.2,15.88
3950,US-2017-119963,11/18/2017,11/22/2017,Tarif normal,SN-20710,Steve Nguyen,Bureau à domicile,États-Unis,Pasadena,Texas,USCA - Centre,OFF-PA-10001970,Fournitures de bureau,Papier,Xerox 1881,19.65,2,0.2,6.63
3951,US-2017-119963,11/18/2017,11/22/2017,Tarif normal,SN-20710,Steve Nguyen,Bureau à domicile,États-Unis,Pasadena,Texas,USCA - Centre,FUR-CH-10003817,Mobilier,Chaises,"Global Value Steno Chair, Gray",255.11,6,0.3,-18.22
3953,US-2017-151862,3/1/2017,3/8/2017,Tarif normal,ON-18715,Odella Nelson,Entreprise,États-Unis,Denver,Colorado,USCA - Ouest,TEC-PH-10003535,Produits technologiques,Téléphones,RCA ViSYS 25423RE1 Corded phone,159.98,2,0.2,14
3957,US-2017-114951,6/26/2017,7/3/2017,Tarif normal,DN-13690,Duane Noonan,Grand public,États-Unis,San Francisco,Californie,USCA - Ouest,FUR-FU-10002364,Mobilier,Meubles,"Eldon Expressions Wood Desk Accessories, Oak",22.14,3,0,6.42
3958,US-2017-156573,5/29/2017,6/2/2017,Tarif normal,RB-19360,Raymond Buch,Grand public,États-Unis,Nashville,Tennessee,USCA - Sud,OFF-BI-10002414,Fournitures de bureau,Classeurs,GBC ProClick Spines for 32-Hole Punch,11.28,3,0.7,-8.65
3959,US-2017-156573,5/29/2017,6/2/2017,Tarif normal,RB-19360,Raymond Buch,Grand public,États-Unis,Nashville,Tennessee,USCA - Sud,OFF-AR-10003732,Fournitures de bureau,Art,Newell 333,4.45,2,0.2,0.33
3960,US-2017-156573,5/29/2017,6/2/2017,Tarif normal,RB-19360,Raymond Buch,Grand public,États-Unis,Nashville,Tennessee,USCA - Sud,FUR-FU-10001085,Mobilier,Meubles,3M Polarizing Light Filter Sleeves,44.76,3,0.2,14.55
3965,US-2017-120257,9/22/2017,9/28/2017,Tarif normal,PW-19240,Pierre Wener,Grand public,États-Unis,Philadelphia,Pennsylvanie,USCA - Est,OFF-AR-10003481,Fournitures de bureau,Art,Newell 348,7.87,3,0.2,0.89
3967,US-2017-149902,4/1/2017,4/6/2017,Tarif normal,DW-13540,Don Weiss,Grand public,États-Unis,New York City,New York,USCA - Est,OFF-AR-10002956,Fournitures de bureau,Art,Boston 16801 Nautilus Battery Pencil Sharpener,88.04,4,0,22.89
3968,US-2017-146010,5/20/2017,5/23/2017,Prioritaire,EH-14125,Eugene Hildebrand,Bureau à domicile,États-Unis,Colorado Springs,Colorado,USCA - Ouest,OFF-BI-10003638,Fournitures de bureau,Classeurs,GBC Durable Plastic Covers,40.64,7,0.7,-32.51
3973,US-2017-167556,3/29/2017,4/2/2017,Tarif normal,JM-15250,Janet Martin,Grand public,États-Unis,New York City,New York,USCA - Est,OFF-PA-10000466,Fournitures de bureau,Papier,"Memo Book, 100 Message Capacity, 5 3/8” x 11”",13.48,2,0,6.74
3974,US-2017-167556,3/29/2017,4/2/2017,Tarif normal,JM-15250,Janet Martin,Grand public,États-Unis,New York City,New York,USCA - Est,OFF-BI-10003708,Fournitures de bureau,Classeurs,"Acco Four Pocket Poly Ring Binder with Label Holder, Smoke, 1""",29.8,5,0.2,9.31
3975,US-2017-167556,3/29/2017,4/2/2017,Tarif normal,JM-15250,Janet Martin,Grand public,États-Unis,New York City,New York,USCA - Est,FUR-FU-10004848,Mobilier,Meubles,"Howard Miller 13-3/4"" Diameter Brushed Chrome Round Wall Clock",414,8,0,124.2
3976,US-2017-167556,3/29/2017,4/2/2017,Tarif normal,JM-15250,Janet Martin,Grand public,États-Unis,New York City,New York,USCA - Est,OFF-BI-10000320,Fournitures de bureau,Classeurs,GBC Plastic Binding Combs,41.33,7,0.2,14.98
3977,US-2017-116400,10/22/2017,10/24/2017,Prioritaire,EB-13930,Eric Barreto,Grand public,États-Unis,Richmond,Virginie,USCA - Sud,FUR-FU-10003731,Mobilier,Meubles,"Eldon Expressions Wood and Plastic Desk Accessories, Oak",39.92,4,0,11.18
3983,US-2017-135265,7/7/2017,7/9/2017,J+2,CC-12370,Christopher Conant,Grand public,États-Unis,Los Angeles,Californie,USCA - Ouest,FUR-CH-10003061,Mobilier,Chaises,"Global Leather Task Chair, Black",287.97,4,0.2,-3.6
3984,US-2017-135265,7/7/2017,7/9/2017,J+2,CC-12370,Christopher Conant,Grand public,États-Unis,Los Angeles,Californie,USCA - Ouest,TEC-CO-10003763,Produits technologiques,Photocopieurs,Canon PC1060 Personal Laser Copier,2799.96,5,0.2,944.99
3985,US-2017-135265,7/7/2017,7/9/2017,J+2,CC-12370,Christopher Conant,Grand public,États-Unis,Los Angeles,Californie,USCA - Ouest,OFF-PA-10002923,Fournitures de bureau,Papier,Xerox 1942,48.94,1,0,24.47
3986,CA-2017-108735,4/17/2017,4/21/2017,Tarif normal,JM-15535,Jessica Myrick,Grand public,Canada,Vancouver,Colombie-Britannique,USCA - Ouest,FUR-BO-10003441,Mobilier,Bibliothèques,"Bush Westfield Collection Bookcases, Fully Assembled",257.5,3,0.2,24.24
3989,US-2017-159415,4/17/2017,4/22/2017,Tarif normal,CS-12175,Charles Sheldon,Entreprise,États-Unis,Columbia,Tennessee,USCA - Sud,FUR-FU-10003798,Mobilier,Meubles,"Ultra Door Kickplate, 8""H x 34""W",79.12,5,0.2,13.85
4003,US-2017-145730,3/3/2017,3/8/2017,Tarif normal,CC-12220,Chris Cortes,Grand public,États-Unis,San Antonio,Texas,USCA - Centre,FUR-TA-10004915,Mobilier,Tables,"Office Impressions End Table, 20-1/2""H x 24""W x 20""D",637.9,3,0.3,-127.58
4004,US-2017-145730,3/3/2017,3/8/2017,Tarif normal,CC-12220,Chris Cortes,Grand public,États-Unis,San Antonio,Texas,USCA - Centre,TEC-MA-10001016,Produits technologiques,Machines,Canon PC170 Desktop Personal Copier,287.91,3,0.4,33.59
4005,US-2017-145730,3/3/2017,3/8/2017,Tarif normal,CC-12220,Chris Cortes,Grand public,États-Unis,San Antonio,Texas,USCA - Centre,OFF-EN-10000483,Fournitures de bureau,Enveloppes,"White Envelopes, White Envelopes with Clear Poly Window",36.6,3,0.2,11.9
4032,US-2017-169957,9/26/2017,9/28/2017,Tarif normal,SN-20710,Steve Nguyen,Bureau à domicile,États-Unis,Covington,Washington,USCA - Ouest,OFF-AP-10000576,Fournitures de bureau,Électroménager,Belkin 7 Outlet SurgeMaster II,236.88,6,0,66.33
4033,US-2017-169957,9/26/2017,9/28/2017,Tarif normal,SN-20710,Steve Nguyen,Bureau à domicile,États-Unis,Covington,Washington,USCA - Ouest,OFF-PA-10004040,Fournitures de bureau,Papier,Universal Premium White Copier/Laser Paper (20Lb. and 87 Bright),29.9,5,0,14.65
4034,US-2017-169957,9/26/2017,9/28/2017,Tarif normal,SN-20710,Steve Nguyen,Bureau à domicile,États-Unis,Covington,Washington,USCA - Ouest,TEC-AC-10003063,Produits technologiques,Accessoires,Micro Innovations USB RF Wireless Keyboard with Mouse,100,4,0,21
4035,US-2017-108777,12/12/2017,12/12/2017,Le même jour,JM-15655,Jim Mitchum,Entreprise,États-Unis,Lorain,Ohio,USCA - Est,OFF-BI-10003982,Fournitures de bureau,Classeurs,Wilson Jones Century Plastic Molded Ring Binders,18.69,3,0.7,-14.33
4036,US-2017-108777,12/12/2017,12/12/2017,Le même jour,JM-15655,Jim Mitchum,Entreprise,États-Unis,Lorain,Ohio,USCA - Est,TEC-AC-10002567,Produits technologiques,Accessoires,Logitech G602 Wireless Gaming Mouse,383.95,6,0.2,76.79
4061,US-2017-129196,11/1/2017,11/7/2017,Tarif normal,XP-21865,Xylona Preis,Grand public,États-Unis,Chicago,Illinois,USCA - Centre,TEC-AC-10002473,Produits technologiques,Accessoires,Maxell 4.7GB DVD-R,68.11,3,0.2,17.88
4063,US-2017-122182,3/10/2017,3/14/2017,Tarif normal,BD-11770,Bryan Davis,Grand public,États-Unis,Philadelphia,Pennsylvanie,USCA - Est,TEC-AC-10002800,Produits technologiques,Accessoires,Plantronics Audio 478 Stereo USB Headset,39.99,1,0.2,7.5
4070,US-2017-145303,8/28/2017,8/30/2017,Prioritaire,TP-21415,Tom Prescott,Grand public,États-Unis,Dallas,Texas,USCA - Centre,OFF-BI-10000050,Fournitures de bureau,Classeurs,"Angle-D Binders with Locking Rings, Label Holders",13.14,9,0.8,-21.68
4071,US-2017-145303,8/28/2017,8/30/2017,Prioritaire,TP-21415,Tom Prescott,Grand public,États-Unis,Dallas,Texas,USCA - Centre,OFF-BI-10002414,Fournitures de bureau,Classeurs,GBC ProClick Spines for 32-Hole Punch,10.02,4,0.8,-16.54
4072,US-2017-145303,8/28/2017,8/30/2017,Prioritaire,TP-21415,Tom Prescott,Grand public,États-Unis,Dallas,Texas,USCA - Centre,FUR-BO-10003159,Mobilier,Bibliothèques,"Sauder Camden County Collection Libraries, Planked Cherry Finish",156.37,2,0.3,-52.89
4081,US-2017-140417,9/25/2017,9/29/2017,Tarif normal,KE-16420,Katrina Edelman,Entreprise,États-Unis,Tigard,Oregon,USCA - Ouest,OFF-PA-10000380,Fournitures de bureau,Papier,"REDIFORM Incoming/Outgoing Call Register, 11"" X 8 1/2"", 100 Messages",60.05,9,0.2,22.52
4082,US-2017-140417,9/25/2017,9/29/2017,Tarif normal,KE-16420,Katrina Edelman,Entreprise,États-Unis,Tigard,Oregon,USCA - Ouest,OFF-BI-10004828,Fournitures de bureau,Classeurs,GBC Poly Designer Binding Covers,5.02,1,0.7,-3.52
4086,US-2017-111913,8/4/2017,8/6/2017,J+2,LC-16930,Linda Cazamias,Entreprise,États-Unis,Sacramento,Californie,USCA - Ouest,TEC-PH-10002275,Produits technologiques,Téléphones,Mitel 5320 IP Phone VoIP phone,302.38,2,0.2,30.24
4087,US-2017-111913,8/4/2017,8/6/2017,J+2,LC-16930,Linda Cazamias,Entreprise,États-Unis,Sacramento,Californie,USCA - Ouest,OFF-BI-10003291,Fournitures de bureau,Classeurs,Wilson Jones Leather-Like Binders with DublLock Round Rings,20.95,3,0.2,7.07
4088,US-2017-111913,8/4/2017,8/6/2017,J+2,LC-16930,Linda Cazamias,Entreprise,États-Unis,Sacramento,Californie,USCA - Ouest,OFF-BI-10000343,Fournitures de bureau,Classeurs,"Pressboard Covers with Storage Hooks, 9 1/2"" x 11"", Light Blue",11.78,3,0.2,3.98
4090,US-2017-161473,4/1/2017,4/5/2017,Tarif normal,TB-21175,Thomas Boland,Entreprise,États-Unis,New York City,New York,USCA - Est,OFF-LA-10001297,Fournitures de bureau,Étiquettes,Avery 473,20.7,2,0,9.94
4091,US-2017-161473,4/1/2017,4/5/2017,Tarif normal,TB-21175,Thomas Boland,Entreprise,États-Unis,New York City,New York,USCA - Est,OFF-SU-10001574,Fournitures de bureau,Fournitures,Acme Value Line Scissors,10.95,3,0,3.29
4092,US-2017-161473,4/1/2017,4/5/2017,Tarif normal,TB-21175,Thomas Boland,Entreprise,États-Unis,New York City,New York,USCA - Est,OFF-BI-10003305,Fournitures de bureau,Classeurs,Avery Hanging File Binders,14.35,3,0.2,4.66
4107,US-2017-148334,8/22/2017,8/26/2017,Tarif normal,DD-13570,Dorothy Dickinson,Grand public,États-Unis,Houston,Texas,USCA - Centre,OFF-BI-10003676,Fournitures de bureau,Classeurs,"GBC Standard Recycled Report Covers, Clear Plastic Sheets",4.31,2,0.8,-6.9
4116,US-2017-163573,11/24/2017,11/27/2017,Prioritaire,AC-10450,Amy Cox,Grand public,États-Unis,Seattle,Washington,USCA - Ouest,OFF-BI-10004632,Fournitures de bureau,Classeurs,Ibico Hi-Tech Manual Binding System,1219.96,5,0.2,381.24
4139,US-2017-117226,9/21/2017,9/23/2017,Prioritaire,KD-16495,Keith Dawkins,Entreprise,États-Unis,Deer Park,Texas,USCA - Centre,OFF-BI-10004654,Fournitures de bureau,Classeurs,Avery Binding System Hidden Tab Executive Style Index Sets,6.92,6,0.8,-10.39
4142,US-2017-136287,6/13/2017,6/17/2017,Tarif normal,SS-20590,Sonia Sunley,Grand public,États-Unis,Wichita,Kansas,USCA - Centre,OFF-LA-10003148,Fournitures de bureau,Étiquettes,Avery 51,18.9,3,0,8.69
4155,US-2017-139689,12/29/2017,12/31/2017,Tarif normal,MP-17965,Michael Paige,Entreprise,États-Unis,Bristol,Tennessee,USCA - Sud,OFF-BI-10004781,Fournitures de bureau,Classeurs,GBC Wire Binding Strips,38.09,4,0.7,-27.93
4156,US-2017-139689,12/29/2017,12/31/2017,Tarif normal,MP-17965,Michael Paige,Entreprise,États-Unis,Bristol,Tennessee,USCA - Sud,OFF-BI-10000145,Fournitures de bureau,Classeurs,Zipper Ring Binder Pockets,2.81,3,0.7,-1.97
4160,US-2017-164588,4/16/2017,4/23/2017,Tarif normal,AP-10915,Arthur Prichep,Grand public,États-Unis,Columbus,Géorgie,USCA - Sud,OFF-AR-10003056,Fournitures de bureau,Art,Newell 341,12.84,3,0,3.72
4173,US-2017-152163,7/1/2017,7/1/2017,Le même jour,JF-15355,Jay Fein,Grand public,États-Unis,Columbia,Caroline du Sud,USCA - Sud,OFF-BI-10002215,Fournitures de bureau,Classeurs,"Wilson Jones Hanging View Binder, White, 1""",14.2,2,0,6.53
4174,US-2017-152163,7/1/2017,7/1/2017,Le même jour,JF-15355,Jay Fein,Grand public,États-Unis,Columbia,Caroline du Sud,USCA - Sud,OFF-PA-10000788,Fournitures de bureau,Papier,Xerox 210,12.96,2,0,6.22
4175,US-2017-152163,7/1/2017,7/1/2017,Le même jour,JF-15355,Jay Fein,Grand public,États-Unis,Columbia,Caroline du Sud,USCA - Sud,OFF-BI-10003364,Fournitures de bureau,Classeurs,Binding Machine Supplies,58.34,2,0,28
4179,US-2017-148593,6/16/2017,6/18/2017,J+2,BD-11320,Bill Donatelli,Grand public,États-Unis,Los Angeles,Californie,USCA - Ouest,OFF-PA-10001776,Fournitures de bureau,Papier,"Wirebound Message Books, Four 2 3/4"" x 5"" Forms per Page, 600 Sets per Book",46.35,5,0,21.78
4185,US-2017-143749,12/5/2017,12/7/2017,Prioritaire,AG-10300,Aleksandra Gannaway,Entreprise,États-Unis,Franklin,Massachusetts,USCA - Est,FUR-BO-10002853,Mobilier,Bibliothèques,O'Sullivan 5-Shelf Heavy-Duty Bookcases,81.94,1,0,20.49
4186,US-2017-111493,10/21/2017,10/22/2017,Prioritaire,CM-12160,Charles McCrossin,Grand public,États-Unis,Baltimore,Maryland,USCA - Est,TEC-AC-10004510,Produits technologiques,Accessoires,Logitech Desktop MK120 Mouse and keyboard Combo,98.16,6,0,9.82
4190,US-2017-157714,9/26/2017,10/1/2017,J+2,CS-12175,Charles Sheldon,Entreprise,États-Unis,Iowa City,Iowa,USCA - Centre,OFF-PA-10004022,Fournitures de bureau,Papier,Hammermill Color Copier Paper (28Lb. and 96 Bright),9.99,1,0,4.5
4196,US-2017-124233,4/8/2017,4/14/2017,Tarif normal,CK-12595,Clytie Kelty,Grand public,États-Unis,Los Angeles,Californie,USCA - Ouest,FUR-FU-10002597,Mobilier,Meubles,"C-Line Magnetic Cubicle Keepers, Clear Polypropylene",24.7,5,0,10.37
4198,US-2017-161683,12/3/2017,12/8/2017,Tarif normal,CJ-12010,Caroline Jumper,Grand public,États-Unis,Philadelphia,Pennsylvanie,USCA - Est,OFF-AP-10000179,Fournitures de bureau,Électroménager,Honeywell Enviracaire Portable HEPA Air Cleaner for up to 10 x 16 Room,394.82,4,0.2,93.77
4199,US-2017-161683,12/3/2017,12/8/2017,Tarif normal,CJ-12010,Caroline Jumper,Grand public,États-Unis,Philadelphia,Pennsylvanie,USCA - Est,OFF-BI-10001072,Fournitures de bureau,Classeurs,"GBC Clear Cover, 8-1/2 x 11, unpunched, 25 covers per pack",18.19,4,0.7,-14.55
4215,US-2017-164637,3/4/2017,3/8/2017,Tarif normal,RD-19480,Rick Duston,Grand public,États-Unis,Mishawaka,Indiana,USCA - Centre,OFF-BI-10003876,Fournitures de bureau,Classeurs,"Green Canvas Binder for 8-1/2"" x 14"" Sheets",128.4,3,0,64.2
4225,US-2017-108644,6/22/2017,6/24/2017,Prioritaire,SJ-20215,Sarah Jordon,Grand public,États-Unis,Quincy,Illinois,USCA - Centre,OFF-BI-10000343,Fournitures de bureau,Classeurs,"Pressboard Covers with Storage Hooks, 9 1/2"" x 11"", Light Blue",1.96,2,0.8,-3.24
4229,US-2017-113803,3/24/2017,3/26/2017,Prioritaire,VG-21805,Vivek Grady,Entreprise,États-Unis,Richmond,Indiana,USCA - Centre,OFF-PA-10001994,Fournitures de bureau,Papier,"Ink Jet Note and Greeting Cards, 8-1/2"" x 5-1/2"" Card Size",22.48,1,0,10.34
4237,US-2017-162404,7/23/2017,7/27/2017,Tarif normal,NF-18475,Neil Französisch,Bureau à domicile,États-Unis,Rockford,Illinois,USCA - Centre,OFF-BI-10000948,Fournitures de bureau,Classeurs,"GBC Laser Imprintable Binding System Covers, Desert Sand",11.42,4,0.8,-18.84
4243,US-2017-159142,4/4/2017,4/5/2017,Prioritaire,ME-17320,Maria Etezadi,Bureau à domicile,États-Unis,Springfield,Virginie,USCA - Sud,TEC-PH-10001448,Produits technologiques,Téléphones,Anker Astro 15000mAh USB Portable Charger,149.97,3,0,6
4244,US-2017-159142,4/4/2017,4/5/2017,Prioritaire,ME-17320,Maria Etezadi,Bureau à domicile,États-Unis,Springfield,Virginie,USCA - Sud,OFF-PA-10001776,Fournitures de bureau,Papier,"Wirebound Message Books, Four 2 3/4"" x 5"" Forms per Page, 600 Sets per Book",27.81,3,0,13.07
4249,US-2017-157336,12/1/2017,12/5/2017,J+2,SJ-20500,Shirley Jackson,Grand public,États-Unis,Fairfield,Connecticut,USCA - Est,OFF-BI-10004236,Fournitures de bureau,Classeurs,"XtraLife ClearVue Slant-D Ring Binder, White, 3""",88.08,6,0,40.52
4250,US-2017-157336,12/1/2017,12/5/2017,J+2,SJ-20500,Shirley Jackson,Grand public,États-Unis,Fairfield,Connecticut,USCA - Est,FUR-CH-10004997,Mobilier,Chaises,Hon Every-Day Series Multi-Task Chairs,751.92,4,0,150.38
4259,US-2017-124793,3/14/2017,3/16/2017,Prioritaire,MM-18280,Muhammed MacIntyre,Entreprise,États-Unis,Seattle,Washington,USCA - Ouest,FUR-CH-10002880,Mobilier,Chaises,"Global High-Back Leather Tilter, Burgundy",196.78,2,0.2,-22.14
4265,US-2017-131611,11/5/2017,11/9/2017,Tarif normal,EP-13915,Emily Phan,Grand public,États-Unis,Houston,Texas,USCA - Centre,FUR-TA-10002774,Mobilier,Tables,Laminate Occasional Tables,863.13,8,0.3,-160.3
4266,US-2017-131611,11/5/2017,11/9/2017,Tarif normal,EP-13915,Emily Phan,Grand public,États-Unis,Houston,Texas,USCA - Centre,OFF-BI-10004364,Fournitures de bureau,Classeurs,Storex Dura Pro Binders,3.56,3,0.8,-6.24
4267,US-2017-131611,11/5/2017,11/9/2017,Tarif normal,EP-13915,Emily Phan,Grand public,États-Unis,Houston,Texas,USCA - Centre,FUR-BO-10000780,Mobilier,Bibliothèques,O'Sullivan Plantations 2-Door Library in Landvery Oak,956.66,7,0.3,-225.1
4268,US-2017-131611,11/5/2017,11/9/2017,Tarif normal,EP-13915,Emily Phan,Grand public,États-Unis,Houston,Texas,USCA - Centre,OFF-BI-10001989,Fournitures de bureau,Classeurs,Premium Transparent Presentation Covers by GBC,12.59,3,0.8,-20.14
4269,US-2017-131611,11/5/2017,11/9/2017,Tarif normal,EP-13915,Emily Phan,Grand public,États-Unis,Houston,Texas,USCA - Centre,TEC-AC-10004001,Produits technologiques,Accessoires,Logitech Wireless Headset H600 Over-The-Head Design,171.96,5,0.2,45.14
4272,US-2017-123806,11/24/2017,11/27/2017,J+2,LA-16780,Laura Armstrong,Entreprise,États-Unis,Baltimore,Maryland,USCA - Est,FUR-FU-10000965,Mobilier,Meubles,"Howard Miller 11-1/2"" Diameter Ridgewood Wall Clock",207.76,4,0,85.18
4278,US-2017-107440,4/16/2017,4/20/2017,Tarif normal,BS-11365,Bill Shonely,Entreprise,États-Unis,Lakewood,New Jersey,USCA - Est,TEC-MA-10001047,Produits technologiques,Machines,"3D Systems Cube Printer, 2nd Generation, Magenta",9099.93,7,0,2365.98
4279,US-2017-107440,4/16/2017,4/20/2017,Tarif normal,BS-11365,Bill Shonely,Entreprise,États-Unis,Lakewood,New Jersey,USCA - Est,FUR-FU-10000550,Mobilier,Meubles,Stacking Trays by OIC,9.96,2,0,3.29
4280,US-2017-107440,4/16/2017,4/20/2017,Tarif normal,BS-11365,Bill Shonely,Entreprise,États-Unis,Lakewood,New Jersey,USCA - Est,OFF-BI-10002432,Fournitures de bureau,Classeurs,Wilson Jones Standard D-Ring Binders,25.3,5,0,11.89
4304,US-2017-121601,10/4/2017,10/4/2017,Le même jour,MO-17500,Mary O'Rourke,Grand public,États-Unis,The Colony,Texas,USCA - Centre,OFF-EN-10003862,Fournitures de bureau,Enveloppes,Laser & Ink Jet Business Envelopes,59.75,7,0.2,19.42
4307,US-2017-161095,6/28/2017,6/28/2017,Le même jour,CS-12250,Chris Selesnick,Entreprise,États-Unis,Los Angeles,Californie,USCA - Ouest,OFF-BI-10002764,Fournitures de bureau,Classeurs,Recycled Pressboard Report Cover with Reinforced Top Hinge,7.75,3,0.2,2.81
4308,US-2017-161095,6/28/2017,6/28/2017,Le même jour,CS-12250,Chris Selesnick,Entreprise,États-Unis,Los Angeles,Californie,USCA - Ouest,OFF-BI-10001524,Fournitures de bureau,Classeurs,GBC Premium Transparent Covers with Diagonal Lined Pattern,33.57,2,0.2,11.75
4327,US-2017-153346,1/25/2017,1/27/2017,Prioritaire,TB-21355,Todd Boyes,Entreprise,États-Unis,Plainfield,New Jersey,USCA - Est,OFF-AR-10000315,Fournitures de bureau,Art,"Dixon Ticonderoga Maple Cedar Pencil, #2",9.21,3,0,2.3
4328,US-2017-153346,1/25/2017,1/27/2017,Prioritaire,TB-21355,Todd Boyes,Entreprise,États-Unis,Plainfield,New Jersey,USCA - Est,OFF-PA-10000007,Fournitures de bureau,Papier,"Telephone Message Books with Fax/Mobile Section, 4 1/4"" x 6""",18,5,0,8.28
4347,US-2017-120355,9/18/2017,9/25/2017,Tarif normal,MM-17260,Magdelene Morse,Grand public,États-Unis,New Rochelle,New York,USCA - Est,FUR-CH-10001394,Mobilier,Chaises,Global Leather Executive Chair,631.78,2,0.1,140.4
4348,US-2017-120355,9/18/2017,9/25/2017,Tarif normal,MM-17260,Magdelene Morse,Grand public,États-Unis,New Rochelle,New York,USCA - Est,FUR-FU-10004053,Mobilier,Meubles,DAX Two-Tone Silver Metal Document Frame,60.72,3,0,26.11
4361,US-2017-127642,5/21/2017,5/23/2017,Prioritaire,CP-12340,Christine Phan,Entreprise,États-Unis,Warwick,Rhode Island,USCA - Est,OFF-PA-10000565,Fournitures de bureau,Papier,Easy-staple paper,111.96,2,0,54.86
4370,US-2017-165078,11/5/2017,11/10/2017,Tarif normal,MA-17995,Michelle Arnett,Bureau à domicile,États-Unis,Lawrence,Indiana,USCA - Centre,OFF-BI-10001989,Fournitures de bureau,Classeurs,Premium Transparent Presentation Covers by GBC,104.9,5,0,50.35
4371,US-2017-165078,11/5/2017,11/10/2017,Tarif normal,MA-17995,Michelle Arnett,Bureau à domicile,États-Unis,Lawrence,Indiana,USCA - Centre,OFF-AR-10002987,Fournitures de bureau,Art,Prismacolor Color Pencil Set,39.68,2,0,16.27
4372,US-2017-165078,11/5/2017,11/10/2017,Tarif normal,MA-17995,Michelle Arnett,Bureau à domicile,États-Unis,Lawrence,Indiana,USCA - Centre,OFF-LA-10000414,Fournitures de bureau,Étiquettes,Avery 503,51.75,5,0,24.84
4375,US-2017-158575,11/18/2017,11/24/2017,Tarif normal,SB-20290,Sean Braxton,Entreprise,États-Unis,Kent,Ohio,USCA - Est,OFF-AP-10002998,Fournitures de bureau,Électroménager,Holmes 99% HEPA Air Purifier,103.97,6,0.2,16.89
4387,US-2017-156811,10/27/2017,11/2/2017,Tarif normal,BP-11095,Bart Pistole,Entreprise,États-Unis,San Francisco,Californie,USCA - Ouest,OFF-AP-10001366,Fournitures de bureau,Électroménager,Staple holder,43.92,4,0,11.86
4388,US-2017-156811,10/27/2017,11/2/2017,Tarif normal,BP-11095,Bart Pistole,Entreprise,États-Unis,San Francisco,Californie,USCA - Ouest,OFF-BI-10001628,Fournitures de bureau,Classeurs,"Acco Data Flex Cable Posts For Top & Bottom Load Binders, 6"" Capacity",25.03,3,0.2,7.82
4393,US-2017-108868,9/8/2017,9/12/2017,Tarif normal,KB-16585,Ken Black,Entreprise,États-Unis,Dallas,Texas,USCA - Centre,OFF-AR-10001953,Fournitures de bureau,Art,Boston 1645 Deluxe Heavier-Duty Electric Pencil Sharpener,70.37,2,0.2,6.16
4394,US-2017-108868,9/8/2017,9/12/2017,Tarif normal,KB-16585,Ken Black,Entreprise,États-Unis,Dallas,Texas,USCA - Centre,TEC-PH-10000923,Produits technologiques,Téléphones,"Belkin SportFit Armband For iPhone 5s/5c, Fuchsia",59.96,5,0.2,21.74
4397,US-2017-148740,11/15/2017,11/19/2017,Tarif normal,AH-10690,Anna Häberlin,Entreprise,États-Unis,San Diego,Californie,USCA - Ouest,TEC-PH-10002549,Produits technologiques,Téléphones,Polycom SoundPoint IP 450 VoIP phone,361.38,2,0.2,27.1
4400,US-2017-131737,3/17/2017,3/17/2017,Le même jour,GZ-14470,Gary Zandusky,Grand public,États-Unis,Columbia,Maryland,USCA - Est,OFF-EN-10003055,Fournitures de bureau,Enveloppes,"Blue String-Tie & Button Interoffice Envelopes, 10 x 13",199.9,5,0,89.96
4401,US-2017-131737,3/17/2017,3/17/2017,Le même jour,GZ-14470,Gary Zandusky,Grand public,États-Unis,Columbia,Maryland,USCA - Est,OFF-AP-10002945,Fournitures de bureau,Électroménager,Honeywell Enviracaire Portable HEPA Air Cleaner for 17' x 22' Room,901.95,3,0,297.64
4402,US-2017-131737,3/17/2017,3/17/2017,Le même jour,GZ-14470,Gary Zandusky,Grand public,États-Unis,Columbia,Maryland,USCA - Est,FUR-FU-10004306,Mobilier,Meubles,Electrix Halogen Magnifier Lamp,971.5,5,0,252.59
4403,US-2017-114538,12/26/2017,12/27/2017,Prioritaire,RC-19825,Roy Collins,Grand public,États-Unis,Colorado Springs,Colorado,USCA - Ouest,OFF-AR-10002445,Fournitures de bureau,Art,SANFORD Major Accent Highlighters,11.33,2,0.2,2.55
4407,US-2017-100041,11/20/2017,11/25/2017,Tarif normal,BF-10975,Barbara Fisher,Entreprise,États-Unis,Columbus,Indiana,USCA - Centre,OFF-PA-10001622,Fournitures de bureau,Papier,"Ampad Poly Cover Wirebound Steno Book, 6"" x 9"" Assorted Colors, Gregg Ruled",9.08,2,0,4.09
4408,US-2017-100041,11/20/2017,11/25/2017,Tarif normal,BF-10975,Barbara Fisher,Entreprise,États-Unis,Columbus,Indiana,USCA - Centre,OFF-PA-10000418,Fournitures de bureau,Papier,Xerox 189,314.55,3,0,150.98
4409,US-2017-100041,11/20/2017,11/25/2017,Tarif normal,BF-10975,Barbara Fisher,Entreprise,États-Unis,Columbus,Indiana,USCA - Centre,OFF-BI-10000343,Fournitures de bureau,Classeurs,"Pressboard Covers with Storage Hooks, 9 1/2"" x 11"", Light Blue",4.91,1,0,2.31
4431,US-2017-168893,11/3/2017,11/8/2017,J+2,AP-10915,Arthur Prichep,Grand public,États-Unis,Henderson,Kentucky,USCA - Sud,OFF-FA-10002280,Fournitures de bureau,Éléments de fixation,Advantus Plastic Paper Clips,20,4,0,9.6
4432,US-2017-168893,11/3/2017,11/8/2017,J+2,AP-10915,Arthur Prichep,Grand public,États-Unis,Henderson,Kentucky,USCA - Sud,OFF-AR-10001770,Fournitures de bureau,Art,Economy #2 Pencils,7.98,3,0,2.07
4433,US-2017-168893,11/3/2017,11/8/2017,J+2,AP-10915,Arthur Prichep,Grand public,États-Unis,Henderson,Kentucky,USCA - Sud,FUR-FU-10002885,Mobilier,Meubles,Magna Visual Magnetic Picture Hangers,24.1,5,0,9.16
4434,US-2017-168893,11/3/2017,11/8/2017,J+2,AP-10915,Arthur Prichep,Grand public,États-Unis,Henderson,Kentucky,USCA - Sud,OFF-AR-10003772,Fournitures de bureau,Art,Boston 16750 Black Compact Battery Pencil Sharpener,8.75,1,0,2.63
4435,US-2017-168893,11/3/2017,11/8/2017,J+2,AP-10915,Arthur Prichep,Grand public,États-Unis,Henderson,Kentucky,USCA - Sud,FUR-TA-10003392,Mobilier,Tables,Global Adaptabilities Conference Tables,842.94,3,0,160.16
4436,US-2017-163398,5/3/2017,5/8/2017,Tarif normal,CB-12415,Christy Brittain,Grand public,États-Unis,Chicago,Illinois,USCA - Centre,OFF-BI-10000014,Fournitures de bureau,Classeurs,Heavy-Duty E-Z-D Binders,2.18,1,0.8,-3.6
4437,US-2017-163398,5/3/2017,5/8/2017,Tarif normal,CB-12415,Christy Brittain,Grand public,États-Unis,Chicago,Illinois,USCA - Centre,OFF-AR-10003217,Fournitures de bureau,Art,Newell 316,27.38,7,0.2,2.74
4438,US-2017-163398,5/3/2017,5/8/2017,Tarif normal,CB-12415,Christy Brittain,Grand public,États-Unis,Chicago,Illinois,USCA - Centre,OFF-AP-10002403,Fournitures de bureau,Électroménager,Acco Smartsocket Color-Coded Six-Outlet AC Adapter Model Surge Protectors,26.41,3,0.8,-71.3
4439,US-2017-162726,12/27/2017,12/29/2017,Tarif normal,MT-17815,Meg Tillman,Grand public,États-Unis,Port Arthur,Texas,USCA - Centre,OFF-PA-10001972,Fournitures de bureau,Papier,Xerox 214,10.37,2,0.2,3.63
4440,US-2017-162726,12/27/2017,12/29/2017,Tarif normal,MT-17815,Meg Tillman,Grand public,États-Unis,Port Arthur,Texas,USCA - Centre,OFF-PA-10004041,Fournitures de bureau,Papier,"It's Hot Message Books with Stickers, 2 3/4"" x 5""",23.68,4,0.2,7.4
4441,US-2017-111290,7/22/2017,7/26/2017,Tarif normal,DK-13375,Dennis Kane,Grand public,États-Unis,Westland,Michigan,USCA - Centre,TEC-AC-10004975,Produits technologiques,Accessoires,Plantronics Audio 995 Wireless Stereo Headset,109.95,1,0,36.28
4442,US-2017-111290,7/22/2017,7/26/2017,Tarif normal,DK-13375,Dennis Kane,Grand public,États-Unis,Westland,Michigan,USCA - Centre,OFF-ST-10001932,Fournitures de bureau,Stockage,Fellowes Staxonsteel Drawer Files,965.85,5,0,135.22
4443,US-2017-111290,7/22/2017,7/26/2017,Tarif normal,DK-13375,Dennis Kane,Grand public,États-Unis,Westland,Michigan,USCA - Centre,OFF-AR-10001761,Fournitures de bureau,Art,Avery Hi-Liter Smear-Safe Highlighters,29.2,5,0,10.51
4444,US-2017-111290,7/22/2017,7/26/2017,Tarif normal,DK-13375,Dennis Kane,Grand public,États-Unis,Westland,Michigan,USCA - Centre,OFF-PA-10002262,Fournitures de bureau,Papier,Xerox 192,32.4,5,0,15.55
4452,US-2017-147137,7/4/2017,7/6/2017,Prioritaire,AA-10645,Anna Andreadi,Grand public,États-Unis,San Francisco,Californie,USCA - Ouest,FUR-FU-10000221,Mobilier,Meubles,"Master Caster Door Stop, Brown",25.4,5,0,8.64
4453,US-2017-147137,7/4/2017,7/6/2017,Prioritaire,AA-10645,Anna Andreadi,Grand public,États-Unis,San Francisco,Californie,USCA - Ouest,OFF-EN-10003567,Fournitures de bureau,Enveloppes,"Inter-Office Recycled Envelopes, Brown Kraft, Button-String,10"" x 13"" , 100/Box",43.96,2,0,20.66
4454,US-2017-147137,7/4/2017,7/6/2017,Prioritaire,AA-10645,Anna Andreadi,Grand public,États-Unis,San Francisco,Californie,USCA - Ouest,FUR-BO-10001811,Mobilier,Bibliothèques,"Atlantic Metals Mobile 5-Shelf Bookcases, Custom Colors",1279.17,5,0.2,225.74
4455,US-2017-147137,7/4/2017,7/6/2017,Prioritaire,AA-10645,Anna Andreadi,Grand public,États-Unis,San Francisco,Californie,USCA - Ouest,OFF-ST-10002486,Fournitures de bureau,Stockage,Eldon Shelf Savers Cubes and Bins,27.92,4,0,0.56
4481,US-2017-109365,11/3/2017,11/8/2017,Tarif normal,XP-21865,Xylona Preis,Grand public,États-Unis,Los Angeles,Californie,USCA - Ouest,OFF-FA-10001561,Fournitures de bureau,Éléments de fixation,Stockwell Push Pins,15.26,7,0,5.04
4482,US-2017-109365,11/3/2017,11/8/2017,Tarif normal,XP-21865,Xylona Preis,Grand public,États-Unis,Los Angeles,Californie,USCA - Ouest,OFF-AP-10002998,Fournitures de bureau,Électroménager,Holmes 99% HEPA Air Purifier,43.32,2,0,14.3
4483,US-2017-109365,11/3/2017,11/8/2017,Tarif normal,XP-21865,Xylona Preis,Grand public,États-Unis,Los Angeles,Californie,USCA - Ouest,OFF-BI-10003981,Fournitures de bureau,Classeurs,"Avery Durable Plastic 1"" Binders",43.58,12,0.2,15.8
4484,US-2017-109365,11/3/2017,11/8/2017,Tarif normal,XP-21865,Xylona Preis,Grand public,États-Unis,Los Angeles,Californie,USCA - Ouest,OFF-PA-10001725,Fournitures de bureau,Papier,Xerox 1892,116.28,3,0,56.98
4485,US-2017-109365,11/3/2017,11/8/2017,Tarif normal,XP-21865,Xylona Preis,Grand public,États-Unis,Los Angeles,Californie,USCA - Ouest,OFF-BI-10002071,Fournitures de bureau,Classeurs,Fellowes Black Plastic Comb Bindings,9.3,2,0.2,3.02
4486,US-2017-109365,11/3/2017,11/8/2017,Tarif normal,XP-21865,Xylona Preis,Grand public,États-Unis,Los Angeles,Californie,USCA - Ouest,OFF-PA-10000477,Fournitures de bureau,Papier,Xerox 22,19.44,3,0,9.33
4487,US-2017-109365,11/3/2017,11/8/2017,Tarif normal,XP-21865,Xylona Preis,Grand public,États-Unis,Los Angeles,Californie,USCA - Ouest,OFF-PA-10004359,Fournitures de bureau,Papier,Multicolor Computer Printout Paper,314.55,3,0,150.98
4500,US-2017-124814,4/10/2017,4/16/2017,Tarif normal,FM-14215,Filia McAdams,Entreprise,États-Unis,Bakersfield,Californie,USCA - Ouest,OFF-PA-10002787,Fournitures de bureau,Papier,Xerox 227,12.96,2,0,6.22
4501,US-2017-124814,4/10/2017,4/16/2017,Tarif normal,FM-14215,Filia McAdams,Entreprise,États-Unis,Bakersfield,Californie,USCA - Ouest,OFF-BI-10000174,Fournitures de bureau,Classeurs,"Wilson Jones Clip & Carry Folder Binder Tool for Ring Binders, Clear",23.2,5,0.2,8.12
4511,US-2017-119935,11/10/2017,11/14/2017,Tarif normal,KM-16225,Kalyca Meade,Entreprise,États-Unis,Springfield,Missouri,USCA - Centre,FUR-FU-10001085,Mobilier,Meubles,3M Polarizing Light Filter Sleeves,37.3,2,0,17.16
4512,US-2017-119935,11/10/2017,11/14/2017,Tarif normal,KM-16225,Kalyca Meade,Entreprise,États-Unis,Springfield,Missouri,USCA - Centre,OFF-BI-10001597,Fournitures de bureau,Classeurs,"Wilson Jones Ledger-Size, Piano-Hinge Binder, 2"", Blue",81.96,2,0,39.34
4513,US-2017-118969,10/2/2017,10/3/2017,Prioritaire,LP-17095,Liz Preis,Grand public,États-Unis,Phoenix,Arizona,USCA - Ouest,OFF-BI-10002429,Fournitures de bureau,Classeurs,"Premier Elliptical Ring Binder, Black",54.79,6,0.7,-40.18
4514,US-2017-145240,9/6/2017,9/8/2017,Prioritaire,BG-11740,Bruce Geld,Grand public,États-Unis,Houston,Texas,USCA - Centre,OFF-ST-10001590,Fournitures de bureau,Stockage,"Tenex Personal Project File with Scoop Front Design, Black",10.78,1,0.2,0.81
4515,US-2017-120873,10/27/2017,11/1/2017,J+2,BW-11200,Ben Wallace,Grand public,États-Unis,Hampton,Virginie,USCA - Sud,FUR-CH-10000847,Mobilier,Chaises,Global Executive Mid-Back Manager's Chair,290.98,1,0,75.65
4517,US-2017-128678,9/15/2017,9/20/2017,Tarif normal,RB-19570,Rob Beeghly,Grand public,États-Unis,Seattle,Washington,USCA - Ouest,OFF-PA-10000807,Fournitures de bureau,Papier,"TOPS ""Important Message"" Pads, Canary, 4-1/4 x 5-1/2, 50 Sheets per Pad",21.4,5,0,10.06
4518,US-2017-128678,9/15/2017,9/20/2017,Tarif normal,RB-19570,Rob Beeghly,Grand public,États-Unis,Seattle,Washington,USCA - Ouest,OFF-BI-10002103,Fournitures de bureau,Classeurs,"Cardinal Slant-D Ring Binder, Heavy Gauge Vinyl",48.66,7,0.2,15.82
4519,US-2017-101385,9/25/2017,10/1/2017,Tarif normal,JW-16075,Julia West,Grand public,États-Unis,San Francisco,Californie,USCA - Ouest,OFF-AR-10004441,Fournitures de bureau,Art,BIC Brite Liner Highlighters,16.56,4,0,6.96
4530,US-2017-134691,11/14/2017,11/18/2017,Tarif normal,KC-16540,Kelly Collister,Grand public,États-Unis,Houston,Texas,USCA - Centre,OFF-BI-10002393,Fournitures de bureau,Classeurs,Binder Posts,2.3,2,0.8,-3.9
4531,US-2017-118759,11/14/2017,11/17/2017,Prioritaire,MB-17305,Maria Bertelson,Grand public,États-Unis,New York City,New York,USCA - Est,FUR-CH-10002335,Mobilier,Chaises,Hon GuestStacker Chair,408.01,2,0.1,72.53
4532,US-2017-118759,11/14/2017,11/17/2017,Prioritaire,MB-17305,Maria Bertelson,Grand public,États-Unis,New York City,New York,USCA - Est,OFF-ST-10001590,Fournitures de bureau,Stockage,"Tenex Personal Project File with Scoop Front Design, Black",40.44,3,0,10.51
4555,US-2017-101448,2/27/2017,3/1/2017,J+2,EB-13930,Eric Barreto,Grand public,États-Unis,La Crosse,Wisconsin,USCA - Centre,OFF-BI-10004738,Fournitures de bureau,Classeurs,Flexible Leather- Look Classic Collection Ring Binder,56.82,3,0,28.41
4574,US-2017-139395,12/12/2017,12/18/2017,Tarif normal,MG-17650,Matthew Grinstein,Bureau à domicile,États-Unis,Jackson,Michigan,USCA - Centre,TEC-PH-10002103,Produits technologiques,Téléphones,Jabra SPEAK 410,657.93,7,0,184.22
4575,US-2017-139395,12/12/2017,12/18/2017,Tarif normal,MG-17650,Matthew Grinstein,Bureau à domicile,États-Unis,Jackson,Michigan,USCA - Centre,FUR-FU-10003724,Mobilier,Meubles,Westinghouse Clip-On Gooseneck Lamps,33.48,4,0,8.7
4576,US-2017-139395,12/12/2017,12/18/2017,Tarif normal,MG-17650,Matthew Grinstein,Bureau à domicile,États-Unis,Jackson,Michigan,USCA - Centre,OFF-AR-10003732,Fournitures de bureau,Art,Newell 333,13.9,5,0,3.61
4577,US-2017-139395,12/12/2017,12/18/2017,Tarif normal,MG-17650,Matthew Grinstein,Bureau à domicile,États-Unis,Jackson,Michigan,USCA - Centre,OFF-ST-10000885,Fournitures de bureau,Stockage,Fellowes Desktop Hanging File Manager,26.86,2,0,6.72
4582,US-2017-120250,9/19/2017,9/22/2017,Prioritaire,AP-10720,Anne Pryor,Bureau à domicile,États-Unis,Philadelphia,Pennsylvanie,USCA - Est,FUR-FU-10003424,Mobilier,Meubles,Nu-Dell Oak Frame,25.63,3,0.2,3.84
4583,US-2017-121993,6/10/2017,6/12/2017,Prioritaire,JB-16000,Joy Bell-,Grand public,États-Unis,Philadelphia,Pennsylvanie,USCA - Est,OFF-LA-10003720,Fournitures de bureau,Étiquettes,Avery 487,23.62,8,0.2,7.97
4584,US-2017-100405,8/26/2017,8/28/2017,J+2,TS-21430,Tom Stivers,Entreprise,États-Unis,Los Angeles,Californie,USCA - Ouest,OFF-AR-10000390,Fournitures de bureau,Art,Newell Chalk Holder,8.26,2,0,3.8
4591,US-2017-129868,12/26/2017,12/28/2017,Tarif normal,MC-18130,Mike Caudle,Entreprise,États-Unis,Los Angeles,Californie,USCA - Ouest,OFF-SU-10000952,Fournitures de bureau,Fournitures,Fiskars Home & Office Scissors,17.76,2,0,4.97
4592,US-2017-129868,12/26/2017,12/28/2017,Tarif normal,MC-18130,Mike Caudle,Entreprise,États-Unis,Los Angeles,Californie,USCA - Ouest,TEC-PH-10002275,Produits technologiques,Téléphones,Mitel 5320 IP Phone VoIP phone,302.38,2,0.2,30.24
4593,US-2017-129868,12/26/2017,12/28/2017,Tarif normal,MC-18130,Mike Caudle,Entreprise,États-Unis,Los Angeles,Californie,USCA - Ouest,FUR-CH-10003535,Mobilier,Chaises,"Global Armless Task Chair, Royal Blue",146.35,3,0.2,-5.49
4594,US-2017-129868,12/26/2017,12/28/2017,Tarif normal,MC-18130,Mike Caudle,Entreprise,États-Unis,Los Angeles,Californie,USCA - Ouest,OFF-AP-10004052,Fournitures de bureau,Électroménager,"Hoover Replacement Belts For Soft Guard & Commercial Ltweight Upright Vacs, 2/Pk",7.9,2,0,2.05
4595,US-2017-129868,12/26/2017,12/28/2017,Tarif normal,MC-18130,Mike Caudle,Entreprise,États-Unis,Los Angeles,Californie,USCA - Ouest,FUR-TA-10003473,Mobilier,Tables,Bretford Rectangular Conference Table Tops,902.71,3,0.2,33.85
4596,US-2017-129868,12/26/2017,12/28/2017,Tarif normal,MC-18130,Mike Caudle,Entreprise,États-Unis,Los Angeles,Californie,USCA - Ouest,OFF-AR-10001897,Fournitures de bureau,Art,Model L Table or Wall-Mount Pencil Sharpener,53.97,3,0,15.11
4597,US-2017-140564,12/5/2017,12/10/2017,J+2,TC-21475,Tony Chapman,Bureau à domicile,États-Unis,Washington,District de Columbia,USCA - Est,OFF-AR-10000034,Fournitures de bureau,Art,"BIC Brite Liner Grip Highlighters, Assorted, 5/Pack",33.92,8,0,13.23
4612,US-2017-109407,1/24/2017,1/26/2017,J+2,HG-14965,Henry Goldwyn,Entreprise,États-Unis,Gulfport,Mississippi,USCA - Sud,OFF-BI-10000285,Fournitures de bureau,Classeurs,XtraLife ClearVue Slant-D Ring Binders by Cardinal,31.36,4,0,15.68
4613,US-2017-165953,9/22/2017,9/25/2017,Tarif normal,EP-13915,Emily Phan,Grand public,États-Unis,Jacksonville,Floride,USCA - Sud,OFF-AR-10000588,Fournitures de bureau,Art,Newell 345,47.62,3,0.2,3.57
4614,US-2017-165953,9/22/2017,9/25/2017,Tarif normal,EP-13915,Emily Phan,Grand public,États-Unis,Jacksonville,Floride,USCA - Sud,OFF-PA-10002250,Fournitures de bureau,Papier,Things To Do Today Pad,23.48,5,0.2,8.22
4615,US-2017-144540,9/5/2017,9/10/2017,Tarif normal,GH-14410,Gary Hansen,Bureau à domicile,États-Unis,Houston,Texas,USCA - Centre,OFF-AP-10002457,Fournitures de bureau,Électroménager,"Eureka The Boss Plus 12-Amp Hard Box Upright Vacuum, Red",62.79,3,0.8,-166.39
4616,US-2017-144540,9/5/2017,9/10/2017,Tarif normal,GH-14410,Gary Hansen,Bureau à domicile,États-Unis,Houston,Texas,USCA - Centre,OFF-FA-10002763,Fournitures de bureau,Éléments de fixation,Advantus Map Pennant Flags and Round Head Tacks,28.44,9,0.2,4.27
4627,US-2017-101336,11/13/2017,11/18/2017,Tarif normal,CK-12760,Cyma Kinney,Entreprise,États-Unis,New York City,New York,USCA - Est,OFF-ST-10003455,Fournitures de bureau,Stockage,"Tenex File Box, Personal Filing Tote with Lid, Black",77.55,5,0,20.16
4628,US-2017-101336,11/13/2017,11/18/2017,Tarif normal,CK-12760,Cyma Kinney,Entreprise,États-Unis,New York City,New York,USCA - Est,OFF-ST-10000876,Fournitures de bureau,Stockage,Eldon Simplefile Box Office,24.88,2,0,6.97
4629,US-2017-101336,11/13/2017,11/18/2017,Tarif normal,CK-12760,Cyma Kinney,Entreprise,États-Unis,New York City,New York,USCA - Est,OFF-AR-10003582,Fournitures de bureau,Art,"Boston Electric Pencil Sharpener, Model 1818, Charcoal Black",140.75,5,0,39.41
4630,US-2017-101336,11/13/2017,11/18/2017,Tarif normal,CK-12760,Cyma Kinney,Entreprise,États-Unis,New York City,New York,USCA - Est,OFF-ST-10004258,Fournitures de bureau,Stockage,Portable Personal File Box,36.63,3,0,9.89
4640,US-2017-102162,9/11/2017,9/16/2017,Tarif normal,JF-15565,Jill Fjeld,Grand public,États-Unis,Newport News,Virginie,USCA - Sud,TEC-CO-10001943,Produits technologiques,Photocopieurs,Canon PC-428 Personal Copier,1599.92,8,0,751.96
4641,US-2017-102162,9/11/2017,9/16/2017,Tarif normal,JF-15565,Jill Fjeld,Grand public,États-Unis,Newport News,Virginie,USCA - Sud,OFF-EN-10002312,Fournitures de bureau,Enveloppes,#10 Self-Seal White Envelopes,11.09,1,0,5.43
4646,US-2017-143910,8/12/2017,8/16/2017,Tarif normal,BC-11125,Becky Castell,Bureau à domicile,États-Unis,New York City,New York,USCA - Est,FUR-CH-10000225,Mobilier,Chaises,"Global Geo Office Task Chair, Gray",145.76,2,0.1,-8.1
4648,US-2017-139556,4/26/2017,5/1/2017,Tarif normal,DB-13360,Dennis Bolton,Bureau à domicile,États-Unis,New York City,New York,USCA - Est,FUR-CH-10004983,Mobilier,Chaises,Office Star - Mid Back Dual function Ergonomic High Back Chair with 2-Way Adjustable Arms,434.65,3,0.1,62.78
4664,US-2017-111409,9/18/2017,9/22/2017,Tarif normal,PO-18850,Patrick O'Brill,Grand public,États-Unis,Jacksonville,Floride,USCA - Sud,OFF-LA-10002787,Fournitures de bureau,Étiquettes,Avery 480,3,1,0.2,1.05
4665,US-2017-116232,9/22/2017,9/26/2017,Tarif normal,AC-10450,Amy Cox,Grand public,États-Unis,Pembroke Pines,Floride,USCA - Sud,OFF-BI-10004022,Fournitures de bureau,Classeurs,Acco Suede Grain Vinyl Round Ring Binder,7.51,9,0.7,-6
4666,US-2017-116232,9/22/2017,9/26/2017,Tarif normal,AC-10450,Amy Cox,Grand public,États-Unis,Pembroke Pines,Floride,USCA - Sud,OFF-LA-10001158,Fournitures de bureau,Étiquettes,"Avery Address/Shipping Labels for Typewriters, 4"" x 2""",16.56,2,0.2,5.8
4667,US-2017-116547,1/10/2017,1/17/2017,Tarif normal,KB-16585,Ken Black,Entreprise,États-Unis,Seattle,Washington,USCA - Ouest,FUR-FU-10000076,Mobilier,Meubles,24-Hour Round Wall Clock,79.92,4,0,34.37
4668,US-2017-116547,1/10/2017,1/17/2017,Tarif normal,KB-16585,Ken Black,Entreprise,États-Unis,Seattle,Washington,USCA - Ouest,TEC-AC-10002335,Produits technologiques,Accessoires,Logitech Media Keyboard K200,69.98,2,0,13.3
4672,US-2017-133550,4/22/2017,4/25/2017,Tarif normal,KL-16645,Ken Lonsdale,Grand public,États-Unis,Detroit,Michigan,USCA - Centre,OFF-AP-10001005,Fournitures de bureau,Électroménager,Honeywell Quietcare HEPA Air Cleaner,283.14,4,0.1,72.36
4673,US-2017-133550,4/22/2017,4/25/2017,Tarif normal,KL-16645,Ken Lonsdale,Grand public,États-Unis,Detroit,Michigan,USCA - Centre,TEC-PH-10004042,Produits technologiques,Téléphones,ClearOne Communications CHAT 70 OC Speaker Phone,635.96,4,0,165.35
4674,US-2017-133550,4/22/2017,4/25/2017,Tarif normal,KL-16645,Ken Lonsdale,Grand public,États-Unis,Detroit,Michigan,USCA - Centre,TEC-PH-10001079,Produits technologiques,Téléphones,Polycom SoundPoint Pro SE-225 Corded phone,118.99,1,0,33.32
4675,US-2017-133550,4/22/2017,4/25/2017,Tarif normal,KL-16645,Ken Lonsdale,Grand public,États-Unis,Detroit,Michigan,USCA - Centre,FUR-FU-10002918,Mobilier,Meubles,Eldon ClusterMat Chair Mat with Cordless Antistatic Protection,272.94,3,0,30.02
4682,US-2017-169215,7/14/2017,7/18/2017,J+2,RE-19450,Richard Eichhorn,Grand public,États-Unis,Auburn,New York,USCA - Est,OFF-FA-10000936,Fournitures de bureau,Éléments de fixation,Acco Hot Clips Clips to Go,29.61,9,0,13.32
4683,US-2017-127698,12/1/2017,12/1/2017,Le même jour,MV-18190,Mike Vittorini,Grand public,États-Unis,Raleigh,Caroline du Nord,USCA - Sud,TEC-PH-10003811,Produits technologiques,Téléphones,Jabra Supreme Plus Driver Edition Headset,863.93,9,0.2,86.39
4684,US-2017-159912,8/29/2017,9/3/2017,Tarif normal,GB-14530,George Bell,Entreprise,États-Unis,Philadelphia,Pennsylvanie,USCA - Est,FUR-TA-10004152,Mobilier,Tables,"Barricks 18"" x 48"" Non-Folding Utility Table with Bottom Storage Shelf",241.92,4,0.4,-56.45
4685,US-2017-159912,8/29/2017,9/3/2017,Tarif normal,GB-14530,George Bell,Entreprise,États-Unis,Philadelphia,Pennsylvanie,USCA - Est,FUR-BO-10002853,Mobilier,Bibliothèques,O'Sullivan 5-Shelf Heavy-Duty Bookcases,163.88,4,0.5,-81.94
4686,US-2017-159912,8/29/2017,9/3/2017,Tarif normal,GB-14530,George Bell,Entreprise,États-Unis,Philadelphia,Pennsylvanie,USCA - Est,OFF-BI-10002071,Fournitures de bureau,Classeurs,Fellowes Black Plastic Comb Bindings,3.49,2,0.7,-2.79
4687,US-2017-159912,8/29/2017,9/3/2017,Tarif normal,GB-14530,George Bell,Entreprise,États-Unis,Philadelphia,Pennsylvanie,USCA - Est,OFF-FA-10000053,Fournitures de bureau,Éléments de fixation,Revere Boxed Rubber Bands by Revere,10.58,7,0.2,-2.38
4688,US-2017-101987,6/24/2017,6/27/2017,Tarif normal,HL-15040,Hunter Lopez,Grand public,États-Unis,Richmond,Indiana,USCA - Centre,TEC-PH-10001305,Produits technologiques,Téléphones,Panasonic KX TS208W Corded phone,440.91,9,0,123.45
4704,US-2017-166240,6/24/2017,6/28/2017,Tarif normal,DH-13075,Dave Hallsten,Entreprise,États-Unis,Houston,Texas,USCA - Centre,OFF-AP-10002082,Fournitures de bureau,Électroménager,Holmes HEPA Air Purifier,8.71,2,0.8,-19.6
4705,US-2017-158435,5/17/2017,5/18/2017,Prioritaire,AG-10900,Arthur Gainer,Grand public,États-Unis,Waterbury,Connecticut,USCA - Est,OFF-SU-10000381,Fournitures de bureau,Fournitures,Acme Forged Steel Scissors with Black Enamel Handles,65.17,7,0,18.9
4706,US-2017-158435,5/17/2017,5/18/2017,Prioritaire,AG-10900,Arthur Gainer,Grand public,États-Unis,Waterbury,Connecticut,USCA - Est,OFF-LA-10002475,Fournitures de bureau,Étiquettes,Avery 519,14.62,2,0,6.87
4707,US-2017-158435,5/17/2017,5/18/2017,Prioritaire,AG-10900,Arthur Gainer,Grand public,États-Unis,Waterbury,Connecticut,USCA - Est,FUR-FU-10003975,Mobilier,Meubles,Eldon Advantage Chair Mats for Low to Medium Pile Carpets,173.24,4,0,17.32
4724,US-2017-159653,5/22/2017,5/22/2017,Le même jour,JF-15490,Jeremy Farry,Grand public,États-Unis,Athens,Géorgie,USCA - Sud,OFF-LA-10004345,Fournitures de bureau,Étiquettes,Avery 493,14.73,3,0,7.22
4725,US-2017-131968,11/11/2017,11/15/2017,Tarif normal,LB-16795,Laurel Beltran,Bureau à domicile,États-Unis,Apopka,Floride,USCA - Sud,OFF-BI-10002852,Fournitures de bureau,Classeurs,Ibico Standard Transparent Covers,9.89,2,0.7,-6.92
4726,US-2017-131968,11/11/2017,11/15/2017,Tarif normal,LB-16795,Laurel Beltran,Bureau à domicile,États-Unis,Apopka,Floride,USCA - Sud,OFF-AP-10001058,Fournitures de bureau,Électroménager,Sanyo 2.5 Cubic Foot Mid-Size Office Refrigerators,671.54,3,0.2,50.37
4730,US-2017-124681,7/18/2017,7/23/2017,J+2,SV-20935,Susan Vittorini,Grand public,États-Unis,Dallas,Texas,USCA - Centre,TEC-AC-10000487,Produits technologiques,Accessoires,SanDisk Cruzer 4 GB USB Flash Drive,15.58,3,0.2,3.31
4735,US-2017-120530,4/7/2017,4/12/2017,Tarif normal,Dl-13600,Dorris liebe,Entreprise,États-Unis,New York City,New York,USCA - Est,FUR-CH-10000454,Mobilier,Chaises,"Hon Deluxe Fabric Upholstered Stacking Chairs, Rounded Back",658.75,3,0.1,146.39
4748,US-2017-120005,3/3/2017,3/3/2017,Le même jour,TS-21160,Theresa Swint,Entreprise,États-Unis,San Francisco,Californie,USCA - Ouest,OFF-SU-10004782,Fournitures de bureau,Fournitures,"Elite 5"" Scissors",25.35,3,0,7.61
4749,US-2017-120005,3/3/2017,3/3/2017,Le même jour,TS-21160,Theresa Swint,Entreprise,États-Unis,San Francisco,Californie,USCA - Ouest,FUR-FU-10000672,Mobilier,Meubles,"Executive Impressions 10"" Spectator Wall Clock",35.28,3,0,12
4750,US-2017-123526,12/24/2017,12/25/2017,Prioritaire,BV-11245,Benjamin Venier,Entreprise,États-Unis,Seattle,Washington,USCA - Ouest,OFF-PA-10002986,Fournitures de bureau,Papier,Xerox 1898,33.4,5,0,16.03
4751,US-2017-127649,10/7/2017,10/9/2017,Prioritaire,DL-13495,Dionis Lloyd,Entreprise,États-Unis,Spokane,Washington,USCA - Ouest,TEC-MA-10001972,Produits technologiques,Machines,Okidata C331dn Printer,837.6,3,0.2,62.82
4752,US-2017-159989,12/9/2017,12/13/2017,Tarif normal,EB-13870,Emily Burns,Grand public,États-Unis,Franklin,Tennessee,USCA - Sud,TEC-PH-10000169,Produits technologiques,Téléphones,ARKON Windshield Dashboard Air Vent Car Mount Holder,40.68,3,0.2,-9.15
4762,US-2017-117660,9/21/2017,9/24/2017,Tarif normal,BM-11785,Bryan Mills,Grand public,États-Unis,Columbus,Ohio,USCA - Est,OFF-LA-10003720,Fournitures de bureau,Étiquettes,Avery 487,5.9,2,0.2,1.99
4763,US-2017-117660,9/21/2017,9/24/2017,Tarif normal,BM-11785,Bryan Mills,Grand public,États-Unis,Columbus,Ohio,USCA - Est,OFF-SU-10001664,Fournitures de bureau,Fournitures,Acme Office Executive Series Stainless Steel Trimmers,13.71,2,0.2,1.03
4770,US-2017-114888,9/19/2017,9/24/2017,J+2,CC-12430,Chuck Clark,Bureau à domicile,États-Unis,San Francisco,Californie,USCA - Ouest,OFF-BI-10003355,Fournitures de bureau,Classeurs,Cardinal Holdit Business Card Pockets,11.95,3,0.2,4.18
4771,US-2017-114888,9/19/2017,9/24/2017,J+2,CC-12430,Chuck Clark,Bureau à domicile,États-Unis,San Francisco,Californie,USCA - Ouest,OFF-SU-10001212,Fournitures de bureau,Fournitures,Kleencut Forged Office Shears by Acme United Corporation,6.24,3,0,1.87
4777,US-2017-101630,2/19/2017,2/23/2017,J+2,CK-12760,Cyma Kinney,Entreprise,États-Unis,Long Beach,New York,USCA - Est,OFF-LA-10004425,Fournitures de bureau,Étiquettes,Staple-on labels,8.67,3,0,4.07
4778,US-2017-101630,2/19/2017,2/23/2017,J+2,CK-12760,Cyma Kinney,Entreprise,États-Unis,Long Beach,New York,USCA - Est,OFF-SU-10001664,Fournitures de bureau,Fournitures,Acme Office Executive Series Stainless Steel Trimmers,25.71,3,0,6.68
4797,US-2017-148901,5/14/2017,5/19/2017,Tarif normal,MK-17905,Michael Kennedy,Entreprise,États-Unis,Jacksonville,Floride,USCA - Sud,OFF-BI-10001718,Fournitures de bureau,Classeurs,GBC DocuBind P50 Personal Binding Machine,57.58,3,0.7,-44.15
4798,US-2017-148901,5/14/2017,5/19/2017,Tarif normal,MK-17905,Michael Kennedy,Entreprise,États-Unis,Jacksonville,Floride,USCA - Sud,OFF-PA-10004983,Fournitures de bureau,Papier,Xerox 23,31.1,6,0.2,10.89
4799,US-2017-148901,5/14/2017,5/19/2017,Tarif normal,MK-17905,Michael Kennedy,Entreprise,États-Unis,Jacksonville,Floride,USCA - Sud,FUR-FU-10002396,Mobilier,Meubles,"DAX Copper Panel Document Frame, 5 x 7 Size",30.19,3,0.2,8.3
4800,US-2017-148901,5/14/2017,5/19/2017,Tarif normal,MK-17905,Michael Kennedy,Entreprise,États-Unis,Jacksonville,Floride,USCA - Sud,TEC-PH-10003988,Produits technologiques,Téléphones,"LF Elite 3D Dazzle Designer Hard Case Cover, Lf Stylus Pen and Wiper For Apple Iphone 5c Mini Lite",43.6,5,0.2,4.36
4801,US-2017-148901,5/14/2017,5/19/2017,Tarif normal,MK-17905,Michael Kennedy,Entreprise,États-Unis,Jacksonville,Floride,USCA - Sud,OFF-AR-10002467,Fournitures de bureau,Art,Dixon Ticonderoga Pencils,4.77,2,0.2,0.42
4802,US-2017-148901,5/14/2017,5/19/2017,Tarif normal,MK-17905,Michael Kennedy,Entreprise,États-Unis,Jacksonville,Floride,USCA - Sud,OFF-BI-10004002,Fournitures de bureau,Classeurs,Wilson Jones International Size A4 Ring Binders,10.38,2,0.7,-7.61
4803,US-2017-148901,5/14/2017,5/19/2017,Tarif normal,MK-17905,Michael Kennedy,Entreprise,États-Unis,Jacksonville,Floride,USCA - Sud,OFF-BI-10002309,Fournitures de bureau,Classeurs,Avery Heavy-Duty EZD  Binder With Locking Rings,13.39,8,0.7,-9.82
4812,US-2017-121370,11/14/2017,11/19/2017,J+2,EB-14110,Eugene Barchas,Grand public,États-Unis,Philadelphia,Pennsylvanie,USCA - Est,FUR-CH-10000785,Mobilier,Chaises,Global Ergonomic Managers Chair,380.06,3,0.3,-21.72
4813,US-2017-121370,11/14/2017,11/19/2017,J+2,EB-14110,Eugene Barchas,Grand public,États-Unis,Philadelphia,Pennsylvanie,USCA - Est,TEC-CO-10004115,Produits technologiques,Photocopieurs,Sharp AL-1530CS Digital Copier,1199.98,4,0.4,180
4814,US-2017-121370,11/14/2017,11/19/2017,J+2,EB-14110,Eugene Barchas,Grand public,États-Unis,Philadelphia,Pennsylvanie,USCA - Est,FUR-FU-10002813,Mobilier,Meubles,"DAX Contemporary Wood Frame with Silver Metal Mat, Desktop, 11 x 14 Size",48.58,3,0.2,9.72
4815,US-2017-111696,5/8/2017,5/10/2017,Prioritaire,TB-21625,Trudy Brown,Grand public,États-Unis,Los Angeles,Californie,USCA - Ouest,OFF-PA-10002751,Fournitures de bureau,Papier,Xerox 1920,17.94,3,0,8.07
4823,US-2017-134222,7/10/2017,7/11/2017,Le même jour,NZ-18565,Nick Zandusky,Bureau à domicile,États-Unis,Yuma,Arizona,USCA - Ouest,OFF-BI-10001658,Fournitures de bureau,Classeurs,GBC Standard Therm-A-Bind Covers,44.86,6,0.7,-35.88
4824,US-2017-140018,11/21/2017,11/26/2017,Tarif normal,CK-12205,Chloris Kastensmidt,Grand public,États-Unis,Columbus,Ohio,USCA - Est,TEC-MA-10000752,Produits technologiques,Machines,Texas Instrument TI-15 Fraction Calculator,30.35,7,0.7,-24.28
4825,US-2017-140018,11/21/2017,11/26/2017,Tarif normal,CK-12205,Chloris Kastensmidt,Grand public,États-Unis,Columbus,Ohio,USCA - Est,FUR-CH-10003817,Mobilier,Chaises,"Global Value Steno Chair, Gray",127.55,3,0.3,-9.11
4826,US-2017-140018,11/21/2017,11/26/2017,Tarif normal,CK-12205,Chloris Kastensmidt,Grand public,États-Unis,Columbus,Ohio,USCA - Est,FUR-FU-10001876,Mobilier,Meubles,"Computer Room Manger, 14""",77.95,3,0.2,15.59
4830,US-2017-152408,5/15/2017,5/21/2017,Tarif normal,TT-21220,Thomas Thornton,Grand public,États-Unis,New York City,New York,USCA - Est,OFF-BI-10002393,Fournitures de bureau,Classeurs,Binder Posts,13.78,3,0.2,4.48
4842,US-2017-136049,12/23/2017,12/28/2017,Tarif normal,NM-18520,Neoma Murray,Grand public,États-Unis,Bowling Green,Ohio,USCA - Est,OFF-BI-10001267,Fournitures de bureau,Classeurs,"Universal Recycled Hanging Pressboard Report Binders, Letter Size",5.55,3,0.7,-4.07
4844,US-2017-139388,11/7/2017,11/9/2017,Prioritaire,CC-12475,Cindy Chapman,Grand public,États-Unis,Lakewood,New Jersey,USCA - Est,OFF-FA-10004968,Fournitures de bureau,Éléments de fixation,Rubber Band Ball,14.96,4,0,0.3
4861,US-2017-101546,12/18/2017,12/24/2017,Tarif normal,GK-14620,Grace Kelly,Entreprise,États-Unis,Morristown,New Jersey,USCA - Est,OFF-BI-10001359,Fournitures de bureau,Classeurs,GBC DocuBind TL300 Electric Binding System,1793.98,2,0,843.17
4863,US-2017-125164,11/10/2017,11/14/2017,Tarif normal,SH-19975,Sally Hughsby,Entreprise,États-Unis,New York City,New York,USCA - Est,OFF-BI-10001191,Fournitures de bureau,Classeurs,Canvas Sectional Post Binders,20.37,1,0.2,7.38
4864,US-2017-125164,11/10/2017,11/14/2017,Tarif normal,SH-19975,Sally Hughsby,Entreprise,États-Unis,New York City,New York,USCA - Est,OFF-BI-10003982,Fournitures de bureau,Classeurs,Wilson Jones Century Plastic Molded Ring Binders,49.85,3,0.2,16.82
4879,US-2017-131891,7/29/2017,8/1/2017,Prioritaire,PW-19240,Pierre Wener,Grand public,États-Unis,Pensacola,Floride,USCA - Sud,OFF-BI-10000201,Fournitures de bureau,Classeurs,"Avery Triangle Shaped Sheet Lifters, Black, 2/Pack",2.21,3,0.7,-1.48
4887,US-2017-163167,11/28/2017,12/1/2017,J+2,RF-19345,Randy Ferguson,Entreprise,États-Unis,Marietta,Géorgie,USCA - Sud,FUR-CH-10004477,Mobilier,Chaises,"Global Push Button Manager's Chair, Indigo",182.67,3,0,52.97
4888,US-2017-163167,11/28/2017,12/1/2017,J+2,RF-19345,Randy Ferguson,Entreprise,États-Unis,Marietta,Géorgie,USCA - Sud,TEC-AC-10003441,Produits technologiques,Accessoires,Kingston Digital DataTraveler 32GB USB 2.0,101.7,6,0,6.1
4889,US-2017-163167,11/28/2017,12/1/2017,J+2,RF-19345,Randy Ferguson,Entreprise,États-Unis,Marietta,Géorgie,USCA - Sud,OFF-ST-10004459,Fournitures de bureau,Stockage,Tennsco Single-Tier Lockers,1126.02,3,0,56.3
4890,US-2017-163167,11/28/2017,12/1/2017,J+2,RF-19345,Randy Ferguson,Entreprise,États-Unis,Marietta,Géorgie,USCA - Sud,OFF-ST-10003805,Fournitures de bureau,Stockage,"24 Capacity Maxi Data Binder Racks, Pearl",1263.3,6,0,315.83
4891,US-2017-135776,12/23/2017,12/26/2017,Tarif normal,EH-13765,Edward Hooks,Entreprise,États-Unis,Seattle,Washington,USCA - Ouest,OFF-AR-10001246,Fournitures de bureau,Art,Newell 317,8.82,3,0,2.56
4892,US-2017-135776,12/23/2017,12/26/2017,Tarif normal,EH-13765,Edward Hooks,Entreprise,États-Unis,Seattle,Washington,USCA - Ouest,OFF-PA-10001295,Fournitures de bureau,Papier,Computer Printout Paper with Letter-Trim Perforations,37.94,2,0,18.21
4893,US-2017-135776,12/23/2017,12/26/2017,Tarif normal,EH-13765,Edward Hooks,Entreprise,États-Unis,Seattle,Washington,USCA - Ouest,OFF-AR-10001231,Fournitures de bureau,Art,"Sanford EarthWrite Recycled Pencils, Medium Soft, #2",4.2,2,0,1.18
4894,US-2017-135776,12/23/2017,12/26/2017,Tarif normal,EH-13765,Edward Hooks,Entreprise,États-Unis,Seattle,Washington,USCA - Ouest,OFF-ST-10002743,Fournitures de bureau,Stockage,SAFCO Boltless Steel Shelving,227.28,2,0,2.27
4895,US-2017-135776,12/23/2017,12/26/2017,Tarif normal,EH-13765,Edward Hooks,Entreprise,États-Unis,Seattle,Washington,USCA - Ouest,OFF-PA-10004327,Fournitures de bureau,Papier,Xerox 1911,47.9,1,0,22.99
4896,US-2017-135776,12/23/2017,12/26/2017,Tarif normal,EH-13765,Edward Hooks,Entreprise,États-Unis,Seattle,Washington,USCA - Ouest,OFF-EN-10004773,Fournitures de bureau,Enveloppes,Staple envelope,61.96,2,0,30.36
4897,US-2017-135776,12/23/2017,12/26/2017,Tarif normal,EH-13765,Edward Hooks,Entreprise,États-Unis,Seattle,Washington,USCA - Ouest,OFF-ST-10003470,Fournitures de bureau,Stockage,"Tennsco Snap-Together Open Shelving Units, Starter Sets and Add-On Units",1117.92,4,0,55.9
4900,US-2017-130484,8/22/2017,8/27/2017,Tarif normal,SG-20470,Sheri Gordon,Grand public,États-Unis,Gresham,Oregon,USCA - Ouest,OFF-BI-10000088,Fournitures de bureau,Classeurs,GBC Imprintable Covers,26.35,8,0.7,-18.45
4919,US-2017-160304,1/2/2017,1/7/2017,Tarif normal,BM-11575,Brendan Murry,Entreprise,États-Unis,Gaithersburg,Maryland,USCA - Est,FUR-BO-10004709,Mobilier,Bibliothèques,"Bush Westfield Collection Bookcases, Medium Cherry Finish",173.94,3,0,38.27
4920,US-2017-160304,1/2/2017,1/7/2017,Tarif normal,BM-11575,Brendan Murry,Entreprise,États-Unis,Gaithersburg,Maryland,USCA - Est,TEC-PH-10000455,Produits technologiques,Téléphones,GE 30522EE2,231.98,2,0,67.27
4945,US-2017-151372,9/5/2017,9/6/2017,Prioritaire,JH-15985,Joseph Holt,Grand public,États-Unis,Redondo Beach,Californie,USCA - Ouest,OFF-PA-10004381,Fournitures de bureau,Papier,14-7/8 x 11 Blue Bar Computer Printout Paper,96.08,2,0,46.12
4946,US-2017-151372,9/5/2017,9/6/2017,Prioritaire,JH-15985,Joseph Holt,Grand public,États-Unis,Redondo Beach,Californie,USCA - Ouest,OFF-BI-10000050,Fournitures de bureau,Classeurs,"Angle-D Binders with Locking Rings, Label Holders",11.68,2,0.2,3.94
4947,US-2017-151372,9/5/2017,9/6/2017,Prioritaire,JH-15985,Joseph Holt,Grand public,États-Unis,Redondo Beach,Californie,USCA - Ouest,OFF-FA-10000304,Fournitures de bureau,Éléments de fixation,Advantus Push Pins,4.36,2,0,1.79
4951,US-2017-125815,10/28/2017,11/1/2017,J+2,DL-13330,Denise Leinenbach,Grand public,États-Unis,New York City,New York,USCA - Est,OFF-AR-10004441,Fournitures de bureau,Art,BIC Brite Liner Highlighters,12.42,3,0,5.22
4960,US-2017-166226,11/18/2017,11/22/2017,Tarif normal,TC-21535,Tracy Collins,Bureau à domicile,États-Unis,Los Angeles,Californie,USCA - Ouest,TEC-PH-10003357,Produits technologiques,Téléphones,Grandstream GXP2100 Mainstream Business Phone,61.19,1,0.2,6.12
4961,US-2017-166226,11/18/2017,11/22/2017,Tarif normal,TC-21535,Tracy Collins,Bureau à domicile,États-Unis,Los Angeles,Californie,USCA - Ouest,OFF-AP-10002867,Fournitures de bureau,Électroménager,Fellowes Command Center 5-outlet power strip,67.84,1,0,18.32
4965,US-2017-141180,5/15/2017,5/19/2017,J+2,DP-13000,Darren Powers,Grand public,États-Unis,Fort Lauderdale,Floride,USCA - Sud,OFF-BI-10000301,Fournitures de bureau,Classeurs,GBC Instant Report Kit,7.76,4,0.7,-5.18
4971,US-2017-153815,11/6/2017,11/9/2017,Prioritaire,KL-16555,Kelly Lampkin,Entreprise,États-Unis,Jacksonville,Floride,USCA - Sud,FUR-CH-10000513,Mobilier,Chaises,High-Back Leather Manager's Chair,207.98,2,0.2,-28.6
4972,US-2017-153815,11/6/2017,11/9/2017,Prioritaire,KL-16555,Kelly Lampkin,Entreprise,États-Unis,Jacksonville,Floride,USCA - Sud,OFF-PA-10002421,Fournitures de bureau,Papier,Embossed Ink Jet Note Cards,36.11,2,0.2,12.64
4973,US-2017-153815,11/6/2017,11/9/2017,Prioritaire,KL-16555,Kelly Lampkin,Entreprise,États-Unis,Jacksonville,Floride,USCA - Sud,FUR-FU-10004090,Mobilier,Meubles,"Executive Impressions 14"" Contract Wall Clock",35.57,2,0.2,5.78
4974,US-2017-153815,11/6/2017,11/9/2017,Prioritaire,KL-16555,Kelly Lampkin,Entreprise,États-Unis,Jacksonville,Floride,USCA - Sud,OFF-PA-10004071,Fournitures de bureau,Papier,"Eaton Premium Continuous-Feed Paper, 25% Cotton, Letter Size, White, 1000 Shts/Box",88.77,2,0.2,31.07
4975,US-2017-164896,11/7/2017,11/12/2017,Tarif normal,PS-19045,Penelope Sewall,Bureau à domicile,États-Unis,Oceanside,Californie,USCA - Ouest,OFF-PA-10002246,Fournitures de bureau,Papier,"Wirebound Four 2-3/4 x 5 Forms per Page, 400 Sets per Book",12.9,2,0,6.32
4980,US-2017-131114,12/9/2017,12/13/2017,J+2,RW-19630,Rob Williams,Entreprise,États-Unis,Chicago,Illinois,USCA - Centre,OFF-SU-10001664,Fournitures de bureau,Fournitures,Acme Office Executive Series Stainless Steel Trimmers,20.57,3,0.2,1.54
4981,US-2017-131114,12/9/2017,12/13/2017,J+2,RW-19630,Rob Williams,Entreprise,États-Unis,Chicago,Illinois,USCA - Centre,OFF-AP-10003971,Fournitures de bureau,Électroménager,Belkin 6 Outlet Metallic Surge Strip,4.36,2,0.8,-11.76
4982,US-2017-131114,12/9/2017,12/13/2017,J+2,RW-19630,Rob Williams,Entreprise,États-Unis,Chicago,Illinois,USCA - Centre,TEC-AC-10000199,Produits technologiques,Accessoires,Kingston Digital DataTraveler 8GB USB 2.0,19.04,4,0.2,-1.43
4984,US-2017-109925,11/6/2017,11/10/2017,J+2,IM-15070,Irene Maddox,Grand public,États-Unis,San Diego,Californie,USCA - Ouest,OFF-ST-10003442,Fournitures de bureau,Stockage,Eldon Portable Mobile Manager,84.84,3,0,22.91
4987,US-2017-149279,4/24/2017,4/28/2017,Tarif normal,CL-12700,Craig Leslie,Bureau à domicile,États-Unis,Colorado Springs,Colorado,USCA - Ouest,OFF-PA-10003441,Fournitures de bureau,Papier,Xerox 226,15.55,3,0.2,5.44
4988,US-2017-149279,4/24/2017,4/28/2017,Tarif normal,CL-12700,Craig Leslie,Bureau à domicile,États-Unis,Colorado Springs,Colorado,USCA - Ouest,FUR-CH-10004287,Mobilier,Chaises,SAFCO Arco Folding Chair,1325.76,6,0.2,149.15
4989,US-2017-149279,4/24/2017,4/28/2017,Tarif normal,CL-12700,Craig Leslie,Bureau à domicile,États-Unis,Colorado Springs,Colorado,USCA - Ouest,OFF-BI-10004040,Fournitures de bureau,Classeurs,Wilson Jones Impact Binders,3.11,2,0.7,-2.18
4999,US-2017-129238,2/2/2017,2/4/2017,Tarif normal,SC-20050,Sample Company A,Bureau à domicile,États-Unis,Los Angeles,Californie,USCA - Ouest,TEC-PH-10004120,Produits technologiques,Téléphones,AT&T 1080 Phone,109.59,1,0.2,8.22
5000,US-2017-129238,2/2/2017,2/4/2017,Tarif normal,SC-20050,Sample Company A,Bureau à domicile,États-Unis,Los Angeles,Californie,USCA - Ouest,OFF-PA-10002764,Fournitures de bureau,Papier,Easy-staple paper,56.7,5,0,27.78
5002,US-2017-136126,5/24/2017,5/24/2017,Le même jour,EH-14125,Eugene Hildebrand,Bureau à domicile,États-Unis,Newport News,Virginie,USCA - Sud,OFF-SU-10000898,Fournitures de bureau,Fournitures,"Acme Hot Forged Carbon Steel Scissors with Nickel-Plated Handles, 3 7/8"" Cut, 8""L",69.5,5,0,20.16
5003,US-2017-136126,5/24/2017,5/24/2017,Le même jour,EH-14125,Eugene Hildebrand,Bureau à domicile,États-Unis,Newport News,Virginie,USCA - Sud,OFF-PA-10004327,Fournitures de bureau,Papier,Xerox 1911,191.6,4,0,91.97
5004,US-2017-155033,10/7/2017,10/12/2017,Tarif normal,CC-12475,Cindy Chapman,Grand public,États-Unis,Los Angeles,Californie,USCA - Ouest,OFF-PA-10000143,Fournitures de bureau,Papier,Astroparche Fine Business Paper,10.56,2,0,5.07
5022,US-2017-133795,12/18/2017,12/24/2017,Tarif normal,JE-15475,Jeremy Ellison,Grand public,États-Unis,San Diego,Californie,USCA - Ouest,TEC-AC-10001465,Produits technologiques,Accessoires,SanDisk Cruzer 64 GB USB Flash Drive,72.64,2,0,21.79
5023,US-2017-133795,12/18/2017,12/24/2017,Tarif normal,JE-15475,Jeremy Ellison,Grand public,États-Unis,San Diego,Californie,USCA - Ouest,TEC-AC-10003832,Produits technologiques,Accessoires,Logitech P710e Mobile Speakerphone,772.47,3,0,146.77
5024,US-2017-133795,12/18/2017,12/24/2017,Tarif normal,JE-15475,Jeremy Ellison,Grand public,États-Unis,San Diego,Californie,USCA - Ouest,FUR-FU-10003731,Mobilier,Meubles,"Eldon Expressions Wood and Plastic Desk Accessories, Oak",39.92,4,0,11.18
5033,US-2017-155166,12/26/2017,12/29/2017,Tarif normal,BB-11545,Brenda Bowman,Entreprise,États-Unis,Vineland,New Jersey,USCA - Est,FUR-CH-10003968,Mobilier,Chaises,Novimex Turbo Task Chair,212.94,3,0,25.55
5034,US-2017-155166,12/26/2017,12/29/2017,Tarif normal,BB-11545,Brenda Bowman,Entreprise,États-Unis,Vineland,New Jersey,USCA - Est,OFF-AP-10002765,Fournitures de bureau,Électroménager,Fellowes Advanced Computer Series Surge Protectors,26.49,1,0,7.42
5042,US-2017-158694,11/10/2017,11/13/2017,J+2,AI-10855,Arianne Irving,Grand public,États-Unis,Los Angeles,Californie,USCA - Ouest,OFF-PA-10002421,Fournitures de bureau,Papier,Embossed Ink Jet Note Cards,67.71,3,0,32.5
5043,US-2017-158694,11/10/2017,11/13/2017,J+2,AI-10855,Arianne Irving,Grand public,États-Unis,Los Angeles,Californie,USCA - Ouest,OFF-AP-10000055,Fournitures de bureau,Électroménager,Belkin F9S820V06 8 Outlet Surge,129.92,4,0,38.98
5044,US-2017-158694,11/10/2017,11/13/2017,J+2,AI-10855,Arianne Irving,Grand public,États-Unis,Los Angeles,Californie,USCA - Ouest,FUR-FU-10000965,Mobilier,Meubles,"Howard Miller 11-1/2"" Diameter Ridgewood Wall Clock",467.46,9,0,191.66
5045,US-2017-158694,11/10/2017,11/13/2017,J+2,AI-10855,Arianne Irving,Grand public,États-Unis,Los Angeles,Californie,USCA - Ouest,OFF-PA-10001363,Fournitures de bureau,Papier,Xerox 1933,61.4,5,0,28.86
5046,US-2017-158694,11/10/2017,11/13/2017,J+2,AI-10855,Arianne Irving,Grand public,États-Unis,Los Angeles,Californie,USCA - Ouest,OFF-ST-10001496,Fournitures de bureau,Stockage,Standard Rollaway File with Lock,720.76,4,0,187.4
5047,US-2017-158694,11/10/2017,11/13/2017,J+2,AI-10855,Arianne Irving,Grand public,États-Unis,Los Angeles,Californie,USCA - Ouest,OFF-BI-10004656,Fournitures de bureau,Classeurs,Peel & Stick Add-On Corner Pockets,5.18,3,0.2,1.81
5048,US-2017-158694,11/10/2017,11/13/2017,J+2,AI-10855,Arianne Irving,Grand public,États-Unis,Los Angeles,Californie,USCA - Ouest,OFF-AR-10001227,Fournitures de bureau,Art,Newell 338,14.7,5,0,3.97
5059,US-2017-120796,4/3/2017,4/7/2017,Tarif normal,CS-11950,Carlos Soltero,Grand public,États-Unis,Philadelphia,Pennsylvanie,USCA - Est,OFF-BI-10004330,Fournitures de bureau,Classeurs,"GBC Velobind Prepunched Cover Sets, Regency Series",99.85,9,0.7,-83.21
5060,US-2017-109722,12/5/2017,12/7/2017,J+2,TP-21130,Theone Pippenger,Grand public,États-Unis,Georgetown,Kentucky,USCA - Sud,TEC-PH-10000560,Produits technologiques,Téléphones,Samsung Galaxy S III - 16GB - pebble blue (T-Mobile),699.98,2,0,195.99
5061,US-2017-109722,12/5/2017,12/7/2017,J+2,TP-21130,Theone Pippenger,Grand public,États-Unis,Georgetown,Kentucky,USCA - Sud,OFF-ST-10000060,Fournitures de bureau,Stockage,Fellowes Bankers Box Staxonsteel Drawer File/Stacking System,584.82,9,0,70.18
5083,US-2017-155138,9/8/2017,9/12/2017,Tarif normal,JM-15580,Jill Matthias,Grand public,États-Unis,Monroe,Caroline du Nord,USCA - Sud,TEC-AC-10004209,Produits technologiques,Accessoires,Memorex Froggy Flash Drive 4 GB,35.17,4,0.2,8.35
5084,US-2017-155138,9/8/2017,9/12/2017,Tarif normal,JM-15580,Jill Matthias,Grand public,États-Unis,Monroe,Caroline du Nord,USCA - Sud,OFF-PA-10000501,Fournitures de bureau,Papier,Petty Cash Envelope,64.7,3,0.2,23.46
5085,US-2017-108350,6/6/2017,6/9/2017,J+2,SC-20230,Scot Coram,Entreprise,États-Unis,Lowell,Massachusetts,USCA - Est,OFF-PA-10003656,Fournitures de bureau,Papier,Xerox 1935,105.52,4,0,48.54
5114,US-2017-147970,1/31/2017,2/2/2017,J+2,AB-10150,Aimee Bixby,Grand public,États-Unis,Dallas,Texas,USCA - Centre,OFF-PA-10003936,Fournitures de bureau,Papier,Xerox 1994,15.55,3,0.2,5.44
5115,US-2017-150658,11/17/2017,11/22/2017,Tarif normal,MS-17365,Maribeth Schnelling,Grand public,États-Unis,Carlsbad,Nouveau-Mexique,USCA - Ouest,OFF-BI-10004140,Fournitures de bureau,Classeurs,Avery Non-Stick Binders,10.78,3,0.2,3.37
5136,US-2017-151323,10/23/2017,10/28/2017,Tarif normal,AB-10255,Alejandro Ballentine,Bureau à domicile,États-Unis,Seattle,Washington,USCA - Ouest,OFF-FA-10002983,Fournitures de bureau,Éléments de fixation,Advantus SlideClip Paper Clips,17.05,5,0,8.18
5138,US-2017-128972,11/13/2017,11/17/2017,Tarif normal,TS-21430,Tom Stivers,Entreprise,États-Unis,Oklahoma City,Oklahoma,USCA - Centre,FUR-FU-10003096,Mobilier,Meubles,"Master Giant Foot Doorstop, Safety Yellow",30.36,4,0,13.05
5142,US-2017-111213,4/1/2017,4/5/2017,Tarif normal,FP-14320,Frank Preis,Grand public,États-Unis,New York City,New York,USCA - Est,FUR-CH-10000454,Mobilier,Chaises,"Hon Deluxe Fabric Upholstered Stacking Chairs, Rounded Back",1317.49,6,0.1,292.78
5143,US-2017-111213,4/1/2017,4/5/2017,Tarif normal,FP-14320,Frank Preis,Grand public,États-Unis,New York City,New York,USCA - Est,OFF-SU-10000946,Fournitures de bureau,Fournitures,Staple remover,63.84,8,0,18.51
5144,US-2017-111213,4/1/2017,4/5/2017,Tarif normal,FP-14320,Frank Preis,Grand public,États-Unis,New York City,New York,USCA - Est,OFF-BI-10004140,Fournitures de bureau,Classeurs,Avery Non-Stick Binders,3.59,1,0.2,1.12
5163,US-2017-115378,11/18/2017,11/23/2017,J+2,AJ-10945,Ashley Jarboe,Grand public,États-Unis,Taylor,Michigan,USCA - Centre,FUR-CH-10000863,Mobilier,Chaises,Novimex Swivel Fabric Task Chair,301.96,2,0,33.22
5171,US-2017-122903,5/27/2017,5/29/2017,J+2,LA-16780,Laura Armstrong,Entreprise,États-Unis,Detroit,Michigan,USCA - Centre,FUR-CH-10002024,Mobilier,Chaises,HON 5400 Series Task Chairs for Big and Tall,3504.9,5,0,700.98
5172,US-2017-122903,5/27/2017,5/29/2017,J+2,LA-16780,Laura Armstrong,Entreprise,États-Unis,Detroit,Michigan,USCA - Centre,OFF-PA-10001790,Fournitures de bureau,Papier,Xerox 1910,144.12,3,0,69.18
5173,US-2017-122903,5/27/2017,5/29/2017,J+2,LA-16780,Laura Armstrong,Entreprise,États-Unis,Detroit,Michigan,USCA - Centre,OFF-PA-10000994,Fournitures de bureau,Papier,Xerox 1915,314.55,3,0,150.98
5177,US-2017-148908,11/5/2017,11/8/2017,Prioritaire,JH-15985,Joseph Holt,Grand public,États-Unis,San Francisco,Californie,USCA - Ouest,OFF-BI-10002082,Fournitures de bureau,Classeurs,GBC Twin Loop Wire Binding Elements,53.25,2,0.2,19.97
5178,US-2017-123015,12/26/2017,12/29/2017,Tarif normal,AJ-10795,Anthony Johnson,Entreprise,États-Unis,New York City,New York,USCA - Est,OFF-BI-10004967,Fournitures de bureau,Classeurs,Round Ring Binders,4.99,3,0.2,1.68
5199,US-2017-103982,3/3/2017,3/8/2017,Tarif normal,AA-10315,Alex Avila,Grand public,États-Unis,Round Rock,Texas,USCA - Centre,OFF-SU-10000151,Fournitures de bureau,Fournitures,High Speed Automatic Electric Letter Opener,3930.07,3,0.2,-786.01
5200,US-2017-103982,3/3/2017,3/8/2017,Tarif normal,AA-10315,Alex Avila,Grand public,États-Unis,Round Rock,Texas,USCA - Centre,OFF-FA-10001332,Fournitures de bureau,Éléments de fixation,"Acco Banker's Clasps, 5 3/4""-Long",2.3,1,0.2,0.78
5201,US-2017-103982,3/3/2017,3/8/2017,Tarif normal,AA-10315,Alex Avila,Grand public,États-Unis,Round Rock,Texas,USCA - Centre,TEC-PH-10000895,Produits technologiques,Téléphones,Polycom VVX 310 VoIP phone,431.98,3,0.2,32.4
5202,US-2017-103982,3/3/2017,3/8/2017,Tarif normal,AA-10315,Alex Avila,Grand public,États-Unis,Round Rock,Texas,USCA - Centre,TEC-AC-10002857,Produits technologiques,Accessoires,"Verbatim 25 GB 6x Blu-ray Single Layer Recordable Disc, 1/Pack",41.72,7,0.2,5.74
5213,US-2017-145898,9/26/2017,9/26/2017,Le même jour,CM-12445,Chuck Magee,Grand public,États-Unis,Redlands,Californie,USCA - Ouest,OFF-ST-10004507,Fournitures de bureau,Stockage,Advantus Rolling Storage Box,51.45,3,0,13.89
5214,US-2017-145898,9/26/2017,9/26/2017,Le même jour,CM-12445,Chuck Magee,Grand public,États-Unis,Redlands,Californie,USCA - Ouest,OFF-LA-10000262,Fournitures de bureau,Étiquettes,Avery 494,7.83,3,0,3.6
5215,US-2017-145898,9/26/2017,9/26/2017,Le même jour,CM-12445,Chuck Magee,Grand public,États-Unis,Redlands,Californie,USCA - Ouest,OFF-AR-10002445,Fournitures de bureau,Art,SANFORD Major Accent Highlighters,35.4,5,0,13.45
5216,US-2017-145898,9/26/2017,9/26/2017,Le même jour,CM-12445,Chuck Magee,Grand public,États-Unis,Redlands,Californie,USCA - Ouest,OFF-PA-10001667,Fournitures de bureau,Papier,Great White Multi-Use Recycled Paper (20Lb. and 84 Bright),29.9,5,0,13.46
5226,US-2017-119865,6/21/2017,6/26/2017,Tarif normal,AS-10090,Adam Shillingsburg,Grand public,États-Unis,New York City,New York,USCA - Est,OFF-BI-10001553,Fournitures de bureau,Classeurs,SpineVue Locking Slant-D Ring Binders by Cardinal,36.56,5,0.2,12.8
5227,US-2017-119865,6/21/2017,6/26/2017,Tarif normal,AS-10090,Adam Shillingsburg,Grand public,États-Unis,New York City,New York,USCA - Est,OFF-BI-10003007,Fournitures de bureau,Classeurs,"Premium Transparent Presentation Covers, No Pattern/Clear, 8 1/2"" x 11""",186.14,6,0.2,60.5
5228,US-2017-119865,6/21/2017,6/26/2017,Tarif normal,AS-10090,Adam Shillingsburg,Grand public,États-Unis,New York City,New York,USCA - Est,FUR-BO-10003272,Mobilier,Bibliothèques,O'Sullivan Living Dimensions 5-Shelf Bookcases,353.57,2,0.2,-44.2
5236,US-2017-111143,11/19/2017,11/22/2017,Prioritaire,TT-21265,Tim Taslimi,Entreprise,États-Unis,Indianapolis,Indiana,USCA - Centre,OFF-AP-10001947,Fournitures de bureau,Électroménager,Acco 6 Outlet Guardian Premium Plus Surge Suppressor,54.96,3,0,15.94
5240,US-2017-116561,9/11/2017,9/17/2017,Tarif normal,EB-14110,Eugene Barchas,Grand public,États-Unis,San Jose,Californie,USCA - Ouest,OFF-ST-10004186,Fournitures de bureau,Stockage,"Stur-D-Stor Shelving, Vertical 5-Shelf: 72""H x 36""W x 18 1/2""D",332.94,3,0,6.66
5241,US-2017-116561,9/11/2017,9/17/2017,Tarif normal,EB-14110,Eugene Barchas,Grand public,États-Unis,San Jose,Californie,USCA - Ouest,OFF-BI-10001658,Fournitures de bureau,Classeurs,GBC Standard Therm-A-Bind Covers,39.87,2,0.2,12.96
5242,US-2017-110730,9/23/2017,9/26/2017,J+2,CM-11815,Candace McMahon,Entreprise,États-Unis,Seattle,Washington,USCA - Ouest,OFF-SU-10004737,Fournitures de bureau,Fournitures,Acme Design Stainless Steel Bent Scissors,13.68,2,0,3.69
5244,US-2017-149454,7/25/2017,7/26/2017,Prioritaire,KM-16375,Katherine Murray,Bureau à domicile,États-Unis,Arlington,Virginie,USCA - Sud,OFF-BI-10003694,Fournitures de bureau,Classeurs,"Avery 3 1/2"" Diskette Storage Pages, 10/Pack",10.44,1,0,4.8
5245,US-2017-156265,8/2/2017,8/4/2017,J+2,BF-11020,Barry Französisch,Entreprise,États-Unis,Los Angeles,Californie,USCA - Ouest,FUR-TA-10001691,Mobilier,Tables,"Barricks Non-Folding Utility Table with Steel Legs, Laminate Tops",136.46,2,0.2,15.35
5246,US-2017-156265,8/2/2017,8/4/2017,J+2,BF-11020,Barry Französisch,Entreprise,États-Unis,Los Angeles,Californie,USCA - Ouest,TEC-PH-10001918,Produits technologiques,Téléphones,Nortel Business Series Terminal T7208 Digital phone,333.58,3,0.2,33.36
5247,US-2017-156265,8/2/2017,8/4/2017,J+2,BF-11020,Barry Französisch,Entreprise,États-Unis,Los Angeles,Californie,USCA - Ouest,OFF-BI-10000285,Fournitures de bureau,Classeurs,XtraLife ClearVue Slant-D Ring Binders by Cardinal,12.54,2,0.2,4.7
5251,US-2017-169369,12/12/2017,12/18/2017,Tarif normal,EC-14050,Erin Creighton,Grand public,États-Unis,Columbus,Géorgie,USCA - Sud,TEC-AC-10001314,Produits technologiques,Accessoires,Case Logic 2.4GHz Wireless Keyboard,249.95,5,0,20
5252,US-2017-169369,12/12/2017,12/18/2017,Tarif normal,EC-14050,Erin Creighton,Grand public,États-Unis,Columbus,Géorgie,USCA - Sud,OFF-PA-10004438,Fournitures de bureau,Papier,Xerox 1907,49.12,4,0,23.09
5257,US-2017-130078,8/8/2017,8/14/2017,Tarif normal,CC-12145,Charles Crestani,Grand public,États-Unis,Oklahoma City,Oklahoma,USCA - Centre,OFF-PA-10003270,Fournitures de bureau,Papier,Xerox 1954,10.56,2,0,4.75
5274,US-2017-158309,11/26/2017,11/29/2017,Prioritaire,PA-19060,Pete Armstrong,Bureau à domicile,États-Unis,Miami,Floride,USCA - Sud,OFF-BI-10000145,Fournitures de bureau,Classeurs,Zipper Ring Binder Pockets,3.74,4,0.7,-2.62
5299,US-2017-106656,9/23/2017,9/26/2017,Prioritaire,DV-13045,Darrin Van Huff,Entreprise,États-Unis,San Diego,Californie,USCA - Ouest,OFF-EN-10001509,Fournitures de bureau,Enveloppes,Poly String Tie Envelopes,4.08,2,0,1.92
5300,US-2017-106656,9/23/2017,9/26/2017,Prioritaire,DV-13045,Darrin Van Huff,Entreprise,États-Unis,San Diego,Californie,USCA - Ouest,OFF-LA-10003148,Fournitures de bureau,Étiquettes,Avery 51,18.9,3,0,8.69
5301,US-2017-113831,2/19/2017,2/22/2017,Tarif normal,AH-10690,Anna Häberlin,Entreprise,États-Unis,Springfield,Virginie,USCA - Sud,FUR-TA-10002645,Mobilier,Tables,Hon Rectangular Conference Tables,2275.5,10,0,386.84
5302,US-2017-113831,2/19/2017,2/22/2017,Tarif normal,AH-10690,Anna Häberlin,Entreprise,États-Unis,Springfield,Virginie,USCA - Sud,TEC-AC-10003033,Produits technologiques,Accessoires,Plantronics CS510 - Over-the-Head monaural Wireless Headset System,1979.7,6,0,653.3
5303,US-2017-113831,2/19/2017,2/22/2017,Tarif normal,AH-10690,Anna Häberlin,Entreprise,États-Unis,Springfield,Virginie,USCA - Sud,OFF-LA-10001297,Fournitures de bureau,Étiquettes,Avery 473,62.1,6,0,29.81
5306,US-2017-168410,2/21/2017,2/26/2017,Tarif normal,BV-11245,Benjamin Venier,Entreprise,États-Unis,Oceanside,New York,USCA - Est,FUR-FU-10000629,Mobilier,Meubles,9-3/4 Diameter Round Wall Clock,68.95,5,0,28.96
5307,US-2017-168410,2/21/2017,2/26/2017,Tarif normal,BV-11245,Benjamin Venier,Entreprise,États-Unis,Oceanside,New York,USCA - Est,OFF-ST-10000036,Fournitures de bureau,Stockage,"Recycled Data-Pak for Archival Bound Computer Printouts, 12-1/2 x 12-1/2 x 16",296.37,3,0,80.02
5308,US-2017-168410,2/21/2017,2/26/2017,Tarif normal,BV-11245,Benjamin Venier,Entreprise,États-Unis,Oceanside,New York,USCA - Est,TEC-PH-10002583,Produits technologiques,Téléphones,iOttie HLCRIO102 Car Mount,39.98,2,0,2
5312,US-2017-123414,8/21/2017,8/27/2017,Tarif normal,SU-20665,Stephanie Ulpright,Bureau à domicile,États-Unis,Greenville,Caroline du Nord,USCA - Sud,OFF-LA-10004559,Fournitures de bureau,Étiquettes,Avery 49,9.22,4,0.2,3.34
5313,US-2017-123414,8/21/2017,8/27/2017,Tarif normal,SU-20665,Stephanie Ulpright,Bureau à domicile,États-Unis,Greenville,Caroline du Nord,USCA - Sud,OFF-SU-10002573,Fournitures de bureau,Fournitures,"Acme 10"" Easy Grip Assistive Scissors",28.05,2,0.2,3.51
5316,US-2017-154060,5/2/2017,5/8/2017,Tarif normal,DL-12865,Dan Lawera,Grand public,États-Unis,Greensboro,Caroline du Nord,USCA - Sud,FUR-CH-10002304,Mobilier,Chaises,"Global Stack Chair without Arms, Black",187.06,9,0.2,11.69
5330,US-2017-111941,12/25/2017,12/28/2017,J+2,BD-11620,Brian DeCherney,Grand public,États-Unis,New York City,New York,USCA - Est,OFF-BI-10001524,Fournitures de bureau,Classeurs,GBC Premium Transparent Covers with Diagonal Lined Pattern,33.57,2,0.2,11.75
5331,US-2017-123120,9/4/2017,9/8/2017,Tarif normal,CV-12295,Christina VanderZanden,Grand public,États-Unis,New York City,New York,USCA - Est,FUR-FU-10004748,Mobilier,Meubles,"Howard Miller 16"" Diameter Gallery Wall Clock",63.94,1,0,24.94
5332,US-2017-123120,9/4/2017,9/8/2017,Tarif normal,CV-12295,Christina VanderZanden,Grand public,États-Unis,New York City,New York,USCA - Est,OFF-BI-10001460,Fournitures de bureau,Classeurs,Plastic Binding Combs,60.6,5,0.2,20.45
5333,US-2017-123120,9/4/2017,9/8/2017,Tarif normal,CV-12295,Christina VanderZanden,Grand public,États-Unis,New York City,New York,USCA - Est,OFF-SU-10002503,Fournitures de bureau,Fournitures,Acme Preferred Stainless Steel Scissors,22.72,4,0,6.59
5352,US-2017-123932,9/6/2017,9/12/2017,Tarif normal,YC-21895,Yoseph Carroll,Entreprise,États-Unis,Dallas,Texas,USCA - Centre,OFF-PA-10004665,Fournitures de bureau,Papier,Advantus Motivational Note Cards,41.92,4,0.2,15.2
5353,US-2017-123932,9/6/2017,9/12/2017,Tarif normal,YC-21895,Yoseph Carroll,Entreprise,États-Unis,Dallas,Texas,USCA - Centre,TEC-PH-10002447,Produits technologiques,Téléphones,AT&T CL83451 4-Handset Telephone,329.58,2,0.2,37.08
5354,US-2017-101616,9/3/2017,9/6/2017,Prioritaire,CY-12745,Craig Yedwab,Entreprise,États-Unis,Monroe,Louisiane,USCA - Sud,OFF-BI-10000014,Fournitures de bureau,Classeurs,Heavy-Duty E-Z-D Binders,87.28,8,0,41.02
5357,US-2017-138037,9/29/2017,10/3/2017,Tarif normal,AR-10540,Andy Reiter,Grand public,États-Unis,San Francisco,Californie,USCA - Ouest,OFF-BI-10002982,Fournitures de bureau,Classeurs,Avery Self-Adhesive Photo Pockets for Polaroid Photos,27.24,5,0.2,9.53
5363,US-2017-122017,12/29/2017,1/1/2018,Tarif normal,CD-11920,Carlos Daly,Grand public,États-Unis,Wichita,Kansas,USCA - Centre,FUR-FU-10000672,Mobilier,Meubles,"Executive Impressions 10"" Spectator Wall Clock",70.56,6,0,23.99
5364,US-2017-122017,12/29/2017,1/1/2018,Tarif normal,CD-11920,Carlos Daly,Grand public,États-Unis,Wichita,Kansas,USCA - Centre,OFF-AP-10001293,Fournitures de bureau,Électroménager,Belkin 8 Outlet Surge Protector,81.96,2,0,22.95
5366,US-2017-107790,11/20/2017,11/24/2017,Tarif normal,EH-13990,Erica Hackney,Grand public,États-Unis,Houston,Texas,USCA - Centre,TEC-PH-10004539,Produits technologiques,Téléphones,Wireless Extenders zBoost YX545 SOHO Signal Booster,151.19,1,0.2,13.23
5380,US-2017-136021,8/14/2017,8/18/2017,Tarif normal,JM-15580,Jill Matthias,Grand public,États-Unis,Los Angeles,Californie,USCA - Ouest,OFF-PA-10000551,Fournitures de bureau,Papier,Array Memo Cubes,15.54,3,0,7.61
5381,US-2017-136021,8/14/2017,8/18/2017,Tarif normal,JM-15580,Jill Matthias,Grand public,États-Unis,Los Angeles,Californie,USCA - Ouest,TEC-MA-10000423,Produits technologiques,Machines,Texas Instruments TI-34 Scientific Calculator,105.55,6,0.2,35.62
5382,US-2017-149195,9/5/2017,9/7/2017,J+2,DM-13525,Don Miller,Entreprise,États-Unis,Houston,Texas,USCA - Centre,OFF-PA-10001870,Fournitures de bureau,Papier,Xerox 202,25.92,5,0.2,9.07
5383,US-2017-149195,9/5/2017,9/7/2017,J+2,DM-13525,Don Miller,Entreprise,États-Unis,Houston,Texas,USCA - Centre,OFF-FA-10001843,Fournitures de bureau,Éléments de fixation,Staples,15.81,8,0.2,5.34
5384,US-2017-149195,9/5/2017,9/7/2017,J+2,DM-13525,Don Miller,Entreprise,États-Unis,Houston,Texas,USCA - Centre,OFF-PA-10002036,Fournitures de bureau,Papier,Xerox 1930,10.37,2,0.2,3.76
5397,US-2017-147340,9/24/2017,9/24/2017,Le même jour,EB-13750,Edward Becker,Entreprise,États-Unis,San Francisco,Californie,USCA - Ouest,FUR-FU-10002501,Mobilier,Meubles,Nu-Dell Executive Frame,63.2,5,0,23.38
5398,US-2017-145492,11/20/2017,11/27/2017,Tarif normal,MC-17605,Matt Connell,Entreprise,États-Unis,Los Angeles,Californie,USCA - Ouest,OFF-AP-10003622,Fournitures de bureau,Électroménager,"Bravo II Megaboss 12-Amp Hard Body Upright, Replacement Belts, 2 Belts per Pack",39,12,0,11.31
5399,US-2017-163202,9/27/2017,10/2/2017,Tarif normal,BM-11650,Brian Moss,Entreprise,États-Unis,Lancaster,Ohio,USCA - Est,OFF-BI-10002764,Fournitures de bureau,Classeurs,Recycled Pressboard Report Cover with Reinforced Top Hinge,2.91,3,0.7,-2.03
5400,US-2017-117681,4/9/2017,4/14/2017,Tarif normal,HF-14995,Herbert Flentye,Grand public,États-Unis,Los Angeles,Californie,USCA - Ouest,FUR-BO-10001798,Mobilier,Bibliothèques,Bush Somerset Collection Bookcase,556.67,5,0.2,6.55
5405,US-2017-143280,2/22/2017,2/26/2017,Tarif normal,TZ-21580,Tracy Zic,Grand public,États-Unis,Los Angeles,Californie,USCA - Ouest,TEC-PH-10002398,Produits technologiques,Téléphones,AT&T 1070 Corded Phone,445.96,5,0.2,55.74
5406,US-2017-143280,2/22/2017,2/26/2017,Tarif normal,TZ-21580,Tracy Zic,Grand public,États-Unis,Los Angeles,Californie,USCA - Ouest,TEC-AC-10003399,Produits technologiques,Accessoires,Memorex Mini Travel Drive 64 GB USB 2.0 Flash Drive,36.24,1,0,15.22
5407,US-2017-143280,2/22/2017,2/26/2017,Tarif normal,TZ-21580,Tracy Zic,Grand public,États-Unis,Los Angeles,Californie,USCA - Ouest,OFF-FA-10000992,Fournitures de bureau,Éléments de fixation,"Acco Clips to Go Binder Clips, 24 Clips in Two Sizes",10.65,3,0,5.01
5414,US-2017-153157,9/11/2017,9/14/2017,Prioritaire,TB-21625,Trudy Brown,Grand public,États-Unis,Wichita,Kansas,USCA - Centre,TEC-PH-10003171,Produits technologiques,Téléphones,Plantronics Encore H101 Dual Earpieces Headset,224.75,5,0,62.93
5421,US-2017-151827,3/31/2017,4/2/2017,J+2,CS-11950,Carlos Soltero,Grand public,États-Unis,Philadelphia,Pennsylvanie,USCA - Est,TEC-PH-10002789,Produits technologiques,Téléphones,LG Exalt,280.78,3,0.4,-60.84
5422,US-2017-151827,3/31/2017,4/2/2017,J+2,CS-11950,Carlos Soltero,Grand public,États-Unis,Philadelphia,Pennsylvanie,USCA - Est,TEC-AC-10003289,Produits technologiques,Accessoires,Anker Ultra-Slim Mini Bluetooth 3.0 Wireless Keyboard,31.98,2,0.2,1.2
5423,US-2017-163258,12/29/2017,1/1/2018,Tarif normal,PF-19225,Phillip Flathmann,Grand public,États-Unis,Los Angeles,Californie,USCA - Ouest,OFF-BI-10000138,Fournitures de bureau,Classeurs,Acco Translucent Poly Ring Binders,11.23,3,0.2,3.93
5426,US-2017-153598,12/3/2017,12/6/2017,Prioritaire,NM-18520,Neoma Murray,Grand public,États-Unis,Los Angeles,Californie,USCA - Ouest,TEC-AC-10003870,Produits technologiques,Accessoires,Logitech Z-906 Speaker sys - home theater - 5.1-CH,1649.95,5,0,659.98
5427,US-2017-153598,12/3/2017,12/6/2017,Prioritaire,NM-18520,Neoma Murray,Grand public,États-Unis,Los Angeles,Californie,USCA - Ouest,FUR-FU-10001085,Mobilier,Meubles,3M Polarizing Light Filter Sleeves,111.9,6,0,51.47
5428,US-2017-108497,6/14/2017,6/14/2017,Le même jour,MH-17290,Marc Harrigan,Bureau à domicile,États-Unis,Los Angeles,Californie,USCA - Ouest,FUR-BO-10004218,Mobilier,Bibliothèques,"Bush Heritage Pine Collection 5-Shelf Bookcase, Albany Pine Finish, *Special Order",599.17,5,0.2,35.25
5429,US-2017-113096,9/2/2017,9/4/2017,Prioritaire,SZ-20035,Sam Zeldin,Bureau à domicile,États-Unis,San Francisco,Californie,USCA - Ouest,OFF-ST-10003455,Fournitures de bureau,Stockage,"Tenex File Box, Personal Filing Tote with Lid, Black",46.53,3,0,12.1
5440,US-2017-167115,4/4/2017,4/9/2017,Tarif normal,EH-14185,Evan Henry,Grand public,États-Unis,New York City,New York,USCA - Est,OFF-BI-10004600,Fournitures de bureau,Classeurs,Ibico Ibimaster 300 Manual Binding System,588.78,2,0.2,184
5446,US-2017-128307,7/25/2017,7/29/2017,Tarif normal,BE-11335,Bill Eplett,Bureau à domicile,États-Unis,Houston,Texas,USCA - Centre,OFF-EN-10003040,Fournitures de bureau,Enveloppes,Quality Park Security Envelopes,20.94,1,0.2,7.07
5447,US-2017-127425,8/26/2017,8/29/2017,Tarif normal,DR-12880,Dan Reichenbach,Entreprise,États-Unis,New York City,New York,USCA - Est,TEC-PH-10003442,Produits technologiques,Téléphones,Samsung Replacement EH64AVFWE Premium Headset,33,6,0,8.25
5448,US-2017-127425,8/26/2017,8/29/2017,Tarif normal,DR-12880,Dan Reichenbach,Entreprise,États-Unis,New York City,New York,USCA - Est,TEC-AC-10002800,Produits technologiques,Accessoires,Plantronics Audio 478 Stereo USB Headset,249.95,5,0,87.48
5453,US-2017-140613,7/22/2017,7/29/2017,Tarif normal,KN-16705,Kristina Nunn,Bureau à domicile,États-Unis,Sparks,Nevada,USCA - Ouest,OFF-SU-10004261,Fournitures de bureau,Fournitures,"Fiskars 8"" Scissors, 2/Pack",86.2,5,0,25
5468,US-2017-122448,6/9/2017,6/14/2017,Tarif normal,DB-13210,Dean Braden,Grand public,États-Unis,San Francisco,Californie,USCA - Ouest,FUR-CH-10002774,Mobilier,Chaises,"Global Deluxe Stacking Chair, Gray",122.35,3,0.2,13.76
5471,US-2017-158547,2/19/2017,2/22/2017,Tarif normal,JM-16195,Justin MacKendrick,Grand public,États-Unis,Hamilton,Ohio,USCA - Est,OFF-AP-10003842,Fournitures de bureau,Électroménager,Euro-Pro Shark Turbo Vacuum,123.92,5,0.2,9.29
5479,US-2017-121356,11/20/2017,11/24/2017,Tarif normal,SJ-20500,Shirley Jackson,Grand public,États-Unis,Newark,Delaware,USCA - Est,OFF-BI-10002133,Fournitures de bureau,Classeurs,"Wilson Jones Elliptical Ring 3 1/2"" Capacity Binders, 800 sheets",128.4,3,0,62.92
5507,US-2017-162026,10/8/2017,10/8/2017,Le même jour,JE-15745,Joel Eaton,Grand public,États-Unis,Los Angeles,Californie,USCA - Ouest,OFF-PA-10000167,Fournitures de bureau,Papier,Xerox 1925,61.96,2,0,27.88
5508,US-2017-150000,4/8/2017,4/14/2017,Tarif normal,PG-18820,Patrick Gardner,Grand public,États-Unis,Smyrna,Géorgie,USCA - Sud,OFF-EN-10002973,Fournitures de bureau,Enveloppes,Ampad #10 Peel & Seel Holiday Envelopes,17.92,4,0,8.6
5517,US-2017-138408,11/18/2017,11/21/2017,J+2,KC-16255,Karen Carlisle,Entreprise,États-Unis,Huntsville,Alabama,USCA - Sud,TEC-AC-10003870,Produits technologiques,Accessoires,Logitech Z-906 Speaker sys - home theater - 5.1-CH,1319.96,4,0,527.98
5523,US-2017-110982,6/5/2017,6/7/2017,Prioritaire,CK-12205,Chloris Kastensmidt,Grand public,États-Unis,Santa Clara,Californie,USCA - Ouest,OFF-BI-10000829,Fournitures de bureau,Classeurs,Avery Non-Stick Binders,21.55,6,0.2,7
5524,US-2017-110982,6/5/2017,6/7/2017,Prioritaire,CK-12205,Chloris Kastensmidt,Grand public,États-Unis,Santa Clara,Californie,USCA - Ouest,OFF-AP-10004859,Fournitures de bureau,Électroménager,Acco 6 Outlet Guardian Premium Surge Suppressor,58.24,4,0,15.72
5525,US-2017-147123,12/10/2017,12/12/2017,Prioritaire,SJ-20125,Sanjit Jacobs,Bureau à domicile,États-Unis,Long Beach,Californie,USCA - Ouest,OFF-PA-10000575,Fournitures de bureau,Papier,"Wirebound Message Books, Four 2 3/4 x 5 White Forms per Page",80.28,12,0,36.93
5532,US-2017-167472,6/6/2017,6/7/2017,Prioritaire,CK-12595,Clytie Kelty,Grand public,États-Unis,Little Rock,Arkansas,USCA - Sud,TEC-AC-10001109,Produits technologiques,Accessoires,Logitech Trackman Marble Mouse,179.94,6,0,75.57
5533,US-2017-167472,6/6/2017,6/7/2017,Prioritaire,CK-12595,Clytie Kelty,Grand public,États-Unis,Little Rock,Arkansas,USCA - Sud,TEC-AC-10003038,Produits technologiques,Accessoires,Kingston Digital DataTraveler 16GB USB 2.0,26.85,3,0,5.1
5534,US-2017-167472,6/6/2017,6/7/2017,Prioritaire,CK-12595,Clytie Kelty,Grand public,États-Unis,Little Rock,Arkansas,USCA - Sud,TEC-AC-10003174,Produits technologiques,Accessoires,Plantronics S12 Corded Telephone Headset System,323.37,3,0,129.35
5535,US-2017-167472,6/6/2017,6/7/2017,Prioritaire,CK-12595,Clytie Kelty,Grand public,États-Unis,Little Rock,Arkansas,USCA - Sud,OFF-PA-10000157,Fournitures de bureau,Papier,Xerox 191,59.94,3,0,28.17
5536,US-2017-167472,6/6/2017,6/7/2017,Prioritaire,CK-12595,Clytie Kelty,Grand public,États-Unis,Little Rock,Arkansas,USCA - Sud,OFF-BI-10001721,Fournitures de bureau,Classeurs,Trimflex Flexible Post Binders,64.14,3,0,30.79
5537,US-2017-167472,6/6/2017,6/7/2017,Prioritaire,CK-12595,Clytie Kelty,Grand public,États-Unis,Little Rock,Arkansas,USCA - Sud,OFF-BI-10000591,Fournitures de bureau,Classeurs,Avery Binder Labels,11.67,3,0,5.6
5538,US-2017-167472,6/6/2017,6/7/2017,Prioritaire,CK-12595,Clytie Kelty,Grand public,États-Unis,Little Rock,Arkansas,USCA - Sud,OFF-PA-10001534,Fournitures de bureau,Papier,Xerox 230,12.96,2,0,6.22
5543,US-2017-134936,12/19/2017,12/25/2017,Tarif normal,ES-14080,Erin Smith,Entreprise,États-Unis,Tucson,Arizona,USCA - Ouest,FUR-TA-10001086,Mobilier,Tables,"SAFCO PlanMaster Boards, 60w x 37-1/2d, White Melamine",455.97,6,0.5,-218.87
5544,US-2017-134936,12/19/2017,12/25/2017,Tarif normal,ES-14080,Erin Smith,Entreprise,États-Unis,Tucson,Arizona,USCA - Ouest,OFF-BI-10000174,Fournitures de bureau,Classeurs,"Wilson Jones Clip & Carry Folder Binder Tool for Ring Binders, Clear",10.44,6,0.7,-7.66
5545,US-2017-134936,12/19/2017,12/25/2017,Tarif normal,ES-14080,Erin Smith,Entreprise,États-Unis,Tucson,Arizona,USCA - Ouest,OFF-BI-10002103,Fournitures de bureau,Classeurs,"Cardinal Slant-D Ring Binder, Heavy Gauge Vinyl",5.21,2,0.7,-4.17
5577,US-2017-136686,12/12/2017,12/16/2017,Tarif normal,RF-19840,Roy Französisch,Grand public,États-Unis,Pasadena,Californie,USCA - Ouest,FUR-FU-10004864,Mobilier,Meubles,"Howard Miller 14-1/2"" Diameter Chrome Round Wall Clock",383.64,6,0,122.76
5578,US-2017-136686,12/12/2017,12/16/2017,Tarif normal,RF-19840,Roy Französisch,Grand public,États-Unis,Pasadena,Californie,USCA - Ouest,OFF-AP-10002350,Fournitures de bureau,Électroménager,Belkin F9H710-06 7 Outlet SurgeMaster Surge Protector,56.52,3,0,15.83
5583,US-2017-161158,5/9/2017,5/13/2017,Tarif normal,PS-18970,Paul Stevenson,Bureau à domicile,États-Unis,New York City,New York,USCA - Est,OFF-AR-10000462,Fournitures de bureau,Art,Sanford Pocket Accent Highlighters,8,5,0,3.44
5590,US-2017-115224,12/8/2017,12/11/2017,J+2,DB-13615,Doug Bickford,Grand public,États-Unis,San Francisco,Californie,USCA - Ouest,OFF-ST-10000615,Fournitures de bureau,Stockage,"SimpliFile Personal File, Black Granite, 15w x 6-15/16d x 11-1/4h",34.05,3,0,9.53
5591,US-2017-115224,12/8/2017,12/11/2017,J+2,DB-13615,Doug Bickford,Grand public,États-Unis,San Francisco,Californie,USCA - Ouest,OFF-ST-10003816,Fournitures de bureau,Stockage,Fellowes High-Stak Drawer Files,352.38,2,0,81.05
5603,US-2017-117919,8/27/2017,8/29/2017,J+2,TB-21355,Todd Boyes,Entreprise,États-Unis,Houston,Texas,USCA - Centre,OFF-ST-10003572,Fournitures de bureau,Stockage,Portfile Personal File Boxes,14.16,1,0.2,1.06
5604,US-2017-117919,8/27/2017,8/29/2017,J+2,TB-21355,Todd Boyes,Entreprise,États-Unis,Houston,Texas,USCA - Centre,OFF-PA-10004353,Fournitures de bureau,Papier,Southworth 25% Cotton Premium Laser Paper and Envelopes,79.92,5,0.2,27.97
5606,US-2017-134516,9/20/2017,9/25/2017,Tarif normal,FM-14215,Filia McAdams,Entreprise,États-Unis,Greensboro,Caroline du Nord,USCA - Sud,FUR-FU-10001546,Mobilier,Meubles,Dana Swing-Arm Lamps,17.09,2,0.2,1.07
5607,US-2017-134516,9/20/2017,9/25/2017,Tarif normal,FM-14215,Filia McAdams,Entreprise,États-Unis,Greensboro,Caroline du Nord,USCA - Sud,FUR-CH-10002880,Mobilier,Chaises,"Global High-Back Leather Tilter, Burgundy",98.39,1,0.2,-11.07
5614,US-2017-147431,2/2/2017,2/7/2017,Tarif normal,AB-10105,Adrian Barton,Grand public,États-Unis,New York City,New York,USCA - Est,OFF-ST-10003994,Fournitures de bureau,Stockage,"Belkin 19"" Center-Weighted Shelf, Gray",117.96,2,0,5.9
5615,US-2017-158001,8/23/2017,8/27/2017,Tarif normal,JP-15460,Jennifer Patt,Entreprise,États-Unis,New York City,New York,USCA - Est,OFF-AR-10002399,Fournitures de bureau,Art,"Dixon Prang Watercolor Pencils, 10-Color Set with Brush",21.3,5,0,8.73
5616,US-2017-158001,8/23/2017,8/27/2017,Tarif normal,JP-15460,Jennifer Patt,Entreprise,États-Unis,New York City,New York,USCA - Est,OFF-AP-10002118,Fournitures de bureau,Électroménager,"1.7 Cubic Foot Compact ""Cube"" Office Refrigerators",1040.8,5,0,281.02
5617,US-2017-158001,8/23/2017,8/27/2017,Tarif normal,JP-15460,Jennifer Patt,Entreprise,États-Unis,New York City,New York,USCA - Est,OFF-AR-10001954,Fournitures de bureau,Art,Newell 331,29.34,6,0,7.92
5620,US-2017-124163,9/25/2017,9/28/2017,Tarif normal,SC-20695,Steve Chapman,Entreprise,États-Unis,La Crosse,Wisconsin,USCA - Centre,TEC-AC-10001908,Produits technologiques,Accessoires,Logitech Wireless Headset h800,499.95,5,0,174.98
5621,US-2017-124163,9/25/2017,9/28/2017,Tarif normal,SC-20695,Steve Chapman,Entreprise,États-Unis,La Crosse,Wisconsin,USCA - Centre,OFF-AR-10000817,Fournitures de bureau,Art,Manco Dry-Lighter Erasable Highlighter,3.04,1,0,1.03
5622,US-2017-124163,9/25/2017,9/28/2017,Tarif normal,SC-20695,Steve Chapman,Entreprise,États-Unis,La Crosse,Wisconsin,USCA - Centre,FUR-CH-10004218,Mobilier,Chaises,"Global Fabric Manager's Chair, Dark Gray",201.96,2,0,50.49
5623,US-2017-124163,9/25/2017,9/28/2017,Tarif normal,SC-20695,Steve Chapman,Entreprise,États-Unis,La Crosse,Wisconsin,USCA - Centre,FUR-FU-10000755,Mobilier,Meubles,Eldon Expressions Mahogany Wood Desk Collection,68.64,11,0,17.16
5624,US-2017-121748,10/24/2017,10/28/2017,J+2,VW-21775,Victoria Wilson,Entreprise,États-Unis,Los Angeles,Californie,USCA - Ouest,TEC-AC-10003063,Produits technologiques,Accessoires,Micro Innovations USB RF Wireless Keyboard with Mouse,100,4,0,21
5625,US-2017-121748,10/24/2017,10/28/2017,J+2,VW-21775,Victoria Wilson,Entreprise,États-Unis,Los Angeles,Californie,USCA - Ouest,TEC-AC-10002637,Produits technologiques,Accessoires,Logitech VX Revolution Cordless Laser Mouse for Notebooks (Black),359.98,2,0,21.6
5630,US-2017-146066,8/21/2017,8/23/2017,J+2,RB-19465,Rick Bensley,Bureau à domicile,États-Unis,Philadelphia,Pennsylvanie,USCA - Est,FUR-TA-10002530,Mobilier,Tables,"Iceberg OfficeWorks 42"" Round Tables",815.29,9,0.4,-339.71
5634,US-2017-101742,9/23/2017,9/28/2017,J+2,CR-12580,Clay Rozendal,Bureau à domicile,États-Unis,New York City,New York,USCA - Est,OFF-BI-10004187,Fournitures de bureau,Classeurs,3-ring staple pack,10.53,7,0.2,3.68
5643,US-2017-127985,4/1/2017,4/5/2017,J+2,DB-12910,Daniel Byrd,Bureau à domicile,États-Unis,Columbus,Géorgie,USCA - Sud,FUR-FU-10003274,Mobilier,Meubles,Regeneration Desk Collection,7.04,4,0,3.1
5655,US-2017-145261,12/18/2017,12/21/2017,Prioritaire,AH-10120,Adrian Hane,Bureau à domicile,États-Unis,Salem,Oregon,USCA - Ouest,OFF-BI-10001670,Fournitures de bureau,Classeurs,Vinyl Sectional Post Binders,45.24,4,0.7,-30.16
5656,US-2017-145261,12/18/2017,12/21/2017,Prioritaire,AH-10120,Adrian Hane,Bureau à domicile,États-Unis,Salem,Oregon,USCA - Ouest,OFF-AR-10004078,Fournitures de bureau,Art,Newell 312,18.69,4,0.2,2.34
5657,US-2017-145261,12/18/2017,12/21/2017,Prioritaire,AH-10120,Adrian Hane,Bureau à domicile,États-Unis,Salem,Oregon,USCA - Ouest,OFF-PA-10003036,Fournitures de bureau,Papier,"Black Print Carbonless 8 1/2"" x 8 1/4"" Rapid Memo Book",11.65,2,0.2,3.79
5658,US-2017-145261,12/18/2017,12/21/2017,Prioritaire,AH-10120,Adrian Hane,Bureau à domicile,États-Unis,Salem,Oregon,USCA - Ouest,TEC-AC-10000991,Produits technologiques,Accessoires,Sony Micro Vault Click 8 GB USB 2.0 Flash Drive,112.78,3,0.2,-8.46
5659,US-2017-145261,12/18/2017,12/21/2017,Prioritaire,AH-10120,Adrian Hane,Bureau à domicile,États-Unis,Salem,Oregon,USCA - Ouest,FUR-TA-10002530,Mobilier,Tables,"Iceberg OfficeWorks 42"" Round Tables",377.45,5,0.5,-264.22
5660,US-2017-145261,12/18/2017,12/21/2017,Prioritaire,AH-10120,Adrian Hane,Bureau à domicile,États-Unis,Salem,Oregon,USCA - Ouest,OFF-LA-10000407,Fournitures de bureau,Étiquettes,Avery White Multi-Purpose Labels,15.94,4,0.2,5.18
5661,US-2017-145261,12/18/2017,12/21/2017,Prioritaire,AH-10120,Adrian Hane,Bureau à domicile,États-Unis,Salem,Oregon,USCA - Ouest,TEC-PH-10004833,Produits technologiques,Téléphones,Macally Suction Cup Mount,28.68,3,0.2,-7.17
5662,US-2017-108875,9/24/2017,10/1/2017,Tarif normal,CL-12700,Craig Leslie,Bureau à domicile,États-Unis,Aurora,Colorado,USCA - Ouest,FUR-FU-10002671,Mobilier,Meubles,Electrix 20W Halogen Replacement Bulb for Zoom-In Desk Lamp,21.44,2,0.2,7.5
5663,US-2017-108875,9/24/2017,10/1/2017,Tarif normal,CL-12700,Craig Leslie,Bureau à domicile,États-Unis,Aurora,Colorado,USCA - Ouest,OFF-ST-10001370,Fournitures de bureau,Stockage,Sensible Storage WireTech Storage Systems,511.06,9,0.2,-95.82
5664,US-2017-141957,7/21/2017,7/21/2017,Le même jour,JG-15310,Jason Gross,Entreprise,États-Unis,Newark,Ohio,USCA - Est,OFF-AR-10000914,Fournitures de bureau,Art,Boston 16765 Mini Stand Up Battery Pencil Sharpener,18.66,2,0.2,1.4
5665,US-2017-141957,7/21/2017,7/21/2017,Le même jour,JG-15310,Jason Gross,Entreprise,États-Unis,Newark,Ohio,USCA - Est,OFF-BI-10001116,Fournitures de bureau,Classeurs,"Wilson Jones 1"" Hanging DublLock Ring Binders",11.09,7,0.7,-8.13
5666,US-2017-141957,7/21/2017,7/21/2017,Le même jour,JG-15310,Jason Gross,Entreprise,États-Unis,Newark,Ohio,USCA - Est,OFF-ST-10002276,Fournitures de bureau,Stockage,Safco Steel Mobile File Cart,66.69,1,0.2,4.17
5667,US-2017-141957,7/21/2017,7/21/2017,Le même jour,JG-15310,Jason Gross,Entreprise,États-Unis,Newark,Ohio,USCA - Est,OFF-ST-10004340,Fournitures de bureau,Stockage,"Fellowes Mobile File Cart, Black",99.49,2,0.2,8.71
5668,US-2017-142405,6/11/2017,6/15/2017,Tarif normal,SE-20110,Sanjit Engle,Grand public,États-Unis,Seattle,Washington,USCA - Ouest,OFF-LA-10004093,Fournitures de bureau,Étiquettes,Avery 486,14.62,2,0,6.87
5669,US-2017-142405,6/11/2017,6/15/2017,Tarif normal,SE-20110,Sanjit Engle,Grand public,États-Unis,Seattle,Washington,USCA - Ouest,OFF-BI-10004728,Fournitures de bureau,Classeurs,Wilson Jones Turn Tabs Binder Tool for Ring Binders,53.98,14,0.2,17.54
5670,US-2017-142405,6/11/2017,6/15/2017,Tarif normal,SE-20110,Sanjit Engle,Grand public,États-Unis,Seattle,Washington,USCA - Ouest,TEC-AC-10003095,Produits technologiques,Accessoires,Logitech G35 7.1-Channel Surround Sound Headset,389.97,3,0,132.59
5675,US-2017-146318,1/22/2017,1/27/2017,Tarif normal,MC-17275,Marc Crier,Grand public,États-Unis,Seattle,Washington,USCA - Ouest,OFF-PA-10003953,Fournitures de bureau,Papier,Xerox 218,12.96,2,0,6.22
5679,US-2017-143924,7/28/2017,8/3/2017,Tarif normal,SC-20680,Steve Carroll,Bureau à domicile,États-Unis,Holland,Michigan,USCA - Centre,OFF-FA-10000735,Fournitures de bureau,Éléments de fixation,Staples,20.44,7,0,9.2
5680,US-2017-143924,7/28/2017,8/3/2017,Tarif normal,SC-20680,Steve Carroll,Bureau à domicile,États-Unis,Holland,Michigan,USCA - Centre,OFF-PA-10002120,Fournitures de bureau,Papier,Xerox 1889,109.92,2,0,53.86
5681,US-2017-141551,9/24/2017,9/27/2017,Tarif normal,BP-11230,Benjamin Patterson,Grand public,États-Unis,Broken Arrow,Oklahoma,USCA - Centre,OFF-BI-10001249,Fournitures de bureau,Classeurs,Avery Heavy-Duty EZD View Binder with Locking Rings,6.38,1,0,2.93
5682,US-2017-141551,9/24/2017,9/27/2017,Tarif normal,BP-11230,Benjamin Patterson,Grand public,États-Unis,Broken Arrow,Oklahoma,USCA - Centre,OFF-PA-10001569,Fournitures de bureau,Papier,Xerox 232,6.48,1,0,3.11
5696,US-2017-126165,5/5/2017,5/7/2017,J+2,AH-10465,Amy Hunt,Grand public,États-Unis,San Francisco,Californie,USCA - Ouest,FUR-TA-10001676,Mobilier,Tables,Hon 61000 Series Interactive Training Tables,71.09,2,0.2,-1.78
5699,US-2017-143441,11/5/2017,11/5/2017,Le même jour,EB-14170,Evan Bailliet,Grand public,États-Unis,Laredo,Texas,USCA - Centre,OFF-LA-10002312,Fournitures de bureau,Étiquettes,Avery 490,11.84,1,0.2,4.44
5701,US-2017-125661,11/24/2017,11/26/2017,Prioritaire,CA-12055,Cathy Armstrong,Bureau à domicile,États-Unis,Cleveland,Ohio,USCA - Est,OFF-EN-10001532,Fournitures de bureau,Enveloppes,Brown Kraft Recycled Envelopes,40.75,3,0.2,15.28
5702,US-2017-125661,11/24/2017,11/26/2017,Prioritaire,CA-12055,Cathy Armstrong,Bureau à domicile,États-Unis,Cleveland,Ohio,USCA - Est,TEC-AC-10004855,Produits technologiques,Accessoires,V7 USB Numeric Keypad,139.96,5,0.2,-22.74
5724,US-2017-165820,9/26/2017,9/29/2017,Tarif normal,DW-13585,Dorothy Wardle,Entreprise,États-Unis,San Francisco,Californie,USCA - Ouest,OFF-PA-10004735,Fournitures de bureau,Papier,Xerox 1905,12.96,2,0,6.22
5739,US-2017-156139,9/22/2017,9/25/2017,Tarif normal,BP-11155,Becky Pak,Grand public,États-Unis,San Francisco,Californie,USCA - Ouest,OFF-BI-10004233,Fournitures de bureau,Classeurs,"GBC Pre-Punched Binding Paper, Plastic, White, 8-1/2"" x 11""",38.38,3,0.2,13.43
5747,US-2017-113733,12/8/2017,12/12/2017,Tarif normal,LH-16900,Lena Hernandez,Grand public,États-Unis,Greenville,Caroline du Nord,USCA - Sud,TEC-PH-10002496,Produits technologiques,Téléphones,Cisco SPA301,249.58,2,0.2,31.2
5748,US-2017-113733,12/8/2017,12/12/2017,Tarif normal,LH-16900,Lena Hernandez,Grand public,États-Unis,Greenville,Caroline du Nord,USCA - Sud,TEC-AC-10002473,Produits technologiques,Accessoires,Maxell 4.7GB DVD-R,68.11,3,0.2,17.88
5749,US-2017-113733,12/8/2017,12/12/2017,Tarif normal,LH-16900,Lena Hernandez,Grand public,États-Unis,Greenville,Caroline du Nord,USCA - Sud,TEC-AC-10004877,Produits technologiques,Accessoires,Imation 30456 USB Flash Drive 8GB,16.56,3,0.2,-2.48
5752,US-2017-125850,1/22/2017,1/28/2017,Tarif normal,FP-14320,Frank Preis,Grand public,États-Unis,San Diego,Californie,USCA - Ouest,OFF-LA-10003498,Fournitures de bureau,Étiquettes,Avery 475,44.4,3,0,22.2
5753,US-2017-125850,1/22/2017,1/28/2017,Tarif normal,FP-14320,Frank Preis,Grand public,États-Unis,San Diego,Californie,USCA - Ouest,OFF-LA-10004484,Fournitures de bureau,Étiquettes,Avery 476,20.65,5,0,9.5
5754,US-2017-118514,2/3/2017,2/10/2017,Tarif normal,LC-17050,Liz Carlisle,Grand public,États-Unis,Richmond,Kentucky,USCA - Sud,FUR-CH-10000015,Mobilier,Chaises,Hon Multipurpose Stacking Arm Chairs,866.4,4,0,225.26
5760,US-2017-111528,9/21/2017,9/21/2017,Le même jour,JP-16135,Julie Prescott,Bureau à domicile,États-Unis,Los Angeles,Californie,USCA - Ouest,OFF-ST-10001526,Fournitures de bureau,Stockage,Iceberg Mobile Mega Data/Printer Cart,481.32,4,0,125.14
5761,US-2017-111528,9/21/2017,9/21/2017,Le même jour,JP-16135,Julie Prescott,Bureau à domicile,États-Unis,Los Angeles,Californie,USCA - Ouest,OFF-BI-10002194,Fournitures de bureau,Classeurs,Cardinal Hold-It CD Pocket,6.38,1,0.2,2.15
5767,US-2017-149685,10/8/2017,10/15/2017,Tarif normal,PM-19135,Peter McVee,Bureau à domicile,États-Unis,San Antonio,Texas,USCA - Centre,OFF-LA-10004545,Fournitures de bureau,Étiquettes,Avery 50,60.14,6,0.2,20.3
5774,US-2017-117408,5/23/2017,5/26/2017,Tarif normal,TP-21130,Theone Pippenger,Grand public,États-Unis,Waco,Texas,USCA - Centre,OFF-ST-10001580,Fournitures de bureau,Stockage,Super Decoflex Portable Personal File,23.97,2,0.2,2.4
5775,US-2017-142398,4/12/2017,4/16/2017,Tarif normal,BP-11290,Beth Paige,Grand public,États-Unis,Los Angeles,Californie,USCA - Ouest,FUR-CH-10001545,Mobilier,Chaises,Hon Comfortask Task/Swivel Chairs,638.29,7,0.2,-31.91
5776,US-2017-142398,4/12/2017,4/16/2017,Tarif normal,BP-11290,Beth Paige,Grand public,États-Unis,Los Angeles,Californie,USCA - Ouest,OFF-BI-10004826,Fournitures de bureau,Classeurs,JM Magazine Binder,13.21,1,0.2,4.62
5777,US-2017-105277,12/4/2017,12/8/2017,Tarif normal,LM-17065,Liz MacKendrick,Grand public,États-Unis,Auburn,New York,USCA - Est,OFF-BI-10000301,Fournitures de bureau,Classeurs,GBC Instant Report Kit,15.53,3,0.2,5.82
5778,US-2017-112060,12/4/2017,12/9/2017,Tarif normal,KT-16465,Kean Takahito,Grand public,États-Unis,San Francisco,Californie,USCA - Ouest,OFF-PA-10000994,Fournitures de bureau,Papier,Xerox 1915,104.85,1,0,50.33
5807,US-2017-149783,9/4/2017,9/7/2017,J+2,DL-13315,Delfina Latchford,Grand public,États-Unis,Knoxville,Tennessee,USCA - Sud,OFF-PA-10002195,Fournitures de bureau,Papier,"RSVP Cards & Envelopes, Blank White, 8-1/2"" X 11"", 24 Cards/25 Envelopes/Set",12.19,3,0.2,4.11
5808,US-2017-149783,9/4/2017,9/7/2017,J+2,DL-13315,Delfina Latchford,Grand public,États-Unis,Knoxville,Tennessee,USCA - Sud,OFF-AP-10001205,Fournitures de bureau,Électroménager,Belkin 5 Outlet SurgeMaster Power Centers,87.17,2,0.2,8.72
5809,US-2017-149783,9/4/2017,9/7/2017,J+2,DL-13315,Delfina Latchford,Grand public,États-Unis,Knoxville,Tennessee,USCA - Sud,OFF-AR-10002987,Fournitures de bureau,Art,Prismacolor Color Pencil Set,31.74,2,0.2,8.33
5810,US-2017-125017,2/6/2017,2/11/2017,Tarif normal,KB-16240,Karen Bern,Entreprise,États-Unis,Chattanooga,Tennessee,USCA - Sud,FUR-FU-10000723,Mobilier,Meubles,"Deflect-o EconoMat Studded, No Bevel Mat for Low Pile Carpeting",132.22,4,0.2,-18.18
5830,US-2017-122063,12/3/2017,12/7/2017,Tarif normal,MM-17920,Michael Moore,Grand public,États-Unis,Richmond,Indiana,USCA - Centre,FUR-TA-10004575,Mobilier,Tables,Hon 5100 Series Wood Tables,581.96,2,0,104.75
5831,US-2017-122063,12/3/2017,12/7/2017,Tarif normal,MM-17920,Michael Moore,Grand public,États-Unis,Richmond,Indiana,USCA - Centre,FUR-CH-10004754,Mobilier,Chaises,"Global Stack Chair with Arms, Black",29.98,1,0,8.09
5833,US-2017-142895,7/21/2017,7/26/2017,Tarif normal,BP-11290,Beth Paige,Grand public,États-Unis,Concord,Caroline du Nord,USCA - Sud,OFF-LA-10000262,Fournitures de bureau,Étiquettes,Avery 494,6.26,3,0.2,2.04
5834,US-2017-142895,7/21/2017,7/26/2017,Tarif normal,BP-11290,Beth Paige,Grand public,États-Unis,Concord,Caroline du Nord,USCA - Sud,FUR-CH-10002961,Mobilier,Chaises,"Leather Task Chair, Black",363.92,5,0.2,0
5862,US-2017-101525,5/1/2017,5/4/2017,J+2,CM-12235,Chris McAfee,Grand public,États-Unis,Little Rock,Arkansas,USCA - Sud,OFF-PA-10001497,Fournitures de bureau,Papier,Xerox 1914,109.92,2,0,53.86
5863,US-2017-101525,5/1/2017,5/4/2017,J+2,CM-12235,Chris McAfee,Grand public,États-Unis,Little Rock,Arkansas,USCA - Sud,OFF-PA-10003936,Fournitures de bureau,Papier,Xerox 1994,19.44,3,0,9.33
5864,US-2017-101525,5/1/2017,5/4/2017,J+2,CM-12235,Chris McAfee,Grand public,États-Unis,Little Rock,Arkansas,USCA - Sud,OFF-AR-10000716,Fournitures de bureau,Art,DIXON Ticonderoga Erasable Checking Pencils,11.16,2,0,4.35
5868,US-2017-158211,1/4/2017,1/8/2017,Tarif normal,BP-11185,Ben Peterman,Entreprise,États-Unis,Philadelphia,Pennsylvanie,USCA - Est,OFF-AR-10004078,Fournitures de bureau,Art,Newell 312,4.67,1,0.2,0.58
5869,US-2017-158211,1/4/2017,1/8/2017,Tarif normal,BP-11185,Ben Peterman,Entreprise,États-Unis,Philadelphia,Pennsylvanie,USCA - Est,OFF-BI-10002026,Fournitures de bureau,Classeurs,Avery Arch Ring Binders,104.58,6,0.7,-80.18
5870,US-2017-152247,11/7/2017,11/12/2017,Tarif normal,MA-17995,Michelle Arnett,Bureau à domicile,États-Unis,Cheyenne,Wyoming,USCA - Ouest,FUR-CH-10001215,Mobilier,Chaises,Global Troy Executive Leather Low-Back Tilter,1603.14,4,0.2,100.2
5871,US-2017-128223,6/14/2017,6/14/2017,Le même jour,EB-13705,Ed Braxton,Entreprise,États-Unis,Anaheim,Californie,USCA - Ouest,FUR-TA-10001771,Mobilier,Tables,"Bush Cubix Conference Tables, Fully Assembled",1293.49,7,0.2,80.84
5872,US-2017-154235,9/24/2017,9/28/2017,Tarif normal,RD-19900,Ruben Dartt,Grand public,États-Unis,Bloomington,Indiana,USCA - Centre,FUR-FU-10004006,Mobilier,Meubles,"Deflect-o DuraMat Lighweight, Studded, Beveled Mat for Low Pile Carpeting",127.95,3,0,21.75
5880,US-2017-133319,9/5/2017,9/11/2017,Tarif normal,MV-17485,Mark Van Huff,Grand public,États-Unis,New York City,New York,USCA - Est,OFF-PA-10001815,Fournitures de bureau,Papier,Xerox 1885,192.16,4,0,92.24
5881,US-2017-133935,9/18/2017,9/22/2017,Tarif normal,JW-15220,Jane Waco,Entreprise,États-Unis,San Diego,Californie,USCA - Ouest,FUR-CH-10001215,Mobilier,Chaises,Global Troy Executive Leather Low-Back Tilter,801.57,2,0.2,50.1
5882,US-2017-133935,9/18/2017,9/22/2017,Tarif normal,JW-15220,Jane Waco,Entreprise,États-Unis,San Diego,Californie,USCA - Ouest,OFF-PA-10000100,Fournitures de bureau,Papier,Xerox 1945,368.91,9,0,180.77
5883,US-2017-133935,9/18/2017,9/22/2017,Tarif normal,JW-15220,Jane Waco,Entreprise,États-Unis,San Diego,Californie,USCA - Ouest,FUR-CH-10002880,Mobilier,Chaises,"Global High-Back Leather Tilter, Burgundy",885.53,9,0.2,-99.62
5884,US-2017-136301,3/13/2017,3/15/2017,J+2,EH-13765,Edward Hooks,Entreprise,États-Unis,San Francisco,Californie,USCA - Ouest,FUR-FU-10004712,Mobilier,Meubles,"Westinghouse Mesh Shade Clip-On Gooseneck Lamp, Black",28.28,2,0,7.35
5885,US-2017-136301,3/13/2017,3/15/2017,J+2,EH-13765,Edward Hooks,Entreprise,États-Unis,San Francisco,Californie,USCA - Ouest,OFF-SU-10000151,Fournitures de bureau,Fournitures,High Speed Automatic Electric Letter Opener,4912.59,3,0,196.5
5890,US-2017-166625,4/14/2017,4/17/2017,Prioritaire,JM-15580,Jill Matthias,Grand public,États-Unis,Baltimore,Maryland,USCA - Est,OFF-BI-10002414,Fournitures de bureau,Classeurs,GBC ProClick Spines for 32-Hole Punch,25.06,2,0,11.78
5891,US-2017-146157,11/21/2017,11/26/2017,Tarif normal,RD-19720,Roger Demir,Grand public,États-Unis,Chicago,Illinois,USCA - Centre,OFF-PA-10001790,Fournitures de bureau,Papier,Xerox 1910,38.43,1,0.2,13.45
5892,US-2017-146157,11/21/2017,11/26/2017,Tarif normal,RD-19720,Roger Demir,Grand public,États-Unis,Chicago,Illinois,USCA - Centre,OFF-ST-10001590,Fournitures de bureau,Stockage,"Tenex Personal Project File with Scoop Front Design, Black",21.57,2,0.2,1.62
5893,US-2017-146157,11/21/2017,11/26/2017,Tarif normal,RD-19720,Roger Demir,Grand public,États-Unis,Chicago,Illinois,USCA - Centre,TEC-AC-10003657,Produits technologiques,Accessoires,Lenovo 17-Key USB Numeric Keypad,81.58,3,0.2,2.04
5898,US-2017-167682,4/3/2017,4/9/2017,Tarif normal,ZD-21925,Zuschuss Donatelli,Grand public,États-Unis,Richmond,Indiana,USCA - Centre,FUR-FU-10003799,Mobilier,Meubles,"Seth Thomas 13 1/2"" Wall Clock",71.12,4,0,22.05
5899,US-2017-167682,4/3/2017,4/9/2017,Tarif normal,ZD-21925,Zuschuss Donatelli,Grand public,États-Unis,Richmond,Indiana,USCA - Centre,TEC-PH-10000673,Produits technologiques,Téléphones,Plantronics Voyager Pro HD - Bluetooth Headset,259.96,4,0,124.78
5902,US-2017-159639,11/27/2017,12/2/2017,Tarif normal,PC-18745,Pamela Coakley,Entreprise,États-Unis,Westfield,New Jersey,USCA - Est,FUR-FU-10001889,Mobilier,Meubles,Ultra Door Pull Handle,31.56,3,0,10.41
5908,US-2017-113985,12/2/2017,12/7/2017,Tarif normal,KD-16495,Keith Dawkins,Entreprise,États-Unis,San Jose,Californie,USCA - Ouest,OFF-BI-10002353,Fournitures de bureau,Classeurs,GBC VeloBind Cover Sets,24.7,2,0.2,9.26
5909,US-2017-113985,12/2/2017,12/7/2017,Tarif normal,KD-16495,Keith Dawkins,Entreprise,États-Unis,San Jose,Californie,USCA - Ouest,OFF-AP-10001303,Fournitures de bureau,Électroménager,"Holmes Cool Mist Humidifier for the Whole House with 8-Gallon Output per Day, Extended Life Filter",59.7,3,0,26.87
5910,US-2017-113985,12/2/2017,12/7/2017,Tarif normal,KD-16495,Keith Dawkins,Entreprise,États-Unis,San Jose,Californie,USCA - Ouest,FUR-FU-10003026,Mobilier,Meubles,"Eldon Regeneration Recycled Desk Accessories, Black",14.52,3,0,5.66
5911,US-2017-113985,12/2/2017,12/7/2017,Tarif normal,KD-16495,Keith Dawkins,Entreprise,États-Unis,San Jose,Californie,USCA - Ouest,OFF-BI-10000632,Fournitures de bureau,Classeurs,Satellite Sectional Post Binders,104.18,3,0.2,33.86
5912,US-2017-155383,12/17/2017,12/22/2017,Tarif normal,SC-20680,Steve Carroll,Bureau à domicile,États-Unis,Seattle,Washington,USCA - Ouest,OFF-ST-10001328,Fournitures de bureau,Stockage,"Personal Filing Tote with Lid, Black/Gray",46.53,3,0,13.03
5924,US-2017-130288,11/26/2017,11/29/2017,J+2,DK-13225,Dean Katz,Entreprise,États-Unis,New York City,New York,USCA - Est,FUR-TA-10002958,Mobilier,Tables,"Bevis Oval Conference Table, Walnut",313.18,2,0.4,-120.05
5936,US-2017-103107,7/4/2017,7/4/2017,Le même jour,RB-19465,Rick Bensley,Bureau à domicile,États-Unis,Seattle,Washington,USCA - Ouest,FUR-FU-10000221,Mobilier,Meubles,"Master Caster Door Stop, Brown",25.4,5,0,8.64
5937,US-2017-103107,7/4/2017,7/4/2017,Le même jour,RB-19465,Rick Bensley,Bureau à domicile,États-Unis,Seattle,Washington,USCA - Ouest,TEC-PH-10001198,Produits technologiques,Téléphones,Avaya 4621SW VoIP phone,177.48,3,0.2,19.97
5938,US-2017-103107,7/4/2017,7/4/2017,Le même jour,RB-19465,Rick Bensley,Bureau à domicile,États-Unis,Seattle,Washington,USCA - Ouest,TEC-PH-10002564,Produits technologiques,Téléphones,OtterBox Defender Series Case - Samsung Galaxy S4,71.98,3,0.2,9
5943,US-2017-151092,8/6/2017,8/13/2017,Tarif normal,VG-21790,Vivek Gonzalez,Grand public,États-Unis,Los Angeles,Californie,USCA - Ouest,TEC-PH-10001700,Produits technologiques,Téléphones,Panasonic KX-TG6844B Expandable Digital Cordless Telephone,211.17,4,0.2,18.48
5957,US-2017-127138,3/12/2017,3/15/2017,J+2,DK-13225,Dean Katz,Entreprise,États-Unis,San Francisco,Californie,USCA - Ouest,OFF-ST-10002756,Fournitures de bureau,Stockage,"Tennsco Stur-D-Stor Boltless Shelving, 5 Shelves, 24"" Deep, Sand",676.55,5,0,6.77
5958,US-2017-127138,3/12/2017,3/15/2017,J+2,DK-13225,Dean Katz,Entreprise,États-Unis,San Francisco,Californie,USCA - Ouest,OFF-AP-10003842,Fournitures de bureau,Électroménager,Euro-Pro Shark Turbo Vacuum,154.9,5,0,40.27
5959,US-2017-127138,3/12/2017,3/15/2017,J+2,DK-13225,Dean Katz,Entreprise,États-Unis,San Francisco,Californie,USCA - Ouest,OFF-EN-10004459,Fournitures de bureau,Enveloppes,Security-Tint Envelopes,30.56,4,0,14.97
5960,US-2017-127138,3/12/2017,3/15/2017,J+2,DK-13225,Dean Katz,Entreprise,États-Unis,San Francisco,Californie,USCA - Ouest,FUR-CH-10003746,Mobilier,Chaises,Hon 4070 Series Pagoda Round Back Stacking Chairs,770.35,3,0.2,77.04
5968,US-2017-166912,1/15/2017,1/17/2017,Prioritaire,BE-11335,Bill Eplett,Bureau à domicile,États-Unis,New York City,New York,USCA - Est,OFF-PA-10001033,Fournitures de bureau,Papier,Xerox 1893,81.98,2,0,40.17
5975,US-2017-135636,10/8/2017,10/13/2017,Tarif normal,DB-13615,Doug Bickford,Grand public,États-Unis,Charlotte,Caroline du Nord,USCA - Sud,OFF-ST-10000676,Fournitures de bureau,Stockage,Fellowes Econo/Stor Drawers,387.72,5,0.2,-67.85
5983,US-2017-114895,11/21/2017,11/28/2017,Tarif normal,MV-18190,Mike Vittorini,Grand public,États-Unis,New York City,New York,USCA - Est,OFF-PA-10000232,Fournitures de bureau,Papier,Xerox 1975,12.96,2,0,6.35
5985,US-2017-163776,7/19/2017,7/25/2017,Tarif normal,JS-16030,Joy Smith,Grand public,États-Unis,Hattiesburg,Mississippi,USCA - Sud,FUR-FU-10001185,Mobilier,Meubles,"Advantus Employee of the Month Certificate Frame, 11 x 13-1/2",185.58,6,0,76.09
5986,US-2017-163776,7/19/2017,7/25/2017,Tarif normal,JS-16030,Joy Smith,Grand public,États-Unis,Hattiesburg,Mississippi,USCA - Sud,OFF-BI-10003007,Fournitures de bureau,Classeurs,"Premium Transparent Presentation Covers, No Pattern/Clear, 8 1/2"" x 11""",77.56,2,0,35.68
5987,US-2017-163776,7/19/2017,7/25/2017,Tarif normal,JS-16030,Joy Smith,Grand public,États-Unis,Hattiesburg,Mississippi,USCA - Sud,OFF-ST-10002485,Fournitures de bureau,Stockage,Rogers Deluxe File Chest,87.92,4,0,0.88
5988,US-2017-163776,7/19/2017,7/25/2017,Tarif normal,JS-16030,Joy Smith,Grand public,États-Unis,Hattiesburg,Mississippi,USCA - Sud,OFF-PA-10001033,Fournitures de bureau,Papier,Xerox 1893,245.94,6,0,120.51
5989,US-2017-163776,7/19/2017,7/25/2017,Tarif normal,JS-16030,Joy Smith,Grand public,États-Unis,Hattiesburg,Mississippi,USCA - Sud,OFF-BI-10000404,Fournitures de bureau,Classeurs,Avery Printable Repositionable Plastic Tabs,8.6,1,0,4.04
5990,US-2017-163776,7/19/2017,7/25/2017,Tarif normal,JS-16030,Joy Smith,Grand public,États-Unis,Hattiesburg,Mississippi,USCA - Sud,FUR-BO-10003546,Mobilier,Bibliothèques,Hon 4-Shelf Metal Bookcases,504.9,5,0,126.23
5994,US-2017-162187,12/11/2017,12/11/2017,Le même jour,NS-18640,Noel Staavos,Entreprise,États-Unis,Columbus,Ohio,USCA - Est,OFF-ST-10001558,Fournitures de bureau,Stockage,Acco Perma 4000 Stacking Storage Drawers,64.96,5,0.2,-4.06
5995,US-2017-162187,12/11/2017,12/11/2017,Le même jour,NS-18640,Noel Staavos,Entreprise,États-Unis,Columbus,Ohio,USCA - Est,OFF-SU-10004782,Fournitures de bureau,Fournitures,"Elite 5"" Scissors",13.52,2,0.2,1.69
5996,US-2017-162187,12/11/2017,12/11/2017,Le même jour,NS-18640,Noel Staavos,Entreprise,États-Unis,Columbus,Ohio,USCA - Est,FUR-CH-10003298,Mobilier,Chaises,"Office Star - Contemporary Task Swivel chair with Loop Arms, Charcoal",458.43,5,0.3,-137.53
5997,US-2017-162187,12/11/2017,12/11/2017,Le même jour,NS-18640,Noel Staavos,Entreprise,États-Unis,Columbus,Ohio,USCA - Est,OFF-AP-10000576,Fournitures de bureau,Électroménager,"Belkin 325VA UPS Surge Protector, 6'",387.14,4,0.2,24.2
5998,US-2017-162187,12/11/2017,12/11/2017,Le même jour,NS-18640,Noel Staavos,Entreprise,États-Unis,Columbus,Ohio,USCA - Est,FUR-TA-10003008,Mobilier,Tables,"Lesro Round Back Collection Coffee Table, End Table",328.59,3,0.4,-147.87
6014,US-2017-159016,3/10/2017,3/11/2017,Prioritaire,KF-16285,Karen Ferguson,Bureau à domicile,États-Unis,Los Angeles,Californie,USCA - Ouest,OFF-PA-10004405,Fournitures de bureau,Papier,Rediform Voice Mail Log Books,14.9,5,0,7.15
6015,US-2017-159016,3/10/2017,3/11/2017,Prioritaire,KF-16285,Karen Ferguson,Bureau à domicile,États-Unis,Los Angeles,Californie,USCA - Ouest,TEC-PH-10002885,Produits technologiques,Téléphones,Apple iPhone 5,4158.91,8,0.2,363.9
6021,US-2017-156692,8/13/2017,8/13/2017,Le même jour,HG-15025,Hunter Glantz,Grand public,États-Unis,Kenner,Louisiane,USCA - Sud,OFF-AP-10002222,Fournitures de bureau,Électroménager,Staple holder,17.34,2,0,4.68
6022,US-2017-156692,8/13/2017,8/13/2017,Le même jour,HG-15025,Hunter Glantz,Grand public,États-Unis,Kenner,Louisiane,USCA - Sud,TEC-AC-10000158,Produits technologiques,Accessoires,Sony 64GB Class 10 Micro SDHC R40 Memory Card,71.98,2,0,15.12
6029,US-2017-157364,11/19/2017,11/21/2017,Prioritaire,LT-17110,Liz Thompson,Grand public,États-Unis,Jacksonville,Caroline du Nord,USCA - Sud,OFF-AR-10003752,Fournitures de bureau,Art,Deluxe Chalkboard Eraser Cleaner,18.48,2,0.2,6.01
6030,US-2017-112970,11/14/2017,11/15/2017,Prioritaire,TB-21250,Tim Brockman,Grand public,États-Unis,Los Angeles,Californie,USCA - Ouest,OFF-AR-10003829,Fournitures de bureau,Art,Newell 35,9.84,3,0,2.85
6032,US-2017-101168,12/25/2017,12/28/2017,Tarif normal,SS-20140,Saphhira Shifley,Entreprise,États-Unis,Nashua,New Hampshire,USCA - Est,FUR-FU-10003142,Mobilier,Meubles,"Master Big Foot Doorstop, Beige",21.12,4,0,6.55
6037,US-2017-131205,9/4/2017,9/8/2017,Tarif normal,AA-10645,Anna Andreadi,Grand public,États-Unis,Georgetown,Kentucky,USCA - Sud,FUR-FU-10003347,Mobilier,Meubles,Coloredge Poster Frame,42.6,3,0,16.61
6038,US-2017-131205,9/4/2017,9/8/2017,Tarif normal,AA-10645,Anna Andreadi,Grand public,États-Unis,Georgetown,Kentucky,USCA - Sud,OFF-BI-10000315,Fournitures de bureau,Classeurs,Poly Designer Cover & Back,113.94,6,0,54.69
6039,US-2017-131205,9/4/2017,9/8/2017,Tarif normal,AA-10645,Anna Andreadi,Grand public,États-Unis,Georgetown,Kentucky,USCA - Sud,OFF-ST-10002583,Fournitures de bureau,Stockage,Fellowes Neat Ideas Storage Cubes,129.92,4,0,5.2
6040,US-2017-131205,9/4/2017,9/8/2017,Tarif normal,AA-10645,Anna Andreadi,Grand public,États-Unis,Georgetown,Kentucky,USCA - Sud,OFF-AR-10003469,Fournitures de bureau,Art,Nontoxic Chalk,5.28,3,0,2.53
6043,US-2017-117912,2/4/2017,2/8/2017,Tarif normal,TB-21520,Tracy Blumstein,Grand public,États-Unis,Sierra Vista,Arizona,USCA - Ouest,FUR-FU-10002088,Mobilier,Meubles,Nu-Dell Float Frame 11 x 14 1/2,14.37,2,0.2,3.95
6047,US-2017-154662,6/9/2017,6/16/2017,Tarif normal,BF-11215,Benjamin Farhat,Bureau à domicile,États-Unis,Minneapolis,Minnesota,USCA - Centre,FUR-TA-10001771,Mobilier,Tables,"Bush Cubix Conference Tables, Fully Assembled",692.94,3,0,173.24
6050,US-2017-152765,6/15/2017,6/18/2017,Prioritaire,LS-17245,Lynn Smith,Grand public,États-Unis,Houston,Texas,USCA - Centre,OFF-PA-10000483,Fournitures de bureau,Papier,Xerox 19,173.49,7,0.2,54.22
6053,US-2017-124016,9/23/2017,9/26/2017,J+2,JS-15940,Joni Sundaresam,Bureau à domicile,États-Unis,Lancaster,Ohio,USCA - Est,OFF-PA-10002586,Fournitures de bureau,Papier,Xerox 1970,11.95,3,0.2,4.03
6054,US-2017-124016,9/23/2017,9/26/2017,J+2,JS-15940,Joni Sundaresam,Bureau à domicile,États-Unis,Lancaster,Ohio,USCA - Est,FUR-FU-10004963,Mobilier,Meubles,"Eldon 400 Class Desk Accessories, Black Carbon",28,4,0.2,7.7
6055,US-2017-124016,9/23/2017,9/26/2017,J+2,JS-15940,Joni Sundaresam,Bureau à domicile,États-Unis,Lancaster,Ohio,USCA - Est,OFF-BI-10002071,Fournitures de bureau,Classeurs,Fellowes Black Plastic Comb Bindings,12.2,7,0.7,-9.76
6056,US-2017-113551,8/18/2017,8/20/2017,Prioritaire,NF-18385,Natalie Fritzler,Grand public,États-Unis,Edinburg,Texas,USCA - Centre,OFF-BI-10001617,Fournitures de bureau,Classeurs,GBC Wire Binding Combs,2.07,1,0.8,-3.41
6057,US-2017-113551,8/18/2017,8/20/2017,Prioritaire,NF-18385,Natalie Fritzler,Grand public,États-Unis,Edinburg,Texas,USCA - Centre,OFF-PA-10004665,Fournitures de bureau,Papier,Advantus Motivational Note Cards,83.84,8,0.2,30.39
6077,US-2017-151561,9/1/2017,9/7/2017,Tarif normal,PG-18820,Patrick Gardner,Grand public,États-Unis,New York City,New York,USCA - Est,TEC-AC-10001432,Produits technologiques,Accessoires,Enermax Aurora Lite Keyboard,468.9,6,0,206.32
6078,US-2017-151561,9/1/2017,9/7/2017,Tarif normal,PG-18820,Patrick Gardner,Grand public,États-Unis,New York City,New York,USCA - Est,TEC-AC-10003399,Produits technologiques,Accessoires,Memorex Mini Travel Drive 64 GB USB 2.0 Flash Drive,72.48,2,0,30.44
6079,US-2017-151561,9/1/2017,9/7/2017,Tarif normal,PG-18820,Patrick Gardner,Grand public,États-Unis,New York City,New York,USCA - Est,OFF-SU-10001574,Fournitures de bureau,Fournitures,Acme Value Line Scissors,10.95,3,0,3.29
6080,US-2017-151561,9/1/2017,9/7/2017,Tarif normal,PG-18820,Patrick Gardner,Grand public,États-Unis,New York City,New York,USCA - Est,FUR-FU-10004864,Mobilier,Meubles,"Howard Miller 14-1/2"" Diameter Chrome Round Wall Clock",191.82,3,0,61.38
6083,US-2017-132577,11/22/2017,11/27/2017,Tarif normal,JE-15475,Jeremy Ellison,Grand public,États-Unis,Houston,Texas,USCA - Centre,OFF-BI-10004040,Fournitures de bureau,Classeurs,Wilson Jones Impact Binders,6.22,6,0.8,-9.63
6084,US-2017-132577,11/22/2017,11/27/2017,Tarif normal,JE-15475,Jeremy Ellison,Grand public,États-Unis,Houston,Texas,USCA - Centre,OFF-AR-10003481,Fournitures de bureau,Art,Newell 348,23.62,9,0.2,2.66
6085,US-2017-132577,11/22/2017,11/27/2017,Tarif normal,JE-15475,Jeremy Ellison,Grand public,États-Unis,Houston,Texas,USCA - Centre,TEC-AC-10000387,Produits technologiques,Accessoires,KeyTronic KT800P2 - Keyboard - Black,24.03,2,0.2,-0.6
6086,US-2017-132577,11/22/2017,11/27/2017,Tarif normal,JE-15475,Jeremy Ellison,Grand public,États-Unis,Houston,Texas,USCA - Centre,OFF-LA-10000262,Fournitures de bureau,Étiquettes,Avery 494,2.09,1,0.2,0.68
6087,US-2017-132577,11/22/2017,11/27/2017,Tarif normal,JE-15475,Jeremy Ellison,Grand public,États-Unis,Houston,Texas,USCA - Centre,OFF-BI-10003196,Fournitures de bureau,Classeurs,Accohide Poly Flexible Ring Binders,4.49,6,0.8,-6.73
6109,US-2017-150007,9/11/2017,9/16/2017,Tarif normal,AS-10090,Adam Shillingsburg,Grand public,États-Unis,Chicago,Illinois,USCA - Centre,OFF-LA-10001982,Fournitures de bureau,Étiquettes,Smead Alpha-Z Color-Coded Name Labels First Letter Starter Set,6,2,0.2,2.1
6110,US-2017-150007,9/11/2017,9/16/2017,Tarif normal,AS-10090,Adam Shillingsburg,Grand public,États-Unis,Chicago,Illinois,USCA - Centre,OFF-BI-10004141,Fournitures de bureau,Classeurs,Insertable Tab Indexes For Data Binders,1.91,3,0.8,-3.24
6111,US-2017-124590,11/12/2017,11/16/2017,Tarif normal,SP-20920,Susan Pistek,Grand public,États-Unis,Parma,Ohio,USCA - Est,FUR-CH-10004495,Mobilier,Chaises,"Global Leather and Oak Executive Chair, Black",1474.8,7,0.3,-21.07
6112,US-2017-124590,11/12/2017,11/16/2017,Tarif normal,SP-20920,Susan Pistek,Grand public,États-Unis,Parma,Ohio,USCA - Est,OFF-AP-10002311,Fournitures de bureau,Électroménager,"Holmes Replacement Filter for HEPA Air Cleaner, Very Large Room, HEPA Filter",110.1,2,0.2,33.03
6113,US-2017-124590,11/12/2017,11/16/2017,Tarif normal,SP-20920,Susan Pistek,Grand public,États-Unis,Parma,Ohio,USCA - Est,OFF-FA-10000585,Fournitures de bureau,Éléments de fixation,OIC Bulk Pack Metal Binder Clips,16.75,6,0.2,5.44
6114,US-2017-124590,11/12/2017,11/16/2017,Tarif normal,SP-20920,Susan Pistek,Grand public,États-Unis,Parma,Ohio,USCA - Est,FUR-CH-10000454,Mobilier,Chaises,"Hon Deluxe Fabric Upholstered Stacking Chairs, Rounded Back",1537.07,9,0.3,0
6115,US-2017-124590,11/12/2017,11/16/2017,Tarif normal,SP-20920,Susan Pistek,Grand public,États-Unis,Parma,Ohio,USCA - Est,FUR-CH-10003746,Mobilier,Chaises,Hon 4070 Series Pagoda Round Back Stacking Chairs,449.37,2,0.3,-12.84
6116,US-2017-133802,3/14/2017,3/20/2017,Tarif normal,SP-20650,Stephanie Phelps,Entreprise,États-Unis,Redwood City,Californie,USCA - Ouest,OFF-BI-10003291,Fournitures de bureau,Classeurs,Wilson Jones Leather-Like Binders with DublLock Round Rings,41.9,6,0.2,14.14
6117,US-2017-113677,11/13/2017,11/19/2017,Tarif normal,CM-12655,Corinna Mitchell,Bureau à domicile,États-Unis,New York City,New York,USCA - Est,TEC-PH-10002114,Produits technologiques,Téléphones,Xiaomi Mi3,2279.96,4,0,592.79
6118,US-2017-113677,11/13/2017,11/19/2017,Tarif normal,CM-12655,Corinna Mitchell,Bureau à domicile,États-Unis,New York City,New York,USCA - Est,OFF-LA-10001569,Fournitures de bureau,Étiquettes,Avery 499,14.94,3,0,6.87
6128,US-2017-124100,4/4/2017,4/6/2017,Tarif normal,EH-13990,Erica Hackney,Grand public,États-Unis,New York City,New York,USCA - Est,FUR-CH-10003817,Mobilier,Chaises,"Global Value Steno Chair, Gray",328,6,0.1,54.67
6134,US-2017-148096,8/16/2017,8/19/2017,Prioritaire,AO-10810,Anthony O'Donnell,Entreprise,États-Unis,Los Angeles,Californie,USCA - Ouest,FUR-TA-10004152,Mobilier,Tables,"Barricks 18"" x 48"" Non-Folding Utility Table with Bottom Storage Shelf",161.28,2,0.2,12.1
6135,US-2017-146766,11/4/2017,11/4/2017,Le même jour,TT-21220,Thomas Thornton,Grand public,États-Unis,Chula Vista,Californie,USCA - Ouest,OFF-AR-10002135,Fournitures de bureau,Art,Boston Heavy-Duty Trimline Electric Pencil Sharpeners,192.8,4,0,55.91
6138,US-2017-142251,7/23/2017,7/26/2017,J+2,FO-14305,Frank Olsen,Grand public,États-Unis,Hollywood,Floride,USCA - Sud,OFF-PA-10002986,Fournitures de bureau,Papier,Xerox 1898,32.06,6,0.2,11.22
6149,US-2017-161928,6/27/2017,6/29/2017,J+2,AC-10660,Anna Chung,Grand public,États-Unis,San Francisco,Californie,USCA - Ouest,TEC-PH-10003484,Produits technologiques,Téléphones,Ooma Telo VoIP Home Phone System,201.58,2,0.2,12.6
6151,US-2017-106600,4/8/2017,4/11/2017,Prioritaire,RM-19375,Raymond Messe,Grand public,États-Unis,Columbus,Géorgie,USCA - Sud,FUR-BO-10001608,Mobilier,Bibliothèques,"Hon Metal Bookcases, Black",354.9,5,0,88.73
6158,US-2017-104150,8/3/2017,8/5/2017,J+2,AG-10330,Alex Grayson,Grand public,États-Unis,Tulsa,Oklahoma,USCA - Centre,OFF-EN-10002504,Fournitures de bureau,Enveloppes,"Tyvek  Top-Opening Peel & Seel Envelopes, Plain White",81.54,3,0,38.32
6159,US-2017-104150,8/3/2017,8/5/2017,J+2,AG-10330,Alex Grayson,Grand public,États-Unis,Tulsa,Oklahoma,USCA - Centre,TEC-AC-10004803,Produits technologiques,Accessoires,Sony Micro Vault Click 4 GB USB 2.0 Flash Drive,167.28,12,0,23.42
6160,US-2017-161025,12/3/2017,12/9/2017,Tarif normal,GM-14440,Gary McGarr,Grand public,États-Unis,Los Angeles,Californie,USCA - Ouest,OFF-ST-10001932,Fournitures de bureau,Stockage,Fellowes Staxonsteel Drawer Files,772.68,4,0,108.18
6171,US-2017-141523,12/19/2017,12/24/2017,J+2,MH-17440,Mark Haberlin,Entreprise,États-Unis,New York City,New York,USCA - Est,OFF-BI-10000948,Fournitures de bureau,Classeurs,"GBC Laser Imprintable Binding System Covers, Desert Sand",34.25,3,0.2,11.56
6172,US-2017-141523,12/19/2017,12/24/2017,J+2,MH-17440,Mark Haberlin,Entreprise,États-Unis,New York City,New York,USCA - Est,OFF-AR-10001545,Fournitures de bureau,Art,Newell 326,3.52,2,0,1.02
6185,US-2017-143609,12/11/2017,12/13/2017,Prioritaire,DB-13270,Deborah Brumfield,Bureau à domicile,États-Unis,Portland,Oregon,USCA - Ouest,FUR-CH-10004218,Mobilier,Chaises,"Global Fabric Manager's Chair, Dark Gray",403.92,5,0.2,25.25
6191,US-2017-157259,12/24/2017,12/28/2017,Tarif normal,JM-15535,Jessica Myrick,Grand public,États-Unis,New York City,New York,USCA - Est,FUR-FU-10003192,Mobilier,Meubles,Luxo Adjustable Task Clamp Lamp,799.56,9,0,207.89
6203,US-2017-118332,12/16/2017,12/23/2017,Tarif normal,PK-19075,Pete Kriz,Grand public,États-Unis,Apple Valley,Californie,USCA - Ouest,FUR-CH-10001708,Mobilier,Chaises,Office Star - Contemporary Swivel Chair with Padded Adjustable Arms and Flex Back,563.92,5,0.2,7.05
6204,US-2017-133669,10/21/2017,10/27/2017,Tarif normal,SV-20935,Susan Vittorini,Grand public,États-Unis,Columbus,Ohio,USCA - Est,TEC-PH-10001305,Produits technologiques,Téléphones,Panasonic KX TS208W Corded phone,235.15,8,0.4,-47.03
6206,US-2017-133697,10/20/2017,10/24/2017,J+2,CM-12445,Chuck Magee,Grand public,États-Unis,Houston,Texas,USCA - Centre,OFF-PA-10000726,Fournitures de bureau,Papier,"Black Print Carbonless Snap-Off Rapid Letter, 8 1/2"" x 7""",51.02,7,0.2,15.94
6207,US-2017-133697,10/20/2017,10/24/2017,J+2,CM-12445,Chuck Magee,Grand public,États-Unis,Houston,Texas,USCA - Centre,OFF-FA-10003112,Fournitures de bureau,Éléments de fixation,Staples,25.25,4,0.2,7.89
6208,US-2017-133697,10/20/2017,10/24/2017,J+2,CM-12445,Chuck Magee,Grand public,États-Unis,Houston,Texas,USCA - Centre,FUR-CH-10002372,Mobilier,Chaises,Office Star - Ergonomically Designed Knee Chair,56.69,1,0.3,-14.58
6219,US-2017-160220,10/20/2017,10/26/2017,Tarif normal,JS-16030,Joy Smith,Grand public,États-Unis,Trenton,Michigan,USCA - Centre,TEC-PH-10001300,Produits technologiques,Téléphones,"iKross Bluetooth Portable Keyboard + Cell Phone Stand Holder + Brush for Apple iPhone 5S 5C 5, 4S 4",125.7,6,0,35.2
6220,US-2017-160220,10/20/2017,10/26/2017,Tarif normal,JS-16030,Joy Smith,Grand public,États-Unis,Trenton,Michigan,USCA - Centre,TEC-PH-10001557,Produits technologiques,Téléphones,Pyle PMP37LED,191.98,2,0,51.83
6221,US-2017-160220,10/20/2017,10/26/2017,Tarif normal,JS-16030,Joy Smith,Grand public,États-Unis,Trenton,Michigan,USCA - Centre,OFF-ST-10000617,Fournitures de bureau,Stockage,Woodgrain Magazine Files by Perma,20.86,7,0,1.46
6229,US-2017-148208,1/22/2017,1/27/2017,Tarif normal,BT-11530,Bradley Talbott,Bureau à domicile,États-Unis,Cleveland,Ohio,USCA - Est,TEC-PH-10004093,Produits technologiques,Téléphones,Panasonic Kx-TS550,110.38,4,0.4,-20.24
6230,US-2017-148208,1/22/2017,1/27/2017,Tarif normal,BT-11530,Bradley Talbott,Bureau à domicile,États-Unis,Cleveland,Ohio,USCA - Est,TEC-AC-10000171,Produits technologiques,Accessoires,"Verbatim 25 GB 6x Blu-ray Single Layer Recordable Disc, 25/Pack",55.18,3,0.2,15.86
6237,US-2017-144400,2/23/2017,2/27/2017,Tarif normal,AC-10420,Alyssa Crouse,Entreprise,États-Unis,Philadelphia,Pennsylvanie,USCA - Est,OFF-EN-10004386,Fournitures de bureau,Enveloppes,"Recycled Interoffice Envelopes with String and Button Closure, 10 x 13",57.58,3,0.2,21.59
6238,US-2017-155180,1/22/2017,1/29/2017,Tarif normal,TB-21280,Toby Braunhardt,Grand public,États-Unis,New York City,New York,USCA - Est,OFF-BI-10004506,Fournitures de bureau,Classeurs,Wilson Jones data.warehouse D-Ring Binders with DublLock,26.34,4,0.2,9.22
6241,US-2017-131912,10/29/2017,11/1/2017,J+2,LH-17155,Logan Haushalter,Grand public,États-Unis,Los Angeles,Californie,USCA - Ouest,OFF-BI-10004236,Fournitures de bureau,Classeurs,"XtraLife ClearVue Slant-D Ring Binder, White, 3""",11.74,1,0.2,3.82
6244,US-2017-165561,11/24/2017,11/28/2017,Tarif normal,CR-12580,Clay Rozendal,Bureau à domicile,États-Unis,Bellevue,Washington,USCA - Ouest,OFF-SU-10004782,Fournitures de bureau,Fournitures,"Elite 5"" Scissors",25.35,3,0,7.61
6263,US-2017-132479,9/24/2017,9/26/2017,Prioritaire,MK-17905,Michael Kennedy,Entreprise,États-Unis,Rockford,Illinois,USCA - Centre,OFF-BI-10004584,Fournitures de bureau,Classeurs,GBC ProClick 150 Presentation Binding System,442.37,7,0.8,-729.91
6265,US-2017-115952,10/6/2017,10/6/2017,Le même jour,JH-15910,Jonathan Howell,Grand public,États-Unis,Tulsa,Oklahoma,USCA - Centre,OFF-BI-10004654,Fournitures de bureau,Classeurs,Avery Binding System Hidden Tab Executive Style Index Sets,28.85,5,0,14.43
6274,US-2017-139087,7/17/2017,7/22/2017,J+2,DK-13375,Dennis Kane,Grand public,États-Unis,Seattle,Washington,USCA - Ouest,FUR-FU-10001847,Mobilier,Meubles,Eldon Image Series Black Desk Accessories,12.42,3,0,4.47
6275,US-2017-139087,7/17/2017,7/22/2017,J+2,DK-13375,Dennis Kane,Grand public,États-Unis,Seattle,Washington,USCA - Ouest,TEC-AC-10004595,Produits technologiques,Accessoires,First Data TMFD35 PIN Pad,428.4,3,0,89.96
6276,US-2017-139087,7/17/2017,7/22/2017,J+2,DK-13375,Dennis Kane,Grand public,États-Unis,Seattle,Washington,USCA - Ouest,FUR-FU-10004164,Mobilier,Meubles,"Eldon 300 Class Desk Accessories, Black",24.75,5,0,10.89
6277,US-2017-139087,7/17/2017,7/22/2017,J+2,DK-13375,Dennis Kane,Grand public,États-Unis,Seattle,Washington,USCA - Ouest,OFF-LA-10001074,Fournitures de bureau,Étiquettes,Round Specialty Laser Printer Labels,87.71,7,0,41.22
6278,US-2017-139087,7/17/2017,7/22/2017,J+2,DK-13375,Dennis Kane,Grand public,États-Unis,Seattle,Washington,USCA - Ouest,OFF-ST-10000604,Fournitures de bureau,Stockage,Home/Office Personal File Carts,69.52,2,0,17.38
6279,US-2017-139087,7/17/2017,7/22/2017,J+2,DK-13375,Dennis Kane,Grand public,États-Unis,Seattle,Washington,USCA - Ouest,TEC-PH-10000148,Produits technologiques,Téléphones,Cyber Acoustics AC-202b Speech Recognition Stereo Headset,20.78,2,0.2,-4.68
6280,US-2017-139087,7/17/2017,7/22/2017,J+2,DK-13375,Dennis Kane,Grand public,États-Unis,Seattle,Washington,USCA - Ouest,OFF-BI-10000042,Fournitures de bureau,Classeurs,"Pressboard Data Binder, Crimson, 12"" X 8 1/2""",12.82,3,0.2,4.17
6284,US-2017-100944,9/24/2017,9/28/2017,Tarif normal,EH-13765,Edward Hooks,Entreprise,États-Unis,Los Angeles,Californie,USCA - Ouest,OFF-EN-10001453,Fournitures de bureau,Enveloppes,"Tyvek Interoffice Envelopes, 9 1/2"" x 12 1/2"", 100/Box",304.9,5,0,143.3
6285,US-2017-100944,9/24/2017,9/28/2017,Tarif normal,EH-13765,Edward Hooks,Entreprise,États-Unis,Los Angeles,Californie,USCA - Ouest,FUR-CH-10000988,Mobilier,Chaises,Hon Olson Stacker Stools,563.24,5,0.2,56.32
6286,US-2017-125080,10/21/2017,10/26/2017,Tarif normal,VW-21775,Victoria Wilson,Entreprise,États-Unis,Lakewood,Ohio,USCA - Est,FUR-TA-10003238,Mobilier,Tables,"Chromcraft Bull-Nose Wood 48"" x 96"" Rectangular Conference Tables",661.18,2,0.4,-231.41
6287,US-2017-121020,10/24/2017,10/27/2017,Tarif normal,CG-12040,Catherine Glotzbach,Bureau à domicile,États-Unis,Lebanon,Tennessee,USCA - Sud,TEC-PH-10001061,Produits technologiques,Téléphones,Apple iPhone 5C,239.98,3,0.2,18
6306,US-2017-163328,11/4/2017,11/6/2017,J+2,TP-21565,Tracy Poddar,Entreprise,États-Unis,Eugene,Oregon,USCA - Ouest,OFF-SU-10002301,Fournitures de bureau,Fournitures,Serrated Blade or Curved Handle Hand Letter Openers,17.58,7,0.2,-4.18
6307,US-2017-163328,11/4/2017,11/6/2017,J+2,TP-21565,Tracy Poddar,Entreprise,États-Unis,Eugene,Oregon,USCA - Ouest,FUR-CH-10003298,Mobilier,Chaises,"Office Star - Contemporary Task Swivel chair with Loop Arms, Charcoal",104.78,1,0.2,-14.41
6308,US-2017-163328,11/4/2017,11/6/2017,J+2,TP-21565,Tracy Poddar,Entreprise,États-Unis,Eugene,Oregon,USCA - Ouest,OFF-PA-10004353,Fournitures de bureau,Papier,Southworth 25% Cotton Premium Laser Paper and Envelopes,47.95,3,0.2,16.78
6309,US-2017-163328,11/4/2017,11/6/2017,J+2,TP-21565,Tracy Poddar,Entreprise,États-Unis,Eugene,Oregon,USCA - Ouest,FUR-CH-10000229,Mobilier,Chaises,Global Enterprise Series Seating High-Back Swivel/Tilt Chairs,650.35,3,0.2,-97.55
6310,US-2017-163328,11/4/2017,11/6/2017,J+2,TP-21565,Tracy Poddar,Entreprise,États-Unis,Eugene,Oregon,USCA - Ouest,OFF-LA-10003930,Fournitures de bureau,Étiquettes,"Dot Matrix Printer Tape Reel Labels, White, 5000/Box",629.18,8,0.2,228.08
6311,US-2017-163328,11/4/2017,11/6/2017,J+2,TP-21565,Tracy Poddar,Entreprise,États-Unis,Eugene,Oregon,USCA - Ouest,OFF-PA-10000176,Fournitures de bureau,Papier,Xerox 1887,15.18,1,0.2,5.31
6337,US-2017-165995,5/22/2017,5/25/2017,Tarif normal,BG-11740,Bruce Geld,Grand public,États-Unis,Los Angeles,Californie,USCA - Ouest,FUR-FU-10000672,Mobilier,Meubles,"Executive Impressions 10"" Spectator Wall Clock",47.04,4,0,15.99
6338,US-2017-165995,5/22/2017,5/25/2017,Tarif normal,BG-11740,Bruce Geld,Grand public,États-Unis,Los Angeles,Californie,USCA - Ouest,TEC-PH-10004908,Produits technologiques,Téléphones,Panasonic KX TS3282W Corded phone,339.96,5,0.2,42.49
6342,US-2017-105830,9/22/2017,9/25/2017,Prioritaire,DB-13660,Duane Benoit,Grand public,États-Unis,Lancaster,Ohio,USCA - Est,OFF-ST-10002554,Fournitures de bureau,Stockage,Tennsco Industrial Shelving,156.51,4,0.2,-35.22
6370,US-2017-103919,10/3/2017,10/7/2017,Tarif normal,TP-21565,Tracy Poddar,Entreprise,États-Unis,Grand Prairie,Texas,USCA - Centre,FUR-FU-10001756,Mobilier,Meubles,"Eldon Expressions Desk Accessory, Wood Photo Frame, Mahogany",38.08,5,0.6,-29.51
6371,US-2017-113425,11/21/2017,11/21/2017,Le même jour,JK-16120,Julie Kriz,Bureau à domicile,États-Unis,New York City,New York,USCA - Est,FUR-BO-10002598,Mobilier,Bibliothèques,"Hon Metal Bookcases, Putty",113.57,2,0.2,12.78
6377,US-2017-163216,10/7/2017,10/10/2017,Prioritaire,AW-10930,Arthur Wiediger,Bureau à domicile,États-Unis,Philadelphia,Pennsylvanie,USCA - Est,OFF-LA-10000134,Fournitures de bureau,Étiquettes,Avery 511,4.93,2,0.2,1.72
6378,US-2017-116442,12/15/2017,12/22/2017,Tarif normal,BP-11230,Benjamin Patterson,Grand public,États-Unis,Los Angeles,Californie,USCA - Ouest,FUR-FU-10002364,Mobilier,Meubles,"Eldon Expressions Wood Desk Accessories, Oak",14.76,2,0,4.28
6382,US-2017-127236,3/29/2017,4/2/2017,Tarif normal,TB-21595,Troy Blackwell,Grand public,États-Unis,Springfield,Ohio,USCA - Est,FUR-BO-10004015,Mobilier,Bibliothèques,"Bush Andora Bookcase, Maple/Graphite Gray Finish",299.98,5,0.5,-167.99
6383,US-2017-127236,3/29/2017,4/2/2017,Tarif normal,TB-21595,Troy Blackwell,Grand public,États-Unis,Springfield,Ohio,USCA - Est,TEC-PH-10000141,Produits technologiques,Téléphones,Clearsounds A400,158.38,4,0.4,-36.95
6392,US-2017-129126,12/14/2017,12/19/2017,Tarif normal,PK-19075,Pete Kriz,Grand public,États-Unis,New York City,New York,USCA - Est,OFF-PA-10001471,Fournitures de bureau,Papier,Strathmore Photo Frame Cards,14.62,2,0,6.73
6393,US-2017-129126,12/14/2017,12/19/2017,Tarif normal,PK-19075,Pete Kriz,Grand public,États-Unis,New York City,New York,USCA - Est,OFF-LA-10003190,Fournitures de bureau,Étiquettes,Avery 474,5.76,2,0,2.82
6394,US-2017-129126,12/14/2017,12/19/2017,Tarif normal,PK-19075,Pete Kriz,Grand public,États-Unis,New York City,New York,USCA - Est,OFF-FA-10000621,Fournitures de bureau,Éléments de fixation,"OIC Colored Binder Clips, Assorted Sizes",21.48,6,0,10.53
6395,US-2017-129126,12/14/2017,12/19/2017,Tarif normal,PK-19075,Pete Kriz,Grand public,États-Unis,New York City,New York,USCA - Est,FUR-FU-10002937,Mobilier,Meubles,"GE 48"" Fluorescent Tube, Cool White Energy Saver, 34 Watts, 30/Box",396.92,4,0,198.46
6396,US-2017-129126,12/14/2017,12/19/2017,Tarif normal,PK-19075,Pete Kriz,Grand public,États-Unis,New York City,New York,USCA - Est,OFF-ST-10004507,Fournitures de bureau,Stockage,Advantus Rolling Storage Box,17.15,1,0,4.63
6397,US-2017-129126,12/14/2017,12/19/2017,Tarif normal,PK-19075,Pete Kriz,Grand public,États-Unis,New York City,New York,USCA - Est,OFF-BI-10000279,Fournitures de bureau,Classeurs,"Acco Recycled 2"" Capacity Laser Printer Hanging Data Binders",23.12,2,0.2,7.8
6417,US-2017-111976,3/8/2017,3/12/2017,Tarif normal,BD-11620,Brian DeCherney,Grand public,États-Unis,Philadelphia,Pennsylvanie,USCA - Est,TEC-PH-10002890,Produits technologiques,Téléphones,AT&T 17929 Lendline Telephone,108.58,4,0.4,-25.33
6418,US-2017-111976,3/8/2017,3/12/2017,Tarif normal,BD-11620,Brian DeCherney,Grand public,États-Unis,Philadelphia,Pennsylvanie,USCA - Est,OFF-FA-10004968,Fournitures de bureau,Éléments de fixation,Rubber Band Ball,5.98,2,0.2,-1.35
6419,US-2017-140130,7/23/2017,7/26/2017,Tarif normal,HW-14935,Helen Wasserman,Entreprise,États-Unis,Tulsa,Oklahoma,USCA - Centre,OFF-SU-10001218,Fournitures de bureau,Fournitures,Fiskars Softgrip Scissors,21.96,2,0,6.15
6420,US-2017-140130,7/23/2017,7/26/2017,Tarif normal,HW-14935,Helen Wasserman,Entreprise,États-Unis,Tulsa,Oklahoma,USCA - Centre,FUR-CH-10002084,Mobilier,Chaises,Hon Mobius Operator's Chair,368.97,3,0,81.17
6421,US-2017-140130,7/23/2017,7/26/2017,Tarif normal,HW-14935,Helen Wasserman,Entreprise,États-Unis,Tulsa,Oklahoma,USCA - Centre,OFF-AR-10004269,Fournitures de bureau,Art,Newell 31,12.39,3,0,3.47
6422,US-2017-140130,7/23/2017,7/26/2017,Tarif normal,HW-14935,Helen Wasserman,Entreprise,États-Unis,Tulsa,Oklahoma,USCA - Centre,OFF-ST-10001128,Fournitures de bureau,Stockage,"Carina Mini System Audio Rack, Model AR050B",332.94,3,0,9.99
6426,US-2017-143714,5/23/2017,5/27/2017,Tarif normal,CC-12370,Christopher Conant,Grand public,États-Unis,Philadelphia,Pennsylvanie,USCA - Est,TEC-CO-10004722,Produits technologiques,Photocopieurs,Canon imageCLASS 2200 Advanced Copier,8399.98,4,0.4,1120
6427,US-2017-143714,5/23/2017,5/27/2017,Tarif normal,CC-12370,Christopher Conant,Grand public,États-Unis,Philadelphia,Pennsylvanie,USCA - Est,OFF-BI-10004308,Fournitures de bureau,Classeurs,Avery Legal 4-Ring Binder,6.29,1,0.7,-4.2
6428,US-2017-143714,5/23/2017,5/27/2017,Tarif normal,CC-12370,Christopher Conant,Grand public,États-Unis,Philadelphia,Pennsylvanie,USCA - Est,OFF-PA-10000029,Fournitures de bureau,Papier,Xerox 224,10.37,2,0.2,3.63
6429,US-2017-143714,5/23/2017,5/27/2017,Tarif normal,CC-12370,Christopher Conant,Grand public,États-Unis,Philadelphia,Pennsylvanie,USCA - Est,TEC-PH-10004080,Produits technologiques,Téléphones,Avaya 5410 Digital phone,122.38,3,0.4,-24.48
6441,US-2017-101161,10/13/2017,10/20/2017,Tarif normal,BW-11110,Bart Watters,Entreprise,États-Unis,New York City,New York,USCA - Est,OFF-AR-10001860,Fournitures de bureau,Art,BIC Liqua Brite Liner,34.7,5,0,12.49
6442,US-2017-101161,10/13/2017,10/20/2017,Tarif normal,BW-11110,Bart Watters,Entreprise,États-Unis,New York City,New York,USCA - Est,OFF-ST-10003123,Fournitures de bureau,Stockage,Fellowes Bases and Tops For Staxonsteel/High-Stak Systems,99.87,3,0,23.97
6443,US-2017-101161,10/13/2017,10/20/2017,Tarif normal,BW-11110,Bart Watters,Entreprise,États-Unis,New York City,New York,USCA - Est,OFF-PA-10001295,Fournitures de bureau,Papier,Computer Printout Paper with Letter-Trim Perforations,37.94,2,0,18.21
6444,US-2017-101161,10/13/2017,10/20/2017,Tarif normal,BW-11110,Bart Watters,Entreprise,États-Unis,New York City,New York,USCA - Est,OFF-LA-10000407,Fournitures de bureau,Étiquettes,Avery White Multi-Purpose Labels,24.9,5,0,11.45
6445,US-2017-101161,10/13/2017,10/20/2017,Tarif normal,BW-11110,Bart Watters,Entreprise,États-Unis,New York City,New York,USCA - Est,FUR-FU-10003535,Mobilier,Meubles,Howard Miller Distant Time Traveler Alarm Clock,82.26,3,0,33.73
6465,US-2017-155404,9/22/2017,9/28/2017,Tarif normal,AS-10630,Ann Steele,Bureau à domicile,États-Unis,Louisville,Kentucky,USCA - Sud,FUR-FU-10004586,Mobilier,Meubles,G.E. Longer-Life Indoor Recessed Floodlight Bulbs,13.28,2,0,6.37
6468,US-2017-163804,12/2/2017,12/8/2017,Tarif normal,DB-13270,Deborah Brumfield,Bureau à domicile,États-Unis,Providence,Rhode Island,USCA - Est,OFF-ST-10000142,Fournitures de bureau,Stockage,Deluxe Rollaway Locking File with Drawer,2079.4,5,0,582.23
6469,US-2017-163804,12/2/2017,12/8/2017,Tarif normal,DB-13270,Deborah Brumfield,Bureau à domicile,États-Unis,Providence,Rhode Island,USCA - Est,TEC-PH-10000441,Produits technologiques,Téléphones,VTech DS6151,629.95,5,0,176.39
6470,US-2017-163804,12/2/2017,12/8/2017,Tarif normal,DB-13270,Deborah Brumfield,Bureau à domicile,États-Unis,Providence,Rhode Island,USCA - Est,FUR-FU-10004864,Mobilier,Meubles,Eldon 500 Class Desk Accessories,72.42,6,0,23.9
6474,US-2017-113292,3/18/2017,3/20/2017,J+2,DB-13060,Dave Brooks,Grand public,États-Unis,Columbia,Tennessee,USCA - Sud,OFF-AP-10003590,Fournitures de bureau,Électroménager,Hoover WindTunnel Plus Canister Vacuum,871.8,3,0.2,87.18
6492,US-2017-113845,11/20/2017,11/25/2017,Tarif normal,FA-14230,Frank Atkinson,Entreprise,États-Unis,Orlando,Floride,USCA - Sud,FUR-BO-10004695,Mobilier,Bibliothèques,O'Sullivan 2-Door Barrister Bookcase in Odessa Pine,289.57,2,0.2,10.86
6493,US-2017-113845,11/20/2017,11/25/2017,Tarif normal,FA-14230,Frank Atkinson,Entreprise,États-Unis,Orlando,Floride,USCA - Sud,OFF-ST-10003327,Fournitures de bureau,Stockage,Akro-Mils 12-Gallon Tote,39.72,5,0.2,4.47
6494,US-2017-113845,11/20/2017,11/25/2017,Tarif normal,FA-14230,Frank Atkinson,Entreprise,États-Unis,Orlando,Floride,USCA - Sud,TEC-PH-10003357,Produits technologiques,Téléphones,Grandstream GXP2100 Mainstream Business Phone,244.77,4,0.2,24.48
6506,US-2017-152331,6/26/2017,6/29/2017,Tarif normal,LD-16855,Lela Donovan,Entreprise,États-Unis,Chicago,Illinois,USCA - Centre,OFF-AR-10001547,Fournitures de bureau,Art,Newell 311,5.3,3,0.2,0.46
6507,US-2017-128909,10/9/2017,10/11/2017,J+2,SP-20545,Sibella Parks,Entreprise,États-Unis,Philadelphia,Pennsylvanie,USCA - Est,OFF-PA-10001593,Fournitures de bureau,Papier,Xerox 1947,19.14,4,0.2,5.98
6508,US-2017-128909,10/9/2017,10/11/2017,J+2,SP-20545,Sibella Parks,Entreprise,États-Unis,Philadelphia,Pennsylvanie,USCA - Est,FUR-FU-10004071,Mobilier,Meubles,Luxo Professional Magnifying Clamp-On Fluorescent Lamps,332.83,4,0.2,-24.96
6524,US-2017-129308,7/7/2017,7/13/2017,Tarif normal,CC-12100,Chad Cunningham,Bureau à domicile,États-Unis,Philadelphia,Pennsylvanie,USCA - Est,OFF-LA-10002945,Fournitures de bureau,Étiquettes,"Permanent Self-Adhesive File Folder Labels for Typewriters, 1 1/8 x 3 1/2, White",10.08,2,0.2,3.28
6525,US-2017-129308,7/7/2017,7/13/2017,Tarif normal,CC-12100,Chad Cunningham,Bureau à domicile,États-Unis,Philadelphia,Pennsylvanie,USCA - Est,TEC-PH-10002310,Produits technologiques,Téléphones,Panasonic KX T7731-B Digital phone,59.99,1,0.4,-13
6526,US-2017-129308,7/7/2017,7/13/2017,Tarif normal,CC-12100,Chad Cunningham,Bureau à domicile,États-Unis,Philadelphia,Pennsylvanie,USCA - Est,OFF-BI-10001525,Fournitures de bureau,Classeurs,"Acco Pressboard Covers with Storage Hooks, 14 7/8"" x 11"", Executive Red",5.72,5,0.7,-4.76
6527,US-2017-129308,7/7/2017,7/13/2017,Tarif normal,CC-12100,Chad Cunningham,Bureau à domicile,États-Unis,Philadelphia,Pennsylvanie,USCA - Est,OFF-BI-10001308,Fournitures de bureau,Classeurs,GBC Standard Plastic Binding Systems' Combs,9.42,5,0.7,-7.85
6528,US-2017-157791,12/23/2017,12/28/2017,J+2,CA-11965,Carol Adams,Entreprise,États-Unis,Warwick,Rhode Island,USCA - Est,TEC-CO-10002095,Produits technologiques,Photocopieurs,Hewlett Packard 610 Color Digital Copier / Printer,1999.96,4,0,899.98
6560,US-2017-160941,7/21/2017,7/26/2017,Tarif normal,DK-12835,Damala Kotsonis,Entreprise,États-Unis,Roseville,Californie,USCA - Ouest,OFF-EN-10003001,Fournitures de bureau,Enveloppes,Ames Color-File Green Diamond Border X-ray Mailers,419.9,5,0,197.35
6561,US-2017-160941,7/21/2017,7/26/2017,Tarif normal,DK-12835,Damala Kotsonis,Entreprise,États-Unis,Roseville,Californie,USCA - Ouest,OFF-LA-10003766,Fournitures de bureau,Étiquettes,Self-Adhesive Removable Labels,3.15,1,0,1.51
6573,US-2017-161543,5/10/2017,5/16/2017,Tarif normal,RD-19720,Roger Demir,Grand public,États-Unis,Seattle,Washington,USCA - Ouest,OFF-PA-10003971,Fournitures de bureau,Papier,Xerox 1965,11.96,2,0,5.86
6574,US-2017-160535,11/25/2017,11/28/2017,Tarif normal,BP-11050,Barry Pond,Entreprise,États-Unis,Plainfield,New Jersey,USCA - Est,OFF-ST-10000689,Fournitures de bureau,Stockage,"Fellowes Strictly Business Drawer File, Letter/Legal Size",563.4,4,0,67.61
6575,US-2017-160535,11/25/2017,11/28/2017,Tarif normal,BP-11050,Barry Pond,Entreprise,États-Unis,Plainfield,New Jersey,USCA - Est,TEC-MA-10004255,Produits technologiques,Machines,Konica Minolta magicolor 1690MF Multifunction Printer,319.92,8,0,118.37
6580,US-2017-169887,10/22/2017,10/22/2017,Le même jour,MS-17530,MaryBeth Skach,Grand public,États-Unis,Seattle,Washington,USCA - Ouest,OFF-PA-10003001,Fournitures de bureau,Papier,Xerox 1986,6.68,1,0,3.21
6581,US-2017-169887,10/22/2017,10/22/2017,Le même jour,MS-17530,MaryBeth Skach,Grand public,États-Unis,Seattle,Washington,USCA - Ouest,OFF-AR-10002766,Fournitures de bureau,Art,Prang Drawing Pencil Set,8.34,3,0,2.25
6582,US-2017-169887,10/22/2017,10/22/2017,Le même jour,MS-17530,MaryBeth Skach,Grand public,États-Unis,Seattle,Washington,USCA - Ouest,FUR-FU-10003095,Mobilier,Meubles,"Linden 12"" Wall Clock With Oak Frame",101.94,3,0,30.58
6583,US-2017-148516,8/7/2017,8/11/2017,Tarif normal,DW-13585,Dorothy Wardle,Entreprise,États-Unis,Edmonds,Washington,USCA - Ouest,TEC-AC-10003610,Produits technologiques,Accessoires,Logitech Illuminated - Keyboard,179.97,3,0,86.39
6594,US-2017-126795,6/13/2017,6/16/2017,J+2,GT-14710,Greg Tran,Grand public,États-Unis,New York City,New York,USCA - Est,OFF-BI-10001989,Fournitures de bureau,Classeurs,Premium Transparent Presentation Covers by GBC,33.57,2,0.2,11.75
6605,US-2017-148852,5/26/2017,5/29/2017,Tarif normal,SV-20785,Stewart Visinsky,Grand public,États-Unis,Santa Ana,Californie,USCA - Ouest,OFF-FA-10003467,Fournitures de bureau,Éléments de fixation,"Alliance Big Bands Rubber Bands, 12/Pack",5.94,3,0,0
6606,US-2017-148852,5/26/2017,5/29/2017,Tarif normal,SV-20785,Stewart Visinsky,Grand public,États-Unis,Santa Ana,Californie,USCA - Ouest,OFF-PA-10001293,Fournitures de bureau,Papier,Xerox 1946,45.36,7,0,21.77
6607,US-2017-148852,5/26/2017,5/29/2017,Tarif normal,SV-20785,Stewart Visinsky,Grand public,États-Unis,Santa Ana,Californie,USCA - Ouest,TEC-PH-10003885,Produits technologiques,Téléphones,Cisco SPA508G,211.17,4,0.2,23.76
6608,US-2017-148852,5/26/2017,5/29/2017,Tarif normal,SV-20785,Stewart Visinsky,Grand public,États-Unis,Santa Ana,Californie,USCA - Ouest,FUR-CH-10004860,Mobilier,Chaises,Global Low Back Tilter Chair,484.7,6,0.2,-84.82
6609,US-2017-148852,5/26/2017,5/29/2017,Tarif normal,SV-20785,Stewart Visinsky,Grand public,États-Unis,Santa Ana,Californie,USCA - Ouest,TEC-MA-10002428,Produits technologiques,Machines,Fellowes Powershred HS-440 4-Sheet High Security Shredder,371.98,3,0.2,116.24
6611,US-2017-168921,10/20/2017,10/22/2017,Prioritaire,AG-10495,Andrew Gjertsen,Entreprise,États-Unis,Los Angeles,Californie,USCA - Ouest,OFF-BI-10004209,Fournitures de bureau,Classeurs,"Fellowes Twister Kit, Gray/Clear, 3/pkg",19.3,3,0.2,6.03
6616,US-2017-123512,6/17/2017,6/19/2017,Prioritaire,MV-18190,Mike Vittorini,Grand public,États-Unis,Los Angeles,Californie,USCA - Ouest,FUR-BO-10004218,Mobilier,Bibliothèques,"Bush Heritage Pine Collection 5-Shelf Bookcase, Albany Pine Finish, *Special Order",239.67,2,0.2,14.1
6617,US-2017-123512,6/17/2017,6/19/2017,Prioritaire,MV-18190,Mike Vittorini,Grand public,États-Unis,Los Angeles,Californie,USCA - Ouest,OFF-LA-10000081,Fournitures de bureau,Étiquettes,Avery 496,22.5,6,0,10.8
6618,US-2017-123512,6/17/2017,6/19/2017,Prioritaire,MV-18190,Mike Vittorini,Grand public,États-Unis,Los Angeles,Californie,USCA - Ouest,OFF-PA-10001497,Fournitures de bureau,Papier,Xerox 1914,219.84,4,0,107.72
6631,US-2017-105081,12/25/2017,12/28/2017,Tarif normal,JE-15715,Joe Elijah,Grand public,États-Unis,Seattle,Washington,USCA - Ouest,FUR-CH-10000847,Mobilier,Chaises,Global Executive Mid-Back Manager's Chair,698.35,3,0.2,52.38
6632,US-2017-105081,12/25/2017,12/28/2017,Tarif normal,JE-15715,Joe Elijah,Grand public,États-Unis,Seattle,Washington,USCA - Ouest,FUR-TA-10001307,Mobilier,Tables,"SAFCO PlanMaster Heigh-Adjustable Drafting Table Base, 43w x 30d x 30-37h, Black",1747.25,5,0,629.01
6633,US-2017-146857,5/6/2017,5/8/2017,J+2,BE-11455,Brad Eason,Bureau à domicile,États-Unis,Springfield,Missouri,USCA - Centre,OFF-AP-10001205,Fournitures de bureau,Électroménager,Belkin 5 Outlet SurgeMaster Power Centers,54.48,1,0,15.25
6634,US-2017-166275,10/24/2017,10/24/2017,Le même jour,SS-20590,Sonia Sunley,Grand public,États-Unis,San Francisco,Californie,USCA - Ouest,TEC-AC-10001838,Produits technologiques,Accessoires,Razer Tiamat Over Ear 7.1 Surround Sound PC Gaming Headset,199.99,1,0,86
6647,US-2017-127334,12/15/2017,12/21/2017,Tarif normal,MP-18175,Mike Pelletier,Bureau à domicile,États-Unis,Springfield,Oregon,USCA - Ouest,FUR-TA-10003473,Mobilier,Tables,Bretford Rectangular Conference Table Tops,564.2,3,0.5,-304.67
6648,US-2017-127334,12/15/2017,12/21/2017,Tarif normal,MP-18175,Mike Pelletier,Bureau à domicile,États-Unis,Springfield,Oregon,USCA - Ouest,OFF-AP-10001205,Fournitures de bureau,Électroménager,Belkin 5 Outlet SurgeMaster Power Centers,87.17,2,0.2,8.72
6666,US-2017-115483,7/14/2017,7/18/2017,J+2,JS-15880,John Stevenson,Grand public,États-Unis,Irving,Texas,USCA - Centre,OFF-PA-10001497,Fournitures de bureau,Papier,Xerox 1914,219.84,5,0.2,79.69
6695,US-2017-163538,8/26/2017,8/29/2017,Tarif normal,SS-20515,Shirley Schmidt,Bureau à domicile,États-Unis,Franklin,Wisconsin,USCA - Centre,TEC-AC-10002006,Produits technologiques,Accessoires,Memorex Micro Travel Drive 16 GB,47.97,3,0,14.87
6696,US-2017-155103,12/2/2017,12/7/2017,Tarif normal,JF-15190,Jamie Frazer,Grand public,États-Unis,New York City,New York,USCA - Est,OFF-BI-10004318,Fournitures de bureau,Classeurs,Ibico EB-19 Dual Function Manual Binding System,415.18,3,0.2,134.93
6697,US-2017-155103,12/2/2017,12/7/2017,Tarif normal,JF-15190,Jamie Frazer,Grand public,États-Unis,New York City,New York,USCA - Est,OFF-BI-10004236,Fournitures de bureau,Classeurs,"XtraLife ClearVue Slant-D Ring Binder, White, 3""",35.23,3,0.2,11.45
6698,US-2017-155103,12/2/2017,12/7/2017,Tarif normal,JF-15190,Jamie Frazer,Grand public,États-Unis,New York City,New York,USCA - Est,OFF-PA-10000062,Fournitures de bureau,Papier,Green Bar Computer Printout Paper,54.96,1,0,26.93
6707,US-2017-112277,9/10/2017,9/15/2017,Tarif normal,SC-20695,Steve Chapman,Entreprise,États-Unis,Fort Lauderdale,Floride,USCA - Sud,TEC-PH-10003505,Produits technologiques,Téléphones,Geemarc AmpliPOWER60,519.68,7,0.2,58.46
6711,US-2017-149503,12/9/2017,12/12/2017,Prioritaire,SP-20650,Stephanie Phelps,Entreprise,États-Unis,Stockton,Californie,USCA - Ouest,OFF-BI-10002133,Fournitures de bureau,Classeurs,"Wilson Jones Elliptical Ring 3 1/2"" Capacity Binders, 800 sheets",273.92,8,0.2,99.3
6717,US-2017-134789,4/8/2017,4/15/2017,Tarif normal,CK-12325,Christine Kargatis,Bureau à domicile,États-Unis,Hot Springs,Arkansas,USCA - Sud,OFF-FA-10002280,Fournitures de bureau,Éléments de fixation,Advantus Plastic Paper Clips,30,6,0,14.4
6718,US-2017-134789,4/8/2017,4/15/2017,Tarif normal,CK-12325,Christine Kargatis,Bureau à domicile,États-Unis,Hot Springs,Arkansas,USCA - Sud,OFF-PA-10001934,Fournitures de bureau,Papier,Xerox 1993,25.92,4,0,12.7
6719,US-2017-134789,4/8/2017,4/15/2017,Tarif normal,CK-12325,Christine Kargatis,Bureau à domicile,États-Unis,Hot Springs,Arkansas,USCA - Sud,FUR-FU-10003268,Mobilier,Meubles,Eldon Radial Chair Mat for Low to Medium Pile Carpets,159.92,4,0,31.98
6720,US-2017-130442,12/16/2017,12/19/2017,Prioritaire,SF-20065,Sandra Flanagan,Grand public,États-Unis,Goldsboro,Caroline du Nord,USCA - Sud,OFF-AP-10004859,Fournitures de bureau,Électroménager,Acco 6 Outlet Guardian Premium Surge Suppressor,34.94,3,0.2,3.06
6725,US-2017-128811,9/12/2017,9/16/2017,Tarif normal,SF-20200,Sarah Foster,Grand public,États-Unis,Seattle,Washington,USCA - Ouest,OFF-FA-10000585,Fournitures de bureau,Éléments de fixation,OIC Bulk Pack Metal Binder Clips,10.47,3,0,4.82
6726,US-2017-128811,9/12/2017,9/16/2017,Tarif normal,SF-20200,Sarah Foster,Grand public,États-Unis,Seattle,Washington,USCA - Ouest,OFF-LA-10003720,Fournitures de bureau,Étiquettes,Avery 487,11.07,3,0,5.2
6727,US-2017-128811,9/12/2017,9/16/2017,Tarif normal,SF-20200,Sarah Foster,Grand public,États-Unis,Seattle,Washington,USCA - Ouest,OFF-BI-10000301,Fournitures de bureau,Classeurs,GBC Instant Report Kit,20.7,4,0.2,7.76
6729,US-2017-165827,11/4/2017,11/9/2017,Tarif normal,MF-17665,Maureen Fritzler,Entreprise,États-Unis,Miami,Floride,USCA - Sud,FUR-FU-10001889,Mobilier,Meubles,Ultra Door Pull Handle,50.5,6,0.2,8.21
6736,US-2017-123358,4/10/2017,4/17/2017,Tarif normal,BT-11680,Brian Thompson,Grand public,États-Unis,San Francisco,Californie,USCA - Ouest,OFF-AP-10004980,Fournitures de bureau,Électroménager,3M Replacement Filter for Office Air Cleaner for 20' x 33' Room,113.76,3,0,44.37
6737,US-2017-123358,4/10/2017,4/17/2017,Tarif normal,BT-11680,Brian Thompson,Grand public,États-Unis,San Francisco,Californie,USCA - Ouest,OFF-ST-10001932,Fournitures de bureau,Stockage,Fellowes Staxonsteel Drawer Files,579.51,3,0,81.13
6738,US-2017-123358,4/10/2017,4/17/2017,Tarif normal,BT-11680,Brian Thompson,Grand public,États-Unis,San Francisco,Californie,USCA - Ouest,OFF-ST-10000636,Fournitures de bureau,Stockage,Rogers Profile Extra Capacity Storage Tub,150.66,9,0,6.03
6739,US-2017-123358,4/10/2017,4/17/2017,Tarif normal,BT-11680,Brian Thompson,Grand public,États-Unis,San Francisco,Californie,USCA - Ouest,OFF-BI-10000069,Fournitures de bureau,Classeurs,"GBC Prepunched Paper, 19-Hole, for Binding Systems, 24-lb",48.03,4,0.2,15.61
6751,US-2017-154767,6/28/2017,7/1/2017,J+2,BP-11155,Becky Pak,Grand public,États-Unis,Paterson,New Jersey,USCA - Est,FUR-CH-10003535,Mobilier,Chaises,"Global Armless Task Chair, Royal Blue",121.96,2,0,20.73
6752,US-2017-154767,6/28/2017,7/1/2017,J+2,BP-11155,Becky Pak,Grand public,États-Unis,Paterson,New Jersey,USCA - Est,OFF-AP-10000595,Fournitures de bureau,Électroménager,Disposable Triple-Filter Dust Bags,8.74,2,0,2.27
6753,US-2017-154767,6/28/2017,7/1/2017,J+2,BP-11155,Becky Pak,Grand public,États-Unis,Paterson,New Jersey,USCA - Est,OFF-PA-10003039,Fournitures de bureau,Papier,Xerox 1960,61.96,2,0,27.88
6754,US-2017-154767,6/28/2017,7/1/2017,J+2,BP-11155,Becky Pak,Grand public,États-Unis,Paterson,New Jersey,USCA - Est,OFF-BI-10002003,Fournitures de bureau,Classeurs,Ibico Presentation Index for Binding Systems,7.96,2,0,3.74
6755,US-2017-154767,6/28/2017,7/1/2017,J+2,BP-11155,Becky Pak,Grand public,États-Unis,Paterson,New Jersey,USCA - Est,OFF-AP-10002311,Fournitures de bureau,Électroménager,"Holmes Replacement Filter for HEPA Air Cleaner, Very Large Room, HEPA Filter",275.24,4,0,121.11
6762,US-2017-162943,7/24/2017,7/26/2017,J+2,DB-12970,Darren Budd,Entreprise,États-Unis,New York City,New York,USCA - Est,FUR-CH-10001708,Mobilier,Chaises,Office Star - Contemporary Swivel Chair with Padded Adjustable Arms and Flex Back,253.76,2,0.1,31.02
6763,US-2017-144764,9/2/2017,9/8/2017,Tarif normal,RL-19615,Rob Lucas,Grand public,États-Unis,Chicago,Illinois,USCA - Centre,OFF-LA-10000240,Fournitures de bureau,Étiquettes,Self-Adhesive Address Labels for Typewriters by Universal,29.24,5,0.2,9.87
6764,US-2017-144764,9/2/2017,9/8/2017,Tarif normal,RL-19615,Rob Lucas,Grand public,États-Unis,Chicago,Illinois,USCA - Centre,OFF-ST-10002485,Fournitures de bureau,Stockage,Rogers Deluxe File Chest,35.17,2,0.2,-8.35
6765,US-2017-144764,9/2/2017,9/8/2017,Tarif normal,RL-19615,Rob Lucas,Grand public,États-Unis,Chicago,Illinois,USCA - Centre,TEC-MA-10003230,Produits technologiques,Machines,Okidata C610n Printer,1362.9,3,0.3,-19.47
6773,US-2017-119018,11/4/2017,11/8/2017,Tarif normal,CW-11905,Carl Weiss,Bureau à domicile,États-Unis,Los Angeles,Californie,USCA - Ouest,OFF-BI-10003314,Fournitures de bureau,Classeurs,Tuff Stuff Recycled Round Ring Binders,7.71,2,0.2,2.8
6774,US-2017-119018,11/4/2017,11/8/2017,Tarif normal,CW-11905,Carl Weiss,Bureau à domicile,États-Unis,Los Angeles,Californie,USCA - Ouest,OFF-BI-10000494,Fournitures de bureau,Classeurs,Acco Economy Flexible Poly Round Ring Binder,4.18,1,0.2,1.31
6775,US-2017-119018,11/4/2017,11/8/2017,Tarif normal,CW-11905,Carl Weiss,Bureau à domicile,États-Unis,Los Angeles,Californie,USCA - Ouest,OFF-PA-10000295,Fournitures de bureau,Papier,Xerox 229,38.88,6,0,18.66
6777,US-2017-152373,9/5/2017,9/11/2017,Tarif normal,PT-19090,Pete Takahito,Grand public,États-Unis,San Antonio,Texas,USCA - Centre,OFF-ST-10003479,Fournitures de bureau,Stockage,"Eldon Base for stackable storage shelf, platinum",93.46,3,0.2,-17.52
6779,US-2017-147711,9/3/2017,9/8/2017,J+2,HF-14995,Herbert Flentye,Grand public,États-Unis,Baltimore,Maryland,USCA - Est,FUR-BO-10003159,Mobilier,Bibliothèques,"Sauder Camden County Collection Libraries, Planked Cherry Finish",344.94,3,0,31.04
6780,US-2017-147711,9/3/2017,9/8/2017,J+2,HF-14995,Herbert Flentye,Grand public,États-Unis,Baltimore,Maryland,USCA - Est,FUR-FU-10002364,Mobilier,Meubles,"Eldon Expressions Wood Desk Accessories, Oak",14.76,2,0,4.28
6781,US-2017-147711,9/3/2017,9/8/2017,J+2,HF-14995,Herbert Flentye,Grand public,États-Unis,Baltimore,Maryland,USCA - Est,OFF-BI-10003350,Fournitures de bureau,Classeurs,Acco Expandable Hanging Binders,12.76,2,0,5.87
6782,US-2017-147711,9/3/2017,9/8/2017,J+2,HF-14995,Herbert Flentye,Grand public,États-Unis,Baltimore,Maryland,USCA - Est,OFF-LA-10004093,Fournitures de bureau,Étiquettes,Avery 486,58.48,8,0,27.49
6791,US-2017-124527,11/16/2017,11/17/2017,Prioritaire,IM-15055,Ionia McGrath,Grand public,États-Unis,Roseville,Californie,USCA - Ouest,OFF-BI-10004967,Fournitures de bureau,Classeurs,Round Ring Binders,8.32,5,0.2,2.81
6792,US-2017-162348,11/10/2017,11/15/2017,Tarif normal,BF-11170,Ben Ferrer,Bureau à domicile,États-Unis,Sacramento,Californie,USCA - Ouest,FUR-FU-10003731,Mobilier,Meubles,"Eldon Expressions Wood and Plastic Desk Accessories, Oak",9.98,1,0,2.79
6800,US-2017-109827,12/25/2017,12/28/2017,Tarif normal,LW-16825,Laurel Workman,Entreprise,États-Unis,Phoenix,Arizona,USCA - Ouest,FUR-TA-10002607,Mobilier,Tables,KI Conference Tables,35.45,1,0.5,-24.1
6801,US-2017-109827,12/25/2017,12/28/2017,Tarif normal,LW-16825,Laurel Workman,Entreprise,États-Unis,Phoenix,Arizona,USCA - Ouest,TEC-MA-10003356,Produits technologiques,Machines,Panasonic KX MC6040 Color Laser Multifunction Printer,269.97,2,0.7,-386.96
6802,US-2017-109827,12/25/2017,12/28/2017,Tarif normal,LW-16825,Laurel Workman,Entreprise,États-Unis,Phoenix,Arizona,USCA - Ouest,TEC-AC-10002217,Produits technologiques,Accessoires,Imation Clip USB flash drive - 8 GB,45.12,3,0.2,-7.9
6803,US-2017-109827,12/25/2017,12/28/2017,Tarif normal,LW-16825,Laurel Workman,Entreprise,États-Unis,Phoenix,Arizona,USCA - Ouest,TEC-AC-10004353,Produits technologiques,Accessoires,Hypercom P1300 Pinpad,100.8,2,0.2,21.42
6804,US-2017-109827,12/25/2017,12/28/2017,Tarif normal,LW-16825,Laurel Workman,Entreprise,États-Unis,Phoenix,Arizona,USCA - Ouest,FUR-CH-10004754,Mobilier,Chaises,"Global Stack Chair with Arms, Black",47.97,2,0.2,4.2
6826,US-2017-118689,10/2/2017,10/9/2017,Tarif normal,TC-20980,Tamara Chand,Entreprise,États-Unis,Lafayette,Indiana,USCA - Centre,OFF-ST-10001558,Fournitures de bureau,Stockage,Acco Perma 4000 Stacking Storage Drawers,32.48,2,0,4.87
6827,US-2017-118689,10/2/2017,10/9/2017,Tarif normal,TC-20980,Tamara Chand,Entreprise,États-Unis,Lafayette,Indiana,USCA - Centre,TEC-CO-10004722,Produits technologiques,Photocopieurs,Canon imageCLASS 2200 Advanced Copier,17499.95,5,0,8399.98
6828,US-2017-118689,10/2/2017,10/9/2017,Tarif normal,TC-20980,Tamara Chand,Entreprise,États-Unis,Lafayette,Indiana,USCA - Centre,OFF-BI-10004600,Fournitures de bureau,Classeurs,Ibico Ibimaster 300 Manual Binding System,735.98,2,0,331.19
6829,US-2017-118689,10/2/2017,10/9/2017,Tarif normal,TC-20980,Tamara Chand,Entreprise,États-Unis,Lafayette,Indiana,USCA - Centre,OFF-BI-10003712,Fournitures de bureau,Classeurs,"Acco Pressboard Covers with Storage Hooks, 14 7/8"" x 11"", Light Blue",34.37,7,0,16.84
6830,US-2017-118689,10/2/2017,10/9/2017,Tarif normal,TC-20980,Tamara Chand,Entreprise,États-Unis,Lafayette,Indiana,USCA - Centre,OFF-AR-10001958,Fournitures de bureau,Art,Stanley Bostitch Contemporary Electric Pencil Sharpeners,33.96,2,0,9.51
6831,US-2017-140438,12/24/2017,12/27/2017,J+2,PW-19030,Pauline Webber,Entreprise,États-Unis,New York City,New York,USCA - Est,TEC-PH-10001750,Produits technologiques,Téléphones,Samsung Rugby III,197.97,3,0,53.45
6834,US-2017-153101,9/8/2017,9/8/2017,Le même jour,PJ-19015,Pauline Johnson,Grand public,États-Unis,Santa Ana,Californie,USCA - Ouest,FUR-TA-10003008,Mobilier,Tables,"Lesro Round Back Collection Coffee Table, End Table",146.04,1,0.2,-12.78
6835,US-2017-142615,11/20/2017,11/24/2017,Tarif normal,BM-11575,Brendan Murry,Entreprise,États-Unis,Montebello,Californie,USCA - Ouest,TEC-AC-10004803,Produits technologiques,Accessoires,Sony Micro Vault Click 4 GB USB 2.0 Flash Drive,27.88,2,0,3.9
6842,US-2017-123946,9/12/2017,9/17/2017,Tarif normal,AJ-10795,Anthony Johnson,Entreprise,États-Unis,Springfield,Virginie,USCA - Sud,TEC-AC-10004877,Produits technologiques,Accessoires,Imation 30456 USB Flash Drive 8GB,20.7,3,0,1.66
6843,US-2017-123946,9/12/2017,9/17/2017,Tarif normal,AJ-10795,Anthony Johnson,Entreprise,États-Unis,Springfield,Virginie,USCA - Sud,OFF-FA-10002975,Fournitures de bureau,Éléments de fixation,Staples,11.34,3,0,5.22
6844,US-2017-123946,9/12/2017,9/17/2017,Tarif normal,AJ-10795,Anthony Johnson,Entreprise,États-Unis,Springfield,Virginie,USCA - Sud,OFF-ST-10000419,Fournitures de bureau,Stockage,"Rogers Jumbo File, Granite",67.9,5,0,0.68
6845,US-2017-123946,9/12/2017,9/17/2017,Tarif normal,AJ-10795,Anthony Johnson,Entreprise,États-Unis,Springfield,Virginie,USCA - Sud,FUR-CH-10002073,Mobilier,Chaises,Hon Olson Stacker Chairs,1059.12,4,0,307.14
6847,US-2017-159093,5/9/2017,5/14/2017,Tarif normal,RS-19420,Ricardo Sperren,Entreprise,États-Unis,Los Angeles,Californie,USCA - Ouest,OFF-PA-10001260,Fournitures de bureau,Papier,"TOPS Money Receipt Book, Consecutively Numbered in Red,",32.04,4,0,14.42
6848,US-2017-162110,7/18/2017,7/22/2017,Tarif normal,NP-18670,Nora Paige,Grand public,États-Unis,Phoenix,Arizona,USCA - Ouest,TEC-PH-10001924,Produits technologiques,Téléphones,iHome FM Clock Radio with Lightning Dock,55.99,1,0.2,3.5
6849,US-2017-163461,6/18/2017,6/21/2017,Prioritaire,BT-11440,Bobby Trafton,Grand public,États-Unis,Frankfort,Illinois,USCA - Centre,OFF-PA-10003134,Fournitures de bureau,Papier,Xerox 1937,76.86,2,0.2,26.9
6851,US-2017-100461,1/8/2017,1/12/2017,Tarif normal,JO-15145,Jack O'Briant,Entreprise,États-Unis,Franklin,Wisconsin,USCA - Centre,FUR-BO-10002545,Mobilier,Bibliothèques,"Atlantic Metals Mobile 3-Shelf Bookcases, Custom Colors",1565.88,6,0,407.13
6852,US-2017-100461,1/8/2017,1/12/2017,Tarif normal,JO-15145,Jack O'Briant,Entreprise,États-Unis,Franklin,Wisconsin,USCA - Centre,OFF-BI-10001460,Fournitures de bureau,Classeurs,Plastic Binding Combs,106.05,7,0,49.84
6865,US-2017-126452,8/21/2017,8/28/2017,Tarif normal,SC-20230,Scot Coram,Entreprise,États-Unis,Los Angeles,Californie,USCA - Ouest,OFF-BI-10004465,Fournitures de bureau,Classeurs,Avery Durable Slant Ring Binders,12.67,2,0.2,4.75
6866,US-2017-126452,8/21/2017,8/28/2017,Tarif normal,SC-20230,Scot Coram,Entreprise,États-Unis,Los Angeles,Californie,USCA - Ouest,TEC-PH-10003555,Produits technologiques,Téléphones,Motorola HK250 Universal Bluetooth Headset,91.96,5,0.2,-20.69
6867,US-2017-126452,8/21/2017,8/28/2017,Tarif normal,SC-20230,Scot Coram,Entreprise,États-Unis,Los Angeles,Californie,USCA - Ouest,TEC-AC-10000844,Produits technologiques,Accessoires,Logitech Gaming G510s - Keyboard,254.97,3,0,91.79
6868,US-2017-126452,8/21/2017,8/28/2017,Tarif normal,SC-20230,Scot Coram,Entreprise,États-Unis,Los Angeles,Californie,USCA - Ouest,TEC-PH-10003187,Produits technologiques,Téléphones,Anker Astro Mini 3000mAh Ultra-Compact Portable Charger,31.98,2,0.2,-8
6869,US-2017-126452,8/21/2017,8/28/2017,Tarif normal,SC-20230,Scot Coram,Entreprise,États-Unis,Los Angeles,Californie,USCA - Ouest,FUR-TA-10003569,Mobilier,Tables,Bretford CR8500 Series Meeting Room Furniture,2887.06,9,0.2,180.44
6870,US-2017-126452,8/21/2017,8/28/2017,Tarif normal,SC-20230,Scot Coram,Entreprise,États-Unis,Los Angeles,Californie,USCA - Ouest,OFF-PA-10003848,Fournitures de bureau,Papier,Xerox 1997,12.96,2,0,6.22
6871,US-2017-126452,8/21/2017,8/28/2017,Tarif normal,SC-20230,Scot Coram,Entreprise,États-Unis,Los Angeles,Californie,USCA - Ouest,OFF-PA-10002606,Fournitures de bureau,Papier,Xerox 1928,47.52,9,0,21.38
6872,US-2017-145009,12/5/2017,12/8/2017,J+2,RF-19345,Randy Ferguson,Entreprise,États-Unis,Chicago,Illinois,USCA - Centre,OFF-LA-10004853,Fournitures de bureau,Étiquettes,Avery 483,11.95,3,0.2,3.88
6876,US-2017-121013,9/5/2017,9/10/2017,Tarif normal,MM-17920,Michael Moore,Grand public,États-Unis,Chesapeake,Virginie,USCA - Sud,OFF-LA-10004545,Fournitures de bureau,Étiquettes,Avery 50,25.06,2,0,11.78
6877,US-2017-121013,9/5/2017,9/10/2017,Tarif normal,MM-17920,Michael Moore,Grand public,États-Unis,Chesapeake,Virginie,USCA - Sud,FUR-TA-10003238,Mobilier,Tables,"Chromcraft Bull-Nose Wood 48"" x 96"" Rectangular Conference Tables",1652.94,3,0,314.06
6908,US-2017-140249,9/27/2017,10/3/2017,Tarif normal,SW-20455,Shaun Weien,Grand public,États-Unis,Seattle,Washington,USCA - Ouest,TEC-PH-10002584,Produits technologiques,Téléphones,Samsung Galaxy S4,1001.58,2,0.2,125.2
6919,US-2017-105473,4/16/2017,4/18/2017,J+2,BM-11785,Bryan Mills,Grand public,États-Unis,Seattle,Washington,USCA - Ouest,OFF-SU-10003567,Fournitures de bureau,Fournitures,Stiletto Hand Letter Openers,28.8,3,0,0.86
6927,US-2017-140046,7/28/2017,8/3/2017,Tarif normal,KM-16660,Khloe Miller,Grand public,États-Unis,Los Angeles,Californie,USCA - Ouest,OFF-LA-10000305,Fournitures de bureau,Étiquettes,Avery 495,18.9,3,0,8.69
6928,US-2017-140382,6/23/2017,6/25/2017,J+2,RD-19900,Ruben Dartt,Grand public,États-Unis,San Francisco,Californie,USCA - Ouest,OFF-ST-10003638,Fournitures de bureau,Stockage,Mobile Personal File Cube,93.68,4,0,25.29
6929,US-2017-140382,6/23/2017,6/25/2017,J+2,RD-19900,Ruben Dartt,Grand public,États-Unis,San Francisco,Californie,USCA - Ouest,OFF-LA-10001934,Fournitures de bureau,Étiquettes,Avery 516,21.93,3,0,10.31
6930,US-2017-140382,6/23/2017,6/25/2017,J+2,RD-19900,Ruben Dartt,Grand public,États-Unis,San Francisco,Californie,USCA - Ouest,TEC-PH-10003012,Produits technologiques,Téléphones,Nortel Meridian M3904 Professional Digital phone,862.34,7,0.2,97.01
6931,US-2017-140382,6/23/2017,6/25/2017,J+2,RD-19900,Ruben Dartt,Grand public,États-Unis,San Francisco,Californie,USCA - Ouest,OFF-PA-10001019,Fournitures de bureau,Papier,Xerox 1884,19.98,1,0,9.39
6937,US-2017-129847,9/2/2017,9/4/2017,Prioritaire,TA-21385,Tom Ashbrook,Bureau à domicile,États-Unis,Chicago,Illinois,USCA - Centre,FUR-FU-10000277,Mobilier,Meubles,Deflect-o DuraMat Antistatic Studded Beveled Mat for Medium Pile Carpeting,84.27,2,0.6,-75.84
6939,US-2017-125094,11/5/2017,11/9/2017,Tarif normal,NP-18700,Nora Preis,Grand public,États-Unis,Seattle,Washington,USCA - Ouest,TEC-AC-10004420,Produits technologiques,Accessoires,Cherry 142-key Programmable Keyboard,479.72,4,0,52.77
6946,US-2017-106243,6/22/2017,6/25/2017,Tarif normal,GM-14680,Greg Matthias,Grand public,États-Unis,New York City,New York,USCA - Est,FUR-BO-10003034,Mobilier,Bibliothèques,"O'Sullivan Elevations Bookcase, Cherry Finish",523.92,5,0.2,-26.2
6957,US-2017-157588,7/14/2017,7/19/2017,Tarif normal,AR-10570,Anemone Ratner,Grand public,États-Unis,Columbus,Géorgie,USCA - Sud,OFF-BI-10003963,Fournitures de bureau,Classeurs,Cardinal Holdit Data Disk Pockets,36.4,5,0,17.11
6958,US-2017-157588,7/14/2017,7/19/2017,Tarif normal,AR-10570,Anemone Ratner,Grand public,États-Unis,Columbus,Géorgie,USCA - Sud,FUR-FU-10004848,Mobilier,Meubles,"Howard Miller 13-3/4"" Diameter Brushed Chrome Round Wall Clock",51.75,1,0,15.53
6963,US-2017-157161,7/16/2017,7/20/2017,J+2,JD-15895,Jonathan Doherty,Entreprise,États-Unis,Columbia,Caroline du Sud,USCA - Sud,OFF-EN-10001509,Fournitures de bureau,Enveloppes,Poly String Tie Envelopes,10.2,5,0,4.79
6964,US-2017-157161,7/16/2017,7/20/2017,J+2,JD-15895,Jonathan Doherty,Entreprise,États-Unis,Columbia,Caroline du Sud,USCA - Sud,OFF-AR-10003338,Fournitures de bureau,Art,"Eberhard Faber 3 1/2"" Golf Pencils",22.32,3,0,5.58
6965,US-2017-157161,7/16/2017,7/20/2017,J+2,JD-15895,Jonathan Doherty,Entreprise,États-Unis,Columbia,Caroline du Sud,USCA - Sud,OFF-BI-10004728,Fournitures de bureau,Classeurs,Wilson Jones Turn Tabs Binder Tool for Ring Binders,24.1,5,0,11.09
6966,US-2017-157161,7/16/2017,7/20/2017,J+2,JD-15895,Jonathan Doherty,Entreprise,États-Unis,Columbia,Caroline du Sud,USCA - Sud,TEC-AC-10000358,Produits technologiques,Accessoires,Imation Secure Drive + Hardware Encrypted USB flash drive - 16 GB,75.98,2,0,18.24
6967,US-2017-157161,7/16/2017,7/20/2017,J+2,JD-15895,Jonathan Doherty,Entreprise,États-Unis,Columbia,Caroline du Sud,USCA - Sud,OFF-BI-10002764,Fournitures de bureau,Classeurs,Recycled Pressboard Report Cover with Reinforced Top Hinge,6.46,2,0,3.17
6968,US-2017-157161,7/16/2017,7/20/2017,J+2,JD-15895,Jonathan Doherty,Entreprise,États-Unis,Columbia,Caroline du Sud,USCA - Sud,OFF-PA-10001461,Fournitures de bureau,Papier,HP Office Paper (20Lb. and 87 Bright),60.12,9,0,28.86
6970,US-2017-163937,1/10/2017,1/13/2017,J+2,JB-16000,Joy Bell-,Grand public,États-Unis,Longview,Washington,USCA - Ouest,FUR-FU-10000010,Mobilier,Meubles,"DAX Value U-Channel Document Frames, Easel Back",24.85,5,0,7.7
6978,US-2017-119298,11/25/2017,11/28/2017,Prioritaire,EP-13915,Emily Phan,Grand public,États-Unis,Jonesboro,Arkansas,USCA - Sud,TEC-PH-10002564,Produits technologiques,Téléphones,OtterBox Defender Series Case - Samsung Galaxy S4,59.98,2,0,17.99
6983,US-2017-116526,9/1/2017,9/5/2017,Tarif normal,JA-15970,Joseph Airdo,Grand public,États-Unis,Detroit,Michigan,USCA - Centre,OFF-BI-10004728,Fournitures de bureau,Classeurs,Wilson Jones Turn Tabs Binder Tool for Ring Binders,24.1,5,0,11.09
6984,US-2017-116526,9/1/2017,9/5/2017,Tarif normal,JA-15970,Joseph Airdo,Grand public,États-Unis,Detroit,Michigan,USCA - Centre,TEC-PH-10002365,Produits technologiques,Téléphones,Belkin Grip Candy Sheer Case / Cover for iPhone 5 and 5S,8.78,1,0,2.28
6985,US-2017-116526,9/1/2017,9/5/2017,Tarif normal,JA-15970,Joseph Airdo,Grand public,États-Unis,Detroit,Michigan,USCA - Centre,OFF-AP-10002457,Fournitures de bureau,Électroménager,"Eureka The Boss Plus 12-Amp Hard Box Upright Vacuum, Red",376.74,4,0.1,71.16
6986,US-2017-116526,9/1/2017,9/5/2017,Tarif normal,JA-15970,Joseph Airdo,Grand public,États-Unis,Detroit,Michigan,USCA - Centre,OFF-BI-10000320,Fournitures de bureau,Classeurs,GBC Plastic Binding Combs,29.52,4,0,14.46
6987,US-2017-116526,9/1/2017,9/5/2017,Tarif normal,JA-15970,Joseph Airdo,Grand public,États-Unis,Detroit,Michigan,USCA - Centre,OFF-AR-10004999,Fournitures de bureau,Art,Newell 315,11.96,2,0,2.99
6988,US-2017-116526,9/1/2017,9/5/2017,Tarif normal,JA-15970,Joseph Airdo,Grand public,États-Unis,Detroit,Michigan,USCA - Centre,OFF-BI-10001116,Fournitures de bureau,Classeurs,"Wilson Jones 1"" Hanging DublLock Ring Binders",26.4,5,0,12.67
6999,US-2017-134369,9/16/2017,9/22/2017,Tarif normal,BC-11125,Becky Castell,Bureau à domicile,États-Unis,Laguna Niguel,Californie,USCA - Ouest,OFF-PA-10002195,Fournitures de bureau,Papier,Xerox 1966,12.96,2,0,6.35
7019,US-2017-154256,6/23/2017,6/27/2017,J+2,SM-20005,Sally Matthias,Grand public,États-Unis,New York City,New York,USCA - Est,OFF-LA-10003720,Fournitures de bureau,Étiquettes,Avery 487,25.83,7,0,12.14
7029,US-2017-157840,12/20/2017,12/23/2017,J+2,MC-17575,Matt Collins,Grand public,États-Unis,Fremont,Nebraska,USCA - Centre,OFF-PA-10003673,Fournitures de bureau,Papier,Strathmore Photo Mount Cards,33.9,5,0,15.59
7030,US-2017-145548,11/11/2017,11/16/2017,Tarif normal,EB-13750,Edward Becker,Entreprise,États-Unis,New York City,New York,USCA - Est,OFF-ST-10002562,Fournitures de bureau,Stockage,Staple magnet,28.14,3,0,7.88
7031,US-2017-145548,11/11/2017,11/16/2017,Tarif normal,EB-13750,Edward Becker,Entreprise,États-Unis,New York City,New York,USCA - Est,TEC-AC-10002305,Produits technologiques,Accessoires,KeyTronic E03601U1 - Keyboard - Beige,36,2,0,6.48
7032,US-2017-145548,11/11/2017,11/16/2017,Tarif normal,EB-13750,Edward Becker,Entreprise,États-Unis,New York City,New York,USCA - Est,OFF-AR-10003373,Fournitures de bureau,Art,"Boston School Pro Electric Pencil Sharpener, 1670",92.94,3,0,25.09
7033,US-2017-145548,11/11/2017,11/16/2017,Tarif normal,EB-13750,Edward Becker,Entreprise,États-Unis,New York City,New York,USCA - Est,FUR-CH-10003774,Mobilier,Chaises,"Global Wood Trimmed Manager's Task Chair, Khaki",245.65,3,0.1,8.19
7034,US-2017-145548,11/11/2017,11/16/2017,Tarif normal,EB-13750,Edward Becker,Entreprise,États-Unis,New York City,New York,USCA - Est,OFF-BI-10001510,Fournitures de bureau,Classeurs,Deluxe Heavy-Duty Vinyl Round Ring Binder,55.01,3,0.2,17.19
7035,US-2017-145548,11/11/2017,11/16/2017,Tarif normal,EB-13750,Edward Becker,Entreprise,États-Unis,New York City,New York,USCA - Est,OFF-BI-10004236,Fournitures de bureau,Classeurs,"XtraLife ClearVue Slant-D Ring Binder, White, 3""",35.23,3,0.2,11.45
7046,US-2017-160136,11/3/2017,11/9/2017,Tarif normal,PJ-18835,Patrick Jones,Entreprise,États-Unis,Dallas,Texas,USCA - Centre,OFF-PA-10002160,Fournitures de bureau,Papier,Xerox 1978,9.25,2,0.2,3.35
7049,US-2017-119515,8/14/2017,8/16/2017,Prioritaire,TR-21325,Toby Ritter,Grand public,États-Unis,Nashville,Tennessee,USCA - Sud,OFF-PA-10000552,Fournitures de bureau,Papier,Xerox 200,15.55,3,0.2,5.44
7051,US-2017-165330,12/11/2017,12/11/2017,Le même jour,WB-21850,William Brown,Grand public,États-Unis,Anaheim,Californie,USCA - Ouest,OFF-BI-10004593,Fournitures de bureau,Classeurs,Ibico Laser Imprintable Binding System Covers,209.6,5,0.2,68.12
7052,US-2017-165330,12/11/2017,12/11/2017,Le même jour,WB-21850,William Brown,Grand public,États-Unis,Anaheim,Californie,USCA - Ouest,OFF-AR-10000914,Fournitures de bureau,Art,Boston 16765 Mini Stand Up Battery Pencil Sharpener,23.32,2,0,6.06
7053,US-2017-165330,12/11/2017,12/11/2017,Le même jour,WB-21850,William Brown,Grand public,États-Unis,Anaheim,Californie,USCA - Ouest,OFF-PA-10000241,Fournitures de bureau,Papier,"IBM Multi-Purpose Copy Paper, 8 1/2 x 11"", Case",30.98,1,0,13.94
7054,US-2017-165330,12/11/2017,12/11/2017,Le même jour,WB-21850,William Brown,Grand public,États-Unis,Anaheim,Californie,USCA - Ouest,TEC-AC-10000057,Produits technologiques,Accessoires,Microsoft Natural Ergonomic Keyboard 4000,119.96,4,0,25.19
7055,US-2017-165330,12/11/2017,12/11/2017,Le même jour,WB-21850,William Brown,Grand public,États-Unis,Anaheim,Californie,USCA - Ouest,FUR-CH-10003774,Mobilier,Chaises,"Global Wood Trimmed Manager's Task Chair, Khaki",363.92,5,0.2,-31.84
7056,US-2017-165330,12/11/2017,12/11/2017,Le même jour,WB-21850,William Brown,Grand public,États-Unis,Anaheim,Californie,USCA - Ouest,OFF-BI-10002824,Fournitures de bureau,Classeurs,Recycled Easel Ring Binders,35.81,3,0.2,11.19
7057,US-2017-165330,12/11/2017,12/11/2017,Le même jour,WB-21850,William Brown,Grand public,États-Unis,Anaheim,Californie,USCA - Ouest,OFF-BI-10004001,Fournitures de bureau,Classeurs,GBC Recycled VeloBinder Covers,122.69,9,0.2,39.87
7058,US-2017-165330,12/11/2017,12/11/2017,Le même jour,WB-21850,William Brown,Grand public,États-Unis,Anaheim,Californie,USCA - Ouest,FUR-TA-10004619,Mobilier,Tables,Hon Non-Folding Utility Tables,892.14,7,0.2,111.52
7059,US-2017-165330,12/11/2017,12/11/2017,Le même jour,WB-21850,William Brown,Grand public,États-Unis,Anaheim,Californie,USCA - Ouest,OFF-ST-10000636,Fournitures de bureau,Stockage,Rogers Profile Extra Capacity Storage Tub,50.22,3,0,2.01
7060,US-2017-165330,12/11/2017,12/11/2017,Le même jour,WB-21850,William Brown,Grand public,États-Unis,Anaheim,Californie,USCA - Ouest,OFF-AP-10001469,Fournitures de bureau,Électroménager,Fellowes 8 Outlet Superior Workstation Surge Protector,83.42,2,0,24.19
7061,US-2017-165330,12/11/2017,12/11/2017,Le même jour,WB-21850,William Brown,Grand public,États-Unis,Anaheim,Californie,USCA - Ouest,OFF-BI-10002897,Fournitures de bureau,Classeurs,"Black Avery Memo-Size 3-Ring Binder, 5 1/2"" x 8 1/2""",5.87,2,0.2,2.13
7063,US-2017-157742,12/29/2017,1/1/2018,J+2,KL-16645,Ken Lonsdale,Grand public,États-Unis,Springfield,Oregon,USCA - Ouest,OFF-EN-10002592,Fournitures de bureau,Enveloppes,"Peel & Seel Recycled Catalog Envelopes, Brown",27.79,3,0.2,10.42
7067,US-2017-147473,2/19/2017,2/22/2017,Tarif normal,NL-18310,Nancy Lomonaco,Bureau à domicile,États-Unis,Los Angeles,Californie,USCA - Ouest,OFF-PA-10004782,Fournitures de bureau,Papier,Xerox 228,38.88,6,0,18.66
7068,US-2017-114209,5/21/2017,5/26/2017,Tarif normal,AS-10285,Alejandro Savely,Entreprise,États-Unis,Dallas,Texas,USCA - Centre,OFF-BI-10000343,Fournitures de bureau,Classeurs,"Pressboard Covers with Storage Hooks, 9 1/2"" x 11"", Light Blue",1.96,2,0.8,-3.24
7069,US-2017-114209,5/21/2017,5/26/2017,Tarif normal,AS-10285,Alejandro Savely,Entreprise,États-Unis,Dallas,Texas,USCA - Centre,OFF-PA-10003591,Fournitures de bureau,Papier,Southworth 100% Cotton The Best Paper,82.66,9,0.2,31
7071,US-2017-164490,9/5/2017,9/10/2017,J+2,SU-20665,Stephanie Ulpright,Bureau à domicile,États-Unis,Chicago,Illinois,USCA - Centre,OFF-PA-10004971,Fournitures de bureau,Papier,Xerox 196,9.25,2,0.2,3.35
7072,US-2017-112256,7/23/2017,7/28/2017,Tarif normal,CK-12205,Chloris Kastensmidt,Grand public,États-Unis,Mcallen,Texas,USCA - Centre,OFF-AR-10001216,Fournitures de bureau,Art,Newell 339,4.45,2,0.2,0.33
7073,US-2017-112256,7/23/2017,7/28/2017,Tarif normal,CK-12205,Chloris Kastensmidt,Grand public,États-Unis,Mcallen,Texas,USCA - Centre,OFF-PA-10004355,Fournitures de bureau,Papier,Xerox 231,5.18,1,0.2,1.81
7074,US-2017-112256,7/23/2017,7/28/2017,Tarif normal,CK-12205,Chloris Kastensmidt,Grand public,États-Unis,Mcallen,Texas,USCA - Centre,OFF-AR-10001953,Fournitures de bureau,Art,Boston 1645 Deluxe Heavier-Duty Electric Pencil Sharpener,175.92,5,0.2,15.39
7075,US-2017-112256,7/23/2017,7/28/2017,Tarif normal,CK-12205,Chloris Kastensmidt,Grand public,États-Unis,Mcallen,Texas,USCA - Centre,OFF-BI-10004364,Fournitures de bureau,Classeurs,Storex Dura Pro Binders,4.75,4,0.8,-8.32
7076,US-2017-112256,7/23/2017,7/28/2017,Tarif normal,CK-12205,Chloris Kastensmidt,Grand public,États-Unis,Mcallen,Texas,USCA - Centre,OFF-SU-10001165,Fournitures de bureau,Fournitures,Acme Elite Stainless Steel Scissors,13.34,2,0.2,1
7077,US-2017-167416,5/12/2017,5/17/2017,Tarif normal,JM-15580,Jill Matthias,Grand public,États-Unis,Seattle,Washington,USCA - Ouest,OFF-EN-10001141,Fournitures de bureau,Enveloppes,"Manila Recycled Extra-Heavyweight Clasp Envelopes, 6"" x 9""",54.9,5,0,26.9
7078,US-2017-106950,9/2/2017,9/6/2017,Tarif normal,JE-15715,Joe Elijah,Grand public,États-Unis,Charlotte,Caroline du Nord,USCA - Sud,OFF-BI-10000014,Fournitures de bureau,Classeurs,Heavy-Duty E-Z-D Binders,22.91,7,0.7,-17.57
7079,US-2017-106950,9/2/2017,9/6/2017,Tarif normal,JE-15715,Joe Elijah,Grand public,États-Unis,Charlotte,Caroline du Nord,USCA - Sud,OFF-AP-10000159,Fournitures de bureau,Électroménager,Belkin F9M820V08 8 Outlet Surge,309.46,9,0.2,34.81
7080,US-2017-106950,9/2/2017,9/6/2017,Tarif normal,JE-15715,Joe Elijah,Grand public,États-Unis,Charlotte,Caroline du Nord,USCA - Sud,OFF-AR-10003560,Fournitures de bureau,Art,Zebra Zazzle Fluorescent Highlighters,19.46,4,0.2,3.4
7081,US-2017-106950,9/2/2017,9/6/2017,Tarif normal,JE-15715,Joe Elijah,Grand public,États-Unis,Charlotte,Caroline du Nord,USCA - Sud,FUR-TA-10001768,Mobilier,Tables,Hon Racetrack Conference Tables,472.52,3,0.4,-149.63
7082,US-2017-106950,9/2/2017,9/6/2017,Tarif normal,JE-15715,Joe Elijah,Grand public,États-Unis,Charlotte,Caroline du Nord,USCA - Sud,TEC-AC-10002049,Produits technologiques,Accessoires,Plantronics Savi W720 Multi-Device Wireless Headset System,1012.68,3,0.2,303.8
7083,US-2017-106950,9/2/2017,9/6/2017,Tarif normal,JE-15715,Joe Elijah,Grand public,États-Unis,Charlotte,Caroline du Nord,USCA - Sud,OFF-BI-10003166,Fournitures de bureau,Classeurs,GBC Plasticlear Binding Covers,17.22,5,0.7,-12.63
7096,US-2017-101980,8/19/2017,8/20/2017,Prioritaire,RP-19390,Resi Pölking,Grand public,États-Unis,New York City,New York,USCA - Est,OFF-BI-10000666,Fournitures de bureau,Classeurs,Surelock Post Binders,146.69,6,0.2,55.01
7097,US-2017-101980,8/19/2017,8/20/2017,Prioritaire,RP-19390,Resi Pölking,Grand public,États-Unis,New York City,New York,USCA - Est,OFF-BI-10004318,Fournitures de bureau,Classeurs,Ibico EB-19 Dual Function Manual Binding System,276.78,2,0.2,89.95
7098,US-2017-101980,8/19/2017,8/20/2017,Prioritaire,RP-19390,Resi Pölking,Grand public,États-Unis,New York City,New York,USCA - Est,OFF-BI-10003429,Fournitures de bureau,Classeurs,"Cardinal HOLDit! Binder Insert Strips,Extra Strips",25.32,5,0.2,9.18
7102,US-2017-144337,8/1/2017,8/5/2017,J+2,SG-20890,Susan Gilcrest,Entreprise,États-Unis,Amarillo,Texas,USCA - Centre,OFF-PA-10000249,Fournitures de bureau,Papier,Easy-staple paper,19.65,2,0.2,6.63
7108,US-2017-109666,4/19/2017,4/26/2017,Tarif normal,KM-16720,Kunst Miller,Grand public,États-Unis,New York City,New York,USCA - Est,TEC-PH-10004774,Produits technologiques,Téléphones,Gear Head AU3700S Headset,25.98,2,0,0.78
7109,US-2017-109666,4/19/2017,4/26/2017,Tarif normal,KM-16720,Kunst Miller,Grand public,États-Unis,New York City,New York,USCA - Est,OFF-AR-10004582,Fournitures de bureau,Art,BIC Brite Liner Grip Highlighters,3.28,2,0,1.48
7110,US-2017-109666,4/19/2017,4/26/2017,Tarif normal,KM-16720,Kunst Miller,Grand public,États-Unis,New York City,New York,USCA - Est,OFF-ST-10000991,Fournitures de bureau,Stockage,Space Solutions HD Industrial Steel Shelving.,459.88,4,0,13.8
7111,US-2017-109666,4/19/2017,4/26/2017,Tarif normal,KM-16720,Kunst Miller,Grand public,États-Unis,New York City,New York,USCA - Est,OFF-SU-10002522,Fournitures de bureau,Fournitures,Acme Kleen Earth Office Shears,7.76,2,0,2.25
7112,US-2017-109666,4/19/2017,4/26/2017,Tarif normal,KM-16720,Kunst Miller,Grand public,États-Unis,New York City,New York,USCA - Est,OFF-AR-10004022,Fournitures de bureau,Art,Panasonic KP-380BK Classic Electric Pencil Sharpener,71.96,2,0,17.99
7113,US-2017-109666,4/19/2017,4/26/2017,Tarif normal,KM-16720,Kunst Miller,Grand public,États-Unis,New York City,New York,USCA - Est,OFF-SU-10001218,Fournitures de bureau,Fournitures,Fiskars Softgrip Scissors,54.9,5,0,15.37
7114,US-2017-109666,4/19/2017,4/26/2017,Tarif normal,KM-16720,Kunst Miller,Grand public,États-Unis,New York City,New York,USCA - Est,OFF-BI-10000174,Fournitures de bureau,Classeurs,"Wilson Jones Clip & Carry Folder Binder Tool for Ring Binders, Clear",9.28,2,0.2,3.25
7115,US-2017-102239,5/5/2017,5/6/2017,Prioritaire,LW-16990,Lindsay Williams,Entreprise,États-Unis,Henderson,Nevada,USCA - Ouest,FUR-TA-10003392,Mobilier,Tables,Global Adaptabilities Conference Tables,1685.88,6,0,320.32
7116,US-2017-102239,5/5/2017,5/6/2017,Prioritaire,LW-16990,Lindsay Williams,Entreprise,États-Unis,Henderson,Nevada,USCA - Ouest,OFF-BI-10001890,Fournitures de bureau,Classeurs,Avery Poly Binder Pockets,5.73,2,0.2,2
7126,US-2017-123176,9/27/2017,9/29/2017,J+2,JG-15160,James Galang,Grand public,États-Unis,Atlanta,Géorgie,USCA - Sud,OFF-PA-10003971,Fournitures de bureau,Papier,Xerox 1965,17.94,3,0,8.79
7127,US-2017-123176,9/27/2017,9/29/2017,J+2,JG-15160,James Galang,Grand public,États-Unis,Atlanta,Géorgie,USCA - Sud,OFF-AR-10004685,Fournitures de bureau,Art,"Binney & Smith Crayola Metallic Colored Pencils, 8-Color Set",13.89,3,0,4.58
7128,US-2017-117541,11/14/2017,11/20/2017,Tarif normal,JM-16195,Justin MacKendrick,Grand public,États-Unis,Newark,Delaware,USCA - Est,OFF-PA-10001609,Fournitures de bureau,Papier,Tops Wirebound Message Log Books,16.45,5,0,7.57
7129,US-2017-117541,11/14/2017,11/20/2017,Tarif normal,JM-16195,Justin MacKendrick,Grand public,États-Unis,Newark,Delaware,USCA - Est,FUR-FU-10000550,Mobilier,Meubles,Stacking Trays by OIC,19.92,4,0,6.57
7130,US-2017-166282,4/16/2017,4/22/2017,Tarif normal,PK-19075,Pete Kriz,Grand public,États-Unis,Nashville,Tennessee,USCA - Sud,TEC-AC-10004209,Produits technologiques,Accessoires,Memorex Froggy Flash Drive 4 GB,35.17,4,0.2,8.35
7131,US-2017-166282,4/16/2017,4/22/2017,Tarif normal,PK-19075,Pete Kriz,Grand public,États-Unis,Nashville,Tennessee,USCA - Sud,OFF-PA-10003022,Fournitures de bureau,Papier,Standard Line “While You Were Out” Hardbound Telephone Message Book,123.09,7,0.2,40
7148,US-2017-139941,6/12/2017,6/17/2017,Tarif normal,CB-12415,Christy Brittain,Grand public,États-Unis,Long Beach,New York,USCA - Est,OFF-PA-10000241,Fournitures de bureau,Papier,"IBM Multi-Purpose Copy Paper, 8 1/2 x 11"", Case",92.94,3,0,41.82
7149,US-2017-139941,6/12/2017,6/17/2017,Tarif normal,CB-12415,Christy Brittain,Grand public,États-Unis,Long Beach,New York,USCA - Est,OFF-AP-10004036,Fournitures de bureau,Électroménager,Bionaire 99.97% HEPA Air Cleaner,52.56,3,0,18.4
7158,US-2017-131380,3/28/2017,3/29/2017,J+2,CC-12220,Chris Cortes,Grand public,États-Unis,Los Angeles,Californie,USCA - Ouest,OFF-ST-10002485,Fournitures de bureau,Stockage,Rogers Deluxe File Chest,87.92,4,0,0.88
7159,US-2017-131380,3/28/2017,3/29/2017,J+2,CC-12220,Chris Cortes,Grand public,États-Unis,Los Angeles,Californie,USCA - Ouest,OFF-PA-10001243,Fournitures de bureau,Papier,Xerox 1983,5.98,1,0,2.93
7166,US-2017-158610,9/19/2017,9/22/2017,Prioritaire,CK-12595,Clytie Kelty,Grand public,États-Unis,Providence,Rhode Island,USCA - Est,OFF-ST-10000604,Fournitures de bureau,Stockage,Home/Office Personal File Carts,69.52,2,0,17.38
7180,US-2017-144351,11/14/2017,11/18/2017,Tarif normal,RC-19960,Ryan Crowe,Grand public,États-Unis,Baltimore,Maryland,USCA - Est,TEC-PH-10001644,Produits technologiques,Téléphones,"BlueLounge Milo Smartphone Stand, White/Metallic",89.97,3,0,25.19
7182,US-2017-138667,12/27/2017,12/30/2017,J+2,MW-18220,Mitch Webber,Grand public,États-Unis,Lancaster,Ohio,USCA - Est,TEC-AC-10003063,Produits technologiques,Accessoires,Micro Innovations USB RF Wireless Keyboard with Mouse,40,2,0.2,0.5
7190,US-2017-164399,11/12/2017,11/15/2017,Prioritaire,DW-13480,Dianna Wilson,Bureau à domicile,États-Unis,San Diego,Californie,USCA - Ouest,TEC-PH-10004908,Produits technologiques,Téléphones,Panasonic KX TS3282W Corded phone,203.98,3,0.2,25.5
7191,US-2017-164399,11/12/2017,11/15/2017,Prioritaire,DW-13480,Dianna Wilson,Bureau à domicile,États-Unis,San Diego,Californie,USCA - Ouest,FUR-TA-10003392,Mobilier,Tables,Global Adaptabilities Conference Tables,674.35,3,0.2,-8.43
7192,US-2017-116918,10/1/2017,10/6/2017,J+2,JK-15205,Jamie Kunitz,Grand public,États-Unis,Hialeah,Floride,USCA - Sud,OFF-BI-10004140,Fournitures de bureau,Classeurs,Avery Non-Stick Binders,5.39,4,0.7,-4.49
7193,US-2017-116918,10/1/2017,10/6/2017,J+2,JK-15205,Jamie Kunitz,Grand public,États-Unis,Hialeah,Floride,USCA - Sud,OFF-AR-10003631,Fournitures de bureau,Art,Staples in misc. colors,30.98,8,0.2,5.03
7194,US-2017-110492,2/12/2017,2/14/2017,Prioritaire,JS-15880,John Stevenson,Grand public,États-Unis,Atlanta,Géorgie,USCA - Sud,OFF-ST-10003716,Fournitures de bureau,Stockage,Tennsco Double-Tier Lockers,1350.12,6,0,175.52
7195,US-2017-110492,2/12/2017,2/14/2017,Prioritaire,JS-15880,John Stevenson,Grand public,États-Unis,Atlanta,Géorgie,USCA - Sud,OFF-BI-10003274,Fournitures de bureau,Classeurs,"Avery Durable Slant Ring Binders, No Labels",15.92,4,0,7.48
7196,US-2017-147683,11/13/2017,11/17/2017,Tarif normal,PO-19180,Philisse Overcash,Bureau à domicile,États-Unis,Seattle,Washington,USCA - Ouest,FUR-FU-10004848,Mobilier,Meubles,DAX Solid Wood Frames,19.54,2,0,7.23
7201,US-2017-104276,11/27/2017,12/3/2017,Tarif normal,HF-14995,Herbert Flentye,Grand public,États-Unis,Fort Lauderdale,Floride,USCA - Sud,TEC-PH-10001944,Produits technologiques,Téléphones,Wi-Ex zBoost YX540 Cellular Phone Signal Booster,116.76,1,0.2,14.6
7202,US-2017-104276,11/27/2017,12/3/2017,Tarif normal,HF-14995,Herbert Flentye,Grand public,États-Unis,Fort Lauderdale,Floride,USCA - Sud,FUR-TA-10001039,Mobilier,Tables,KI Adjustable-Height Table,331.02,7,0.5,-114.35
7203,US-2017-120369,10/28/2017,10/28/2017,Le même jour,VB-21745,Victoria Brennan,Entreprise,États-Unis,Rochester,New York,USCA - Est,FUR-FU-10003806,Mobilier,Meubles,"Tenex Chairmat w/ Average Lip, 45"" x 53""",756.8,5,0,75.68
7208,US-2017-143476,9/11/2017,9/13/2017,Prioritaire,LC-16930,Linda Cazamias,Entreprise,États-Unis,Phoenix,Arizona,USCA - Ouest,OFF-AR-10003759,Fournitures de bureau,Art,"Crayola Anti Dust Chalk, 12/Pack",2.91,2,0.2,0.91
7209,US-2017-143476,9/11/2017,9/13/2017,Prioritaire,LC-16930,Linda Cazamias,Entreprise,États-Unis,Phoenix,Arizona,USCA - Ouest,OFF-PA-10001837,Fournitures de bureau,Papier,Xerox 1976,20.74,4,0.2,7.26
7210,US-2017-143476,9/11/2017,9/13/2017,Prioritaire,LC-16930,Linda Cazamias,Entreprise,États-Unis,Phoenix,Arizona,USCA - Ouest,OFF-PA-10001667,Fournitures de bureau,Papier,Great White Multi-Use Recycled Paper (20Lb. and 84 Bright),9.57,2,0.2,2.99
7211,US-2017-119046,6/2/2017,6/6/2017,Tarif normal,EH-13765,Edward Hooks,Entreprise,États-Unis,Seattle,Washington,USCA - Ouest,OFF-PA-10000246,Fournitures de bureau,Papier,Riverleaf Stik-Withit Designer Note Cubes,30.18,3,0,13.88
7212,US-2017-119046,6/2/2017,6/6/2017,Tarif normal,EH-13765,Edward Hooks,Entreprise,États-Unis,Seattle,Washington,USCA - Ouest,OFF-BI-10001078,Fournitures de bureau,Classeurs,"Acco PRESSTEX Data Binder with Storage Hooks, Dark Blue, 14 7/8"" X 11""",51.65,12,0.2,18.72
7213,US-2017-119046,6/2/2017,6/6/2017,Tarif normal,EH-13765,Edward Hooks,Entreprise,États-Unis,Seattle,Washington,USCA - Ouest,OFF-BI-10000138,Fournitures de bureau,Classeurs,Acco Translucent Poly Ring Binders,11.23,3,0.2,3.93
7224,US-2017-109953,7/14/2017,7/18/2017,Tarif normal,RB-19360,Raymond Buch,Grand public,États-Unis,San Francisco,Californie,USCA - Ouest,TEC-PH-10004093,Produits technologiques,Téléphones,Panasonic Kx-TS550,110.38,3,0.2,12.42
7225,US-2017-109953,7/14/2017,7/18/2017,Tarif normal,RB-19360,Raymond Buch,Grand public,États-Unis,San Francisco,Californie,USCA - Ouest,OFF-AP-10002998,Fournitures de bureau,Électroménager,Holmes 99% HEPA Air Purifier,151.62,7,0,50.03
7226,US-2017-109953,7/14/2017,7/18/2017,Tarif normal,RB-19360,Raymond Buch,Grand public,États-Unis,San Francisco,Californie,USCA - Ouest,FUR-FU-10000073,Mobilier,Meubles,Deflect-O Glasstique Clear Desk Accessories,30.8,4,0,10.16
7234,US-2017-137337,3/8/2017,3/12/2017,Tarif normal,GB-14575,Giulietta Baptist,Grand public,États-Unis,New York City,New York,USCA - Est,FUR-FU-10003347,Mobilier,Meubles,Coloredge Poster Frame,113.6,8,0,44.3
7235,US-2017-137337,3/8/2017,3/12/2017,Tarif normal,GB-14575,Giulietta Baptist,Grand public,États-Unis,New York City,New York,USCA - Est,OFF-PA-10001934,Fournitures de bureau,Papier,Xerox 1993,12.96,2,0,6.35
7236,US-2017-137337,3/8/2017,3/12/2017,Tarif normal,GB-14575,Giulietta Baptist,Grand public,États-Unis,New York City,New York,USCA - Est,OFF-BI-10000632,Fournitures de bureau,Classeurs,Satellite Sectional Post Binders,69.46,2,0.2,22.57
7238,US-2017-164924,7/10/2017,7/10/2017,Le même jour,EA-14035,Erin Ashbrook,Entreprise,États-Unis,Philadelphia,Pennsylvanie,USCA - Est,TEC-MA-10000904,Produits technologiques,Machines,"Brother MFC-9340CDW LED All-In-One Printer, Copier Scanner",341.99,3,0.7,-319.19
7239,US-2017-101651,12/24/2017,12/25/2017,Tarif normal,SC-20305,Sean Christensen,Grand public,États-Unis,San Jose,Californie,USCA - Ouest,FUR-FU-10000771,Mobilier,Meubles,"Eldon 200 Class Desk Accessories, Smoke",43.96,7,0,18.46
7240,US-2017-101651,12/24/2017,12/25/2017,Tarif normal,SC-20305,Sean Christensen,Grand public,États-Unis,San Jose,Californie,USCA - Ouest,OFF-EN-10001990,Fournitures de bureau,Enveloppes,Staple envelope,39.76,7,0,18.69
7252,US-2017-116764,8/27/2017,9/2/2017,Tarif normal,EM-13825,Elizabeth Moffitt,Entreprise,États-Unis,Hollywood,Floride,USCA - Sud,OFF-LA-10002473,Fournitures de bureau,Étiquettes,Avery 484,9.22,4,0.2,3.34
7253,US-2017-152457,9/12/2017,9/18/2017,Tarif normal,SC-20695,Steve Chapman,Entreprise,États-Unis,Roseville,Michigan,USCA - Centre,OFF-PA-10003790,Fournitures de bureau,Papier,Xerox 1991,68.52,3,0,31.52
7254,US-2017-152730,2/19/2017,2/20/2017,Tarif normal,EM-14140,Eugene Moren,Bureau à domicile,États-Unis,Superior,Wisconsin,USCA - Centre,OFF-AP-10002684,Fournitures de bureau,Électroménager,"Acco 7-Outlet Masterpiece Power Center, Wihtout Fax/Phone Line Protection",364.74,3,0,109.42
7255,US-2017-152730,2/19/2017,2/20/2017,Tarif normal,EM-14140,Eugene Moren,Bureau à domicile,États-Unis,Superior,Wisconsin,USCA - Centre,FUR-FU-10001037,Mobilier,Meubles,"DAX Charcoal/Nickel-Tone Document Frame, 5 x 7",47.4,5,0,21.33
7256,US-2017-152730,2/19/2017,2/20/2017,Tarif normal,EM-14140,Eugene Moren,Bureau à domicile,États-Unis,Superior,Wisconsin,USCA - Centre,OFF-ST-10000876,Fournitures de bureau,Stockage,Eldon Simplefile Box Office,49.76,4,0,13.93
7257,US-2017-152730,2/19/2017,2/20/2017,Tarif normal,EM-14140,Eugene Moren,Bureau à domicile,États-Unis,Superior,Wisconsin,USCA - Centre,OFF-AR-10003732,Fournitures de bureau,Art,Newell 333,5.56,2,0,1.45
7258,US-2017-152730,2/19/2017,2/20/2017,Tarif normal,EM-14140,Eugene Moren,Bureau à domicile,États-Unis,Superior,Wisconsin,USCA - Centre,OFF-PA-10000994,Fournitures de bureau,Papier,Xerox 1915,629.1,6,0,301.97
7259,US-2017-152730,2/19/2017,2/20/2017,Tarif normal,EM-14140,Eugene Moren,Bureau à domicile,États-Unis,Superior,Wisconsin,USCA - Centre,OFF-AR-10000940,Fournitures de bureau,Art,Newell 343,14.7,5,0,3.97
7260,US-2017-152730,2/19/2017,2/20/2017,Tarif normal,EM-14140,Eugene Moren,Bureau à domicile,États-Unis,Superior,Wisconsin,USCA - Centre,OFF-PA-10004888,Fournitures de bureau,Papier,Xerox 217,45.36,7,0,21.77
7261,US-2017-152730,2/19/2017,2/20/2017,Tarif normal,EM-14140,Eugene Moren,Bureau à domicile,États-Unis,Superior,Wisconsin,USCA - Centre,TEC-PH-10000441,Produits technologiques,Téléphones,VTech DS6151,125.99,1,0,35.28
7269,US-2017-133368,1/14/2017,1/20/2017,Tarif normal,AG-10675,Anna Gayman,Grand public,États-Unis,Concord,Caroline du Nord,USCA - Sud,OFF-PA-10004039,Fournitures de bureau,Papier,Xerox 1882,89.57,2,0.2,32.47
7270,US-2017-133368,1/14/2017,1/20/2017,Tarif normal,AG-10675,Anna Gayman,Grand public,États-Unis,Concord,Caroline du Nord,USCA - Sud,FUR-FU-10003374,Mobilier,Meubles,Electrix Fluorescent Magnifier Lamps & Weighted Base,315.78,8,0.2,31.58
7271,US-2017-123337,9/16/2017,9/22/2017,Tarif normal,KD-16495,Keith Dawkins,Entreprise,États-Unis,San Jose,Californie,USCA - Ouest,FUR-BO-10001918,Mobilier,Bibliothèques,"Sauder Forest Hills Library with Doors, Woodland Oak Finish",273.67,2,0.2,-12.88
7272,US-2017-123337,9/16/2017,9/22/2017,Tarif normal,KD-16495,Keith Dawkins,Entreprise,États-Unis,San Jose,Californie,USCA - Ouest,OFF-AP-10002287,Fournitures de bureau,Électroménager,"Eureka Sanitaire  Multi-Pro Heavy-Duty Upright, Disposable Bags",17.48,4,0,4.54
7273,US-2017-150357,10/10/2017,10/14/2017,Tarif normal,EB-13975,Erica Bern,Entreprise,États-Unis,Greensboro,Caroline du Nord,USCA - Sud,OFF-SU-10004498,Fournitures de bureau,Fournitures,Martin-Yale Premier Letter Opener,20.61,2,0.2,-4.38
7274,US-2017-150357,10/10/2017,10/14/2017,Tarif normal,EB-13975,Erica Bern,Entreprise,États-Unis,Greensboro,Caroline du Nord,USCA - Sud,OFF-BI-10002557,Fournitures de bureau,Classeurs,Presstex Flexible Ring Binders,4.1,3,0.7,-2.73
7278,US-2017-157217,7/19/2017,7/21/2017,Prioritaire,TC-21535,Tracy Collins,Bureau à domicile,États-Unis,San Francisco,Californie,USCA - Ouest,TEC-PH-10002070,Produits technologiques,Téléphones,Griffin GC36547 PowerJolt SE Lightning Charger,35.98,2,0.2,4.5
7279,US-2017-157217,7/19/2017,7/21/2017,Prioritaire,TC-21535,Tracy Collins,Bureau à domicile,États-Unis,San Francisco,Californie,USCA - Ouest,TEC-AC-10003095,Produits technologiques,Accessoires,Logitech G35 7.1-Channel Surround Sound Headset,389.97,3,0,132.59
7280,US-2017-108224,5/14/2017,5/14/2017,Le même jour,TH-21235,Tiffany House,Entreprise,États-Unis,Yuma,Arizona,USCA - Ouest,TEC-AC-10003832,Produits technologiques,Accessoires,Imation 16GB Mini TravelDrive USB 2.0 Flash Drive,185.53,7,0.2,48.7
7287,US-2017-149965,6/20/2017,6/25/2017,Tarif normal,BS-11365,Bill Shonely,Entreprise,États-Unis,Oklahoma City,Oklahoma,USCA - Centre,TEC-AC-10004877,Produits technologiques,Accessoires,Imation 30456 USB Flash Drive 8GB,6.9,1,0,0.55
7288,US-2017-149965,6/20/2017,6/25/2017,Tarif normal,BS-11365,Bill Shonely,Entreprise,États-Unis,Oklahoma City,Oklahoma,USCA - Centre,FUR-FU-10004270,Mobilier,Meubles,"Executive Impressions 13"" Clairmont Wall Clock",57.69,3,0,23.65
7290,US-2017-153661,10/22/2017,10/23/2017,Prioritaire,SC-20725,Steven Cartwright,Grand public,États-Unis,San Francisco,Californie,USCA - Ouest,OFF-ST-10000675,Fournitures de bureau,Stockage,"File Shuttle II and Handi-File, Black",305.01,9,0,76.25
7291,US-2017-153661,10/22/2017,10/23/2017,Prioritaire,SC-20725,Steven Cartwright,Grand public,États-Unis,San Francisco,Californie,USCA - Ouest,OFF-BI-10004781,Fournitures de bureau,Classeurs,GBC Wire Binding Strips,50.78,2,0.2,17.77
7292,US-2017-153661,10/22/2017,10/23/2017,Prioritaire,SC-20725,Steven Cartwright,Grand public,États-Unis,San Francisco,Californie,USCA - Ouest,OFF-LA-10004689,Fournitures de bureau,Étiquettes,Avery 512,26.01,9,0,12.22
7294,US-2017-113656,1/23/2017,1/29/2017,Tarif normal,CB-12415,Christy Brittain,Grand public,États-Unis,Los Angeles,Californie,USCA - Ouest,FUR-FU-10000719,Mobilier,Meubles,"DAX Cubicle Frames, 8-1/2 x 11",59.99,7,0,21.6
7307,US-2017-144092,11/5/2017,11/7/2017,J+2,LH-17155,Logan Haushalter,Grand public,États-Unis,San Jose,Californie,USCA - Ouest,TEC-AC-10002305,Produits technologiques,Accessoires,KeyTronic E03601U1 - Keyboard - Beige,72,4,0,12.96
7308,US-2017-144092,11/5/2017,11/7/2017,J+2,LH-17155,Logan Haushalter,Grand public,États-Unis,San Jose,Californie,USCA - Ouest,FUR-CH-10004875,Mobilier,Chaises,Harbour Creations 67200 Series Stacking Chairs,113.89,2,0.2,9.97
7309,US-2017-144092,11/5/2017,11/7/2017,J+2,LH-17155,Logan Haushalter,Grand public,États-Unis,San Jose,Californie,USCA - Ouest,OFF-EN-10001434,Fournitures de bureau,Enveloppes,"Strathmore #10 Envelopes, Ultimate White",158.13,3,0,77.48
7315,US-2017-121377,5/28/2017,6/2/2017,Tarif normal,TN-21040,Tanja Norvell,Bureau à domicile,États-Unis,Park Ridge,Illinois,USCA - Centre,TEC-PH-10001817,Produits technologiques,Téléphones,Wilson Electronics DB Pro Signal Booster,286.4,1,0.2,25.06
7317,US-2017-132066,10/16/2017,10/20/2017,Tarif normal,NB-18655,Nona Balk,Entreprise,États-Unis,New York City,New York,USCA - Est,FUR-TA-10001539,Mobilier,Tables,Chromcraft Rectangular Conference Tables,142.18,1,0.4,-37.92
7331,US-2017-149349,11/12/2017,11/13/2017,Prioritaire,SP-20650,Stephanie Phelps,Entreprise,États-Unis,Chicago,Illinois,USCA - Centre,FUR-FU-10001037,Mobilier,Meubles,"DAX Charcoal/Nickel-Tone Document Frame, 5 x 7",22.75,6,0.6,-8.53
7354,US-2017-151974,9/22/2017,9/29/2017,Tarif normal,RD-19660,Robert Dilbeck,Bureau à domicile,États-Unis,Philadelphia,Pennsylvanie,USCA - Est,OFF-LA-10004484,Fournitures de bureau,Étiquettes,Avery 476,16.52,5,0.2,5.37
7357,US-2017-114748,10/9/2017,10/14/2017,Tarif normal,MZ-17335,Maria Zettner,Bureau à domicile,États-Unis,Phoenix,Arizona,USCA - Ouest,OFF-AR-10001315,Fournitures de bureau,Art,Newell 310,1.41,1,0.2,0.16
7358,US-2017-114748,10/9/2017,10/14/2017,Tarif normal,MZ-17335,Maria Zettner,Bureau à domicile,États-Unis,Phoenix,Arizona,USCA - Ouest,FUR-FU-10001488,Mobilier,Meubles,"Tenex 46"" x 60"" Computer Anti-Static Chairmat, Rectangular Shaped",169.57,2,0.2,0
7361,US-2017-163594,4/12/2017,4/14/2017,Prioritaire,JF-15295,Jason Fortune-,Grand public,États-Unis,Los Angeles,Californie,USCA - Ouest,OFF-PA-10000809,Fournitures de bureau,Papier,Xerox 206,19.44,3,0,9.33
7362,US-2017-163594,4/12/2017,4/14/2017,Prioritaire,JF-15295,Jason Fortune-,Grand public,États-Unis,Los Angeles,Californie,USCA - Ouest,FUR-CH-10000225,Mobilier,Chaises,"Global Geo Office Task Chair, Gray",194.35,3,0.2,-36.44
7363,US-2017-163594,4/12/2017,4/14/2017,Prioritaire,JF-15295,Jason Fortune-,Grand public,États-Unis,Los Angeles,Californie,USCA - Ouest,OFF-BI-10003707,Fournitures de bureau,Classeurs,Aluminum Screw Posts,36.62,3,0.2,13.73
7364,US-2017-127243,11/28/2017,12/4/2017,Tarif normal,DS-13180,David Smith,Entreprise,États-Unis,Philadelphia,Pennsylvanie,USCA - Est,TEC-PH-10004539,Produits technologiques,Téléphones,Wireless Extenders zBoost YX545 SOHO Signal Booster,340.18,3,0.4,-73.71
7365,US-2017-127243,11/28/2017,12/4/2017,Tarif normal,DS-13180,David Smith,Entreprise,États-Unis,Philadelphia,Pennsylvanie,USCA - Est,OFF-FA-10004076,Fournitures de bureau,Éléments de fixation,Translucent Push Pins by OIC,12.67,8,0.2,2.69
7366,US-2017-127243,11/28/2017,12/4/2017,Tarif normal,DS-13180,David Smith,Entreprise,États-Unis,Philadelphia,Pennsylvanie,USCA - Est,OFF-BI-10003166,Fournitures de bureau,Classeurs,GBC Plasticlear Binding Covers,6.89,2,0.7,-5.05
7367,US-2017-127243,11/28/2017,12/4/2017,Tarif normal,DS-13180,David Smith,Entreprise,États-Unis,Philadelphia,Pennsylvanie,USCA - Est,OFF-ST-10002301,Fournitures de bureau,Stockage,Tennsco Commercial Shelving,32.54,2,0.2,-7.73
7368,US-2017-127243,11/28/2017,12/4/2017,Tarif normal,DS-13180,David Smith,Entreprise,États-Unis,Philadelphia,Pennsylvanie,USCA - Est,FUR-CH-10002647,Mobilier,Chaises,"Situations Contoured Folding Chairs, 4/Set",347.8,7,0.3,-24.84
7380,US-2017-105732,9/13/2017,9/18/2017,Tarif normal,AG-10270,Alejandro Grove,Grand public,États-Unis,Omaha,Nebraska,USCA - Centre,OFF-ST-10000419,Fournitures de bureau,Stockage,"Rogers Jumbo File, Granite",40.74,3,0,0.41
7381,US-2017-105732,9/13/2017,9/18/2017,Tarif normal,AG-10270,Alejandro Grove,Grand public,États-Unis,Omaha,Nebraska,USCA - Centre,OFF-LA-10004559,Fournitures de bureau,Étiquettes,Avery 49,14.4,5,0,7.06
7382,US-2017-105732,9/13/2017,9/18/2017,Tarif normal,AG-10270,Alejandro Grove,Grand public,États-Unis,Omaha,Nebraska,USCA - Centre,TEC-PH-10001644,Produits technologiques,Téléphones,"BlueLounge Milo Smartphone Stand, White/Metallic",149.95,5,0,41.99
7383,US-2017-105732,9/13/2017,9/18/2017,Tarif normal,AG-10270,Alejandro Grove,Grand public,États-Unis,Omaha,Nebraska,USCA - Centre,OFF-SU-10004782,Fournitures de bureau,Fournitures,"Elite 5"" Scissors",16.9,2,0,5.07
7384,US-2017-105732,9/13/2017,9/18/2017,Tarif normal,AG-10270,Alejandro Grove,Grand public,États-Unis,Omaha,Nebraska,USCA - Centre,OFF-PA-10002250,Fournitures de bureau,Papier,Things To Do Today Pad,17.61,3,0,8.45
7385,US-2017-105732,9/13/2017,9/18/2017,Tarif normal,AG-10270,Alejandro Grove,Grand public,États-Unis,Omaha,Nebraska,USCA - Centre,OFF-AP-10001394,Fournitures de bureau,Électroménager,Harmony Air Purifier,378,2,0,136.08
7386,US-2017-105732,9/13/2017,9/18/2017,Tarif normal,AG-10270,Alejandro Grove,Grand public,États-Unis,Omaha,Nebraska,USCA - Centre,OFF-PA-10001838,Fournitures de bureau,Papier,"Adams Telephone Message Book W/Dividers/Space For Phone Numbers, 5 1/4""X8 1/2"", 300/Messages",17.64,3,0,8.64
7387,US-2017-105732,9/13/2017,9/18/2017,Tarif normal,AG-10270,Alejandro Grove,Grand public,États-Unis,Omaha,Nebraska,USCA - Centre,OFF-ST-10004340,Fournitures de bureau,Stockage,"Fellowes Mobile File Cart, Black",373.08,6,0,100.73
7388,US-2017-105732,9/13/2017,9/18/2017,Tarif normal,AG-10270,Alejandro Grove,Grand public,États-Unis,Omaha,Nebraska,USCA - Centre,FUR-FU-10003664,Mobilier,Meubles,"Electrix Architect's Clamp-On Swing Arm Lamp, Black",1336.44,14,0,387.57
7389,US-2017-105732,9/13/2017,9/18/2017,Tarif normal,AG-10270,Alejandro Grove,Grand public,États-Unis,Omaha,Nebraska,USCA - Centre,TEC-PH-10004897,Produits technologiques,Téléphones,Mediabridge Sport Armband iPhone 5s,29.97,3,0,0.3
7396,US-2017-110975,12/25/2017,12/26/2017,Tarif normal,DB-12970,Darren Budd,Entreprise,États-Unis,New York City,New York,USCA - Est,FUR-TA-10002958,Mobilier,Tables,"Bevis Oval Conference Table, Walnut",313.18,2,0.4,-120.05
7397,US-2017-110975,12/25/2017,12/26/2017,Tarif normal,DB-12970,Darren Budd,Entreprise,États-Unis,New York City,New York,USCA - Est,FUR-CH-10003746,Mobilier,Chaises,Hon 4070 Series Pagoda Round Back Stacking Chairs,866.65,3,0.1,173.33
7401,US-2017-110009,9/8/2017,9/13/2017,Tarif normal,TR-21325,Toby Ritter,Grand public,États-Unis,Seattle,Washington,USCA - Ouest,FUR-FU-10003039,Mobilier,Meubles,"Howard Miller 11-1/2"" Diameter Grantwood Wall Clock",43.13,1,0,14.66
7402,US-2017-110009,9/8/2017,9/13/2017,Tarif normal,TR-21325,Toby Ritter,Grand public,États-Unis,Seattle,Washington,USCA - Ouest,OFF-PA-10002615,Fournitures de bureau,Papier,"Ampad Gold Fibre Wirebound Steno Books, 6"" x 9"", Gregg Ruled",30.87,7,0,14.2
7409,US-2017-129728,2/19/2017,2/20/2017,Tarif normal,JG-15310,Jason Gross,Entreprise,États-Unis,Los Angeles,Californie,USCA - Ouest,FUR-FU-10003247,Mobilier,Meubles,36X48 HARDFLOOR CHAIRMAT,167.84,8,0,11.75
7415,US-2017-114013,3/13/2017,3/15/2017,J+2,SC-20770,Stewart Carmichael,Entreprise,États-Unis,Philadelphia,Pennsylvanie,USCA - Est,FUR-CH-10004287,Mobilier,Chaises,SAFCO Arco Folding Chair,386.68,2,0.3,-5.52
7416,US-2017-114013,3/13/2017,3/15/2017,J+2,SC-20770,Stewart Carmichael,Entreprise,États-Unis,Philadelphia,Pennsylvanie,USCA - Est,TEC-AC-10000474,Produits technologiques,Accessoires,Kensington Expert Mouse Optical USB Trackball for PC or Mac,379.96,5,0.2,47.49
7417,US-2017-114013,3/13/2017,3/15/2017,J+2,SC-20770,Stewart Carmichael,Entreprise,États-Unis,Philadelphia,Pennsylvanie,USCA - Est,TEC-PH-10001494,Produits technologiques,Téléphones,Polycom CX600 IP Phone VoIP phone,539.91,3,0.4,-116.98
7418,US-2017-114013,3/13/2017,3/15/2017,J+2,SC-20770,Stewart Carmichael,Entreprise,États-Unis,Philadelphia,Pennsylvanie,USCA - Est,OFF-PA-10004996,Fournitures de bureau,Papier,"Speediset Carbonless Redi-Letter 7"" x 8 1/2""",41.24,5,0.2,13.92
7419,US-2017-114013,3/13/2017,3/15/2017,J+2,SC-20770,Stewart Carmichael,Entreprise,États-Unis,Philadelphia,Pennsylvanie,USCA - Est,OFF-BI-10004318,Fournitures de bureau,Classeurs,Ibico EB-19 Dual Function Manual Binding System,51.9,1,0.7,-41.52
7420,US-2017-114013,3/13/2017,3/15/2017,J+2,SC-20770,Stewart Carmichael,Entreprise,États-Unis,Philadelphia,Pennsylvanie,USCA - Est,OFF-ST-10002574,Fournitures de bureau,Stockage,"SAFCO Commercial Wire Shelving, Black",552.56,5,0.2,-138.14
7421,US-2017-114013,3/13/2017,3/15/2017,J+2,SC-20770,Stewart Carmichael,Entreprise,États-Unis,Philadelphia,Pennsylvanie,USCA - Est,OFF-BI-10002353,Fournitures de bureau,Classeurs,GBC VeloBind Cover Sets,23.16,5,0.7,-15.44
7422,US-2017-114013,3/13/2017,3/15/2017,J+2,SC-20770,Stewart Carmichael,Entreprise,États-Unis,Philadelphia,Pennsylvanie,USCA - Est,OFF-ST-10003641,Fournitures de bureau,Stockage,Space Solutions Industrial Galvanized Steel Shelving.,126.08,2,0.2,-28.37
7423,US-2017-114013,3/13/2017,3/15/2017,J+2,SC-20770,Stewart Carmichael,Entreprise,États-Unis,Philadelphia,Pennsylvanie,USCA - Est,TEC-MA-10001148,Produits technologiques,Machines,Okidata MB491 Multifunction Printer,449.1,3,0.7,-643.71
7426,US-2017-101693,6/25/2017,6/27/2017,J+2,LC-17140,Logan Currie,Grand public,États-Unis,Houston,Texas,USCA - Centre,FUR-CH-10001146,Mobilier,Chaises,"Global Value Mid-Back Manager's Chair, Gray",85.25,2,0.3,-6.09
7427,US-2017-101693,6/25/2017,6/27/2017,J+2,LC-17140,Logan Currie,Grand public,États-Unis,Houston,Texas,USCA - Centre,FUR-FU-10003919,Mobilier,Meubles,Eldon Executive Woodline II Cherry Finish Desk Accessories,32.71,2,0.6,-26.17
7455,US-2017-137743,4/21/2017,4/22/2017,Tarif normal,KH-16360,Katherine Hughes,Grand public,États-Unis,Chicago,Illinois,USCA - Centre,OFF-LA-10003663,Fournitures de bureau,Étiquettes,Avery 498,9.25,4,0.2,3.12
7456,US-2017-137743,4/21/2017,4/22/2017,Tarif normal,KH-16360,Katherine Hughes,Grand public,États-Unis,Chicago,Illinois,USCA - Centre,OFF-ST-10001780,Fournitures de bureau,Stockage,Tennsco 16-Compartment Lockers with Coat Rack,1036.62,2,0.2,51.83
7464,US-2017-103709,9/8/2017,9/15/2017,Tarif normal,LP-17095,Liz Preis,Grand public,États-Unis,Visalia,Californie,USCA - Ouest,OFF-AR-10003338,Fournitures de bureau,Art,"Eberhard Faber 3 1/2"" Golf Pencils",14.88,2,0,3.72
7465,US-2017-103709,9/8/2017,9/15/2017,Tarif normal,LP-17095,Liz Preis,Grand public,États-Unis,Visalia,Californie,USCA - Ouest,OFF-PA-10004610,Fournitures de bureau,Papier,Xerox 1900,34.24,8,0,15.41
7466,US-2017-103709,9/8/2017,9/15/2017,Tarif normal,LP-17095,Liz Preis,Grand public,États-Unis,Visalia,Californie,USCA - Ouest,OFF-ST-10001272,Fournitures de bureau,Stockage,"Mini 13-1/2 Capacity Data Binder Rack, Pearl",261.74,2,0,65.44
7467,US-2017-138282,5/19/2017,5/23/2017,Tarif normal,AH-10690,Anna Häberlin,Entreprise,États-Unis,Los Angeles,Californie,USCA - Ouest,OFF-AP-10001366,Fournitures de bureau,Électroménager,Staple holder,87.84,8,0,23.72
7473,US-2017-139997,7/1/2017,7/3/2017,Prioritaire,EM-14140,Eugene Moren,Bureau à domicile,États-Unis,Lehi,Utah,USCA - Ouest,TEC-CO-10000971,Produits technologiques,Photocopieurs,Hewlett Packard 310 Color Digital Copier,1499.95,5,0,449.99
7474,US-2017-109652,4/10/2017,4/15/2017,Tarif normal,QJ-19255,Quincy Jones,Entreprise,États-Unis,Chicago,Illinois,USCA - Centre,OFF-AR-10000034,Fournitures de bureau,Art,"BIC Brite Liner Grip Highlighters, Assorted, 5/Pack",13.57,4,0.2,3.22
7482,US-2017-124583,9/1/2017,9/3/2017,J+2,LB-16795,Laurel Beltran,Bureau à domicile,États-Unis,Huntington Beach,Californie,USCA - Ouest,OFF-EN-10002500,Fournitures de bureau,Enveloppes,Globe Weis Peel & Seel First Class Envelopes,12.78,1,0,5.75
7505,US-2017-158043,2/2/2017,2/4/2017,J+2,JK-15325,Jason Klamczynski,Entreprise,États-Unis,Atlantic City,New Jersey,USCA - Est,OFF-EN-10003134,Fournitures de bureau,Enveloppes,Staple envelope,23.36,2,0,11.68
7522,US-2017-162383,9/5/2017,9/11/2017,Tarif normal,MD-17350,Maribeth Dona,Grand public,États-Unis,Lancaster,Ohio,USCA - Est,OFF-BI-10002824,Fournitures de bureau,Classeurs,Recycled Easel Ring Binders,8.95,2,0.7,-7.46
7523,US-2017-162383,9/5/2017,9/11/2017,Tarif normal,MD-17350,Maribeth Dona,Grand public,États-Unis,Lancaster,Ohio,USCA - Est,OFF-BI-10001757,Fournitures de bureau,Classeurs,Pressboard Hanging Data Binders for Unburst Sheets,8.86,6,0.7,-6.49
7524,US-2017-162383,9/5/2017,9/11/2017,Tarif normal,MD-17350,Maribeth Dona,Grand public,États-Unis,Lancaster,Ohio,USCA - Est,FUR-CH-10004477,Mobilier,Chaises,"Global Push Button Manager's Chair, Indigo",85.25,2,0.3,-1.22
7532,US-2017-107146,6/17/2017,6/19/2017,Prioritaire,LC-16885,Lena Creighton,Grand public,États-Unis,Longmont,Colorado,USCA - Ouest,FUR-FU-10002298,Mobilier,Meubles,"Rubbermaid ClusterMat Chairmats, Mat Size- 66"" x 60"", Lip 20"" x 11"" -90 Degree Angle",266.35,3,0.2,-13.32
7533,US-2017-107146,6/17/2017,6/19/2017,Prioritaire,LC-16885,Lena Creighton,Grand public,États-Unis,Longmont,Colorado,USCA - Ouest,FUR-CH-10004853,Mobilier,Chaises,"Global Manager's Adjustable Task Chair, Storm",483.14,4,0.2,54.35
7538,US-2017-106460,2/19/2017,2/22/2017,J+2,GT-14710,Greg Tran,Grand public,États-Unis,San Francisco,Californie,USCA - Ouest,OFF-PA-10001736,Fournitures de bureau,Papier,Xerox 1880,70.88,2,0,33.31
7550,US-2017-136595,9/5/2017,9/7/2017,Prioritaire,EM-13825,Elizabeth Moffitt,Entreprise,États-Unis,Houston,Texas,USCA - Centre,FUR-FU-10004671,Mobilier,Meubles,"Executive Impressions 12"" Wall Clock",21.2,3,0.6,-11.66
7562,US-2017-105746,9/21/2017,9/22/2017,Prioritaire,BD-11605,Brian Dahlen,Grand public,États-Unis,Lancaster,Pennsylvanie,USCA - Est,FUR-CH-10000454,Mobilier,Chaises,"Hon Deluxe Fabric Upholstered Stacking Chairs, Rounded Back",170.79,1,0.3,0
7563,US-2017-104815,9/3/2017,9/7/2017,Tarif normal,RB-19570,Rob Beeghly,Grand public,États-Unis,Chicago,Illinois,USCA - Centre,FUR-BO-10003894,Mobilier,Bibliothèques,"Safco Value Mate Steel Bookcase, Baked Enamel Finish on Steel, Black",198.74,4,0.3,0
7565,US-2017-166660,1/30/2017,2/1/2017,J+2,TB-21250,Tim Brockman,Grand public,États-Unis,Seattle,Washington,USCA - Ouest,FUR-CH-10001190,Mobilier,Chaises,Global Deluxe High-Back Office Chair in Storm,435.17,4,0.2,-59.84
7566,US-2017-166660,1/30/2017,2/1/2017,J+2,TB-21250,Tim Brockman,Grand public,États-Unis,Seattle,Washington,USCA - Ouest,FUR-BO-10000468,Mobilier,Bibliothèques,O'Sullivan 2-Shelf Heavy-Duty Bookcases,48.58,1,0,7.77
7579,US-2017-138597,12/18/2017,12/21/2017,Prioritaire,PN-18775,Parhena Norris,Bureau à domicile,États-Unis,Omaha,Nebraska,USCA - Centre,FUR-CH-10004997,Mobilier,Chaises,Hon Every-Day Series Multi-Task Chairs,563.94,3,0,112.79
7591,US-2017-158778,9/5/2017,9/9/2017,Tarif normal,DB-13210,Dean Braden,Grand public,États-Unis,Philadelphia,Pennsylvanie,USCA - Est,FUR-FU-10000260,Mobilier,Meubles,"6"" Cubicle Wall Clock, Black",58.25,9,0.2,11.65
7592,US-2017-158778,9/5/2017,9/9/2017,Tarif normal,DB-13210,Dean Braden,Grand public,États-Unis,Philadelphia,Pennsylvanie,USCA - Est,FUR-CH-10001146,Mobilier,Chaises,"Global Task Chair, Black",71.25,2,0.3,-19.34
7593,US-2017-158778,9/5/2017,9/9/2017,Tarif normal,DB-13210,Dean Braden,Grand public,États-Unis,Philadelphia,Pennsylvanie,USCA - Est,OFF-AR-10000896,Fournitures de bureau,Art,Newell 329,7.87,3,0.2,0.59
7594,US-2017-158778,9/5/2017,9/9/2017,Tarif normal,DB-13210,Dean Braden,Grand public,États-Unis,Philadelphia,Pennsylvanie,USCA - Est,FUR-CH-10000309,Mobilier,Chaises,Global Comet Stacking Arm Chair,887.27,3,0.3,-63.38
7604,US-2017-152520,7/8/2017,7/12/2017,Tarif normal,TH-21115,Thea Hudgings,Entreprise,États-Unis,Providence,Rhode Island,USCA - Est,OFF-PA-10000289,Fournitures de bureau,Papier,Xerox 213,12.96,2,0,6.22
7605,US-2017-101791,5/27/2017,5/28/2017,Tarif normal,BS-11665,Brian Stugart,Grand public,États-Unis,Chicago,Illinois,USCA - Centre,FUR-FU-10003247,Mobilier,Meubles,36X48 HARDFLOOR CHAIRMAT,25.18,3,0.6,-33.36
7606,US-2017-101791,5/27/2017,5/28/2017,Tarif normal,BS-11665,Brian Stugart,Grand public,États-Unis,Chicago,Illinois,USCA - Centre,FUR-FU-10002191,Mobilier,Meubles,G.E. Halogen Desk Lamp Bulbs,5.58,2,0.6,-1.68
7607,US-2017-101791,5/27/2017,5/28/2017,Tarif normal,BS-11665,Brian Stugart,Grand public,États-Unis,Chicago,Illinois,USCA - Centre,OFF-ST-10001496,Fournitures de bureau,Stockage,Standard Rollaway File with Lock,1297.37,9,0.2,97.3
7617,US-2017-144309,12/10/2017,12/16/2017,Tarif normal,CM-12235,Chris McAfee,Grand public,États-Unis,Watertown,New York,USCA - Est,OFF-PA-10001776,Fournitures de bureau,Papier,"Wirebound Message Books, Four 2 3/4"" x 5"" Forms per Page, 600 Sets per Book",18.54,2,0,8.71
7618,US-2017-144309,12/10/2017,12/16/2017,Tarif normal,CM-12235,Chris McAfee,Grand public,États-Unis,Watertown,New York,USCA - Est,OFF-BI-10003656,Fournitures de bureau,Classeurs,Fellowes PB200 Plastic Comb Binding Machine,679.96,5,0.2,220.99
7642,US-2017-157490,10/6/2017,10/7/2017,Prioritaire,LB-16795,Laurel Beltran,Bureau à domicile,États-Unis,Pueblo,Colorado,USCA - Ouest,TEC-MA-10001695,Produits technologiques,Machines,Zebra GK420t Direct Thermal/Thermal Transfer Printer,703.71,6,0.7,-938.28
7643,US-2017-157490,10/6/2017,10/7/2017,Prioritaire,LB-16795,Laurel Beltran,Bureau à domicile,États-Unis,Pueblo,Colorado,USCA - Ouest,OFF-BI-10002824,Fournitures de bureau,Classeurs,Recycled Easel Ring Binders,17.9,4,0.7,-14.92
7644,US-2017-157490,10/6/2017,10/7/2017,Prioritaire,LB-16795,Laurel Beltran,Bureau à domicile,États-Unis,Pueblo,Colorado,USCA - Ouest,OFF-BI-10002571,Fournitures de bureau,Classeurs,"Avery Framed View Binder, EZD Ring (Locking), Navy, 1 1/2""",11.98,4,0.7,-9.18
7645,US-2017-157490,10/6/2017,10/7/2017,Prioritaire,LB-16795,Laurel Beltran,Bureau à domicile,États-Unis,Pueblo,Colorado,USCA - Ouest,TEC-AC-10001553,Produits technologiques,Accessoires,"Memorex 25GB 6X Branded Blu-Ray Recordable Disc, 15/Pack",67.96,5,0.2,0.85
7648,US-2017-138968,3/15/2017,3/16/2017,Prioritaire,FC-14335,Fred Chung,Entreprise,États-Unis,San Francisco,Californie,USCA - Ouest,OFF-BI-10003529,Fournitures de bureau,Classeurs,Avery Round Ring Poly Binders,4.54,2,0.2,1.65
7649,US-2017-138968,3/15/2017,3/16/2017,Prioritaire,FC-14335,Fred Chung,Entreprise,États-Unis,San Francisco,Californie,USCA - Ouest,FUR-CH-10000309,Mobilier,Chaises,Global Comet Stacking Arm Chair,1352.03,4,0.2,84.5
7666,US-2017-140158,10/4/2017,10/8/2017,Tarif normal,DR-12940,Daniel Raglin,Bureau à domicile,États-Unis,Providence,Rhode Island,USCA - Est,OFF-BI-10000977,Fournitures de bureau,Classeurs,Ibico Plastic Spiral Binding Combs,30.4,1,0,13.98
7667,US-2017-140158,10/4/2017,10/8/2017,Tarif normal,DR-12940,Daniel Raglin,Bureau à domicile,États-Unis,Providence,Rhode Island,USCA - Est,TEC-CO-10001449,Produits technologiques,Photocopieurs,Hewlett Packard LaserJet 3310 Copier,5399.91,9,0,2591.96
7668,US-2017-140158,10/4/2017,10/8/2017,Tarif normal,DR-12940,Daniel Raglin,Bureau à domicile,États-Unis,Providence,Rhode Island,USCA - Est,OFF-ST-10000136,Fournitures de bureau,Stockage,Letter Size File,119.1,3,0,34.54
7687,US-2017-169838,11/25/2017,11/29/2017,Tarif normal,BB-11545,Brenda Bowman,Entreprise,États-Unis,Jackson,Michigan,USCA - Centre,FUR-TA-10001095,Mobilier,Tables,Chromcraft Round Conference Tables,1568.61,9,0,329.41
7688,US-2017-169838,11/25/2017,11/29/2017,Tarif normal,BB-11545,Brenda Bowman,Entreprise,États-Unis,Jackson,Michigan,USCA - Centre,OFF-BI-10004002,Fournitures de bureau,Classeurs,Wilson Jones International Size A4 Ring Binders,17.3,1,0,8.3
7689,US-2017-169838,11/25/2017,11/29/2017,Tarif normal,BB-11545,Brenda Bowman,Entreprise,États-Unis,Jackson,Michigan,USCA - Centre,TEC-AC-10004518,Produits technologiques,Accessoires,Memorex Mini Travel Drive 32 GB USB 2.0 Flash Drive,160,8,0,62.4
7695,US-2017-118899,3/22/2017,3/22/2017,Le même jour,MC-17275,Marc Crier,Grand public,États-Unis,Seattle,Washington,USCA - Ouest,FUR-CH-10004754,Mobilier,Chaises,"Global Stack Chair with Arms, Black",167.89,7,0.2,14.69
7703,US-2017-114601,8/26/2017,9/2/2017,Tarif normal,AA-10480,Andrew Allen,Grand public,États-Unis,Detroit,Michigan,USCA - Centre,OFF-PA-10000605,Fournitures de bureau,Papier,Xerox 1950,11.56,2,0,5.66
7704,US-2017-114601,8/26/2017,9/2/2017,Tarif normal,AA-10480,Andrew Allen,Grand public,États-Unis,Detroit,Michigan,USCA - Centre,TEC-PH-10002170,Produits technologiques,Téléphones,ClearSounds CSC500 Amplified Spirit Phone Corded phone,209.97,3,0,58.79
7705,US-2017-114601,8/26/2017,9/2/2017,Tarif normal,AA-10480,Andrew Allen,Grand public,États-Unis,Detroit,Michigan,USCA - Centre,FUR-TA-10004147,Mobilier,Tables,Hon 4060 Series Tables,447.84,4,0,98.52
7706,US-2017-114601,8/26/2017,9/2/2017,Tarif normal,AA-10480,Andrew Allen,Grand public,États-Unis,Detroit,Michigan,USCA - Centre,TEC-AC-10003911,Produits technologiques,Accessoires,NETGEAR AC1750 Dual Band Gigabit Smart WiFi Router,479.97,3,0,163.19
7707,US-2017-114601,8/26/2017,9/2/2017,Tarif normal,AA-10480,Andrew Allen,Grand public,États-Unis,Detroit,Michigan,USCA - Centre,OFF-AR-10002578,Fournitures de bureau,Art,Newell 335,8.64,3,0,2.51
7725,US-2017-113978,9/25/2017,9/29/2017,Tarif normal,TS-21505,Tony Sayre,Grand public,États-Unis,Cleveland,Ohio,USCA - Est,OFF-AP-10003849,Fournitures de bureau,Électroménager,Hoover Shoulder Vac Commercial Portable Vacuum,286.26,1,0.2,17.89
7726,US-2017-113978,9/25/2017,9/29/2017,Tarif normal,TS-21505,Tony Sayre,Grand public,États-Unis,Cleveland,Ohio,USCA - Est,OFF-ST-10004963,Fournitures de bureau,Stockage,Eldon Gobal File Keepers,24.22,2,0.2,-4.84
7727,US-2017-113978,9/25/2017,9/29/2017,Tarif normal,TS-21505,Tony Sayre,Grand public,États-Unis,Cleveland,Ohio,USCA - Est,OFF-ST-10002574,Fournitures de bureau,Stockage,"SAFCO Commercial Wire Shelving, Black",331.54,3,0.2,-82.88
7729,US-2017-106915,11/26/2017,12/2/2017,Tarif normal,GA-14515,George Ashbrook,Grand public,États-Unis,El Paso,Texas,USCA - Centre,OFF-AR-10000716,Fournitures de bureau,Art,DIXON Ticonderoga Erasable Checking Pencils,17.86,4,0.2,4.24
7730,US-2017-109260,9/26/2017,10/1/2017,Tarif normal,TN-21040,Tanja Norvell,Bureau à domicile,États-Unis,Tallahassee,Floride,USCA - Sud,TEC-AC-10002637,Produits technologiques,Accessoires,Logitech VX Revolution Cordless Laser Mouse for Notebooks (Black),431.98,3,0.2,-75.6
7734,US-2017-165673,5/15/2017,5/19/2017,J+2,MN-17935,Michael Nguyen,Grand public,États-Unis,Springfield,Ohio,USCA - Est,OFF-PA-10000697,Fournitures de bureau,Papier,"TOPS Voice Message Log Book, Flash Format",15.23,4,0.2,5.52
7736,US-2017-106313,8/22/2017,8/26/2017,Tarif normal,DG-13300,Deirdre Greer,Entreprise,États-Unis,Seattle,Washington,USCA - Ouest,OFF-PA-10001870,Fournitures de bureau,Papier,Xerox 202,19.44,3,0,9.33
7744,US-2017-133613,6/17/2017,6/22/2017,Tarif normal,CP-12340,Christine Phan,Entreprise,États-Unis,Waterbury,Connecticut,USCA - Est,OFF-BI-10002003,Fournitures de bureau,Classeurs,Ibico Presentation Index for Binding Systems,7.96,2,0,3.74
7745,US-2017-133613,6/17/2017,6/22/2017,Tarif normal,CP-12340,Christine Phan,Entreprise,États-Unis,Waterbury,Connecticut,USCA - Est,TEC-PH-10004539,Produits technologiques,Téléphones,Wireless Extenders zBoost YX545 SOHO Signal Booster,566.97,3,0,153.08
7746,US-2017-133613,6/17/2017,6/22/2017,Tarif normal,CP-12340,Christine Phan,Entreprise,États-Unis,Waterbury,Connecticut,USCA - Est,OFF-AR-10003829,Fournitures de bureau,Art,Newell 35,9.84,3,0,2.85
7760,US-2017-158925,10/24/2017,10/28/2017,Tarif normal,JP-15460,Jennifer Patt,Entreprise,États-Unis,Houston,Texas,USCA - Centre,OFF-PA-10003072,Fournitures de bureau,Papier,"Eureka Recycled Copy Paper 8 1/2"" x 11"", Ream",15.55,3,0.2,5.44
7770,US-2017-155978,8/1/2017,8/1/2017,Le même jour,TS-21205,Thomas Seio,Entreprise,États-Unis,Riverside,Californie,USCA - Ouest,TEC-PH-10002885,Produits technologiques,Téléphones,Apple iPhone 5,1039.73,2,0.2,90.98
7771,US-2017-155978,8/1/2017,8/1/2017,Le même jour,TS-21205,Thomas Seio,Entreprise,États-Unis,Riverside,Californie,USCA - Ouest,OFF-AP-10002892,Fournitures de bureau,Électroménager,Belkin F5C206VTEL 6 Outlet Surge,45.96,2,0,13.79
7772,US-2017-108196,11/25/2017,12/2/2017,Tarif normal,CS-12505,Cindy Stewart,Grand public,États-Unis,Lancaster,Ohio,USCA - Est,OFF-BI-10000545,Fournitures de bureau,Classeurs,GBC Ibimaster 500 Manual ProClick Binding System,456.59,2,0.7,-304.39
7773,US-2017-108196,11/25/2017,12/2/2017,Tarif normal,CS-12505,Cindy Stewart,Grand public,États-Unis,Lancaster,Ohio,USCA - Est,TEC-MA-10000418,Produits technologiques,Machines,Cubify CubeX 3D Printer Double Head Print,4499.99,5,0.7,-6599.98
7774,US-2017-108196,11/25/2017,12/2/2017,Tarif normal,CS-12505,Cindy Stewart,Grand public,États-Unis,Lancaster,Ohio,USCA - Est,TEC-AC-10000926,Produits technologiques,Accessoires,NETGEAR RangeMax WNR1000 Wireless Router,59.98,3,0.2,12
7775,US-2017-152800,4/13/2017,4/15/2017,Prioritaire,SP-20920,Susan Pistek,Grand public,États-Unis,San Francisco,Californie,USCA - Ouest,OFF-EN-10001509,Fournitures de bureau,Enveloppes,Poly String Tie Envelopes,6.12,3,0,2.88
7780,US-2017-139381,4/18/2017,4/22/2017,Tarif normal,RF-19840,Roy Französisch,Grand public,États-Unis,Chesapeake,Virginie,USCA - Sud,OFF-AP-10001271,Fournitures de bureau,Électroménager,Eureka The Boss Cordless Rechargeable Stick Vac,203.92,4,0,55.06
7781,US-2017-139381,4/18/2017,4/22/2017,Tarif normal,RF-19840,Roy Französisch,Grand public,États-Unis,Chesapeake,Virginie,USCA - Sud,TEC-PH-10004924,Produits technologiques,Téléphones,"SKILCRAFT Telephone Shoulder Rest, 2"" x 6.5"" x 2.5"", Black",29.56,4,0,7.98
7783,US-2017-162236,11/4/2017,11/6/2017,J+2,ER-13855,Elpida Rittenbach,Entreprise,États-Unis,Charlotte,Caroline du Nord,USCA - Sud,OFF-ST-10003442,Fournitures de bureau,Stockage,Eldon Portable Mobile Manager,45.25,2,0.2,3.96
7784,US-2017-162236,11/4/2017,11/6/2017,J+2,ER-13855,Elpida Rittenbach,Entreprise,États-Unis,Charlotte,Caroline du Nord,USCA - Sud,FUR-TA-10002533,Mobilier,Tables,BPI Conference Tables,876.3,10,0.4,-292.1
7785,US-2017-162236,11/4/2017,11/6/2017,J+2,ER-13855,Elpida Rittenbach,Entreprise,États-Unis,Charlotte,Caroline du Nord,USCA - Sud,OFF-SU-10003505,Fournitures de bureau,Fournitures,Premier Electric Letter Opener,185.38,2,0.2,-34.76
7787,US-2017-117037,5/17/2017,5/20/2017,Prioritaire,LW-17215,Luke Weiss,Grand public,États-Unis,Chicago,Illinois,USCA - Centre,OFF-BI-10000279,Fournitures de bureau,Classeurs,"Acco Recycled 2"" Capacity Laser Printer Hanging Data Binders",2.89,1,0.8,-4.77
7788,US-2017-117037,5/17/2017,5/20/2017,Prioritaire,LW-17215,Luke Weiss,Grand public,États-Unis,Chicago,Illinois,USCA - Centre,OFF-FA-10000936,Fournitures de bureau,Éléments de fixation,Acco Hot Clips Clips to Go,7.9,3,0.2,2.47
7789,US-2017-117037,5/17/2017,5/20/2017,Prioritaire,LW-17215,Luke Weiss,Grand public,États-Unis,Chicago,Illinois,USCA - Centre,FUR-FU-10004973,Mobilier,Meubles,Flat Face Poster Frame,22.61,3,0.6,-10.17
7790,US-2017-117037,5/17/2017,5/20/2017,Prioritaire,LW-17215,Luke Weiss,Grand public,États-Unis,Chicago,Illinois,USCA - Centre,OFF-PA-10000791,Fournitures de bureau,Papier,"Wirebound Message Books, Four 2 3/4 x 5 Forms per Page, 200 Sets per Book",30.53,8,0.2,9.54
7792,US-2017-108364,12/19/2017,12/24/2017,Tarif normal,BP-11050,Barry Pond,Entreprise,États-Unis,Chicago,Illinois,USCA - Centre,OFF-BI-10002012,Fournitures de bureau,Classeurs,Wilson Jones Easy Flow II Sheet Lifters,1.8,5,0.8,-2.88
7808,US-2017-137295,1/8/2017,1/13/2017,Tarif normal,VS-21820,Vivek Sundaresam,Grand public,États-Unis,Raleigh,Caroline du Nord,USCA - Sud,OFF-BI-10004236,Fournitures de bureau,Classeurs,"XtraLife ClearVue Slant-D Ring Binder, White, 3""",30.83,7,0.7,-24.66
7809,US-2017-137295,1/8/2017,1/13/2017,Tarif normal,VS-21820,Vivek Sundaresam,Grand public,États-Unis,Raleigh,Caroline du Nord,USCA - Sud,OFF-AR-10001955,Fournitures de bureau,Art,Newell 319,47.62,3,0.2,5.95
7810,US-2017-137295,1/8/2017,1/13/2017,Tarif normal,VS-21820,Vivek Sundaresam,Grand public,États-Unis,Raleigh,Caroline du Nord,USCA - Sud,TEC-PH-10004080,Produits technologiques,Téléphones,Avaya 5410 Digital phone,108.78,2,0.2,10.88
7811,US-2017-134334,2/14/2017,2/15/2017,Prioritaire,DK-13090,Dave Kipp,Grand public,États-Unis,Clinton,Maryland,USCA - Est,OFF-PA-10000791,Fournitures de bureau,Papier,"Wirebound Message Books, Four 2 3/4 x 5 Forms per Page, 200 Sets per Book",4.77,1,0,2.15
7812,US-2017-134334,2/14/2017,2/15/2017,Prioritaire,DK-13090,Dave Kipp,Grand public,États-Unis,Clinton,Maryland,USCA - Est,OFF-AR-10001770,Fournitures de bureau,Art,Economy #2 Pencils,7.98,3,0,2.07
7813,US-2017-134334,2/14/2017,2/15/2017,Prioritaire,DK-13090,Dave Kipp,Grand public,États-Unis,Clinton,Maryland,USCA - Est,FUR-TA-10002356,Mobilier,Tables,Bevis Boat-Shaped Conference Table,550.43,3,0.3,-47.18
7814,US-2017-134334,2/14/2017,2/15/2017,Prioritaire,DK-13090,Dave Kipp,Grand public,États-Unis,Clinton,Maryland,USCA - Est,FUR-FU-10003274,Mobilier,Meubles,Regeneration Desk Collection,10.56,6,0,4.65
7817,US-2017-138478,10/21/2017,10/26/2017,J+2,DP-13390,Dennis Pardue,Bureau à domicile,États-Unis,North Las Vegas,Nevada,USCA - Ouest,OFF-AR-10002240,Fournitures de bureau,Art,Panasonic KP-150 Electric Pencil Sharpener,113.22,3,0,29.44
7818,US-2017-138478,10/21/2017,10/26/2017,J+2,DP-13390,Dennis Pardue,Bureau à domicile,États-Unis,North Las Vegas,Nevada,USCA - Ouest,OFF-PA-10001801,Fournitures de bureau,Papier,Xerox 193,35.88,6,0,17.58
7819,US-2017-138478,10/21/2017,10/26/2017,J+2,DP-13390,Dennis Pardue,Bureau à domicile,États-Unis,North Las Vegas,Nevada,USCA - Ouest,OFF-BI-10001120,Fournitures de bureau,Classeurs,Ibico EPK-21 Electric Binding System,4535.98,3,0.2,1644.29
7822,US-2017-169334,10/21/2017,10/24/2017,J+2,GW-14605,Giulietta Weimer,Grand public,États-Unis,Jackson,Tennessee,USCA - Sud,OFF-ST-10004950,Fournitures de bureau,Stockage,"Tenex Personal Filing Tote With Secure Closure Lid, Black/Frost",111.67,9,0.2,6.98
7833,US-2017-112382,5/9/2017,5/13/2017,Tarif normal,MB-18085,Mick Brown,Grand public,États-Unis,Houston,Texas,USCA - Centre,TEC-PH-10001552,Produits technologiques,Téléphones,I Need's 3d Hello Kitty Hybrid Silicone Case Cover for HTC One X 4g with 3d Hello Kitty Stylus Pen Green/pink,19.14,2,0.2,1.91
7842,US-2017-116603,7/17/2017,7/22/2017,Tarif normal,AT-10735,Annie Thurman,Grand public,États-Unis,New York City,New York,USCA - Est,OFF-AP-10002892,Fournitures de bureau,Électroménager,Belkin F5C206VTEL 6 Outlet Surge,45.96,2,0,13.79
7848,US-2017-128706,2/27/2017,3/2/2017,Tarif normal,DW-13540,Don Weiss,Grand public,États-Unis,Houston,Texas,USCA - Centre,FUR-FU-10004053,Mobilier,Meubles,DAX Two-Tone Silver Metal Document Frame,16.19,2,0.6,-6.88
7849,US-2017-104311,5/2/2017,5/6/2017,Tarif normal,AS-10090,Adam Shillingsburg,Grand public,États-Unis,Irving,Texas,USCA - Centre,OFF-ST-10000321,Fournitures de bureau,Stockage,Akro Stacking Bins,18.94,3,0.2,-3.79
7850,US-2017-104311,5/2/2017,5/6/2017,Tarif normal,AS-10090,Adam Shillingsburg,Grand public,États-Unis,Irving,Texas,USCA - Centre,OFF-ST-10002957,Fournitures de bureau,Stockage,Sterilite Show Offs Storage Containers,12.67,3,0.2,-3.17
7851,US-2017-104311,5/2/2017,5/6/2017,Tarif normal,AS-10090,Adam Shillingsburg,Grand public,États-Unis,Irving,Texas,USCA - Centre,OFF-LA-10000973,Fournitures de bureau,Étiquettes,Avery 502,5.04,2,0.2,1.76
7869,US-2017-136994,5/27/2017,6/2/2017,Tarif normal,LS-17245,Lynn Smith,Grand public,États-Unis,Los Angeles,Californie,USCA - Ouest,OFF-PA-10000575,Fournitures de bureau,Papier,"Wirebound Message Books, Four 2 3/4 x 5 White Forms per Page",13.38,2,0,6.15
7872,US-2017-101672,10/3/2017,10/7/2017,Tarif normal,DB-12910,Daniel Byrd,Bureau à domicile,États-Unis,Lake Forest,Californie,USCA - Ouest,OFF-LA-10002271,Fournitures de bureau,Étiquettes,Smead Alpha-Z Color-Coded Second Alphabetical Labels and Starter Set,6.16,2,0,2.96
7873,US-2017-101672,10/3/2017,10/7/2017,Tarif normal,DB-12910,Daniel Byrd,Bureau à domicile,États-Unis,Lake Forest,Californie,USCA - Ouest,FUR-CH-10004063,Mobilier,Chaises,Global Deluxe High-Back Manager's Chair,915.14,4,0.2,102.95
7874,US-2017-101672,10/3/2017,10/7/2017,Tarif normal,DB-12910,Daniel Byrd,Bureau à domicile,États-Unis,Lake Forest,Californie,USCA - Ouest,OFF-PA-10004610,Fournitures de bureau,Papier,Xerox 1900,8.56,2,0,3.85
7875,US-2017-101672,10/3/2017,10/7/2017,Tarif normal,DB-12910,Daniel Byrd,Bureau à domicile,États-Unis,Lake Forest,Californie,USCA - Ouest,OFF-PA-10001878,Fournitures de bureau,Papier,Xerox 1891,97.82,2,0,45.98
7879,US-2017-160241,11/29/2017,12/4/2017,J+2,DR-12940,Daniel Raglin,Bureau à domicile,États-Unis,Aurora,Illinois,USCA - Centre,FUR-FU-10003806,Mobilier,Meubles,"Tenex Chairmat w/ Average Lip, 45"" x 53""",242.18,4,0.6,-302.72
7880,US-2017-155747,6/14/2017,6/21/2017,Tarif normal,JS-15685,Jim Sink,Entreprise,États-Unis,Philadelphia,Pennsylvanie,USCA - Est,FUR-TA-10003392,Mobilier,Tables,Global Adaptabilities Conference Tables,337.18,2,0.4,-118.01
7889,US-2017-113117,8/16/2017,8/22/2017,Tarif normal,JP-15520,Jeremy Pistek,Grand public,États-Unis,Davis,Californie,USCA - Ouest,OFF-PA-10000019,Fournitures de bureau,Papier,Xerox 1931,32.4,5,0,15.55
7890,US-2017-148684,12/25/2017,12/29/2017,Tarif normal,TS-21655,Trudy Schmidt,Grand public,États-Unis,Fayetteville,Arkansas,USCA - Sud,OFF-AR-10003811,Fournitures de bureau,Art,Newell 327,19.89,9,0,5.37
7891,US-2017-148684,12/25/2017,12/29/2017,Tarif normal,TS-21655,Trudy Schmidt,Grand public,États-Unis,Fayetteville,Arkansas,USCA - Sud,TEC-AC-10001838,Produits technologiques,Accessoires,Razer Tiamat Over Ear 7.1 Surround Sound PC Gaming Headset,399.98,2,0,171.99
7892,US-2017-148684,12/25/2017,12/29/2017,Tarif normal,TS-21655,Trudy Schmidt,Grand public,États-Unis,Fayetteville,Arkansas,USCA - Sud,FUR-FU-10003553,Mobilier,Meubles,"Howard Miller 13-1/2"" Diameter Rosebrook Wall Clock",343.85,5,0,137.54
7893,US-2017-148684,12/25/2017,12/29/2017,Tarif normal,TS-21655,Trudy Schmidt,Grand public,États-Unis,Fayetteville,Arkansas,USCA - Sud,OFF-PA-10003302,Fournitures de bureau,Papier,Xerox 1906,106.32,3,0,49.97
7908,US-2017-112585,4/21/2017,4/22/2017,Prioritaire,RW-19630,Rob Williams,Entreprise,États-Unis,San Francisco,Californie,USCA - Ouest,OFF-AP-10003849,Fournitures de bureau,Électroménager,Hoover Shoulder Vac Commercial Portable Vacuum,715.64,2,0,178.91
7909,US-2017-149762,12/3/2017,12/7/2017,Tarif normal,RD-19720,Roger Demir,Grand public,États-Unis,Morgan Hill,Californie,USCA - Ouest,FUR-TA-10004147,Mobilier,Tables,Hon 4060 Series Tables,268.7,3,0.2,6.72
7910,US-2017-149762,12/3/2017,12/7/2017,Tarif normal,RD-19720,Roger Demir,Grand public,États-Unis,Morgan Hill,Californie,USCA - Ouest,OFF-AR-10001662,Fournitures de bureau,Art,Rogers Handheld Barrel Pencil Sharpener,21.92,8,0,5.92
7911,US-2017-149762,12/3/2017,12/7/2017,Tarif normal,RD-19720,Roger Demir,Grand public,États-Unis,Morgan Hill,Californie,USCA - Ouest,OFF-ST-10001558,Fournitures de bureau,Stockage,Acco Perma 4000 Stacking Storage Drawers,48.72,3,0,7.31
7912,US-2017-149762,12/3/2017,12/7/2017,Tarif normal,RD-19720,Roger Demir,Grand public,États-Unis,Morgan Hill,Californie,USCA - Ouest,FUR-BO-10001337,Mobilier,Bibliothèques,O'Sullivan Living Dimensions 2-Shelf Bookcases,205.67,2,0.2,-12.1
7913,US-2017-167605,4/28/2017,4/29/2017,J+2,RB-19570,Rob Beeghly,Grand public,États-Unis,Saint Charles,Illinois,USCA - Centre,FUR-FU-10001602,Mobilier,Meubles,"Eldon Delta Triangular Chair Mat, 52"" x 58"", Clear",30.34,2,0.6,-31.86
7925,US-2017-125843,8/13/2017,8/16/2017,Prioritaire,RF-19840,Roy Französisch,Grand public,États-Unis,Springfield,Virginie,USCA - Sud,OFF-BI-10002309,Fournitures de bureau,Classeurs,Avery Heavy-Duty EZD  Binder With Locking Rings,22.32,4,0,10.71
7926,US-2017-125843,8/13/2017,8/16/2017,Prioritaire,RF-19840,Roy Französisch,Grand public,États-Unis,Springfield,Virginie,USCA - Sud,OFF-LA-10003923,Fournitures de bureau,Étiquettes,Alphabetical Labels for Top Tab Filing,103.6,7,0,51.8
7931,US-2017-120082,3/25/2017,3/27/2017,J+2,DK-12835,Damala Kotsonis,Entreprise,États-Unis,New York City,New York,USCA - Est,OFF-AR-10001955,Fournitures de bureau,Art,Newell 319,59.52,3,0,17.86
7932,US-2017-168095,7/15/2017,7/20/2017,Tarif normal,MC-17425,Mark Cousins,Entreprise,États-Unis,Portland,Oregon,USCA - Ouest,FUR-CH-10004886,Mobilier,Chaises,Bevis Steel Folding Chairs,230.28,3,0.2,23.03
7933,US-2017-168095,7/15/2017,7/20/2017,Tarif normal,MC-17425,Mark Cousins,Entreprise,États-Unis,Portland,Oregon,USCA - Ouest,OFF-PA-10003641,Fournitures de bureau,Papier,Xerox 1909,105.52,5,0.2,34.29
7941,US-2017-146325,12/14/2017,12/17/2017,Prioritaire,DS-13180,David Smith,Entreprise,États-Unis,San Diego,Californie,USCA - Ouest,FUR-CH-10001146,Mobilier,Chaises,"Global Task Chair, Black",81.42,2,0.2,-9.16
7942,US-2017-146325,12/14/2017,12/17/2017,Prioritaire,DS-13180,David Smith,Entreprise,États-Unis,San Diego,Californie,USCA - Ouest,OFF-ST-10001590,Fournitures de bureau,Stockage,"Tenex Personal Project File with Scoop Front Design, Black",134.8,10,0,35.05
7968,US-2017-157707,10/10/2017,10/12/2017,Prioritaire,CC-12610,Corey Catlett,Entreprise,États-Unis,Denver,Colorado,USCA - Ouest,FUR-BO-10001567,Mobilier,Bibliothèques,"Bush Westfield Collection Bookcases, Dark Cherry Finish, Fully Assembled",90.88,3,0.7,-190.85
7969,US-2017-157707,10/10/2017,10/12/2017,Prioritaire,CC-12610,Corey Catlett,Entreprise,États-Unis,Denver,Colorado,USCA - Ouest,TEC-PH-10002583,Produits technologiques,Téléphones,iOttie HLCRIO102 Car Mount,15.99,1,0.2,-3
7970,US-2017-157707,10/10/2017,10/12/2017,Prioritaire,CC-12610,Corey Catlett,Entreprise,États-Unis,Denver,Colorado,USCA - Ouest,FUR-CH-10004853,Mobilier,Chaises,"Global Manager's Adjustable Task Chair, Storm",120.78,1,0.2,13.59
7986,US-2017-151498,4/21/2017,4/24/2017,Prioritaire,DN-13690,Duane Noonan,Grand public,États-Unis,Seattle,Washington,USCA - Ouest,OFF-BI-10004967,Fournitures de bureau,Classeurs,Round Ring Binders,8.32,5,0.2,2.81
7987,US-2017-137939,7/20/2017,7/23/2017,J+2,PJ-19015,Pauline Johnson,Grand public,États-Unis,Long Beach,New York,USCA - Est,TEC-PH-10003589,Produits technologiques,Téléphones,invisibleSHIELD by ZAGG Smudge-Free Screen Protector,89.95,5,0,43.18
7988,US-2017-117793,8/23/2017,8/29/2017,Tarif normal,MA-17560,Matt Abelman,Bureau à domicile,États-Unis,Sheboygan,Wisconsin,USCA - Centre,OFF-LA-10002945,Fournitures de bureau,Étiquettes,"Permanent Self-Adhesive File Folder Labels for Typewriters, 1 1/8 x 3 1/2, White",25.2,4,0,11.59
7989,US-2017-117793,8/23/2017,8/29/2017,Tarif normal,MA-17560,Matt Abelman,Bureau à domicile,États-Unis,Sheboygan,Wisconsin,USCA - Centre,OFF-LA-10003537,Fournitures de bureau,Étiquettes,Avery 515,37.59,3,0,17.67
7990,US-2017-117793,8/23/2017,8/29/2017,Tarif normal,MA-17560,Matt Abelman,Bureau à domicile,États-Unis,Sheboygan,Wisconsin,USCA - Centre,OFF-ST-10002406,Fournitures de bureau,Stockage,Pizazz Global Quick File,14.97,1,0,4.19
7991,US-2017-117793,8/23/2017,8/29/2017,Tarif normal,MA-17560,Matt Abelman,Bureau à domicile,États-Unis,Sheboygan,Wisconsin,USCA - Centre,TEC-AC-10003433,Produits technologiques,Accessoires,Maxell 4.7GB DVD+R 5/Pack,1.98,2,0,0.89
7992,US-2017-133872,6/14/2017,6/17/2017,Prioritaire,VM-21835,Vivian Mathis,Grand public,États-Unis,Boca Raton,Floride,USCA - Sud,OFF-BI-10002082,Fournitures de bureau,Classeurs,GBC Twin Loop Wire Binding Elements,39.94,4,0.7,-26.62
7993,US-2017-133872,6/14/2017,6/17/2017,Prioritaire,VM-21835,Vivian Mathis,Grand public,États-Unis,Boca Raton,Floride,USCA - Sud,TEC-AC-10000521,Produits technologiques,Accessoires,"Verbatim Slim CD and DVD Storage Cases, 50/Pack",18.46,2,0.2,2.31
8007,US-2017-139808,10/7/2017,10/11/2017,Tarif normal,MC-18100,Mick Crebagga,Grand public,États-Unis,Marysville,Washington,USCA - Ouest,OFF-FA-10001883,Fournitures de bureau,Éléments de fixation,"Alliance Super-Size Bands, Assorted Sizes",93.36,12,0,0.93
8030,US-2017-166373,10/21/2017,10/25/2017,Tarif normal,JF-15565,Jill Fjeld,Grand public,États-Unis,San Antonio,Texas,USCA - Centre,TEC-AC-10002323,Produits technologiques,Accessoires,SanDisk Ultra 32 GB MicroSDHC Class 10 Memory Card,106.08,6,0.2,-9.28
8031,US-2017-158806,1/7/2017,1/11/2017,Tarif normal,NM-18520,Neoma Murray,Grand public,États-Unis,Amarillo,Texas,USCA - Centre,FUR-FU-10004270,Mobilier,Meubles,"Executive Impressions 13"" Clairmont Wall Clock",23.08,3,0.6,-10.96
8032,US-2017-158806,1/7/2017,1/11/2017,Tarif normal,NM-18520,Neoma Murray,Grand public,États-Unis,Amarillo,Texas,USCA - Centre,OFF-PA-10004621,Fournitures de bureau,Papier,Xerox 212,25.92,5,0.2,9.07
8046,US-2017-145611,9/20/2017,9/24/2017,Tarif normal,HA-14905,Helen Abelman,Grand public,États-Unis,New York City,New York,USCA - Est,OFF-AP-10001005,Fournitures de bureau,Électroménager,Honeywell Quietcare HEPA Air Cleaner,393.25,5,0,129.77
8047,US-2017-113600,12/15/2017,12/17/2017,J+2,SH-20395,Shahid Hopkins,Grand public,États-Unis,Cuyahoga Falls,Ohio,USCA - Est,OFF-BI-10000201,Fournitures de bureau,Classeurs,"Avery Triangle Shaped Sheet Lifters, Black, 2/Pack",2.21,3,0.7,-1.48
8049,US-2017-168543,7/3/2017,7/7/2017,Tarif normal,DK-13225,Dean Katz,Entreprise,États-Unis,New York City,New York,USCA - Est,OFF-AP-10000938,Fournitures de bureau,Électroménager,Avanti 1.7 Cu. Ft. Refrigerator,706.86,7,0,197.92
8063,US-2017-132997,11/7/2017,11/9/2017,Prioritaire,LW-17215,Luke Weiss,Grand public,États-Unis,Rochester,New York,USCA - Est,TEC-PH-10000586,Produits technologiques,Téléphones,AT&T SB67148 SynJ,263.96,4,0,71.27
8064,US-2017-132997,11/7/2017,11/9/2017,Prioritaire,LW-17215,Luke Weiss,Grand public,États-Unis,Rochester,New York,USCA - Est,TEC-PH-10003811,Produits technologiques,Téléphones,Jabra Supreme Plus Driver Edition Headset,359.97,3,0,100.79
8065,US-2017-132997,11/7/2017,11/9/2017,Prioritaire,LW-17215,Luke Weiss,Grand public,États-Unis,Rochester,New York,USCA - Est,OFF-PA-10004983,Fournitures de bureau,Papier,Xerox 23,12.96,2,0,6.22
8066,US-2017-132997,11/7/2017,11/9/2017,Prioritaire,LW-17215,Luke Weiss,Grand public,États-Unis,Rochester,New York,USCA - Est,OFF-ST-10003479,Fournitures de bureau,Stockage,"Eldon Base for stackable storage shelf, platinum",116.82,3,0,5.84
8067,US-2017-132997,11/7/2017,11/9/2017,Prioritaire,LW-17215,Luke Weiss,Grand public,États-Unis,Rochester,New York,USCA - Est,OFF-BI-10004318,Fournitures de bureau,Classeurs,Ibico EB-19 Dual Function Manual Binding System,276.78,2,0.2,89.95
8080,US-2017-164945,11/22/2017,11/27/2017,Tarif normal,CA-12055,Cathy Armstrong,Bureau à domicile,États-Unis,New York City,New York,USCA - Est,OFF-BI-10001524,Fournitures de bureau,Classeurs,GBC Premium Transparent Covers with Diagonal Lined Pattern,134.27,8,0.2,47
8086,US-2017-105753,10/20/2017,10/26/2017,Tarif normal,LC-16960,Lindsay Castell,Bureau à domicile,États-Unis,Arlington,Virginie,USCA - Sud,FUR-FU-10000246,Mobilier,Meubles,Aluminum Document Frame,61.1,5,0,18.33
8088,US-2017-106621,9/29/2017,10/1/2017,J+2,DM-12955,Dario Medina,Entreprise,États-Unis,Yuma,Arizona,USCA - Ouest,OFF-AR-10002375,Fournitures de bureau,Art,Newell 351,10.5,4,0.2,1.18
8100,US-2017-169663,3/10/2017,3/13/2017,Prioritaire,RH-19510,Rick Huthwaite,Bureau à domicile,États-Unis,Los Angeles,Californie,USCA - Ouest,TEC-AC-10003038,Produits technologiques,Accessoires,Kingston Digital DataTraveler 16GB USB 2.0,26.85,3,0,5.1
8101,US-2017-169663,3/10/2017,3/13/2017,Prioritaire,RH-19510,Rick Huthwaite,Bureau à domicile,États-Unis,Los Angeles,Californie,USCA - Ouest,TEC-MA-10000984,Produits technologiques,Machines,Okidata MB760 Printer,3357.6,3,0.2,377.73
8112,US-2017-130393,12/1/2017,12/3/2017,J+2,JM-15865,John Murray,Grand public,États-Unis,San Angelo,Texas,USCA - Centre,FUR-CH-10002647,Mobilier,Chaises,"Situations Contoured Folding Chairs, 4/Set",248.43,5,0.3,-17.75
8113,US-2017-130393,12/1/2017,12/3/2017,J+2,JM-15865,John Murray,Grand public,États-Unis,San Angelo,Texas,USCA - Centre,OFF-AP-10004859,Fournitures de bureau,Électroménager,Acco 6 Outlet Guardian Premium Surge Suppressor,11.65,4,0.8,-30.87
8114,US-2017-130393,12/1/2017,12/3/2017,J+2,JM-15865,John Murray,Grand public,États-Unis,San Angelo,Texas,USCA - Centre,FUR-CH-10004477,Mobilier,Chaises,"Global Push Button Manager's Chair, Indigo",85.25,2,0.3,-1.22
8120,US-2017-116722,11/11/2017,11/16/2017,Tarif normal,LP-17080,Liz Pelletier,Grand public,États-Unis,San Francisco,Californie,USCA - Ouest,FUR-FU-10001934,Mobilier,Meubles,Magnifier Swing Arm Lamp,41.96,2,0,10.91
8121,US-2017-116722,11/11/2017,11/16/2017,Tarif normal,LP-17080,Liz Pelletier,Grand public,États-Unis,San Francisco,Californie,USCA - Ouest,FUR-CH-10004997,Mobilier,Chaises,Hon Every-Day Series Multi-Task Chairs,451.15,3,0.2,0
8122,US-2017-116722,11/11/2017,11/16/2017,Tarif normal,LP-17080,Liz Pelletier,Grand public,États-Unis,San Francisco,Californie,USCA - Ouest,OFF-BI-10001890,Fournitures de bureau,Classeurs,Avery Poly Binder Pockets,31.5,11,0.2,11.03
8137,US-2017-118073,8/12/2017,8/16/2017,Tarif normal,CS-12490,Cindy Schnelling,Entreprise,États-Unis,Lakeland,Floride,USCA - Sud,FUR-TA-10002533,Mobilier,Tables,BPI Conference Tables,562.29,7,0.5,-255.59
8139,US-2017-102561,7/18/2017,7/22/2017,Tarif normal,NK-18490,Neil Knudson,Bureau à domicile,États-Unis,Philadelphia,Pennsylvanie,USCA - Est,OFF-AR-10001545,Fournitures de bureau,Art,Newell 326,11.26,8,0.2,1.27
8140,US-2017-102561,7/18/2017,7/22/2017,Tarif normal,NK-18490,Neil Knudson,Bureau à domicile,États-Unis,Philadelphia,Pennsylvanie,USCA - Est,OFF-ST-10001476,Fournitures de bureau,Stockage,Steel Personal Filing/Posting Tote,284.08,10,0.2,24.86
8141,US-2017-102561,7/18/2017,7/22/2017,Tarif normal,NK-18490,Neil Knudson,Bureau à domicile,États-Unis,Philadelphia,Pennsylvanie,USCA - Est,OFF-PA-10004971,Fournitures de bureau,Papier,Xerox 196,18.5,4,0.2,6.7
8142,US-2017-100993,2/5/2017,2/10/2017,Tarif normal,AZ-10750,Annie Zypern,Grand public,États-Unis,San Diego,Californie,USCA - Ouest,OFF-LA-10003223,Fournitures de bureau,Étiquettes,Avery 508,14.73,3,0,7.22
8143,US-2017-100993,2/5/2017,2/10/2017,Tarif normal,AZ-10750,Annie Zypern,Grand public,États-Unis,San Diego,Californie,USCA - Ouest,OFF-ST-10004340,Fournitures de bureau,Stockage,"Fellowes Mobile File Cart, Black",186.54,3,0,50.37
8144,US-2017-100993,2/5/2017,2/10/2017,Tarif normal,AZ-10750,Annie Zypern,Grand public,États-Unis,San Diego,Californie,USCA - Ouest,FUR-TA-10001095,Mobilier,Tables,Chromcraft Round Conference Tables,557.73,4,0.2,6.97
8145,US-2017-100993,2/5/2017,2/10/2017,Tarif normal,AZ-10750,Annie Zypern,Grand public,États-Unis,San Diego,Californie,USCA - Ouest,TEC-PH-10001448,Produits technologiques,Téléphones,Anker Astro 15000mAh USB Portable Charger,159.97,4,0.2,-31.99
8149,US-2017-131058,12/27/2017,12/28/2017,Tarif normal,EM-14140,Eugene Moren,Bureau à domicile,États-Unis,Santa Ana,Californie,USCA - Ouest,OFF-LA-10001613,Fournitures de bureau,Étiquettes,Avery File Folder Labels,20.16,7,0,9.88
8157,US-2017-131296,10/4/2017,10/9/2017,Tarif normal,MS-17830,Melanie Seite,Grand public,États-Unis,Baltimore,Maryland,USCA - Est,FUR-TA-10002622,Mobilier,Tables,"Bush Andora Conference Table, Maple/Graphite Gray Finish",239.37,2,0.3,-23.94
8158,US-2017-103464,11/18/2017,11/22/2017,Tarif normal,PG-18820,Patrick Gardner,Grand public,États-Unis,San Diego,Californie,USCA - Ouest,TEC-AC-10002842,Produits technologiques,Accessoires,WD My Passport Ultra 2TB Portable External Hard Drive,595,5,0,95.2
8160,US-2017-120803,3/9/2017,3/13/2017,Tarif normal,RB-19465,Rick Bensley,Bureau à domicile,États-Unis,Milford,Connecticut,USCA - Est,TEC-AC-10004469,Produits technologiques,Accessoires,Microsoft Sculpt Comfort Mouse,199.75,5,0,87.89
8161,US-2017-134138,2/16/2017,2/20/2017,Tarif normal,JD-15790,John Dryer,Grand public,États-Unis,Belleville,New Jersey,USCA - Est,FUR-CH-10001545,Mobilier,Chaises,Hon Comfortask Task/Swivel Chairs,227.96,2,0,36.47
8168,US-2017-144148,4/22/2017,4/23/2017,Tarif normal,AH-10690,Anna Häberlin,Entreprise,États-Unis,San Francisco,Californie,USCA - Ouest,FUR-TA-10002774,Mobilier,Tables,Laminate Occasional Tables,863.13,7,0.2,-32.37
8172,US-2017-146150,2/14/2017,2/19/2017,Tarif normal,FM-14380,Fred McMath,Grand public,États-Unis,Jackson,Mississippi,USCA - Sud,OFF-AR-10002240,Fournitures de bureau,Art,Panasonic KP-150 Electric Pencil Sharpener,264.18,7,0,68.69
8176,US-2017-114944,2/2/2017,2/4/2017,Tarif normal,HE-14800,Harold Engle,Entreprise,États-Unis,Chicago,Illinois,USCA - Centre,OFF-PA-10003892,Fournitures de bureau,Papier,Xerox 1943,156.51,4,0.2,52.82
8177,US-2017-135965,9/22/2017,9/25/2017,Prioritaire,SZ-20035,Sam Zeldin,Bureau à domicile,États-Unis,New York City,New York,USCA - Est,OFF-ST-10002370,Fournitures de bureau,Stockage,"Sortfiler Multipurpose Personal File Organizer, Black",128.34,6,0,37.22
8179,US-2017-166429,9/2/2017,9/8/2017,Tarif normal,TG-21310,Toby Gnade,Grand public,États-Unis,Des Moines,Washington,USCA - Ouest,TEC-CO-10002095,Produits technologiques,Photocopieurs,Hewlett Packard 610 Color Digital Copier / Printer,999.98,2,0,449.99
8188,US-2017-127194,12/10/2017,12/16/2017,Tarif normal,BW-11110,Bart Watters,Entreprise,États-Unis,New York City,New York,USCA - Est,OFF-PA-10000659,Fournitures de bureau,Papier,"Adams Phone Message Book, Professional, 400 Message Capacity, 5 3/6” x 11”",62.82,9,0,29.53
8212,US-2017-116337,11/7/2017,11/12/2017,Tarif normal,MC-17845,Michael Chen,Grand public,États-Unis,Dallas,Texas,USCA - Centre,FUR-FU-10002030,Mobilier,Meubles,"Executive Impressions 14"" Contract Wall Clock with Quartz Movement",44.46,5,0.6,-17.78
8213,US-2017-116337,11/7/2017,11/12/2017,Tarif normal,MC-17845,Michael Chen,Grand public,États-Unis,Dallas,Texas,USCA - Centre,OFF-ST-10001272,Fournitures de bureau,Stockage,"Mini 13-1/2 Capacity Data Binder Rack, Pearl",314.09,3,0.2,19.63
8224,US-2017-104633,6/12/2017,6/16/2017,Tarif normal,EA-14035,Erin Ashbrook,Entreprise,États-Unis,Pasadena,Californie,USCA - Ouest,OFF-PA-10000241,Fournitures de bureau,Papier,"IBM Multi-Purpose Copy Paper, 8 1/2 x 11"", Case",185.88,6,0,83.65
8225,US-2017-104633,6/12/2017,6/16/2017,Tarif normal,EA-14035,Erin Ashbrook,Entreprise,États-Unis,Pasadena,Californie,USCA - Ouest,OFF-PA-10004782,Fournitures de bureau,Papier,Xerox 228,12.96,2,0,6.22
8228,US-2017-123050,4/4/2017,4/8/2017,J+2,BC-11125,Becky Castell,Bureau à domicile,États-Unis,Troy,New York,USCA - Est,FUR-FU-10000723,Mobilier,Meubles,"Deflect-o EconoMat Studded, No Bevel Mat for Low Pile Carpeting",82.64,2,0,7.44
8229,US-2017-123050,4/4/2017,4/8/2017,J+2,BC-11125,Becky Castell,Bureau à domicile,États-Unis,Troy,New York,USCA - Est,OFF-ST-10003455,Fournitures de bureau,Stockage,"Tenex File Box, Personal Filing Tote with Lid, Black",31.02,2,0,8.07
8230,US-2017-123050,4/4/2017,4/8/2017,J+2,BC-11125,Becky Castell,Bureau à domicile,États-Unis,Troy,New York,USCA - Est,TEC-AC-10001109,Produits technologiques,Accessoires,Logitech Trackman Marble Mouse,89.97,3,0,37.79
8231,US-2017-162355,3/22/2017,3/23/2017,J+2,PF-19165,Philip Fox,Grand public,États-Unis,Sandy Springs,Géorgie,USCA - Sud,OFF-AR-10004344,Fournitures de bureau,Art,Bulldog Vacuum Base Pencil Sharpener,35.97,3,0,9.71
8232,US-2017-162355,3/22/2017,3/23/2017,J+2,PF-19165,Philip Fox,Grand public,États-Unis,Sandy Springs,Géorgie,USCA - Sud,FUR-BO-10004695,Mobilier,Bibliothèques,O'Sullivan 2-Door Barrister Bookcase in Odessa Pine,1266.86,7,0,291.38
8249,US-2017-133816,5/10/2017,5/13/2017,J+2,CS-12400,Christopher Schild,Bureau à domicile,États-Unis,Philadelphia,Pennsylvanie,USCA - Est,TEC-PH-10001795,Produits technologiques,Téléphones,ClearOne CHATAttach 160 - speaker phone,743.99,2,0.4,-124
8260,US-2017-118101,6/26/2017,6/26/2017,Le même jour,SN-20560,Skye Norling,Bureau à domicile,États-Unis,Roseville,Michigan,USCA - Centre,OFF-PA-10000357,Fournitures de bureau,Papier,"White Dual Perf Computer Printout Paper, 2700 Sheets, 1 Part, Heavyweight, 20 lbs., 14 7/8 x 11",368.91,9,0,180.77
8261,US-2017-118101,6/26/2017,6/26/2017,Le même jour,SN-20560,Skye Norling,Bureau à domicile,États-Unis,Roseville,Michigan,USCA - Centre,OFF-BI-10000773,Fournitures de bureau,Classeurs,Insertable Tab Post Binder Dividers,8.02,1,0,3.77
8262,US-2017-118101,6/26/2017,6/26/2017,Le même jour,SN-20560,Skye Norling,Bureau à domicile,États-Unis,Roseville,Michigan,USCA - Centre,OFF-ST-10001837,Fournitures de bureau,Stockage,"SAFCO Mobile Desk Side File, Wire Frame",171.04,4,0,44.47
8263,US-2017-100307,12/15/2017,12/19/2017,Tarif normal,TC-21475,Tony Chapman,Bureau à domicile,États-Unis,Fayetteville,Arkansas,USCA - Sud,OFF-PA-10002552,Fournitures de bureau,Papier,Xerox 1958,19.44,3,0,9.33
8272,US-2017-169670,12/25/2017,12/26/2017,Tarif normal,JE-15715,Joe Elijah,Grand public,États-Unis,New York City,New York,USCA - Est,FUR-CH-10002331,Mobilier,Chaises,Hon 4700 Series Mobuis Mid-Back Task Chairs with Adjustable Arms,2563.06,8,0.1,313.26
8273,US-2017-139549,10/20/2017,10/25/2017,Tarif normal,MY-18295,Muhammed Yedwab,Entreprise,États-Unis,El Cajon,Californie,USCA - Ouest,FUR-CH-10001802,Mobilier,Chaises,Hon Every-Day Chair Series Swivel Task Chairs,387.14,4,0.2,4.84
8277,US-2017-139262,2/21/2017,2/25/2017,Tarif normal,LC-16960,Lindsay Castell,Bureau à domicile,États-Unis,Tampa,Floride,USCA - Sud,OFF-BI-10003727,Fournitures de bureau,Classeurs,Avery Durable Slant Ring Binders With Label Holder,3.76,3,0.7,-2.76
8278,US-2017-139262,2/21/2017,2/25/2017,Tarif normal,LC-16960,Lindsay Castell,Bureau à domicile,États-Unis,Tampa,Floride,USCA - Sud,OFF-BI-10002026,Fournitures de bureau,Classeurs,Avery Arch Ring Binders,34.86,2,0.7,-26.73
8279,US-2017-139262,2/21/2017,2/25/2017,Tarif normal,LC-16960,Lindsay Castell,Bureau à domicile,États-Unis,Tampa,Floride,USCA - Sud,OFF-ST-10001496,Fournitures de bureau,Stockage,Standard Rollaway File with Lock,432.46,3,0.2,32.43
8296,US-2017-166380,2/19/2017,2/20/2017,Tarif normal,EB-13750,Edward Becker,Entreprise,États-Unis,Arlington,Virginie,USCA - Sud,OFF-EN-10002600,Fournitures de bureau,Enveloppes,"Redi-Strip #10 Envelopes, 4 1/8 x 9 1/2",26.55,9,0,12.74
8297,US-2017-166380,2/19/2017,2/20/2017,Tarif normal,EB-13750,Edward Becker,Entreprise,États-Unis,Arlington,Virginie,USCA - Sud,TEC-AC-10000109,Produits technologiques,Accessoires,Sony Micro Vault Click 16 GB USB 2.0 Flash Drive,111.98,2,0,26.88
8306,US-2017-128671,8/11/2017,8/16/2017,Tarif normal,MT-18070,Michelle Tran,Bureau à domicile,États-Unis,Tulsa,Oklahoma,USCA - Centre,OFF-PA-10001870,Fournitures de bureau,Papier,Xerox 202,32.4,5,0,15.55
8307,US-2017-128671,8/11/2017,8/16/2017,Tarif normal,MT-18070,Michelle Tran,Bureau à domicile,États-Unis,Tulsa,Oklahoma,USCA - Centre,OFF-BI-10003305,Fournitures de bureau,Classeurs,Avery Hanging File Binders,41.86,7,0,19.26
8308,US-2017-128671,8/11/2017,8/16/2017,Tarif normal,MT-18070,Michelle Tran,Bureau à domicile,États-Unis,Tulsa,Oklahoma,USCA - Centre,OFF-BI-10003007,Fournitures de bureau,Classeurs,"Premium Transparent Presentation Covers, No Pattern/Clear, 8 1/2"" x 11""",77.56,2,0,35.68
8309,US-2017-149335,7/25/2017,7/25/2017,Le même jour,BC-11125,Becky Castell,Bureau à domicile,États-Unis,San Francisco,Californie,USCA - Ouest,OFF-AR-10001419,Fournitures de bureau,Art,Newell 325,37.17,9,0,11.15
8322,US-2017-149790,9/26/2017,10/1/2017,Tarif normal,SC-20380,Shahid Collister,Grand public,États-Unis,Houston,Texas,USCA - Centre,OFF-BI-10002026,Fournitures de bureau,Classeurs,Ibico Recycled Linen-Style Covers,15.62,2,0.8,-25
8323,US-2017-130778,11/19/2017,11/25/2017,Tarif normal,ND-18370,Natalie DeCherney,Grand public,États-Unis,Long Beach,New York,USCA - Est,OFF-AP-10000595,Fournitures de bureau,Électroménager,Disposable Triple-Filter Dust Bags,8.74,2,0,2.27
8324,US-2017-130778,11/19/2017,11/25/2017,Tarif normal,ND-18370,Natalie DeCherney,Grand public,États-Unis,Long Beach,New York,USCA - Est,OFF-PA-10001509,Fournitures de bureau,Papier,"Recycled Desk Saver Line ""While You Were Out"" Book, 5 1/2"" X 4""",44.75,5,0,20.59
8332,US-2017-153269,3/9/2017,3/12/2017,Prioritaire,PS-18760,Pamela Stobb,Grand public,États-Unis,Andover,Massachusetts,USCA - Est,OFF-ST-10004634,Fournitures de bureau,Stockage,"Personal Folder Holder, Ebony",11.21,1,0,3.36
8333,US-2017-153269,3/9/2017,3/12/2017,Prioritaire,PS-18760,Pamela Stobb,Grand public,États-Unis,Andover,Massachusetts,USCA - Est,FUR-CH-10002647,Mobilier,Chaises,"Situations Contoured Folding Chairs, 4/Set",354.9,5,0,88.73
8334,US-2017-153269,3/9/2017,3/12/2017,Prioritaire,PS-18760,Pamela Stobb,Grand public,États-Unis,Andover,Massachusetts,USCA - Est,OFF-PA-10001801,Fournitures de bureau,Papier,Xerox 193,17.94,3,0,8.79
8335,US-2017-153269,3/9/2017,3/12/2017,Prioritaire,PS-18760,Pamela Stobb,Grand public,États-Unis,Andover,Massachusetts,USCA - Est,OFF-BI-10004632,Fournitures de bureau,Classeurs,GBC Binding covers,51.8,4,0,23.31
8337,US-2017-101469,7/2/2017,7/8/2017,Tarif normal,KH-16360,Katherine Hughes,Grand public,États-Unis,Arlington,Virginie,USCA - Sud,OFF-AR-10003986,Fournitures de bureau,Art,Avery Hi-Liter Pen Style Six-Color Fluorescent Set,7.7,2,0,3.16
8343,US-2017-132549,11/25/2017,11/26/2017,Tarif normal,JK-15370,Jay Kimmel,Grand public,États-Unis,Huntsville,Alabama,USCA - Sud,OFF-ST-10001325,Fournitures de bureau,Stockage,Sterilite Officeware Hinged File Box,73.36,7,0,19.81
8357,US-2017-163174,8/26/2017,8/27/2017,Tarif normal,XP-21865,Xylona Preis,Grand public,États-Unis,Athens,Géorgie,USCA - Sud,FUR-FU-10000308,Mobilier,Meubles,Deflect-o Glass Clear Studded Chair Mats,186.54,3,0,41.04
8370,US-2017-118745,6/11/2017,6/16/2017,Tarif normal,SV-20365,Seth Vernon,Grand public,États-Unis,Los Angeles,Californie,USCA - Ouest,FUR-TA-10003473,Mobilier,Tables,Bretford Rectangular Conference Table Tops,902.71,3,0.2,33.85
8371,US-2017-163972,10/17/2017,10/21/2017,Tarif normal,MG-17890,Michael Granlund,Bureau à domicile,États-Unis,Fresno,Californie,USCA - Ouest,FUR-BO-10003894,Mobilier,Bibliothèques,"Safco Value Mate Steel Bookcase, Baked Enamel Finish on Steel, Black",120.67,2,0.2,21.29
8373,US-2017-113726,11/24/2017,12/1/2017,Tarif normal,SC-20680,Steve Carroll,Bureau à domicile,États-Unis,Seattle,Washington,USCA - Ouest,FUR-FU-10003535,Mobilier,Meubles,Howard Miller Distant Time Traveler Alarm Clock,82.26,3,0,33.73
8374,US-2017-152940,11/10/2017,11/13/2017,Prioritaire,RO-19780,Rose O'Brian,Grand public,États-Unis,San Francisco,Californie,USCA - Ouest,OFF-ST-10000352,Fournitures de bureau,Stockage,Acco Perma 2700 Stacking Storage Drawers,29.74,1,0,4.46
8382,US-2017-134544,3/17/2017,3/19/2017,J+2,AC-10660,Anna Chung,Grand public,États-Unis,San Francisco,Californie,USCA - Ouest,TEC-PH-10003800,Produits technologiques,Téléphones,i.Sound Portable Power - 8000 mAh,84.78,2,0.2,-20.14
8383,US-2017-163048,2/8/2017,2/15/2017,Tarif normal,MH-17440,Mark Haberlin,Entreprise,États-Unis,Houston,Texas,USCA - Centre,FUR-CH-10001270,Mobilier,Chaises,Harbour Creations Steel Folding Chair,241.5,4,0.3,0
8384,US-2017-145135,11/26/2017,11/28/2017,Prioritaire,CD-12790,Cynthia Delaney,Bureau à domicile,États-Unis,Shelton,Connecticut,USCA - Est,TEC-AC-10003447,Produits technologiques,Accessoires,Micropad Numeric Keypads,59.97,3,0,14.99
8385,US-2017-145135,11/26/2017,11/28/2017,Prioritaire,CD-12790,Cynthia Delaney,Bureau à domicile,États-Unis,Shelton,Connecticut,USCA - Est,OFF-PA-10004285,Fournitures de bureau,Papier,Xerox 1959,13.36,2,0,6.41
8390,US-2017-102596,12/27/2017,12/28/2017,Prioritaire,RD-19810,Ross DeVincentis,Bureau à domicile,États-Unis,Akron,Ohio,USCA - Est,OFF-FA-10000621,Fournitures de bureau,Éléments de fixation,"OIC Colored Binder Clips, Assorted Sizes",17.18,6,0.2,6.23
8393,US-2017-142594,12/1/2017,12/6/2017,J+2,EJ-14155,Eva Jacobs,Grand public,États-Unis,Franklin,Massachusetts,USCA - Est,TEC-PH-10000193,Produits technologiques,Téléphones,Jensen SMPS-640 - speaker phone,137.94,3,0,35.86
8394,US-2017-142594,12/1/2017,12/6/2017,J+2,EJ-14155,Eva Jacobs,Grand public,États-Unis,Franklin,Massachusetts,USCA - Est,FUR-FU-10002045,Mobilier,Meubles,"Executive Impressions 14""",111.15,5,0,48.91
8395,US-2017-142594,12/1/2017,12/6/2017,J+2,EJ-14155,Eva Jacobs,Grand public,États-Unis,Franklin,Massachusetts,USCA - Est,OFF-AP-10002945,Fournitures de bureau,Électroménager,Honeywell Enviracaire Portable HEPA Air Cleaner for 17' x 22' Room,901.95,3,0,297.64
8396,US-2017-142594,12/1/2017,12/6/2017,J+2,EJ-14155,Eva Jacobs,Grand public,États-Unis,Franklin,Massachusetts,USCA - Est,FUR-TA-10001095,Mobilier,Tables,Chromcraft Round Conference Tables,366.01,3,0.3,-47.06
8404,US-2017-154067,2/1/2017,2/7/2017,Tarif normal,SM-20950,Suzanne McNair,Entreprise,États-Unis,Los Angeles,Californie,USCA - Ouest,OFF-PA-10002254,Fournitures de bureau,Papier,Xerox 1883,105.52,4,0,48.54
8411,US-2017-130820,11/15/2017,11/15/2017,Le même jour,ON-18715,Odella Nelson,Entreprise,États-Unis,Burlington,Caroline du Nord,USCA - Sud,FUR-TA-10001768,Mobilier,Tables,Hon Racetrack Conference Tables,630.02,4,0.4,-199.51
8412,US-2017-159765,5/9/2017,5/12/2017,J+2,TH-21100,Thea Hendricks,Grand public,États-Unis,Salem,Virginie,USCA - Sud,OFF-AR-10003514,Fournitures de bureau,Art,4009 Highlighters by Sanford,27.86,7,0,9.19
8414,US-2017-147109,12/17/2017,12/21/2017,Tarif normal,AH-10075,Adam Hart,Entreprise,États-Unis,Arlington,Texas,USCA - Centre,OFF-PA-10001972,Fournitures de bureau,Papier,Xerox 214,51.84,10,0.2,18.14
8415,US-2017-147109,12/17/2017,12/21/2017,Tarif normal,AH-10075,Adam Hart,Entreprise,États-Unis,Arlington,Texas,USCA - Centre,TEC-AC-10002942,Produits technologiques,Accessoires,WD My Passport Ultra 1TB Portable External Hard Drive,165.6,3,0.2,-6.21
8426,US-2017-137652,8/28/2017,8/29/2017,Prioritaire,EB-13750,Edward Becker,Entreprise,États-Unis,Cincinnati,Ohio,USCA - Est,OFF-BI-10004099,Fournitures de bureau,Classeurs,GBC VeloBinder Strips,18.43,8,0.7,-12.29
8430,US-2017-118129,12/19/2017,12/21/2017,J+2,CL-12565,Clay Ludtke,Grand public,États-Unis,Reading,Pennsylvanie,USCA - Est,FUR-FU-10004904,Mobilier,Meubles,"Eldon ""L"" Workstation Diamond Chairmat",303.92,5,0.2,-30.39
8441,US-2017-158302,12/8/2017,12/12/2017,J+2,JB-16045,Julia Barnett,Bureau à domicile,États-Unis,Columbus,Ohio,USCA - Est,OFF-PA-10002615,Fournitures de bureau,Papier,"Ampad Gold Fibre Wirebound Steno Books, 6"" x 9"", Gregg Ruled",10.58,3,0.2,3.44
8443,US-2017-155173,3/6/2017,3/10/2017,Tarif normal,JB-16045,Julia Barnett,Bureau à domicile,États-Unis,Philadelphia,Pennsylvanie,USCA - Est,TEC-PH-10004586,Produits technologiques,Téléphones,Wilson SignalBoost 841262 DB PRO Amplifier Kit,431.94,2,0.4,-71.99
8444,US-2017-155173,3/6/2017,3/10/2017,Tarif normal,JB-16045,Julia Barnett,Bureau à domicile,États-Unis,Philadelphia,Pennsylvanie,USCA - Est,OFF-BI-10002982,Fournitures de bureau,Classeurs,Avery Self-Adhesive Photo Pockets for Polaroid Photos,2.04,1,0.7,-1.5
8445,US-2017-155173,3/6/2017,3/10/2017,Tarif normal,JB-16045,Julia Barnett,Bureau à domicile,États-Unis,Philadelphia,Pennsylvanie,USCA - Est,TEC-PH-10002538,Produits technologiques,Téléphones,Grandstream GXP1160 VoIP phone,68.24,3,0.4,-12.51
8453,US-2017-125087,4/18/2017,4/23/2017,Tarif normal,TH-21115,Thea Hudgings,Entreprise,États-Unis,Houston,Texas,USCA - Centre,FUR-CH-10002880,Mobilier,Chaises,"Global High-Back Leather Tilter, Burgundy",344.37,4,0.3,-93.47
8454,US-2017-125087,4/18/2017,4/23/2017,Tarif normal,TH-21115,Thea Hudgings,Entreprise,États-Unis,Houston,Texas,USCA - Centre,OFF-ST-10001780,Fournitures de bureau,Stockage,Tennsco 16-Compartment Lockers with Coat Rack,1554.94,3,0.2,77.75
8455,US-2017-125087,4/18/2017,4/23/2017,Tarif normal,TH-21115,Thea Hudgings,Entreprise,États-Unis,Houston,Texas,USCA - Centre,FUR-FU-10004748,Mobilier,Meubles,"Howard Miller 16"" Diameter Gallery Wall Clock",127.88,5,0.6,-67.14
8456,US-2017-154081,5/22/2017,5/29/2017,Tarif normal,JE-15610,Jim Epp,Entreprise,États-Unis,Los Angeles,Californie,USCA - Ouest,TEC-PH-10001918,Produits technologiques,Téléphones,Nortel Business Series Terminal T7208 Digital phone,222.38,2,0.2,22.24
8468,US-2017-168557,9/19/2017,9/23/2017,Tarif normal,FH-14275,Frank Hawley,Entreprise,États-Unis,San Francisco,Californie,USCA - Ouest,OFF-BI-10002309,Fournitures de bureau,Classeurs,Avery Heavy-Duty EZD  Binder With Locking Rings,8.93,2,0.2,3.12
8469,US-2017-164196,11/11/2017,11/17/2017,Tarif normal,AS-10285,Alejandro Savely,Entreprise,États-Unis,Noblesville,Indiana,USCA - Centre,FUR-TA-10001950,Mobilier,Tables,Balt Solid Wood Round Tables,2678.94,6,0,241.1
8480,US-2017-119270,3/12/2017,3/16/2017,Tarif normal,SW-20245,Scot Wooten,Grand public,États-Unis,Los Angeles,Californie,USCA - Ouest,OFF-PA-10004022,Fournitures de bureau,Papier,Hammermill Color Copier Paper (28Lb. and 96 Bright),19.98,2,0,8.99
8482,US-2017-138583,5/24/2017,5/28/2017,Tarif normal,DP-13390,Dennis Pardue,Bureau à domicile,États-Unis,Philadelphia,Pennsylvanie,USCA - Est,OFF-AR-10001860,Fournitures de bureau,Art,BIC Liqua Brite Liner,16.66,3,0.2,3.33
8484,US-2017-126284,9/20/2017,9/24/2017,Tarif normal,EN-13780,Edward Nazzal,Grand public,États-Unis,Grand Rapids,Michigan,USCA - Centre,OFF-BI-10004828,Fournitures de bureau,Classeurs,GBC Poly Designer Binding Covers,83.7,5,0,41.01
8489,US-2017-158841,2/2/2017,2/4/2017,J+2,SE-20110,Sanjit Engle,Grand public,États-Unis,Arlington,Virginie,USCA - Sud,TEC-MA-10001127,Produits technologiques,Machines,"HP Designjet T520 Inkjet Large Format Printer - 24"" Color",8749.95,5,0,2799.98
8490,US-2017-158841,2/2/2017,2/4/2017,J+2,SE-20110,Sanjit Engle,Grand public,États-Unis,Arlington,Virginie,USCA - Sud,OFF-BI-10002557,Fournitures de bureau,Classeurs,Presstex Flexible Ring Binders,36.4,8,0,18.2
8491,US-2017-158841,2/2/2017,2/4/2017,J+2,SE-20110,Sanjit Engle,Grand public,États-Unis,Arlington,Virginie,USCA - Sud,FUR-FU-10001731,Mobilier,Meubles,Acrylic Self-Standing Desk Frames,18.69,7,0,7.1
8496,US-2017-143154,12/2/2017,12/8/2017,Tarif normal,AS-10225,Alan Schoenberger,Entreprise,États-Unis,Longmont,Colorado,USCA - Ouest,TEC-AC-10002942,Produits technologiques,Accessoires,WD My Passport Ultra 1TB Portable External Hard Drive,165.6,3,0.2,-6.21
8505,US-2017-109400,5/2/2017,5/6/2017,Tarif normal,NR-18550,Nick Radford,Grand public,États-Unis,Amarillo,Texas,USCA - Centre,FUR-CH-10003298,Mobilier,Chaises,"Office Star - Contemporary Task Swivel chair with Loop Arms, Charcoal",366.74,4,0.3,-110.02
8506,US-2017-130400,3/8/2017,3/12/2017,Tarif normal,SJ-20125,Sanjit Jacobs,Bureau à domicile,États-Unis,Dallas,Texas,USCA - Centre,OFF-BI-10001757,Fournitures de bureau,Classeurs,Pressboard Hanging Data Binders for Unburst Sheets,8.86,9,0.8,-14.17
8507,US-2017-130400,3/8/2017,3/12/2017,Tarif normal,SJ-20125,Sanjit Jacobs,Bureau à domicile,États-Unis,Dallas,Texas,USCA - Centre,TEC-AC-10004633,Produits technologiques,Accessoires,"Verbatim 25 GB 6x Blu-ray Single Layer Recordable Disc, 3/Pack",27.96,5,0.2,8.39
8508,US-2017-130400,3/8/2017,3/12/2017,Tarif normal,SJ-20125,Sanjit Jacobs,Bureau à domicile,États-Unis,Dallas,Texas,USCA - Centre,OFF-EN-10001453,Fournitures de bureau,Enveloppes,"Tyvek Interoffice Envelopes, 9 1/2"" x 12 1/2"", 100/Box",146.35,3,0.2,49.39
8512,US-2017-103359,12/22/2017,12/26/2017,Tarif normal,LC-16885,Lena Creighton,Grand public,États-Unis,New York City,New York,USCA - Est,OFF-BI-10004233,Fournitures de bureau,Classeurs,"GBC Pre-Punched Binding Paper, Plastic, White, 8-1/2"" x 11""",25.58,2,0.2,8.95
8513,US-2017-144645,2/2/2017,2/8/2017,Tarif normal,NS-18640,Noel Staavos,Entreprise,États-Unis,Houston,Texas,USCA - Centre,FUR-FU-10003601,Mobilier,Meubles,"Deflect-o RollaMat Studded, Beveled Mat for Medium Pile Carpeting",73.78,2,0.6,-77.47
8517,US-2017-132899,4/7/2017,4/11/2017,Tarif normal,SF-20200,Sarah Foster,Grand public,États-Unis,New York City,New York,USCA - Est,OFF-AR-10002833,Fournitures de bureau,Art,Newell 322,3.64,2,0,0.98
8522,US-2017-141887,1/11/2017,1/15/2017,Tarif normal,MP-17470,Mark Packer,Bureau à domicile,États-Unis,Columbus,Ohio,USCA - Est,FUR-FU-10002268,Mobilier,Meubles,Ultra Door Push Plate,54.99,14,0.2,8.94
8523,US-2017-160206,4/1/2017,4/7/2017,Tarif normal,MY-18295,Muhammed Yedwab,Entreprise,États-Unis,Milwaukee,Wisconsin,USCA - Centre,TEC-PH-10000148,Produits technologiques,Téléphones,Cyber Acoustics AC-202b Speech Recognition Stereo Headset,12.99,1,0,0.26
8531,US-2017-156748,8/22/2017,8/23/2017,Tarif normal,BS-11755,Bruce Stewart,Grand public,États-Unis,Detroit,Michigan,USCA - Centre,OFF-PA-10000380,Fournitures de bureau,Papier,"REDIFORM Incoming/Outgoing Call Register, 11"" X 8 1/2"", 100 Messages",33.36,4,0,16.68
8532,US-2017-156748,8/22/2017,8/23/2017,Tarif normal,BS-11755,Bruce Stewart,Grand public,États-Unis,Detroit,Michigan,USCA - Centre,OFF-PA-10002713,Fournitures de bureau,Papier,"Adams Phone Message Book, 200 Message Capacity, 8 1/16” x 11”",13.76,2,0,6.33
8533,US-2017-156748,8/22/2017,8/23/2017,Tarif normal,BS-11755,Bruce Stewart,Grand public,États-Unis,Detroit,Michigan,USCA - Centre,OFF-ST-10001370,Fournitures de bureau,Stockage,Sensible Storage WireTech Storage Systems,496.86,7,0,24.84
8534,US-2017-156748,8/22/2017,8/23/2017,Tarif normal,BS-11755,Bruce Stewart,Grand public,États-Unis,Detroit,Michigan,USCA - Centre,FUR-CH-10000513,Mobilier,Chaises,High-Back Leather Manager's Chair,389.97,3,0,35.1
8545,US-2017-119074,3/27/2017,3/28/2017,Tarif normal,DS-13180,David Smith,Entreprise,États-Unis,Columbus,Géorgie,USCA - Sud,FUR-FU-10004053,Mobilier,Meubles,DAX Two-Tone Silver Metal Document Frame,20.24,1,0,8.7
8546,US-2017-119074,3/27/2017,3/28/2017,Tarif normal,DS-13180,David Smith,Entreprise,États-Unis,Columbus,Géorgie,USCA - Sud,FUR-FU-10003731,Mobilier,Meubles,"Eldon Expressions Wood and Plastic Desk Accessories, Oak",39.92,4,0,11.18
8547,US-2017-119074,3/27/2017,3/28/2017,Tarif normal,DS-13180,David Smith,Entreprise,États-Unis,Columbus,Géorgie,USCA - Sud,OFF-BI-10000962,Fournitures de bureau,Classeurs,"Acco Flexible ACCOHIDE Square Ring Data Binder, Dark Blue, 11 1/2"" X 14"" 7/8""",32.54,2,0,15.94
8555,US-2017-102092,12/9/2017,12/11/2017,Prioritaire,PM-18940,Paul MacIntyre,Grand public,États-Unis,Springfield,Virginie,USCA - Sud,FUR-TA-10002530,Mobilier,Tables,"Iceberg OfficeWorks 42"" Round Tables",1056.86,7,0,158.53
8558,US-2017-132829,12/23/2017,12/26/2017,J+2,LA-16780,Laura Armstrong,Entreprise,États-Unis,Houston,Texas,USCA - Centre,TEC-PH-10004539,Produits technologiques,Téléphones,Wireless Extenders zBoost YX545 SOHO Signal Booster,453.58,3,0.2,39.69
8559,US-2017-132829,12/23/2017,12/26/2017,J+2,LA-16780,Laura Armstrong,Entreprise,États-Unis,Houston,Texas,USCA - Centre,OFF-LA-10002945,Fournitures de bureau,Étiquettes,"Permanent Self-Adhesive File Folder Labels for Typewriters, 1 1/8 x 3 1/2, White",45.36,9,0.2,14.74
8560,US-2017-132829,12/23/2017,12/26/2017,J+2,LA-16780,Laura Armstrong,Entreprise,États-Unis,Houston,Texas,USCA - Centre,TEC-PH-10004345,Produits technologiques,Téléphones,Cisco SPA 502G IP Phone,287.88,3,0.2,35.99
8561,US-2017-132829,12/23/2017,12/26/2017,J+2,LA-16780,Laura Armstrong,Entreprise,États-Unis,Houston,Texas,USCA - Centre,TEC-PH-10004912,Produits technologiques,Téléphones,Cisco SPA112 2 Port Phone Adapter,131.88,3,0.2,14.84
8562,US-2017-132829,12/23/2017,12/26/2017,J+2,LA-16780,Laura Armstrong,Entreprise,États-Unis,Houston,Texas,USCA - Centre,FUR-FU-10000206,Mobilier,Meubles,"GE General Purpose, Extra Long Life, Showcase & Floodlight Incandescent Bulbs",2.33,2,0.6,-0.76
8563,US-2017-123540,4/2/2017,4/6/2017,J+2,DJ-13420,Denny Joy,Entreprise,États-Unis,Milwaukee,Wisconsin,USCA - Centre,FUR-CH-10000847,Mobilier,Chaises,Global Executive Mid-Back Manager's Chair,1454.9,5,0,378.27
8566,US-2017-134110,11/17/2017,11/18/2017,Prioritaire,BG-11035,Barry Gonzalez,Grand public,États-Unis,The Colony,Texas,USCA - Centre,TEC-PH-10002350,Produits technologiques,Téléphones,Apple EarPods with Remote and Mic,67.18,3,0.2,6.72
8567,US-2017-134110,11/17/2017,11/18/2017,Prioritaire,BG-11035,Barry Gonzalez,Grand public,États-Unis,The Colony,Texas,USCA - Centre,OFF-PA-10000697,Fournitures de bureau,Papier,"TOPS Voice Message Log Book, Flash Format",15.23,4,0.2,5.52
8568,US-2017-136581,11/10/2017,11/12/2017,Prioritaire,SV-20365,Seth Vernon,Grand public,États-Unis,Troy,Ohio,USCA - Est,OFF-PA-10002787,Fournitures de bureau,Papier,Xerox 227,31.1,6,0.2,10.89
8569,US-2017-162390,12/6/2017,12/12/2017,Tarif normal,DP-13105,Dave Poirier,Entreprise,États-Unis,Hempstead,New York,USCA - Est,OFF-BI-10004318,Fournitures de bureau,Classeurs,Ibico EB-19 Dual Function Manual Binding System,968.74,7,0.2,314.84
8570,US-2017-162390,12/6/2017,12/12/2017,Tarif normal,DP-13105,Dave Poirier,Entreprise,États-Unis,Hempstead,New York,USCA - Est,OFF-BI-10001721,Fournitures de bureau,Classeurs,Trimflex Flexible Post Binders,222.35,13,0.2,77.82
8571,US-2017-162390,12/6/2017,12/12/2017,Tarif normal,DP-13105,Dave Poirier,Entreprise,États-Unis,Hempstead,New York,USCA - Est,TEC-CO-10004202,Produits technologiques,Photocopieurs,Brother DCP1000 Digital 3 in 1 Multifunction Machine,479.98,2,0.2,90
8572,US-2017-162222,4/3/2017,4/3/2017,Le même jour,SR-20740,Steven Roelle,Bureau à domicile,États-Unis,Dallas,Texas,USCA - Centre,OFF-PA-10003893,Fournitures de bureau,Papier,Xerox 1962,10.27,3,0.2,3.21
8580,US-2017-111605,12/27/2017,12/28/2017,Tarif normal,JW-15955,Joni Wasserman,Grand public,États-Unis,Louisville,Kentucky,USCA - Sud,OFF-LA-10002368,Fournitures de bureau,Étiquettes,Avery 479,2.61,1,0,1.2
8598,US-2017-117387,10/27/2017,10/28/2017,Tarif normal,PA-19060,Pete Armstrong,Bureau à domicile,États-Unis,San Francisco,Californie,USCA - Ouest,OFF-BI-10004308,Fournitures de bureau,Classeurs,Avery Legal 4-Ring Binder,67.14,4,0.2,25.18
8604,US-2017-116365,1/3/2017,1/8/2017,Tarif normal,CA-12310,Christine Abelman,Entreprise,États-Unis,San Antonio,Texas,USCA - Centre,TEC-AC-10002217,Produits technologiques,Accessoires,Imation Clip USB flash drive - 8 GB,30.08,2,0.2,-5.26
8605,US-2017-116365,1/3/2017,1/8/2017,Tarif normal,CA-12310,Christine Abelman,Entreprise,États-Unis,San Antonio,Texas,USCA - Centre,TEC-AC-10002942,Produits technologiques,Accessoires,WD My Passport Ultra 1TB Portable External Hard Drive,165.6,3,0.2,-6.21
8606,US-2017-116365,1/3/2017,1/8/2017,Tarif normal,CA-12310,Christine Abelman,Entreprise,États-Unis,San Antonio,Texas,USCA - Centre,TEC-PH-10002890,Produits technologiques,Téléphones,AT&T 17929 Lendline Telephone,180.96,5,0.2,13.57
8613,US-2017-146437,1/28/2017,2/1/2017,J+2,HG-14965,Henry Goldwyn,Entreprise,États-Unis,Los Angeles,Californie,USCA - Ouest,OFF-AR-10000588,Fournitures de bureau,Art,Newell 345,39.68,2,0,10.32
8614,US-2017-138233,11/9/2017,11/14/2017,Tarif normal,PF-19165,Philip Fox,Grand public,États-Unis,Oakland,Californie,USCA - Ouest,TEC-AC-10002001,Produits technologiques,Accessoires,Logitech Wireless Gaming Headset G930,479.97,3,0,177.59
8615,US-2017-165918,9/10/2017,9/14/2017,Tarif normal,BD-11770,Bryan Davis,Grand public,États-Unis,Edmonds,Washington,USCA - Ouest,OFF-LA-10003720,Fournitures de bureau,Étiquettes,Avery 487,7.38,2,0,3.47
8616,US-2017-165918,9/10/2017,9/14/2017,Tarif normal,BD-11770,Bryan Davis,Grand public,États-Unis,Edmonds,Washington,USCA - Ouest,OFF-BI-10004364,Fournitures de bureau,Classeurs,Storex Dura Pro Binders,14.26,3,0.2,4.46
8617,US-2017-165918,9/10/2017,9/14/2017,Tarif normal,BD-11770,Bryan Davis,Grand public,États-Unis,Edmonds,Washington,USCA - Ouest,OFF-PA-10000100,Fournitures de bureau,Papier,Xerox 1945,81.98,2,0,40.17
8618,US-2017-165918,9/10/2017,9/14/2017,Tarif normal,BD-11770,Bryan Davis,Grand public,États-Unis,Edmonds,Washington,USCA - Ouest,OFF-BI-10004826,Fournitures de bureau,Classeurs,JM Magazine Binder,39.62,3,0.2,13.87
8623,US-2017-114230,11/27/2017,12/1/2017,Tarif normal,CM-12235,Chris McAfee,Grand public,États-Unis,Phoenix,Arizona,USCA - Ouest,OFF-ST-10000876,Fournitures de bureau,Stockage,Eldon Simplefile Box Office,39.81,4,0.2,3.98
8632,US-2017-107783,7/28/2017,7/29/2017,Prioritaire,OT-18730,Olvera Toch,Grand public,États-Unis,Bethlehem,Pennsylvanie,USCA - Est,FUR-BO-10004409,Mobilier,Bibliothèques,"Safco Value Mate Series Steel Bookcases, Baked Enamel Finish on Steel, Gray",177.45,5,0.5,-78.08
8633,US-2017-107783,7/28/2017,7/29/2017,Prioritaire,OT-18730,Olvera Toch,Grand public,États-Unis,Bethlehem,Pennsylvanie,USCA - Est,OFF-BI-10000545,Fournitures de bureau,Classeurs,GBC Ibimaster 500 Manual ProClick Binding System,1369.76,6,0.7,-913.18
8634,US-2017-107783,7/28/2017,7/29/2017,Prioritaire,OT-18730,Olvera Toch,Grand public,États-Unis,Bethlehem,Pennsylvanie,USCA - Est,OFF-AP-10004052,Fournitures de bureau,Électroménager,"Hoover Replacement Belts For Soft Guard & Commercial Ltweight Upright Vacs, 2/Pk",9.48,3,0.2,0.71
8647,US-2017-113341,11/25/2017,11/29/2017,Tarif normal,MH-17455,Mark Hamilton,Grand public,États-Unis,Los Angeles,Californie,USCA - Ouest,FUR-CH-10004698,Mobilier,Chaises,"Padded Folding Chairs, Black, 4/Carton",194.35,3,0.2,19.44
8649,US-2017-164574,7/29/2017,8/3/2017,Tarif normal,RH-19555,Ritsa Hightower,Grand public,États-Unis,Charlotte,Caroline du Nord,USCA - Sud,OFF-ST-10003816,Fournitures de bureau,Stockage,Fellowes High-Stak Drawer Files,704.76,5,0.2,26.43
8650,US-2017-164574,7/29/2017,8/3/2017,Tarif normal,RH-19555,Ritsa Hightower,Grand public,États-Unis,Charlotte,Caroline du Nord,USCA - Sud,OFF-BI-10002429,Fournitures de bureau,Classeurs,"Premier Elliptical Ring Binder, Black",27.4,3,0.7,-20.09
8659,US-2017-168361,6/21/2017,6/25/2017,Tarif normal,KB-16600,Ken Brennan,Entreprise,États-Unis,Chicago,Illinois,USCA - Centre,OFF-BI-10003727,Fournitures de bureau,Classeurs,Avery Durable Slant Ring Binders With Label Holder,0.84,1,0.8,-1.34
8660,US-2017-153185,9/3/2017,9/8/2017,Tarif normal,MH-17620,Matt Hagelstein,Entreprise,États-Unis,Cincinnati,Ohio,USCA - Est,OFF-PA-10002246,Fournitures de bureau,Papier,"Wirebound Four 2-3/4 x 5 Forms per Page, 400 Sets per Book",30.96,6,0.2,11.22
8666,US-2017-118500,11/17/2017,11/18/2017,Prioritaire,HJ-14875,Heather Jas,Bureau à domicile,États-Unis,San Francisco,Californie,USCA - Ouest,OFF-SU-10004231,Fournitures de bureau,Fournitures,Acme Tagit Stainless Steel Antibacterial Scissors,49.5,5,0,13.37
8667,US-2017-163951,9/21/2017,9/22/2017,Prioritaire,CJ-11875,Carl Jackson,Entreprise,États-Unis,Philadelphia,Pennsylvanie,USCA - Est,OFF-AR-10004269,Fournitures de bureau,Art,Newell 31,16.52,5,0.2,1.65
8668,US-2017-149916,12/22/2017,12/24/2017,J+2,ED-13885,Emily Ducich,Bureau à domicile,États-Unis,Seattle,Washington,USCA - Ouest,OFF-BI-10004002,Fournitures de bureau,Classeurs,Wilson Jones International Size A4 Ring Binders,55.36,4,0.2,19.38
8669,US-2017-149916,12/22/2017,12/24/2017,J+2,ED-13885,Emily Ducich,Bureau à domicile,États-Unis,Seattle,Washington,USCA - Ouest,TEC-MA-10000752,Produits technologiques,Machines,Texas Instrument TI-15 Fraction Calculator,11.56,1,0.2,3.76
8679,US-2017-112739,9/2/2017,9/7/2017,J+2,RD-19810,Ross DeVincentis,Bureau à domicile,États-Unis,Houston,Texas,USCA - Centre,OFF-BI-10001132,Fournitures de bureau,Classeurs,"Acco PRESSTEX Data Binder with Storage Hooks, Dark Blue, 9 1/2"" X 11""",8.61,8,0.8,-13.34
8680,US-2017-112739,9/2/2017,9/7/2017,J+2,RD-19810,Ross DeVincentis,Bureau à domicile,États-Unis,Houston,Texas,USCA - Centre,TEC-AC-10001714,Produits technologiques,Accessoires,Logitech MX Performance Wireless Mouse,159.56,5,0.2,33.91
8681,US-2017-143805,12/1/2017,12/3/2017,J+2,JD-15895,Jonathan Doherty,Entreprise,États-Unis,Richmond,Virginie,USCA - Sud,OFF-AP-10002945,Fournitures de bureau,Électroménager,Honeywell Enviracaire Portable HEPA Air Cleaner for 17' x 22' Room,2104.55,7,0,694.5
8682,US-2017-143805,12/1/2017,12/3/2017,J+2,JD-15895,Jonathan Doherty,Entreprise,États-Unis,Richmond,Virginie,USCA - Sud,OFF-SU-10004664,Fournitures de bureau,Fournitures,Acme Softgrip Scissors,40.7,5,0,11.8
8685,US-2017-155446,12/16/2017,12/23/2017,Tarif normal,TN-21040,Tanja Norvell,Bureau à domicile,États-Unis,San Diego,Californie,USCA - Ouest,TEC-AC-10001445,Produits technologiques,Accessoires,Imation USB 2.0 Swivel Flash Drive USB flash drive - 4 GB - Pink,21.21,7,0,4.45
8687,US-2017-144015,6/26/2017,6/26/2017,Le même jour,AH-10075,Adam Hart,Entreprise,États-Unis,Los Angeles,Californie,USCA - Ouest,OFF-SU-10003505,Fournitures de bureau,Fournitures,Premier Electric Letter Opener,231.72,2,0,11.59
8688,US-2017-144015,6/26/2017,6/26/2017,Le même jour,AH-10075,Adam Hart,Entreprise,États-Unis,Los Angeles,Californie,USCA - Ouest,OFF-FA-10000624,Fournitures de bureau,Éléments de fixation,OIC Binder Clips,17.9,5,0,8.95
8689,US-2017-144015,6/26/2017,6/26/2017,Le même jour,AH-10075,Adam Hart,Entreprise,États-Unis,Los Angeles,Californie,USCA - Ouest,OFF-PA-10002870,Fournitures de bureau,Papier,"Ampad Phone Message Book, Recycled, 400 Message Capacity, 5 ¾” x 11”",12.48,2,0,5.62
8691,US-2017-136770,8/14/2017,8/18/2017,Tarif normal,SP-20650,Stephanie Phelps,Entreprise,États-Unis,Akron,Ohio,USCA - Est,TEC-PH-10003580,Produits technologiques,Téléphones,Cisco IP Phone 7961G-GE VoIP phone,259.9,2,0.4,-56.31
8692,US-2017-136770,8/14/2017,8/18/2017,Tarif normal,SP-20650,Stephanie Phelps,Entreprise,États-Unis,Akron,Ohio,USCA - Est,TEC-PH-10001530,Produits technologiques,Téléphones,Plantronics Voyager Pro Legend,247.19,2,0.4,-49.44
8693,US-2017-136770,8/14/2017,8/18/2017,Tarif normal,SP-20650,Stephanie Phelps,Entreprise,États-Unis,Akron,Ohio,USCA - Est,TEC-AC-10000420,Produits technologiques,Accessoires,Logitech G500s Laser Gaming Mouse with Adjustable Weight Tuning,279.96,5,0.2,48.99
8694,US-2017-118311,10/24/2017,10/28/2017,Tarif normal,ED-13885,Emily Ducich,Bureau à domicile,États-Unis,San Francisco,Californie,USCA - Ouest,TEC-AC-10000892,Produits technologiques,Accessoires,NETGEAR N750 Dual Band Wi-Fi Gigabit Router,450,5,0,162
8705,US-2017-111318,7/23/2017,7/26/2017,Prioritaire,IL-15100,Ivan Liston,Grand public,États-Unis,Houston,Texas,USCA - Centre,TEC-PH-10004100,Produits technologiques,Téléphones,Griffin GC17055 Auxiliary Audio Cable,115.14,8,0.2,11.51
8717,US-2017-120824,6/12/2017,6/16/2017,J+2,AW-10930,Arthur Wiediger,Bureau à domicile,États-Unis,Houston,Texas,USCA - Centre,OFF-AP-10001242,Fournitures de bureau,Électroménager,APC 7 Outlet Network SurgeArrest Surge Protector,64.38,4,0.8,-160.96
8718,US-2017-120824,6/12/2017,6/16/2017,J+2,AW-10930,Arthur Wiediger,Bureau à domicile,États-Unis,Houston,Texas,USCA - Centre,FUR-FU-10001424,Mobilier,Meubles,Dax Clear Box Frame,6.98,2,0.6,-4.54
8719,US-2017-120824,6/12/2017,6/16/2017,J+2,AW-10930,Arthur Wiediger,Bureau à domicile,États-Unis,Houston,Texas,USCA - Centre,OFF-AR-10003469,Fournitures de bureau,Art,Nontoxic Chalk,11.26,8,0.2,3.94
8720,US-2017-120824,6/12/2017,6/16/2017,J+2,AW-10930,Arthur Wiediger,Bureau à domicile,États-Unis,Houston,Texas,USCA - Centre,OFF-PA-10000232,Fournitures de bureau,Papier,Xerox 1975,15.55,3,0.2,5.64
8721,US-2017-120824,6/12/2017,6/16/2017,J+2,AW-10930,Arthur Wiediger,Bureau à domicile,États-Unis,Houston,Texas,USCA - Centre,FUR-CH-10000229,Mobilier,Chaises,Global Enterprise Series Seating High-Back Swivel/Tilt Chairs,379.37,2,0.3,-119.23
8722,US-2017-120824,6/12/2017,6/16/2017,J+2,AW-10930,Arthur Wiediger,Bureau à domicile,États-Unis,Houston,Texas,USCA - Centre,OFF-ST-10002562,Fournitures de bureau,Stockage,Staple magnet,67.54,9,0.2,6.75
8723,US-2017-120824,6/12/2017,6/16/2017,J+2,AW-10930,Arthur Wiediger,Bureau à domicile,États-Unis,Houston,Texas,USCA - Centre,OFF-BI-10001525,Fournitures de bureau,Classeurs,"Acco Pressboard Covers with Storage Hooks, 14 7/8"" x 11"", Executive Red",1.52,2,0.8,-2.67
8724,US-2017-135209,12/29/2017,12/30/2017,J+2,MH-17290,Marc Harrigan,Bureau à domicile,États-Unis,Miami,Floride,USCA - Sud,OFF-PA-10002986,Fournitures de bureau,Papier,Xerox 1898,37.41,7,0.2,13.09
8725,US-2017-135209,12/29/2017,12/30/2017,J+2,MH-17290,Marc Harrigan,Bureau à domicile,États-Unis,Miami,Floride,USCA - Sud,OFF-PA-10000143,Fournitures de bureau,Papier,Astroparche Fine Business Paper,25.34,6,0.2,8.87
8737,US-2017-168774,9/4/2017,9/9/2017,Tarif normal,RP-19855,Roy Phan,Entreprise,États-Unis,Woodbury,Minnesota,USCA - Centre,OFF-ST-10001490,Fournitures de bureau,Stockage,"Hot File 7-Pocket, Floor Stand",535.41,3,0,160.62
8741,US-2017-102498,7/24/2017,7/25/2017,Prioritaire,JG-15160,James Galang,Grand public,États-Unis,Lafayette,Louisiane,USCA - Sud,OFF-AR-10004456,Fournitures de bureau,Art,Panasonic KP-4ABK Battery-Operated Pencil Sharpener,73.2,5,0,21.23
8752,US-2017-105662,5/5/2017,5/9/2017,Tarif normal,RB-19465,Rick Bensley,Bureau à domicile,États-Unis,Tallahassee,Floride,USCA - Sud,OFF-PA-10001001,Fournitures de bureau,Papier,"Snap-A-Way Black Print Carbonless Speed Message, No Reply Area, Duplicate",93.25,4,0.2,31.47
8753,US-2017-105662,5/5/2017,5/9/2017,Tarif normal,RB-19465,Rick Bensley,Bureau à domicile,États-Unis,Tallahassee,Floride,USCA - Sud,TEC-PH-10001198,Produits technologiques,Téléphones,Avaya 4621SW VoIP phone,177.48,3,0.2,19.97
8757,US-2017-114307,7/22/2017,7/26/2017,Tarif normal,MF-17665,Maureen Fritzler,Entreprise,États-Unis,Columbia,Maryland,USCA - Est,OFF-AP-10002350,Fournitures de bureau,Électroménager,Belkin F9H710-06 7 Outlet SurgeMaster Surge Protector,37.68,2,0,10.55
8758,US-2017-114307,7/22/2017,7/26/2017,Tarif normal,MF-17665,Maureen Fritzler,Entreprise,États-Unis,Columbia,Maryland,USCA - Est,OFF-PA-10004100,Fournitures de bureau,Papier,Xerox 216,51.84,8,0,24.88
8759,US-2017-114307,7/22/2017,7/26/2017,Tarif normal,MF-17665,Maureen Fritzler,Entreprise,États-Unis,Columbia,Maryland,USCA - Est,FUR-FU-10000794,Mobilier,Meubles,"Eldon Stackable Tray, Side-Load, Legal, Smoke",27.42,3,0,9.32
8760,US-2017-114307,7/22/2017,7/26/2017,Tarif normal,MF-17665,Maureen Fritzler,Entreprise,États-Unis,Columbia,Maryland,USCA - Est,OFF-BI-10002012,Fournitures de bureau,Classeurs,Wilson Jones Easy Flow II Sheet Lifters,5.4,3,0,2.59
8761,US-2017-159891,2/4/2017,2/6/2017,Tarif normal,BF-11170,Ben Ferrer,Bureau à domicile,États-Unis,Atlanta,Géorgie,USCA - Sud,OFF-BI-10003527,Fournitures de bureau,Classeurs,Fellowes PB500 Electric Punch Plastic Comb Binding Machine with Manual Bind,1270.99,1,0,635.5
8762,US-2017-159891,2/4/2017,2/6/2017,Tarif normal,BF-11170,Ben Ferrer,Bureau à domicile,États-Unis,Atlanta,Géorgie,USCA - Sud,OFF-EN-10004483,Fournitures de bureau,Enveloppes,"#10 White Business Envelopes,4 1/8 x 9 1/2",125.36,8,0,58.92
8763,US-2017-112578,12/29/2017,12/30/2017,Tarif normal,FO-14305,Frank Olsen,Grand public,États-Unis,Sacramento,Californie,USCA - Ouest,OFF-ST-10003722,Fournitures de bureau,Stockage,Project Tote Personal File,14.03,1,0,4.07
8764,US-2017-112578,12/29/2017,12/30/2017,Tarif normal,FO-14305,Frank Olsen,Grand public,États-Unis,Sacramento,Californie,USCA - Ouest,OFF-SU-10002557,Fournitures de bureau,Fournitures,Fiskars Spring-Action Scissors,27.96,2,0,7.27
8770,US-2017-151148,9/12/2017,9/13/2017,Le même jour,PO-19180,Philisse Overcash,Bureau à domicile,États-Unis,Louisville,Colorado,USCA - Ouest,TEC-PH-10001870,Produits technologiques,Téléphones,Lunatik TT5L-002 Taktik Strike Impact Protection System for iPhone 5,146.95,3,0.2,9.18
8771,US-2017-151148,9/12/2017,9/13/2017,Le même jour,PO-19180,Philisse Overcash,Bureau à domicile,États-Unis,Louisville,Colorado,USCA - Ouest,FUR-CH-10002304,Mobilier,Chaises,"Global Stack Chair without Arms, Black",83.14,4,0.2,5.2
8776,US-2017-163636,12/5/2017,12/9/2017,J+2,MP-18175,Mike Pelletier,Bureau à domicile,États-Unis,Chicago,Illinois,USCA - Centre,OFF-AR-10001547,Fournitures de bureau,Art,Newell 311,3.54,2,0.2,0.31
8777,US-2017-102813,7/2/2017,7/3/2017,Prioritaire,EA-14035,Erin Ashbrook,Entreprise,États-Unis,Huntsville,Texas,USCA - Centre,FUR-CH-10000665,Mobilier,Chaises,"Global Airflow Leather Mesh Back Chair, Black",528.43,5,0.3,0
8778,US-2017-102813,7/2/2017,7/3/2017,Prioritaire,EA-14035,Erin Ashbrook,Entreprise,États-Unis,Huntsville,Texas,USCA - Centre,OFF-PA-10000520,Fournitures de bureau,Papier,Xerox 201,41.47,8,0.2,14.52
8783,US-2017-116911,9/15/2017,9/20/2017,Tarif normal,JD-16150,Justin Deggeller,Entreprise,États-Unis,Twin Falls,Idaho,USCA - Ouest,OFF-BI-10001249,Fournitures de bureau,Classeurs,Avery Heavy-Duty EZD View Binder with Locking Rings,20.42,4,0.2,6.64
8784,US-2017-116911,9/15/2017,9/20/2017,Tarif normal,JD-16150,Justin Deggeller,Entreprise,États-Unis,Twin Falls,Idaho,USCA - Ouest,FUR-TA-10003473,Mobilier,Tables,Bretford Rectangular Conference Table Tops,1128.39,3,0,259.53
8797,US-2017-106397,7/7/2017,7/13/2017,Tarif normal,MJ-17740,Max Jones,Grand public,États-Unis,Orem,Utah,USCA - Ouest,OFF-PA-10003441,Fournitures de bureau,Papier,Xerox 226,12.96,2,0,6.22
8798,US-2017-106397,7/7/2017,7/13/2017,Tarif normal,MJ-17740,Max Jones,Grand public,États-Unis,Orem,Utah,USCA - Ouest,OFF-AR-10004602,Fournitures de bureau,Art,Boston KS Multi-Size Manual Pencil Sharpener,45.98,2,0,12.87
8799,US-2017-150140,4/6/2017,4/10/2017,Tarif normal,VM-21685,Valerie Mitchum,Bureau à domicile,États-Unis,Burlington,Vermont,USCA - Est,TEC-PH-10002555,Produits technologiques,Téléphones,Nortel Meridian M5316 Digital phone,1294.75,5,0,336.64
8802,US-2017-140935,11/10/2017,11/12/2017,Prioritaire,AB-10015,Aaron Bergman,Grand public,États-Unis,Oklahoma City,Oklahoma,USCA - Centre,TEC-PH-10000562,Produits technologiques,Téléphones,Samsung Convoy 3,221.98,2,0,62.15
8803,US-2017-140935,11/10/2017,11/12/2017,Prioritaire,AB-10015,Aaron Bergman,Grand public,États-Unis,Oklahoma City,Oklahoma,USCA - Centre,FUR-BO-10003966,Mobilier,Bibliothèques,"Sauder Facets Collection Library, Sky Alder Finish",341.96,2,0,54.71
8807,US-2017-113082,9/12/2017,9/16/2017,Tarif normal,MC-17590,Matt Collister,Entreprise,États-Unis,Utica,New York,USCA - Est,FUR-FU-10002813,Mobilier,Meubles,"DAX Contemporary Wood Frame with Silver Metal Mat, Desktop, 11 x 14 Size",40.48,2,0,14.57
8812,US-2017-140172,3/8/2017,3/13/2017,Tarif normal,SP-20650,Stephanie Phelps,Entreprise,États-Unis,Jackson,Michigan,USCA - Centre,OFF-AP-10004233,Fournitures de bureau,Électroménager,Honeywell Enviracaire Portable Air Cleaner for up to 8 x 10 Room,207.14,3,0.1,48.33
8813,US-2017-140172,3/8/2017,3/13/2017,Tarif normal,SP-20650,Stephanie Phelps,Entreprise,États-Unis,Jackson,Michigan,USCA - Centre,OFF-AR-10002766,Fournitures de bureau,Art,Prang Drawing Pencil Set,13.9,5,0,3.75
8831,US-2017-167983,8/21/2017,8/24/2017,J+2,RP-19270,Rachel Payne,Entreprise,États-Unis,Seattle,Washington,USCA - Ouest,OFF-BI-10003727,Fournitures de bureau,Classeurs,Avery Durable Slant Ring Binders With Label Holder,33.44,10,0.2,11.7
8842,US-2017-112396,2/9/2017,2/13/2017,Tarif normal,JR-16210,Justin Ritter,Entreprise,États-Unis,San Francisco,Californie,USCA - Ouest,TEC-AC-10003628,Produits technologiques,Accessoires,Logitech 910-002974 M325 Wireless Mouse for Web Scrolling,89.97,3,0,39.59
8843,US-2017-112396,2/9/2017,2/13/2017,Tarif normal,JR-16210,Justin Ritter,Entreprise,États-Unis,San Francisco,Californie,USCA - Ouest,TEC-AC-10004761,Produits technologiques,Accessoires,Maxell 4.7GB DVD+RW 3/Pack,31.86,2,0,11.15
8869,US-2017-158260,11/4/2017,11/8/2017,Tarif normal,CC-12475,Cindy Chapman,Grand public,États-Unis,San Diego,Californie,USCA - Ouest,TEC-MA-10003176,Produits technologiques,Machines,Okidata B400 Printer,686.4,2,0.2,77.22
8876,US-2017-141264,8/13/2017,8/19/2017,Tarif normal,CT-11995,Carol Triggs,Grand public,États-Unis,Irving,Texas,USCA - Centre,OFF-SU-10003505,Fournitures de bureau,Fournitures,Premier Electric Letter Opener,185.38,2,0.2,-34.76
8877,US-2017-141264,8/13/2017,8/19/2017,Tarif normal,CT-11995,Carol Triggs,Grand public,États-Unis,Irving,Texas,USCA - Centre,OFF-AP-10002534,Fournitures de bureau,Électroménager,3.6 Cubic Foot Counter Height Office Refrigerator,58.92,1,0.8,-153.2
8882,US-2017-135594,3/22/2017,3/23/2017,J+2,AH-10120,Adrian Hane,Bureau à domicile,États-Unis,Aurora,Illinois,USCA - Centre,TEC-AC-10003038,Produits technologiques,Accessoires,Kingston Digital DataTraveler 16GB USB 2.0,50.12,7,0.2,-0.63
8890,US-2017-147256,10/17/2017,10/21/2017,J+2,FC-14245,Frank Carlisle,Bureau à domicile,États-Unis,Columbia,Missouri,USCA - Centre,TEC-PH-10003072,Produits technologiques,Téléphones,Panasonic KX-TG9541B DECT 6.0 Digital 2-Line Expandable Cordless Phone With Digital Answering System,449.97,3,0,220.49
8891,US-2017-147256,10/17/2017,10/21/2017,J+2,FC-14245,Frank Carlisle,Bureau à domicile,États-Unis,Columbia,Missouri,USCA - Centre,OFF-AP-10003057,Fournitures de bureau,Électroménager,Honeywell Enviracaire Portable HEPA Air Cleaner for 16' x 20' Room,1927.59,7,0,751.76
8892,US-2017-162159,9/16/2017,9/18/2017,Prioritaire,CR-12625,Corey Roper,Bureau à domicile,États-Unis,Columbus,Géorgie,USCA - Sud,FUR-CH-10001146,Mobilier,Chaises,"Global Value Mid-Back Manager's Chair, Gray",121.78,2,0,30.45
8895,US-2017-167241,8/15/2017,8/22/2017,Tarif normal,BD-11320,Bill Donatelli,Grand public,États-Unis,Los Angeles,Californie,USCA - Ouest,FUR-FU-10004071,Mobilier,Meubles,Luxo Professional Magnifying Clamp-On Fluorescent Lamps,312.03,3,0,43.68
8896,US-2017-167241,8/15/2017,8/22/2017,Tarif normal,BD-11320,Bill Donatelli,Grand public,États-Unis,Los Angeles,Californie,USCA - Ouest,OFF-ST-10001505,Fournitures de bureau,Stockage,"Perma STOR-ALL Hanging File Box, 13 1/8""W x 12 1/4""D x 10 1/2""H",17.94,3,0,3.05
8897,US-2017-167241,8/15/2017,8/22/2017,Tarif normal,BD-11320,Bill Donatelli,Grand public,États-Unis,Los Angeles,Californie,USCA - Ouest,TEC-PH-10004614,Produits technologiques,Téléphones,AT&T 841000 Phone,165.6,3,0.2,10.35
8898,US-2017-167241,8/15/2017,8/22/2017,Tarif normal,BD-11320,Bill Donatelli,Grand public,États-Unis,Los Angeles,Californie,USCA - Ouest,OFF-PA-10004911,Fournitures de bureau,Papier,"Rediform S.O.S. 1-Up Phone Message Bk, 4-1/4x3-1/16 Bk, 1 Form/Pg, 40 Messages/Bk, 3/Pk",37.52,4,0,18.01
8901,US-2017-150483,2/20/2017,2/21/2017,Tarif normal,BP-11290,Beth Paige,Grand public,États-Unis,Decatur,Illinois,USCA - Centre,FUR-FU-10001379,Mobilier,Meubles,"Executive Impressions 16-1/2"" Circular Wall Clock",32.06,3,0.6,-12.83
8902,US-2017-150483,2/20/2017,2/21/2017,Tarif normal,BP-11290,Beth Paige,Grand public,États-Unis,Decatur,Illinois,USCA - Centre,OFF-PA-10001846,Fournitures de bureau,Papier,Xerox 1899,18.5,4,0.2,6.7
8903,US-2017-150483,2/20/2017,2/21/2017,Tarif normal,BP-11290,Beth Paige,Grand public,États-Unis,Decatur,Illinois,USCA - Centre,FUR-CH-10000422,Mobilier,Chaises,Global Highback Leather Tilter in Burgundy,191.08,3,0.3,-38.22
8904,US-2017-150483,2/20/2017,2/21/2017,Tarif normal,BP-11290,Beth Paige,Grand public,États-Unis,Decatur,Illinois,USCA - Centre,OFF-PA-10004621,Fournitures de bureau,Papier,Xerox 212,10.37,2,0.2,3.63
8905,US-2017-126431,7/1/2017,7/1/2017,Le même jour,SU-20665,Stephanie Ulpright,Bureau à domicile,États-Unis,New York City,New York,USCA - Est,OFF-LA-10001474,Fournitures de bureau,Étiquettes,Avery 477,30.53,1,0,14.04
8906,US-2017-126431,7/1/2017,7/1/2017,Le même jour,SU-20665,Stephanie Ulpright,Bureau à domicile,États-Unis,New York City,New York,USCA - Est,TEC-AC-10001635,Produits technologiques,Accessoires,KeyTronic KT400U2 - Keyboard - Black,30.84,3,0,6.17
8907,US-2017-126431,7/1/2017,7/1/2017,Le même jour,SU-20665,Stephanie Ulpright,Bureau à domicile,États-Unis,New York City,New York,USCA - Est,OFF-PA-10001950,Fournitures de bureau,Papier,Southworth 25% Cotton Antique Laid Paper & Envelopes,75.06,9,0,33.78
8908,US-2017-139934,12/18/2017,12/20/2017,Prioritaire,AY-10555,Andy Yotov,Entreprise,États-Unis,San Francisco,Californie,USCA - Ouest,TEC-PH-10001552,Produits technologiques,Téléphones,I Need's 3d Hello Kitty Hybrid Silicone Case Cover for HTC One X 4g with 3d Hello Kitty Stylus Pen Green/pink,66.98,7,0.2,6.7
8915,US-2017-144057,5/9/2017,5/13/2017,Tarif normal,CV-12805,Cynthia Voltz,Entreprise,États-Unis,Austin,Texas,USCA - Centre,OFF-ST-10001490,Fournitures de bureau,Stockage,"Hot File 7-Pocket, Floor Stand",856.66,6,0.2,107.08
8916,US-2017-144057,5/9/2017,5/13/2017,Tarif normal,CV-12805,Cynthia Voltz,Entreprise,États-Unis,Austin,Texas,USCA - Centre,OFF-BI-10002852,Fournitures de bureau,Classeurs,Ibico Standard Transparent Covers,13.18,4,0.8,-20.44
8917,US-2017-144057,5/9/2017,5/13/2017,Tarif normal,CV-12805,Cynthia Voltz,Entreprise,États-Unis,Austin,Texas,USCA - Centre,OFF-AP-10000390,Fournitures de bureau,Électroménager,Euro Pro Shark Stick Mini Vacuum,48.78,4,0.8,-131.72
8918,US-2017-144057,5/9/2017,5/13/2017,Tarif normal,CV-12805,Cynthia Voltz,Entreprise,États-Unis,Austin,Texas,USCA - Centre,OFF-PA-10004327,Fournitures de bureau,Papier,Xerox 1911,76.64,2,0.2,26.82
8919,US-2017-144057,5/9/2017,5/13/2017,Tarif normal,CV-12805,Cynthia Voltz,Entreprise,États-Unis,Austin,Texas,USCA - Centre,OFF-BI-10002353,Fournitures de bureau,Classeurs,GBC VeloBind Cover Sets,18.53,6,0.8,-27.79
8922,US-2017-145709,10/4/2017,10/8/2017,Tarif normal,AH-10690,Anna Häberlin,Entreprise,États-Unis,Coral Gables,Floride,USCA - Sud,TEC-PH-10003095,Produits technologiques,Téléphones,Samsung HM1900 Bluetooth Headset,52.68,3,0.2,19.76
8923,US-2017-145709,10/4/2017,10/8/2017,Tarif normal,AH-10690,Anna Häberlin,Entreprise,États-Unis,Coral Gables,Floride,USCA - Sud,FUR-FU-10002885,Mobilier,Meubles,Magna Visual Magnetic Picture Hangers,11.57,3,0.2,2.6
8925,US-2017-168032,2/1/2017,2/3/2017,Tarif normal,DF-13135,David Flashing,Grand public,États-Unis,Rockford,Illinois,USCA - Centre,TEC-PH-10004241,Produits technologiques,Téléphones,Nokia Lumia 1020,1439.97,4,0.2,144
8926,US-2017-168032,2/1/2017,2/3/2017,Tarif normal,DF-13135,David Flashing,Grand public,États-Unis,Rockford,Illinois,USCA - Centre,OFF-BI-10000546,Fournitures de bureau,Classeurs,Avery Durable Binders,1.73,3,0.8,-2.68
8927,US-2017-168032,2/1/2017,2/3/2017,Tarif normal,DF-13135,David Flashing,Grand public,États-Unis,Rockford,Illinois,USCA - Centre,FUR-TA-10004256,Mobilier,Tables,Bretford “Just In Time” Height-Adjustable Multi-Task Work Tables,626.1,3,0.5,-538.45
8934,US-2017-102134,3/14/2017,3/19/2017,Tarif normal,SP-20545,Sibella Parks,Entreprise,États-Unis,Green Bay,Wisconsin,USCA - Centre,FUR-FU-10003724,Mobilier,Meubles,Westinghouse Clip-On Gooseneck Lamps,16.74,2,0,4.35
8942,US-2017-159023,11/3/2017,11/5/2017,Prioritaire,NW-18400,Natalie Webber,Grand public,États-Unis,Portland,Oregon,USCA - Ouest,OFF-BI-10002813,Fournitures de bureau,Classeurs,Avery Reinforcements for Hole-Punch Pages,4.16,7,0.7,-3.47
8943,US-2017-159023,11/3/2017,11/5/2017,Prioritaire,NW-18400,Natalie Webber,Grand public,États-Unis,Portland,Oregon,USCA - Ouest,TEC-MA-10003337,Produits technologiques,Machines,Okidata B401 Printer,179.99,3,0.7,-251.99
8963,US-2017-157280,11/5/2017,11/7/2017,Prioritaire,LW-17125,Liz Willingham,Grand public,États-Unis,Virginia Beach,Virginie,USCA - Sud,FUR-FU-10004665,Mobilier,Meubles,"3M Polarizing Task Lamp with Clamp Arm, Light Gray",273.96,2,0,71.23
8964,US-2017-157280,11/5/2017,11/7/2017,Prioritaire,LW-17125,Liz Willingham,Grand public,États-Unis,Virginia Beach,Virginie,USCA - Sud,TEC-AC-10000057,Produits technologiques,Accessoires,Microsoft Natural Ergonomic Keyboard 4000,89.97,3,0,18.89
8965,US-2017-157280,11/5/2017,11/7/2017,Prioritaire,LW-17125,Liz Willingham,Grand public,États-Unis,Virginia Beach,Virginie,USCA - Sud,FUR-FU-10003806,Mobilier,Meubles,"Tenex Chairmat w/ Average Lip, 45"" x 53""",756.8,5,0,75.68
8967,US-2017-134180,11/3/2017,11/7/2017,Tarif normal,JP-16135,Julie Prescott,Bureau à domicile,États-Unis,Philadelphia,Pennsylvanie,USCA - Est,TEC-AC-10000892,Produits technologiques,Accessoires,NETGEAR N750 Dual Band Wi-Fi Gigabit Router,72,1,0.2,14.4
8968,US-2017-134180,11/3/2017,11/7/2017,Tarif normal,JP-16135,Julie Prescott,Bureau à domicile,États-Unis,Philadelphia,Pennsylvanie,USCA - Est,FUR-CH-10004886,Mobilier,Chaises,Bevis Steel Folding Chairs,470.16,7,0.3,-13.43
8982,US-2017-110898,3/6/2017,3/12/2017,Tarif normal,LC-16870,Lena Cacioppo,Grand public,États-Unis,Chicago,Illinois,USCA - Centre,OFF-AP-10001626,Fournitures de bureau,Électroménager,"Commercial WindTunnel Clean Air Upright Vacuum, Replacement Belts, Filtration Bags",2.33,3,0.8,-6.3
8983,US-2017-110898,3/6/2017,3/12/2017,Tarif normal,LC-16870,Lena Cacioppo,Grand public,États-Unis,Chicago,Illinois,USCA - Centre,OFF-BI-10004656,Fournitures de bureau,Classeurs,Peel & Stick Add-On Corner Pockets,1.73,4,0.8,-2.76
8984,US-2017-110898,3/6/2017,3/12/2017,Tarif normal,LC-16870,Lena Cacioppo,Grand public,États-Unis,Chicago,Illinois,USCA - Centre,FUR-FU-10003773,Mobilier,Meubles,Eldon Cleatmat Plus Chair Mats for High Pile Carpets,159.04,5,0.6,-194.82
8985,US-2017-110898,3/6/2017,3/12/2017,Tarif normal,LC-16870,Lena Cacioppo,Grand public,États-Unis,Chicago,Illinois,USCA - Centre,FUR-TA-10000849,Mobilier,Tables,Bevis Rectangular Conference Tables,145.98,2,0.5,-99.27
9013,US-2017-121447,2/21/2017,2/22/2017,Prioritaire,EA-14035,Erin Ashbrook,Entreprise,États-Unis,New York City,New York,USCA - Est,FUR-FU-10001861,Mobilier,Meubles,"Floodlight Indoor Halogen Bulbs, 1 Bulb per Pack, 60 Watts",135.8,7,0,66.54
9016,US-2017-131639,12/17/2017,12/23/2017,Tarif normal,NS-18640,Noel Staavos,Entreprise,États-Unis,Carlsbad,Nouveau-Mexique,USCA - Ouest,OFF-BI-10001636,Fournitures de bureau,Classeurs,Ibico Plastic and Wire Spiral Binding Combs,13.49,2,0.2,4.38
9017,US-2017-131639,12/17/2017,12/23/2017,Tarif normal,NS-18640,Noel Staavos,Entreprise,États-Unis,Carlsbad,Nouveau-Mexique,USCA - Ouest,OFF-BI-10000948,Fournitures de bureau,Classeurs,"GBC Laser Imprintable Binding System Covers, Desert Sand",11.42,1,0.2,3.85
9018,US-2017-161361,3/26/2017,3/28/2017,J+2,MV-17485,Mark Van Huff,Grand public,États-Unis,Pocatello,Idaho,USCA - Ouest,OFF-PA-10001838,Fournitures de bureau,Papier,"Adams Telephone Message Book W/Dividers/Space For Phone Numbers, 5 1/4""X8 1/2"", 300/Messages",17.64,3,0,8.64
9019,US-2017-161361,3/26/2017,3/28/2017,J+2,MV-17485,Mark Van Huff,Grand public,États-Unis,Pocatello,Idaho,USCA - Ouest,OFF-BI-10002215,Fournitures de bureau,Classeurs,"Wilson Jones Hanging View Binder, White, 1""",17.04,3,0.2,5.54
9023,US-2017-141880,8/22/2017,8/23/2017,Prioritaire,TC-21475,Tony Chapman,Bureau à domicile,États-Unis,Fort Collins,Colorado,USCA - Ouest,FUR-FU-10001979,Mobilier,Meubles,Dana Halogen Swing-Arm Architect Lamp,98.33,3,0.2,9.83
9025,US-2017-102127,6/26/2017,7/2/2017,Tarif normal,VP-21760,Victoria Pisteka,Entreprise,États-Unis,New York City,New York,USCA - Est,TEC-AC-10002018,Produits technologiques,Accessoires,AmazonBasics 3-Button USB Wired Mouse,20.97,3,0,9.02
9026,US-2017-102127,6/26/2017,7/2/2017,Tarif normal,VP-21760,Victoria Pisteka,Entreprise,États-Unis,New York City,New York,USCA - Est,TEC-AC-10000397,Produits technologiques,Accessoires,"Perixx PERIBOARD-512B, Ergonomic Split Keyboard",139.96,4,0,9.8
9027,US-2017-102127,6/26/2017,7/2/2017,Tarif normal,VP-21760,Victoria Pisteka,Entreprise,États-Unis,New York City,New York,USCA - Est,FUR-FU-10003976,Mobilier,Meubles,"DAX Executive Solid Wood Document Frame, Desktop or Hang, Mahogany, 5 x 7",37.74,3,0,12.83
9028,US-2017-152415,9/17/2017,9/22/2017,Tarif normal,PO-18865,Patrick O'Donnell,Grand public,États-Unis,Marlborough,Massachusetts,USCA - Est,FUR-FU-10002597,Mobilier,Meubles,"C-Line Magnetic Cubicle Keepers, Clear Polypropylene",14.82,3,0,6.22
9029,US-2017-152415,9/17/2017,9/22/2017,Tarif normal,PO-18865,Patrick O'Donnell,Grand public,États-Unis,Marlborough,Massachusetts,USCA - Est,FUR-FU-10004864,Mobilier,Meubles,"Howard Miller 14-1/2"" Diameter Chrome Round Wall Clock",191.82,3,0,61.38
9040,US-2017-117121,12/17/2017,12/21/2017,Tarif normal,AB-10105,Adrian Barton,Grand public,États-Unis,Detroit,Michigan,USCA - Centre,OFF-BI-10000545,Fournitures de bureau,Classeurs,GBC Ibimaster 500 Manual ProClick Binding System,9892.74,13,0,4946.37
9044,US-2017-168830,11/7/2017,11/13/2017,Tarif normal,ML-17395,Marina Lichtenstein,Entreprise,États-Unis,San Francisco,Californie,USCA - Ouest,TEC-AC-10003911,Produits technologiques,Accessoires,NETGEAR AC1750 Dual Band Gigabit Smart WiFi Router,479.97,3,0,163.19
9060,US-2017-132304,6/14/2017,6/18/2017,Tarif normal,AR-10825,Anthony Rawles,Entreprise,États-Unis,Seattle,Washington,USCA - Ouest,FUR-TA-10004619,Mobilier,Tables,Hon Non-Folding Utility Tables,1115.17,7,0,334.55
9063,US-2017-101623,2/28/2017,3/6/2017,Tarif normal,RR-19525,Rick Reed,Entreprise,États-Unis,New York City,New York,USCA - Est,OFF-FA-10003495,Fournitures de bureau,Éléments de fixation,Staples,36.48,6,0,18.24
9068,US-2017-150077,2/4/2017,2/10/2017,Tarif normal,MS-17365,Maribeth Schnelling,Grand public,États-Unis,Rockville,Maryland,USCA - Est,TEC-PH-10002890,Produits technologiques,Téléphones,AT&T 17929 Lendline Telephone,90.48,2,0,23.52
9069,US-2017-106278,9/2/2017,9/5/2017,J+2,BM-11140,Becky Martin,Grand public,États-Unis,Des Moines,Washington,USCA - Ouest,FUR-CH-10003061,Mobilier,Chaises,"Global Leather Task Chair, Black",215.98,3,0.2,-2.7
9070,US-2017-106278,9/2/2017,9/5/2017,J+2,BM-11140,Becky Martin,Grand public,États-Unis,Des Moines,Washington,USCA - Ouest,OFF-EN-10003567,Fournitures de bureau,Enveloppes,"Inter-Office Recycled Envelopes, Brown Kraft, Button-String,10"" x 13"" , 100/Box",65.94,3,0,30.99
9073,US-2017-142524,9/4/2017,9/8/2017,Tarif normal,MB-18085,Mick Brown,Grand public,États-Unis,Springfield,Missouri,USCA - Centre,OFF-EN-10003286,Fournitures de bureau,Enveloppes,Staple envelope,16.56,2,0,7.78
9074,US-2017-142524,9/4/2017,9/8/2017,Tarif normal,MB-18085,Mick Brown,Grand public,États-Unis,Springfield,Missouri,USCA - Centre,TEC-AC-10000109,Produits technologiques,Accessoires,Sony Micro Vault Click 16 GB USB 2.0 Flash Drive,279.95,5,0,67.19
9079,US-2017-108105,2/16/2017,2/23/2017,Tarif normal,GW-14605,Giulietta Weimer,Grand public,États-Unis,Henderson,Kentucky,USCA - Sud,FUR-FU-10003773,Mobilier,Meubles,Eldon Cleatmat Plus Chair Mats for High Pile Carpets,318.08,4,0,34.99
9080,US-2017-108105,2/16/2017,2/23/2017,Tarif normal,GW-14605,Giulietta Weimer,Grand public,États-Unis,Henderson,Kentucky,USCA - Sud,OFF-BI-10002412,Fournitures de bureau,Classeurs,Wilson Jones “Snap” Scratch Pad Binder Tool for Ring Binders,5.8,1,0,2.61
9086,US-2017-126102,9/10/2017,9/12/2017,J+2,DV-13465,Dianna Vittorini,Grand public,États-Unis,Los Angeles,Californie,USCA - Ouest,OFF-BI-10004318,Fournitures de bureau,Classeurs,Ibico EB-19 Dual Function Manual Binding System,276.78,2,0.2,89.95
9087,US-2017-143406,9/26/2017,9/27/2017,Tarif normal,LR-17035,Lisa Ryan,Entreprise,États-Unis,Houston,Texas,USCA - Centre,OFF-AP-10001564,Fournitures de bureau,Électroménager,Hoover Commercial Lightweight Upright Vacuum with E-Z Empty Dirt Cup,93.03,2,0.8,-251.19
9088,US-2017-143406,9/26/2017,9/27/2017,Tarif normal,LR-17035,Lisa Ryan,Entreprise,États-Unis,Houston,Texas,USCA - Centre,FUR-CH-10000513,Mobilier,Chaises,High-Back Leather Manager's Chair,454.97,5,0.3,-136.49
9090,US-2017-131093,9/17/2017,9/20/2017,J+2,TS-21610,Troy Staebel,Grand public,États-Unis,Springfield,Ohio,USCA - Est,OFF-ST-10002790,Fournitures de bureau,Stockage,Safco Industrial Shelving,295.4,5,0.2,-62.77
9115,US-2017-135461,2/7/2017,2/10/2017,J+2,EB-13975,Erica Bern,Entreprise,États-Unis,Los Angeles,Californie,USCA - Ouest,TEC-PH-10004094,Produits technologiques,Téléphones,Motorola L703CM,623.96,5,0.2,39
9120,US-2017-155971,6/6/2017,6/12/2017,Tarif normal,RB-19795,Ross Baird,Bureau à domicile,États-Unis,Los Angeles,Californie,USCA - Ouest,OFF-LA-10000452,Fournitures de bureau,Étiquettes,Avery 488,22.05,7,0,10.58
9121,US-2017-155971,6/6/2017,6/12/2017,Tarif normal,RB-19795,Ross Baird,Bureau à domicile,États-Unis,Los Angeles,Californie,USCA - Ouest,OFF-PA-10000210,Fournitures de bureau,Papier,Xerox Blank Computer Paper,99.9,5,0,46.95
9124,US-2017-158288,11/26/2017,11/28/2017,J+2,EH-13945,Eric Hoffmann,Grand public,États-Unis,Philadelphia,Pennsylvanie,USCA - Est,OFF-BI-10003364,Fournitures de bureau,Classeurs,Binding Machine Supplies,78.76,9,0.7,-57.76
9125,US-2017-128916,8/18/2017,8/20/2017,J+2,MA-17560,Matt Abelman,Bureau à domicile,États-Unis,Houston,Texas,USCA - Centre,FUR-FU-10001940,Mobilier,Meubles,Staple-based wall hangings,9.55,3,0.6,-3.82
9126,US-2017-128916,8/18/2017,8/20/2017,J+2,MA-17560,Matt Abelman,Bureau à domicile,États-Unis,Houston,Texas,USCA - Centre,FUR-FU-10000320,Mobilier,Meubles,OIC Stacking Trays,5.34,4,0.6,-2.14
9130,US-2017-130911,3/24/2017,3/26/2017,J+2,DC-12850,Dan Campbell,Grand public,États-Unis,Cleveland,Ohio,USCA - Est,FUR-BO-10004357,Mobilier,Bibliothèques,O'Sullivan Living Dimensions 3-Shelf Bookcases,301.47,3,0.5,-241.18
9131,US-2017-130911,3/24/2017,3/26/2017,J+2,DC-12850,Dan Campbell,Grand public,États-Unis,Cleveland,Ohio,USCA - Est,OFF-AR-10000475,Fournitures de bureau,Art,"Hunt BOSTON Vista Battery-Operated Pencil Sharpener, Black",18.66,2,0.2,1.63
9135,US-2017-124254,4/12/2017,4/17/2017,Tarif normal,TB-21175,Thomas Boland,Entreprise,États-Unis,Wilson,Caroline du Nord,USCA - Sud,OFF-ST-10001469,Fournitures de bureau,Stockage,Fellowes Bankers Box Recycled Super Stor/Drawer,129.55,3,0.2,-22.67
9136,US-2017-124254,4/12/2017,4/17/2017,Tarif normal,TB-21175,Thomas Boland,Entreprise,États-Unis,Wilson,Caroline du Nord,USCA - Sud,OFF-ST-10000060,Fournitures de bureau,Stockage,Fellowes Bankers Box Staxonsteel Drawer File/Stacking System,51.98,1,0.2,-5.2
9137,US-2017-124254,4/12/2017,4/17/2017,Tarif normal,TB-21175,Thomas Boland,Entreprise,États-Unis,Wilson,Caroline du Nord,USCA - Sud,OFF-PA-10000807,Fournitures de bureau,Papier,"TOPS ""Important Message"" Pads, Canary, 4-1/4 x 5-1/2, 50 Sheets per Pad",10.27,3,0.2,3.47
9142,US-2017-139409,9/5/2017,9/7/2017,Prioritaire,FW-14395,Fred Wasserman,Entreprise,États-Unis,New York City,New York,USCA - Est,TEC-PH-10003988,Produits technologiques,Téléphones,"LF Elite 3D Dazzle Designer Hard Case Cover, Lf Stylus Pen and Wiper For Apple Iphone 5c Mini Lite",43.6,4,0,12.21
9147,US-2017-165505,1/23/2017,1/27/2017,Tarif normal,CB-12535,Claudia Bergmann,Entreprise,États-Unis,Burlington,Vermont,USCA - Est,TEC-AC-10002926,Produits technologiques,Accessoires,Logitech Wireless Marathon Mouse M705,99.98,2,0,42.99
9148,US-2017-165505,1/23/2017,1/27/2017,Tarif normal,CB-12535,Claudia Bergmann,Entreprise,États-Unis,Burlington,Vermont,USCA - Est,OFF-AR-10003477,Fournitures de bureau,Art,4009 Highlighters,8.04,6,0,2.73
9149,US-2017-165505,1/23/2017,1/27/2017,Tarif normal,CB-12535,Claudia Bergmann,Entreprise,États-Unis,Burlington,Vermont,USCA - Est,OFF-ST-10001526,Fournitures de bureau,Stockage,Iceberg Mobile Mega Data/Printer Cart,1564.29,13,0,406.72
9155,US-2017-132990,8/1/2017,8/3/2017,J+2,KM-16660,Khloe Miller,Grand public,États-Unis,Philadelphia,Pennsylvanie,USCA - Est,FUR-FU-10004864,Mobilier,Meubles,Eldon 500 Class Desk Accessories,19.31,2,0.2,3.14
9160,US-2017-118934,8/9/2017,8/14/2017,Tarif normal,GH-14410,Gary Hansen,Bureau à domicile,États-Unis,Hendersonville,Tennessee,USCA - Sud,OFF-BI-10003314,Fournitures de bureau,Classeurs,Tuff Stuff Recycled Round Ring Binders,4.34,3,0.7,-3.04
9161,US-2017-118934,8/9/2017,8/14/2017,Tarif normal,GH-14410,Gary Hansen,Bureau à domicile,États-Unis,Hendersonville,Tennessee,USCA - Sud,OFF-BI-10004465,Fournitures de bureau,Classeurs,Avery Durable Slant Ring Binders,11.88,5,0.7,-7.92
9162,US-2017-160108,12/8/2017,12/12/2017,Tarif normal,AG-10900,Arthur Gainer,Grand public,États-Unis,Eau Claire,Wisconsin,USCA - Centre,FUR-BO-10003450,Mobilier,Bibliothèques,"Bush Westfield Collection Bookcases, Dark Cherry Finish",405.86,7,0,32.47
9163,US-2017-160108,12/8/2017,12/12/2017,Tarif normal,AG-10900,Arthur Gainer,Grand public,États-Unis,Eau Claire,Wisconsin,USCA - Centre,FUR-CH-10002335,Mobilier,Chaises,Hon GuestStacker Chair,680.01,3,0,176.8
9166,US-2017-100300,6/24/2017,6/26/2017,J+2,MJ-17740,Max Jones,Grand public,États-Unis,San Diego,Californie,USCA - Ouest,TEC-MA-10000984,Produits technologiques,Machines,Okidata MB760 Printer,4476.8,4,0.2,503.64
9167,US-2017-100300,6/24/2017,6/26/2017,J+2,MJ-17740,Max Jones,Grand public,États-Unis,San Diego,Californie,USCA - Ouest,OFF-PA-10000418,Fournitures de bureau,Papier,Xerox 189,104.85,1,0,50.33
9168,US-2017-100300,6/24/2017,6/26/2017,J+2,MJ-17740,Max Jones,Grand public,États-Unis,San Diego,Californie,USCA - Ouest,OFF-AP-10001242,Fournitures de bureau,Électroménager,APC 7 Outlet Network SurgeArrest Surge Protector,241.44,3,0,72.43
9169,US-2017-140571,3/15/2017,3/19/2017,Tarif normal,SJ-20125,Sanjit Jacobs,Bureau à domicile,États-Unis,Jackson,Mississippi,USCA - Sud,OFF-PA-10001954,Fournitures de bureau,Papier,Xerox 1964,319.76,14,0,147.09
9170,US-2017-140571,3/15/2017,3/19/2017,Tarif normal,SJ-20125,Sanjit Jacobs,Bureau à domicile,États-Unis,Jackson,Mississippi,USCA - Sud,OFF-PA-10001954,Fournitures de bureau,Papier,Xerox 1964,45.68,2,0,21.01
9171,US-2017-155768,12/1/2017,12/1/2017,Le même jour,LB-16795,Laurel Beltran,Bureau à domicile,États-Unis,Oxnard,Californie,USCA - Ouest,FUR-FU-10000448,Mobilier,Meubles,Tenex Chairmats For Use With Carpeted Floors,31.96,2,0,1.6
9172,US-2017-155768,12/1/2017,12/1/2017,Le même jour,LB-16795,Laurel Beltran,Bureau à domicile,États-Unis,Oxnard,Californie,USCA - Ouest,OFF-PA-10001357,Fournitures de bureau,Papier,Xerox 1886,47.9,1,0,22.99
9173,US-2017-155768,12/1/2017,12/1/2017,Le même jour,LB-16795,Laurel Beltran,Bureau à domicile,États-Unis,Oxnard,Californie,USCA - Ouest,OFF-ST-10002292,Fournitures de bureau,Stockage,"Sauder Facets Collection Locker/File Cabinet, Sky Alder Finish",1112.94,3,0,222.59
9174,US-2017-155768,12/1/2017,12/1/2017,Le même jour,LB-16795,Laurel Beltran,Bureau à domicile,États-Unis,Oxnard,Californie,USCA - Ouest,OFF-EN-10001219,Fournitures de bureau,Enveloppes,"#10- 4 1/8"" x 9 1/2"" Security-Tint Envelopes",22.92,3,0,11.23
9177,US-2017-118178,3/19/2017,3/24/2017,Tarif normal,CC-12610,Corey Catlett,Entreprise,États-Unis,Nashville,Tennessee,USCA - Sud,OFF-BI-10001153,Fournitures de bureau,Classeurs,Ibico Recycled Grain-Textured Covers,31.09,3,0.7,-20.72
9178,US-2017-166618,11/14/2017,11/18/2017,Tarif normal,DP-13000,Darren Powers,Grand public,États-Unis,New York City,New York,USCA - Est,TEC-PH-10003356,Produits technologiques,Téléphones,"SmartStand Mobile Device Holder, Assorted Colors",13.98,2,0,3.91
9179,US-2017-166618,11/14/2017,11/18/2017,Tarif normal,DP-13000,Darren Powers,Grand public,États-Unis,New York City,New York,USCA - Est,OFF-AR-10001725,Fournitures de bureau,Art,Boston Home & Office Model 2000 Electric Pencil Sharpeners,23.65,1,0,6.15
9201,US-2017-152688,10/17/2017,10/20/2017,Prioritaire,NR-18550,Nick Radford,Grand public,États-Unis,Perth Amboy,New Jersey,USCA - Est,FUR-BO-10001337,Mobilier,Bibliothèques,O'Sullivan Living Dimensions 2-Shelf Bookcases,120.98,1,0,12.1
9202,US-2017-152688,10/17/2017,10/20/2017,Prioritaire,NR-18550,Nick Radford,Grand public,États-Unis,Perth Amboy,New Jersey,USCA - Est,OFF-BI-10004584,Fournitures de bureau,Classeurs,GBC ProClick 150 Presentation Binding System,315.98,1,0,148.51
9203,US-2017-153836,7/22/2017,7/23/2017,Tarif normal,EH-13765,Edward Hooks,Entreprise,États-Unis,New York City,New York,USCA - Est,OFF-BI-10004817,Fournitures de bureau,Classeurs,GBC Personal VeloBind Strips,28.75,3,0.2,10.06
9204,US-2017-153836,7/22/2017,7/23/2017,Tarif normal,EH-13765,Edward Hooks,Entreprise,États-Unis,New York City,New York,USCA - Est,OFF-AR-10004602,Fournitures de bureau,Art,Boston KS Multi-Size Manual Pencil Sharpener,114.95,5,0,32.19
9205,US-2017-104689,12/1/2017,12/5/2017,Tarif normal,FH-14365,Fred Hopkins,Entreprise,États-Unis,Los Angeles,Californie,USCA - Ouest,OFF-AR-10001149,Fournitures de bureau,Art,"Sanford Colorific Colored Pencils, 12/Box",23.04,8,0,6.91
9206,US-2017-146423,4/21/2017,4/21/2017,Le même jour,BT-11680,Brian Thompson,Grand public,États-Unis,Milford,Connecticut,USCA - Est,OFF-AR-10004817,Fournitures de bureau,Art,Colorific Watercolor Pencils,15.48,3,0,4.49
9207,US-2017-146423,4/21/2017,4/21/2017,Le même jour,BT-11680,Brian Thompson,Grand public,États-Unis,Milford,Connecticut,USCA - Est,OFF-PA-10003797,Fournitures de bureau,Papier,Xerox 209,51.84,8,0,24.88
9216,US-2017-152646,11/21/2017,11/26/2017,Tarif normal,TH-21235,Tiffany House,Entreprise,États-Unis,Los Angeles,Californie,USCA - Ouest,OFF-PA-10004451,Fournitures de bureau,Papier,Xerox 222,32.4,5,0,15.55
9233,US-2017-126732,9/2/2017,9/6/2017,Tarif normal,LR-16915,Lena Radford,Grand public,États-Unis,Los Angeles,Californie,USCA - Ouest,FUR-FU-10001889,Mobilier,Meubles,Ultra Door Pull Handle,94.68,9,0,31.24
9234,US-2017-126732,9/2/2017,9/6/2017,Tarif normal,LR-16915,Lena Radford,Grand public,États-Unis,Los Angeles,Californie,USCA - Ouest,OFF-ST-10000321,Fournitures de bureau,Stockage,Akro Stacking Bins,23.67,3,0,0.95
9235,US-2017-126732,9/2/2017,9/6/2017,Tarif normal,LR-16915,Lena Radford,Grand public,États-Unis,Los Angeles,Californie,USCA - Ouest,TEC-PH-10001530,Produits technologiques,Téléphones,Cisco Unified IP Phone 7945G VoIP phone,1091.17,4,0.2,68.2
9236,US-2017-126732,9/2/2017,9/6/2017,Tarif normal,LR-16915,Lena Radford,Grand public,États-Unis,Los Angeles,Californie,USCA - Ouest,OFF-AR-10004752,Fournitures de bureau,Art,Blackstonian Pencils,18.69,7,0,5.23
9237,US-2017-126732,9/2/2017,9/6/2017,Tarif normal,LR-16915,Lena Radford,Grand public,États-Unis,Los Angeles,Californie,USCA - Ouest,FUR-TA-10001539,Mobilier,Tables,Chromcraft Rectangular Conference Tables,568.73,3,0.2,28.44
9238,US-2017-126732,9/2/2017,9/6/2017,Tarif normal,LR-16915,Lena Radford,Grand public,États-Unis,Los Angeles,Californie,USCA - Ouest,OFF-BI-10001553,Fournitures de bureau,Classeurs,SpineVue Locking Slant-D Ring Binders by Cardinal,7.31,1,0.2,2.56
9249,US-2017-127761,11/10/2017,11/14/2017,Tarif normal,SW-20275,Scott Williamson,Grand public,États-Unis,New York City,New York,USCA - Est,OFF-BI-10002557,Fournitures de bureau,Classeurs,Presstex Flexible Ring Binders,3.64,1,0.2,1.37
9250,US-2017-127761,11/10/2017,11/14/2017,Tarif normal,SW-20275,Scott Williamson,Grand public,États-Unis,New York City,New York,USCA - Est,TEC-PH-10003691,Produits technologiques,Téléphones,BlackBerry Q10,881.93,7,0,220.48
9251,US-2017-105354,12/2/2017,12/6/2017,Tarif normal,PW-19030,Pauline Webber,Entreprise,États-Unis,Marion,Iowa,USCA - Centre,OFF-BI-10001107,Fournitures de bureau,Classeurs,"GBC White Gloss Covers, Plain Front",115.84,8,0,54.44
9272,US-2017-100510,5/12/2017,5/17/2017,Tarif normal,HM-14860,Harry Marie,Entreprise,États-Unis,New York City,New York,USCA - Est,FUR-FU-10000320,Mobilier,Meubles,OIC Stacking Trays,10.02,3,0,4.41
9273,US-2017-100510,5/12/2017,5/17/2017,Tarif normal,HM-14860,Harry Marie,Entreprise,États-Unis,New York City,New York,USCA - Est,TEC-PH-10001835,Produits technologiques,Téléphones,Jawbone JAMBOX Wireless Bluetooth Speaker,631.96,4,0,303.34
9276,US-2017-113236,5/26/2017,5/29/2017,J+2,CP-12085,Cathy Prescott,Entreprise,États-Unis,Delray Beach,Floride,USCA - Sud,OFF-ST-10000532,Fournitures de bureau,Stockage,Advantus Rolling Drawer Organizers,184.7,6,0.2,13.85
9277,US-2017-113236,5/26/2017,5/29/2017,J+2,CP-12085,Cathy Prescott,Entreprise,États-Unis,Delray Beach,Floride,USCA - Sud,TEC-AC-10001267,Produits technologiques,Accessoires,Imation 32GB Pocket Pro USB 3.0 Flash Drive - 32 GB - Black - 1 P ...,47.92,2,0.2,11.98
9281,US-2017-166772,9/20/2017,9/24/2017,Tarif normal,HJ-14875,Heather Jas,Bureau à domicile,États-Unis,Seattle,Washington,USCA - Ouest,FUR-BO-10002853,Mobilier,Bibliothèques,O'Sullivan 5-Shelf Heavy-Duty Bookcases,163.88,2,0,40.97
9283,US-2017-160486,9/21/2017,9/22/2017,Tarif normal,EH-14185,Evan Henry,Grand public,États-Unis,West Palm Beach,Floride,USCA - Sud,OFF-PA-10002421,Fournitures de bureau,Papier,Embossed Ink Jet Note Cards,72.22,4,0.2,25.28
9311,US-2017-102141,8/26/2017,8/27/2017,Tarif normal,KD-16615,Ken Dana,Entreprise,États-Unis,New York City,New York,USCA - Est,OFF-BI-10001510,Fournitures de bureau,Classeurs,Deluxe Heavy-Duty Vinyl Round Ring Binder,146.69,8,0.2,45.84
9316,US-2017-161907,4/5/2017,4/9/2017,Tarif normal,JH-16180,Justin Hirsh,Grand public,États-Unis,Philadelphia,Pennsylvanie,USCA - Est,TEC-PH-10000141,Produits technologiques,Téléphones,Clearsounds A400,118.78,3,0.4,-27.72
9317,US-2017-161907,4/5/2017,4/9/2017,Tarif normal,JH-16180,Justin Hirsh,Grand public,États-Unis,Philadelphia,Pennsylvanie,USCA - Est,OFF-SU-10000646,Fournitures de bureau,Fournitures,Premier Automatic Letter Opener,769.18,4,0.2,-163.45
9322,US-2017-111563,11/4/2017,11/8/2017,Tarif normal,SM-20005,Sally Matthias,Grand public,États-Unis,Houston,Texas,USCA - Centre,FUR-FU-10002445,Mobilier,Meubles,"DAX Two-Tone Rosewood/Black Document Frame, Desktop, 5 x 7",11.38,3,0.6,-5.69
9323,US-2017-111563,11/4/2017,11/8/2017,Tarif normal,SM-20005,Sally Matthias,Grand public,États-Unis,Houston,Texas,USCA - Centre,FUR-FU-10000723,Mobilier,Meubles,"Deflect-o EconoMat Studded, No Bevel Mat for Low Pile Carpeting",66.11,4,0.6,-84.29
9332,US-2017-108056,9/29/2017,10/3/2017,Tarif normal,ES-14080,Erin Smith,Entreprise,États-Unis,Springfield,Oregon,USCA - Ouest,TEC-PH-10001817,Produits technologiques,Téléphones,Wilson Electronics DB Pro Signal Booster,859.2,3,0.2,75.18
9343,US-2017-119123,3/13/2017,3/18/2017,Tarif normal,DB-13360,Dennis Bolton,Bureau à domicile,États-Unis,Riverside,Californie,USCA - Ouest,OFF-BI-10001036,Fournitures de bureau,Classeurs,Cardinal EasyOpen D-Ring Binders,51.18,7,0.2,19.19
9349,US-2017-114860,12/22/2017,12/28/2017,Tarif normal,DN-13690,Duane Noonan,Grand public,États-Unis,Moreno Valley,Californie,USCA - Ouest,FUR-FU-10000277,Mobilier,Meubles,Deflect-o DuraMat Antistatic Studded Beveled Mat for Medium Pile Carpeting,842.72,8,0,202.25
9350,US-2017-114860,12/22/2017,12/28/2017,Tarif normal,DN-13690,Duane Noonan,Grand public,États-Unis,Moreno Valley,Californie,USCA - Ouest,FUR-FU-10001934,Mobilier,Meubles,Magnifier Swing Arm Lamp,41.96,2,0,10.91
9351,US-2017-159009,9/23/2017,9/27/2017,Tarif normal,DP-13105,Dave Poirier,Entreprise,États-Unis,Seattle,Washington,USCA - Ouest,OFF-BI-10004970,Fournitures de bureau,Classeurs,"ACCOHIDE 3-Ring Binder, Blue, 1""",13.22,4,0.2,4.46
9352,US-2017-159009,9/23/2017,9/27/2017,Tarif normal,DP-13105,Dave Poirier,Entreprise,États-Unis,Seattle,Washington,USCA - Ouest,FUR-CH-10003396,Mobilier,Chaises,Global Deluxe Steno Chair,184.75,3,0.2,-20.78
9358,US-2017-168046,1/25/2017,1/28/2017,J+2,JD-15895,Jonathan Doherty,Entreprise,États-Unis,New York City,New York,USCA - Est,OFF-BI-10003676,Fournitures de bureau,Classeurs,"GBC Standard Recycled Report Covers, Clear Plastic Sheets",43.12,5,0.2,15.09
9359,US-2017-168046,1/25/2017,1/28/2017,J+2,JD-15895,Jonathan Doherty,Entreprise,États-Unis,New York City,New York,USCA - Est,FUR-TA-10001095,Mobilier,Tables,Chromcraft Round Conference Tables,313.72,3,0.4,-99.35
9360,US-2017-168046,1/25/2017,1/28/2017,J+2,JD-15895,Jonathan Doherty,Entreprise,États-Unis,New York City,New York,USCA - Est,FUR-FU-10000747,Mobilier,Meubles,Tenex B1-RE Series Chair Mats for Low Pile Carpets,45.98,1,0,7.82
9361,US-2017-168046,1/25/2017,1/28/2017,J+2,JD-15895,Jonathan Doherty,Entreprise,États-Unis,New York City,New York,USCA - Est,OFF-ST-10004337,Fournitures de bureau,Stockage,"SAFCO Commercial Wire Shelving, 72h",428.68,7,0,0
9369,US-2017-154998,4/7/2017,4/9/2017,Prioritaire,ES-14080,Erin Smith,Entreprise,États-Unis,Lakewood,New Jersey,USCA - Est,OFF-PA-10004243,Fournitures de bureau,Papier,Xerox 1939,37.94,2,0,18.21
9375,US-2017-149671,6/5/2017,6/9/2017,Tarif normal,KB-16600,Ken Brennan,Entreprise,États-Unis,Seattle,Washington,USCA - Ouest,OFF-SU-10002537,Fournitures de bureau,Fournitures,Acme Box Cutter Scissors,61.38,6,0,15.96
9379,US-2017-117625,5/10/2017,5/15/2017,Tarif normal,GM-14500,Gene McClure,Grand public,États-Unis,Chicago,Illinois,USCA - Centre,OFF-EN-10001535,Fournitures de bureau,Enveloppes,Grip Seal Envelopes,7.07,2,0.2,2.39
9400,US-2017-103128,11/11/2017,11/15/2017,Tarif normal,SC-20845,Sung Chung,Grand public,États-Unis,Arlington Heights,Illinois,USCA - Centre,OFF-AR-10003394,Fournitures de bureau,Art,Newell 332,14.11,6,0.2,1.23
9403,US-2017-105459,8/12/2017,8/17/2017,J+2,NP-18700,Nora Preis,Grand public,États-Unis,New York City,New York,USCA - Est,FUR-TA-10001095,Mobilier,Tables,Chromcraft Round Conference Tables,209.15,2,0.4,-66.23
9404,US-2017-105459,8/12/2017,8/17/2017,J+2,NP-18700,Nora Preis,Grand public,États-Unis,New York City,New York,USCA - Est,OFF-ST-10000078,Fournitures de bureau,Stockage,Tennsco 6- and 18-Compartment Lockers,1591.02,6,0,286.38
9412,US-2017-108959,3/10/2017,3/14/2017,J+2,MH-17785,Maya Herman,Entreprise,États-Unis,Glendale,Arizona,USCA - Ouest,OFF-ST-10001272,Fournitures de bureau,Stockage,"Mini 13-1/2 Capacity Data Binder Rack, Pearl",104.7,1,0.2,6.54
9414,US-2017-132017,9/26/2017,9/27/2017,Prioritaire,MH-17620,Matt Hagelstein,Entreprise,États-Unis,Houston,Texas,USCA - Centre,OFF-BI-10004001,Fournitures de bureau,Classeurs,GBC Recycled VeloBinder Covers,6.82,2,0.8,-11.59
9427,US-2017-160479,9/15/2017,9/20/2017,Tarif normal,AH-10585,Angele Hood,Grand public,États-Unis,Seattle,Washington,USCA - Ouest,OFF-AR-10002445,Fournitures de bureau,Art,SANFORD Major Accent Highlighters,35.4,5,0,13.45
9447,US-2017-158617,9/22/2017,9/28/2017,Tarif normal,AC-10660,Anna Chung,Grand public,États-Unis,Lawrence,Indiana,USCA - Centre,OFF-PA-10002245,Fournitures de bureau,Papier,Xerox 1895,35.88,6,0,16.15
9449,US-2017-148957,9/17/2017,9/23/2017,Tarif normal,CC-12430,Chuck Clark,Bureau à domicile,États-Unis,Redmond,Washington,USCA - Ouest,OFF-LA-10002195,Fournitures de bureau,Étiquettes,Avery 481,12.32,4,0,5.91
9456,US-2017-140977,6/16/2017,6/19/2017,J+2,JL-15175,James Lanier,Bureau à domicile,États-Unis,Chattanooga,Tennessee,USCA - Sud,TEC-MA-10003493,Produits technologiques,Machines,Penpower WorldCard Pro Card Scanner,91.48,1,0.5,-1.83
9466,US-2017-126858,11/19/2017,11/23/2017,Tarif normal,JM-15265,Janet Molinari,Entreprise,États-Unis,Seattle,Washington,USCA - Ouest,FUR-FU-10000448,Mobilier,Meubles,Tenex Chairmats For Use With Carpeted Floors,31.96,2,0,1.6
9485,US-2017-164770,12/2/2017,12/4/2017,J+2,MY-18295,Muhammed Yedwab,Entreprise,États-Unis,Houston,Texas,USCA - Centre,FUR-BO-10003893,Mobilier,Bibliothèques,Sauder Camden County Collection Library,781.86,10,0.3,-137.98
9486,US-2017-164770,12/2/2017,12/4/2017,J+2,MY-18295,Muhammed Yedwab,Entreprise,États-Unis,Houston,Texas,USCA - Centre,OFF-PA-10003893,Fournitures de bureau,Papier,Xerox 1962,30.82,9,0.2,9.63
9490,US-2017-102232,8/5/2017,8/11/2017,Tarif normal,MF-17665,Maureen Fritzler,Entreprise,États-Unis,Huntsville,Alabama,USCA - Sud,OFF-AR-10000538,Fournitures de bureau,Art,"Boston Model 1800 Electric Pencil Sharpener, Gray",197.05,7,0,59.12
9494,US-2017-105207,1/3/2017,1/8/2017,Tarif normal,BO-11350,Bill Overfelt,Entreprise,États-Unis,Broken Arrow,Oklahoma,USCA - Centre,FUR-TA-10000617,Mobilier,Tables,"Hon Practical Foundations 30 x 60 Training Table, Light Gray/Charcoal",1592.85,7,0,350.43
9495,US-2017-105207,1/3/2017,1/8/2017,Tarif normal,BO-11350,Bill Overfelt,Entreprise,États-Unis,Broken Arrow,Oklahoma,USCA - Centre,OFF-BI-10004364,Fournitures de bureau,Classeurs,Storex Dura Pro Binders,11.88,2,0,5.35
9496,US-2017-123610,5/12/2017,5/16/2017,Tarif normal,VM-21835,Vivian Mathis,Grand public,États-Unis,Mission Viejo,Californie,USCA - Ouest,TEC-AC-10004518,Produits technologiques,Accessoires,Memorex Mini Travel Drive 32 GB USB 2.0 Flash Drive,120,6,0,46.8
9497,US-2017-123610,5/12/2017,5/16/2017,Tarif normal,VM-21835,Vivian Mathis,Grand public,États-Unis,Mission Viejo,Californie,USCA - Ouest,OFF-AP-10002222,Fournitures de bureau,Électroménager,Staple holder,8.67,1,0,2.34
9501,US-2017-149237,5/26/2017,5/27/2017,Tarif normal,CM-12235,Chris McAfee,Grand public,États-Unis,Milwaukee,Wisconsin,USCA - Centre,FUR-FU-10002088,Mobilier,Meubles,Nu-Dell Float Frame 11 x 14 1/2,26.94,3,0,11.31
9503,US-2017-101329,4/22/2017,4/29/2017,Tarif normal,MM-17920,Michael Moore,Grand public,États-Unis,Rome,New York,USCA - Est,OFF-AR-10000614,Fournitures de bureau,Art,Barrel Sharpener,32.13,9,0,8.35
9504,US-2017-101329,4/22/2017,4/29/2017,Tarif normal,MM-17920,Michael Moore,Grand public,États-Unis,Rome,New York,USCA - Est,OFF-AR-10003190,Fournitures de bureau,Art,Newell 32,2.88,1,0,0.81
9505,US-2017-113607,10/14/2017,10/18/2017,Tarif normal,PW-19030,Pauline Webber,Entreprise,États-Unis,New York City,New York,USCA - Est,TEC-PH-10004094,Produits technologiques,Téléphones,Motorola L703CM,1091.93,7,0,272.98
9506,US-2017-113607,10/14/2017,10/18/2017,Tarif normal,PW-19030,Pauline Webber,Entreprise,États-Unis,New York City,New York,USCA - Est,OFF-PA-10001970,Fournitures de bureau,Papier,Xerox 1908,111.96,2,0,54.86
9511,US-2017-105263,8/6/2017,8/11/2017,Tarif normal,LM-17065,Liz MacKendrick,Grand public,États-Unis,New York City,New York,USCA - Est,OFF-AR-10002399,Fournitures de bureau,Art,"Dixon Prang Watercolor Pencils, 10-Color Set with Brush",38.34,9,0,15.72
9514,US-2017-125220,10/14/2017,10/19/2017,Tarif normal,BE-11410,Bobby Elias,Grand public,États-Unis,Appleton,Wisconsin,USCA - Centre,TEC-AC-10003033,Produits technologiques,Accessoires,Plantronics CS510 - Over-the-Head monaural Wireless Headset System,1649.75,5,0,544.42
9521,US-2017-101189,2/4/2017,2/9/2017,Tarif normal,JB-15400,Jennifer Braxton,Entreprise,États-Unis,Los Angeles,Californie,USCA - Ouest,OFF-ST-10004180,Fournitures de bureau,Stockage,Safco Commercial Shelving,93.02,2,0,3.72
9533,US-2017-116596,10/27/2017,10/28/2017,Tarif normal,BW-11200,Ben Wallace,Grand public,États-Unis,New York City,New York,USCA - Est,FUR-CH-10000553,Mobilier,Chaises,"Metal Folding Chairs, Beige, 4/Carton",427.64,14,0.1,80.78
9534,US-2017-116596,10/27/2017,10/28/2017,Tarif normal,BW-11200,Ben Wallace,Grand public,États-Unis,New York City,New York,USCA - Est,OFF-FA-10000134,Fournitures de bureau,Éléments de fixation,"Advantus Push Pins, Aluminum Head",40.67,7,0,12.61
9535,US-2017-116596,10/27/2017,10/28/2017,Tarif normal,BW-11200,Ben Wallace,Grand public,États-Unis,New York City,New York,USCA - Est,OFF-ST-10000636,Fournitures de bureau,Stockage,Rogers Profile Extra Capacity Storage Tub,33.48,2,0,1.34
9536,US-2017-116596,10/27/2017,10/28/2017,Tarif normal,BW-11200,Ben Wallace,Grand public,États-Unis,New York City,New York,USCA - Est,OFF-BI-10002949,Fournitures de bureau,Classeurs,Prestige Round Ring Binders,9.73,2,0.2,3.28
9538,US-2017-148747,9/25/2017,9/27/2017,Prioritaire,AS-10045,Aaron Smayling,Entreprise,États-Unis,San Francisco,Californie,USCA - Ouest,FUR-BO-10002613,Mobilier,Bibliothèques,"Atlantic Metals Mobile 4-Shelf Bookcases, Custom Colors",477.67,2,0.2,84.29
9548,US-2017-131744,6/18/2017,6/20/2017,J+2,SC-20770,Stewart Carmichael,Entreprise,États-Unis,Philadelphia,Pennsylvanie,USCA - Est,OFF-PA-10004610,Fournitures de bureau,Papier,Xerox 1900,6.85,2,0.2,2.14
9549,US-2017-131744,6/18/2017,6/20/2017,J+2,SC-20770,Stewart Carmichael,Entreprise,États-Unis,Philadelphia,Pennsylvanie,USCA - Est,OFF-BI-10003910,Fournitures de bureau,Classeurs,DXL Angle-View Binders with Locking Rings by Samsill,4.63,2,0.7,-3.86
9550,US-2017-131744,6/18/2017,6/20/2017,J+2,SC-20770,Stewart Carmichael,Entreprise,États-Unis,Philadelphia,Pennsylvanie,USCA - Est,OFF-AP-10001394,Fournitures de bureau,Électroménager,Harmony Air Purifier,453.6,3,0.2,90.72
9554,CA-2017-125724,9/22/2017,9/27/2017,Tarif normal,SM-20950,Suzanne McNair,Entreprise,Canada,Whitehorse,Yukon,USCA - Ouest,FUR-FU-10000246,Mobilier,Meubles,Aluminum Document Frame,68.43,7,0.2,8.55
9559,US-2017-129280,5/3/2017,5/5/2017,Prioritaire,SM-20905,Susan MacKendrick,Grand public,États-Unis,Newark,Ohio,USCA - Est,TEC-AC-10003832,Produits technologiques,Accessoires,Imation 16GB Mini TravelDrive USB 2.0 Flash Drive,132.52,5,0.2,34.79
9560,US-2017-129280,5/3/2017,5/5/2017,Prioritaire,SM-20905,Susan MacKendrick,Grand public,États-Unis,Newark,Ohio,USCA - Est,OFF-ST-10002554,Fournitures de bureau,Stockage,Tennsco Industrial Shelving,195.64,5,0.2,-44.02
9561,US-2017-129280,5/3/2017,5/5/2017,Prioritaire,SM-20905,Susan MacKendrick,Grand public,États-Unis,Newark,Ohio,USCA - Est,FUR-FU-10001876,Mobilier,Meubles,"Computer Room Manger, 14""",51.97,2,0.2,10.39
9562,US-2017-129280,5/3/2017,5/5/2017,Prioritaire,SM-20905,Susan MacKendrick,Grand public,États-Unis,Newark,Ohio,USCA - Est,TEC-AC-10002637,Produits technologiques,Accessoires,Logitech VX Revolution Cordless Laser Mouse for Notebooks (Black),431.98,3,0.2,-75.6
9563,US-2017-129280,5/3/2017,5/5/2017,Prioritaire,SM-20905,Susan MacKendrick,Grand public,États-Unis,Newark,Ohio,USCA - Est,TEC-MA-10003589,Produits technologiques,Machines,Cisco 8961 IP Phone Charcoal,224.94,3,0.7,-164.95
9564,US-2017-129280,5/3/2017,5/5/2017,Prioritaire,SM-20905,Susan MacKendrick,Grand public,États-Unis,Newark,Ohio,USCA - Est,OFF-LA-10000081,Fournitures de bureau,Étiquettes,Avery 496,6,2,0.2,2.1
9583,US-2017-107475,6/7/2017,6/11/2017,Tarif normal,RS-19870,Roy Skaria,Bureau à domicile,États-Unis,Philadelphia,Pennsylvanie,USCA - Est,OFF-FA-10002988,Fournitures de bureau,Éléments de fixation,Ideal Clamps,9.65,6,0.2,3.5
9586,US-2017-160598,8/26/2017,8/28/2017,Prioritaire,SV-20815,Stuart Van,Entreprise,États-Unis,Miami,Floride,USCA - Sud,OFF-PA-10002319,Fournitures de bureau,Papier,Xerox 1944,31.01,1,0.2,11.24
9587,US-2017-108630,11/18/2017,11/18/2017,Le même jour,BE-11410,Bobby Elias,Grand public,États-Unis,Concord,Californie,USCA - Ouest,OFF-BI-10002437,Fournitures de bureau,Classeurs,Recycled Premium Regency Composition Covers,61.12,5,0.2,22.16
9592,US-2017-105452,7/28/2017,8/1/2017,Tarif normal,BF-11005,Barry Franz,Bureau à domicile,États-Unis,Pasadena,Texas,USCA - Centre,FUR-FU-10003691,Mobilier,Meubles,"Eldon Image Series Desk Accessories, Ebony",24.7,5,0.6,-9.88
9593,US-2017-105452,7/28/2017,8/1/2017,Tarif normal,BF-11005,Barry Franz,Bureau à domicile,États-Unis,Pasadena,Texas,USCA - Centre,FUR-FU-10003806,Mobilier,Meubles,"Tenex Chairmat w/ Average Lip, 45"" x 53""",302.72,5,0.6,-378.4
9602,US-2017-117604,9/4/2017,9/9/2017,Tarif normal,JP-15520,Jeremy Pistek,Grand public,États-Unis,Jonesboro,Arkansas,USCA - Sud,OFF-PA-10001357,Fournitures de bureau,Papier,Xerox 1886,239.5,5,0,114.96
9604,US-2017-129861,6/17/2017,6/23/2017,Tarif normal,DM-13345,Denise Monton,Entreprise,États-Unis,Rochester,New York,USCA - Est,FUR-TA-10003715,Mobilier,Tables,Hon 2111 Invitation Series Corner Table,376.87,3,0.4,-213.56
9610,US-2017-130638,5/16/2017,5/19/2017,J+2,SC-20095,Sanjit Chand,Grand public,États-Unis,Los Angeles,Californie,USCA - Ouest,FUR-FU-10002116,Mobilier,Meubles,"Tenex Carpeted, Granite-Look or Clear Contemporary Contour Shape Chair Mats",282.84,4,0,19.8
9611,US-2017-130638,5/16/2017,5/19/2017,J+2,SC-20095,Sanjit Chand,Grand public,États-Unis,Los Angeles,Californie,USCA - Ouest,OFF-LA-10002195,Fournitures de bureau,Étiquettes,Avery 481,27.72,9,0,13.31
9613,US-2017-110086,9/18/2017,9/22/2017,Tarif normal,BD-11320,Bill Donatelli,Grand public,États-Unis,Woodland,Californie,USCA - Ouest,TEC-PH-10001299,Produits technologiques,Téléphones,Polycom CX300 Desktop Phone USB VoIP phone,239.98,2,0.2,24
9617,US-2017-140256,8/22/2017,8/29/2017,Tarif normal,PW-19030,Pauline Webber,Entreprise,États-Unis,Los Angeles,Californie,USCA - Ouest,OFF-AR-10002255,Fournitures de bureau,Art,Newell 346,5.76,2,0,1.67
9631,US-2017-168844,2/20/2017,2/21/2017,Tarif normal,NM-18520,Neoma Murray,Grand public,États-Unis,New York City,New York,USCA - Est,OFF-BI-10002609,Fournitures de bureau,Classeurs,Avery Hidden Tab Dividers for Binding Systems,7.15,3,0.2,2.32
9632,US-2017-168844,2/20/2017,2/21/2017,Tarif normal,NM-18520,Neoma Murray,Grand public,États-Unis,New York City,New York,USCA - Est,TEC-PH-10003215,Produits technologiques,Téléphones,Jackery Bar Premium Fast-charging Portable Charger,179.7,6,0,88.05
9650,US-2017-107104,11/26/2017,11/27/2017,Tarif normal,MS-17365,Maribeth Schnelling,Grand public,États-Unis,Los Angeles,Californie,USCA - Ouest,FUR-BO-10002213,Mobilier,Bibliothèques,DMI Eclipse Executive Suite Bookcases,3406.66,8,0.2,160.31
9651,US-2017-107104,11/26/2017,11/27/2017,Tarif normal,MS-17365,Maribeth Schnelling,Grand public,États-Unis,Los Angeles,Californie,USCA - Ouest,OFF-AR-10004269,Fournitures de bureau,Art,Newell 31,37.17,9,0,10.41
9652,US-2017-107104,11/26/2017,11/27/2017,Tarif normal,MS-17365,Maribeth Schnelling,Grand public,États-Unis,Los Angeles,Californie,USCA - Ouest,OFF-AP-10000055,Fournitures de bureau,Électroménager,Belkin F9S820V06 8 Outlet Surge,64.96,2,0,19.49
9653,US-2017-107104,11/26/2017,11/27/2017,Tarif normal,MS-17365,Maribeth Schnelling,Grand public,États-Unis,Los Angeles,Californie,USCA - Ouest,FUR-FU-10002937,Mobilier,Meubles,"GE 48"" Fluorescent Tube, Cool White Energy Saver, 34 Watts, 30/Box",595.38,6,0,297.69
9661,US-2017-160717,6/6/2017,6/11/2017,Tarif normal,ME-17320,Maria Etezadi,Bureau à domicile,États-Unis,Santa Barbara,Californie,USCA - Ouest,TEC-PH-10001459,Produits technologiques,Téléphones,Samsung Galaxy Mega 6.3,3023.93,9,0.2,226.79
9662,US-2017-160717,6/6/2017,6/11/2017,Tarif normal,ME-17320,Maria Etezadi,Bureau à domicile,États-Unis,Santa Barbara,Californie,USCA - Ouest,TEC-AC-10002134,Produits technologiques,Accessoires,Rosewill 107 Normal Keys USB Wired Standard Keyboard,26.96,2,0,3.77
9663,US-2017-160717,6/6/2017,6/11/2017,Tarif normal,ME-17320,Maria Etezadi,Bureau à domicile,États-Unis,Santa Barbara,Californie,USCA - Ouest,TEC-PH-10001760,Produits technologiques,Téléphones,Bose SoundLink Bluetooth Speaker,477.6,3,0.2,161.19
9668,US-2017-126270,4/23/2017,4/27/2017,Tarif normal,AF-10870,Art Ferguson,Grand public,États-Unis,San Clemente,Californie,USCA - Ouest,OFF-BI-10002764,Fournitures de bureau,Classeurs,Recycled Pressboard Report Cover with Reinforced Top Hinge,18.09,7,0.2,6.56
9669,US-2017-126270,4/23/2017,4/27/2017,Tarif normal,AF-10870,Art Ferguson,Grand public,États-Unis,San Clemente,Californie,USCA - Ouest,OFF-EN-10004386,Fournitures de bureau,Enveloppes,"Recycled Interoffice Envelopes with String and Button Closure, 10 x 13",71.97,3,0,35.99
9673,US-2017-114867,12/23/2017,12/28/2017,Tarif normal,FM-14290,Frank Merwin,Bureau à domicile,États-Unis,Philadelphia,Pennsylvanie,USCA - Est,OFF-PA-10000477,Fournitures de bureau,Papier,Xerox 1952,7.97,2,0.2,2.69
9674,US-2017-114867,12/23/2017,12/28/2017,Tarif normal,FM-14290,Frank Merwin,Bureau à domicile,États-Unis,Philadelphia,Pennsylvanie,USCA - Est,TEC-PH-10002645,Produits technologiques,Téléphones,LG G2,1499.97,5,0.4,-374.99
9676,US-2017-137393,5/6/2017,5/10/2017,Tarif normal,GM-14500,Gene McClure,Grand public,États-Unis,Bakersfield,Californie,USCA - Ouest,FUR-FU-10001617,Mobilier,Meubles,"Executive Impressions 8-1/2"" Career Panel/Partition Cubicle Clock",41.6,4,0,14.14
9678,US-2017-144785,4/18/2017,4/23/2017,Tarif normal,CS-12490,Cindy Schnelling,Entreprise,États-Unis,New York City,New York,USCA - Est,OFF-AR-10001573,Fournitures de bureau,Art,American Pencil,6.99,3,0,2.03
9679,US-2017-144785,4/18/2017,4/23/2017,Tarif normal,CS-12490,Cindy Schnelling,Entreprise,États-Unis,New York City,New York,USCA - Est,OFF-SU-10004290,Fournitures de bureau,Fournitures,"Acme Design Line 8"" Stainless Steel Bent Scissors w/Champagne Handles, 3-1/8"" Cut",6.84,1,0,1.85
9696,US-2017-151260,12/11/2017,12/14/2017,Prioritaire,SC-20695,Steve Chapman,Entreprise,États-Unis,Springfield,Ohio,USCA - Est,OFF-AP-10002892,Fournitures de bureau,Électroménager,Belkin F5C206VTEL 6 Outlet Surge,73.54,4,0.2,9.19
9698,US-2017-122511,3/11/2017,3/11/2017,Le même jour,BT-11485,Brad Thomas,Bureau à domicile,États-Unis,Philadelphia,Pennsylvanie,USCA - Est,FUR-FU-10001037,Mobilier,Meubles,"DAX Charcoal/Nickel-Tone Document Frame, 5 x 7",30.34,4,0.2,9.48
9702,US-2017-105291,7/22/2017,7/23/2017,Tarif normal,SP-20920,Susan Pistek,Grand public,États-Unis,San Luis Obispo,Californie,USCA - Ouest,OFF-FA-10003059,Fournitures de bureau,Éléments de fixation,Assorted Color Push Pins,3.62,2,0,1.19
9707,US-2017-161746,10/21/2017,10/27/2017,Tarif normal,CS-11950,Carlos Soltero,Grand public,États-Unis,Los Angeles,Californie,USCA - Ouest,FUR-CH-10004626,Mobilier,Chaises,Office Star Flex Back Scooter Chair with Aluminum Finish Frame,242.14,3,0.2,12.11
9708,US-2017-161746,10/21/2017,10/27/2017,Tarif normal,CS-11950,Carlos Soltero,Grand public,États-Unis,Los Angeles,Californie,USCA - Ouest,OFF-AR-10000390,Fournitures de bureau,Art,Newell Chalk Holder,12.39,3,0,5.7
9709,US-2017-161746,10/21/2017,10/27/2017,Tarif normal,CS-11950,Carlos Soltero,Grand public,États-Unis,Los Angeles,Californie,USCA - Ouest,FUR-FU-10003731,Mobilier,Meubles,"Eldon Expressions Wood and Plastic Desk Accessories, Oak",19.96,2,0,5.59
9710,US-2017-161746,10/21/2017,10/27/2017,Tarif normal,CS-11950,Carlos Soltero,Grand public,États-Unis,Los Angeles,Californie,USCA - Ouest,OFF-ST-10002743,Fournitures de bureau,Stockage,SAFCO Boltless Steel Shelving,340.92,3,0,3.41
9716,US-2017-116379,11/7/2017,11/12/2017,Tarif normal,LD-17005,Lisa DeCherney,Grand public,États-Unis,San Francisco,Californie,USCA - Ouest,OFF-BI-10001543,Fournitures de bureau,Classeurs,GBC VeloBinder Manual Binding System,57.58,2,0.2,20.15
9717,US-2017-144477,8/12/2017,8/14/2017,J+2,DB-13270,Deborah Brumfield,Bureau à domicile,États-Unis,Philadelphia,Pennsylvanie,USCA - Est,OFF-AR-10000914,Fournitures de bureau,Art,Boston 16765 Mini Stand Up Battery Pencil Sharpener,37.31,4,0.2,2.8
9718,US-2017-108210,2/19/2017,2/20/2017,Le même jour,AT-10735,Annie Thurman,Grand public,États-Unis,Houston,Texas,USCA - Centre,TEC-PH-10002293,Produits technologiques,Téléphones,Anker 36W 4-Port USB Wall Charger Travel Power Adapter for iPhone 5s 5c 5,79.96,5,0.2,8
9719,US-2017-108210,2/19/2017,2/20/2017,Le même jour,AT-10735,Annie Thurman,Grand public,États-Unis,Houston,Texas,USCA - Centre,TEC-AC-10000109,Produits technologiques,Accessoires,Sony Micro Vault Click 16 GB USB 2.0 Flash Drive,223.96,5,0.2,11.2
9721,US-2017-119641,9/22/2017,9/26/2017,Tarif normal,CS-12250,Chris Selesnick,Entreprise,États-Unis,Green Bay,Wisconsin,USCA - Centre,FUR-FU-10002445,Mobilier,Meubles,"DAX Two-Tone Rosewood/Black Document Frame, Desktop, 5 x 7",18.96,2,0,7.58
9722,US-2017-105781,2/16/2017,2/20/2017,Tarif normal,JF-15565,Jill Fjeld,Grand public,États-Unis,New York City,New York,USCA - Est,FUR-CH-10001802,Mobilier,Chaises,Hon Every-Day Chair Series Swivel Task Chairs,326.65,3,0.1,39.92
9723,US-2017-105781,2/16/2017,2/20/2017,Tarif normal,JF-15565,Jill Fjeld,Grand public,États-Unis,New York City,New York,USCA - Est,TEC-AC-10003628,Produits technologiques,Accessoires,Logitech 910-002974 M325 Wireless Mouse for Web Scrolling,89.97,3,0,39.59
9744,US-2017-137127,6/16/2017,6/22/2017,Tarif normal,JJ-15445,Jennifer Jackson,Grand public,États-Unis,Newark,Delaware,USCA - Est,OFF-LA-10001641,Fournitures de bureau,Étiquettes,Avery 518,9.45,3,0,4.54
9750,US-2017-158358,3/4/2017,3/8/2017,Tarif normal,EM-13810,Eleni McCrary,Entreprise,États-Unis,Dover,New Hampshire,USCA - Est,TEC-AC-10002567,Produits technologiques,Accessoires,Logitech G602 Wireless Gaming Mouse,159.98,2,0,57.59
9751,US-2017-113390,10/11/2017,10/15/2017,Tarif normal,EP-13915,Emily Phan,Grand public,États-Unis,Chicago,Illinois,USCA - Centre,OFF-AR-10003183,Fournitures de bureau,Art,Avery Fluorescent Highlighter Four-Color Set,5.34,2,0.2,0.67
9752,US-2017-113390,10/11/2017,10/15/2017,Tarif normal,EP-13915,Emily Phan,Grand public,États-Unis,Chicago,Illinois,USCA - Centre,OFF-AR-10001446,Fournitures de bureau,Art,Newell 309,27.72,3,0.2,3.47
9753,US-2017-158680,7/1/2017,7/2/2017,Prioritaire,NZ-18565,Nick Zandusky,Bureau à domicile,États-Unis,Seattle,Washington,USCA - Ouest,OFF-BI-10000145,Fournitures de bureau,Classeurs,Zipper Ring Binder Pockets,2.5,1,0.2,0.9
9760,US-2017-146913,7/23/2017,7/24/2017,Tarif normal,SF-20965,Sylvia Foulston,Entreprise,États-Unis,San Francisco,Californie,USCA - Ouest,FUR-CH-10001854,Mobilier,Chaises,Office Star - Professional Matrix Back Chair with 2-to-1 Synchro Tilt and Mesh Fabric Seat,1403.92,5,0.2,70.2
9770,US-2017-123533,11/24/2017,11/25/2017,Tarif normal,SC-20050,Sample Company A,Bureau à domicile,États-Unis,Hialeah,Floride,USCA - Sud,FUR-BO-10001619,Mobilier,Bibliothèques,O'Sullivan Cherrywood Estates Traditional Bookcase,339.92,5,0.2,8.5
9771,US-2017-123533,11/24/2017,11/25/2017,Tarif normal,SC-20050,Sample Company A,Bureau à domicile,États-Unis,Hialeah,Floride,USCA - Sud,OFF-PA-10001609,Fournitures de bureau,Papier,Tops Wirebound Message Log Books,10.53,4,0.2,3.42
9772,US-2017-123533,11/24/2017,11/25/2017,Tarif normal,SC-20050,Sample Company A,Bureau à domicile,États-Unis,Hialeah,Floride,USCA - Sud,OFF-AP-10002765,Fournitures de bureau,Électroménager,Fellowes Advanced Computer Series Surge Protectors,42.38,2,0.2,4.24
9773,US-2017-104983,7/3/2017,7/3/2017,Le même jour,FM-14215,Filia McAdams,Entreprise,États-Unis,Philadelphia,Pennsylvanie,USCA - Est,OFF-PA-10000167,Fournitures de bureau,Papier,Xerox 1925,123.92,5,0.2,38.73
9774,US-2017-160234,6/26/2017,7/3/2017,Tarif normal,PF-19225,Phillip Flathmann,Grand public,États-Unis,Atlanta,Géorgie,USCA - Sud,TEC-PH-10004434,Produits technologiques,Téléphones,Cisco IP Phone 7961G VoIP phone - Dark gray,135.95,1,0,39.43
9781,US-2017-153178,9/14/2017,9/18/2017,Tarif normal,CL-12565,Clay Ludtke,Grand public,États-Unis,Long Beach,New York,USCA - Est,TEC-PH-10001944,Produits technologiques,Téléphones,Wi-Ex zBoost YX540 Cellular Phone Signal Booster,437.85,3,0,131.36
9782,US-2017-153178,9/14/2017,9/18/2017,Tarif normal,CL-12565,Clay Ludtke,Grand public,États-Unis,Long Beach,New York,USCA - Est,OFF-BI-10004390,Fournitures de bureau,Classeurs,GBC DocuBind 200 Manual Binding Machine,673.57,2,0.2,252.59
9796,US-2017-125920,5/21/2017,5/28/2017,Tarif normal,SH-19975,Sally Hughsby,Entreprise,États-Unis,Chicago,Illinois,USCA - Centre,OFF-BI-10003429,Fournitures de bureau,Classeurs,"Cardinal HOLDit! Binder Insert Strips,Extra Strips",3.8,3,0.8,-5.89
9806,US-2017-136322,10/21/2017,10/26/2017,Tarif normal,AP-10720,Anne Pryor,Bureau à domicile,États-Unis,Fort Lauderdale,Floride,USCA - Sud,FUR-FU-10002878,Mobilier,Meubles,"Seth Thomas 14"" Day/Date Wall Clock",45.57,2,0.2,9.68
9807,US-2017-136322,10/21/2017,10/26/2017,Tarif normal,AP-10720,Anne Pryor,Bureau à domicile,États-Unis,Fort Lauderdale,Floride,USCA - Sud,OFF-BI-10004817,Fournitures de bureau,Classeurs,GBC Personal VeloBind Strips,28.75,8,0.7,-21.08
9812,US-2017-117583,11/27/2017,11/28/2017,Prioritaire,CB-12025,Cassandra Brandow,Grand public,États-Unis,East Orange,New Jersey,USCA - Est,OFF-PA-10001246,Fournitures de bureau,Papier,Xerox 215,25.92,4,0,12.44
9813,US-2017-117583,11/27/2017,11/28/2017,Prioritaire,CB-12025,Cassandra Brandow,Grand public,États-Unis,East Orange,New Jersey,USCA - Est,OFF-AR-10000658,Fournitures de bureau,Art,Newell 324,34.65,3,0,9.7
9814,US-2017-117583,11/27/2017,11/28/2017,Prioritaire,CB-12025,Cassandra Brandow,Grand public,États-Unis,East Orange,New Jersey,USCA - Est,OFF-PA-10000100,Fournitures de bureau,Papier,Xerox 1945,204.95,5,0,100.43
9815,US-2017-117583,11/27/2017,11/28/2017,Prioritaire,CB-12025,Cassandra Brandow,Grand public,États-Unis,East Orange,New Jersey,USCA - Est,OFF-BI-10004233,Fournitures de bureau,Classeurs,"GBC Pre-Punched Binding Paper, Plastic, White, 8-1/2"" x 11""",79.95,5,0,38.38
9835,CA-2017-126627,10/10/2017,10/12/2017,Prioritaire,WB-21850,William Brown,Grand public,Canada,Winnipeg,Manitoba,USCA - Centre,FUR-FU-10004963,Mobilier,Meubles,"Eldon 400 Class Desk Accessories, Black Carbon",14,4,0.6,-6.3
9836,CA-2017-126627,10/10/2017,10/12/2017,Prioritaire,WB-21850,William Brown,Grand public,Canada,Winnipeg,Manitoba,USCA - Centre,OFF-BI-10001597,Fournitures de bureau,Classeurs,"Wilson Jones Ledger-Size, Piano-Hinge Binder, 2"", Blue",16.39,2,0.8,-26.23
9837,US-2017-125402,9/25/2017,10/1/2017,Tarif normal,DL-12865,Dan Lawera,Grand public,États-Unis,Long Beach,Californie,USCA - Ouest,OFF-PA-10000141,Fournitures de bureau,Papier,"Ampad Evidence Wirebond Steno Books, 6"" x 9""",10.9,5,0,5.12
9838,US-2017-125402,9/25/2017,10/1/2017,Tarif normal,DL-12865,Dan Lawera,Grand public,États-Unis,Long Beach,Californie,USCA - Ouest,OFF-LA-10003923,Fournitures de bureau,Étiquettes,Alphabetical Labels for Top Tab Filing,29.6,2,0,14.8
9839,US-2017-125402,9/25/2017,10/1/2017,Tarif normal,DL-12865,Dan Lawera,Grand public,États-Unis,Long Beach,Californie,USCA - Ouest,OFF-LA-10001771,Fournitures de bureau,Étiquettes,Avery 513,4.98,1,0,2.29
9840,US-2017-125402,9/25/2017,10/1/2017,Tarif normal,DL-12865,Dan Lawera,Grand public,États-Unis,Long Beach,Californie,USCA - Ouest,TEC-CO-10001943,Produits technologiques,Photocopieurs,Canon PC-428 Personal Copier,479.98,3,0.2,161.99
9841,US-2017-125402,9/25/2017,10/1/2017,Tarif normal,DL-12865,Dan Lawera,Grand public,États-Unis,Long Beach,Californie,USCA - Ouest,TEC-PH-10003356,Produits technologiques,Téléphones,"SmartStand Mobile Device Holder, Assorted Colors",44.74,8,0.2,4.47
9842,US-2017-125402,9/25/2017,10/1/2017,Tarif normal,DL-12865,Dan Lawera,Grand public,États-Unis,Long Beach,Californie,USCA - Ouest,OFF-AR-10002255,Fournitures de bureau,Art,Newell 346,5.76,2,0,1.67
9843,US-2017-125402,9/25/2017,10/1/2017,Tarif normal,DL-12865,Dan Lawera,Grand public,États-Unis,Long Beach,Californie,USCA - Ouest,FUR-CH-10000665,Mobilier,Chaises,"Global Airflow Leather Mesh Back Chair, Black",483.14,4,0.2,60.39
9851,US-2017-158155,5/2/2017,5/6/2017,Tarif normal,EH-13765,Edward Hooks,Entreprise,États-Unis,New York City,New York,USCA - Est,FUR-FU-10000732,Mobilier,Meubles,Eldon 200 Class Desk Accessories,12.56,2,0,4.02
9852,US-2017-158155,5/2/2017,5/6/2017,Tarif normal,EH-13765,Edward Hooks,Entreprise,États-Unis,New York City,New York,USCA - Est,OFF-BI-10001670,Fournitures de bureau,Classeurs,Vinyl Sectional Post Binders,90.48,3,0.2,33.93
9853,US-2017-158155,5/2/2017,5/6/2017,Tarif normal,EH-13765,Edward Hooks,Entreprise,États-Unis,New York City,New York,USCA - Est,OFF-PA-10000533,Fournitures de bureau,Papier,Southworth Parchment Paper & Envelopes,13.08,2,0,6.02
9854,US-2017-158155,5/2/2017,5/6/2017,Tarif normal,EH-13765,Edward Hooks,Entreprise,États-Unis,New York City,New York,USCA - Est,FUR-FU-10002253,Mobilier,Meubles,"Howard Miller 13"" Diameter Pewter Finish Round Wall Clock",214.7,5,0,83.73
9874,US-2017-100587,12/10/2017,12/14/2017,Tarif normal,SL-20155,Sara Luxemburg,Bureau à domicile,États-Unis,New York City,New York,USCA - Est,OFF-PA-10004609,Fournitures de bureau,Papier,Xerox 221,6.48,1,0,3.11
9875,US-2017-166653,9/22/2017,9/24/2017,J+2,NP-18685,Nora Pelletier,Bureau à domicile,États-Unis,Parma,Ohio,USCA - Est,OFF-EN-10003055,Fournitures de bureau,Enveloppes,"Blue String-Tie & Button Interoffice Envelopes, 10 x 13",63.97,2,0.2,19.99
9880,US-2017-122581,8/21/2017,8/25/2017,Tarif normal,JK-15370,Jay Kimmel,Grand public,États-Unis,New York City,New York,USCA - Est,FUR-CH-10002961,Mobilier,Chaises,"Leather Task Chair, Black",573.17,7,0.1,63.69
9891,US-2017-115441,7/25/2017,7/28/2017,J+2,SH-19975,Sally Hughsby,Entreprise,États-Unis,Milwaukee,Wisconsin,USCA - Centre,OFF-PA-10004996,Fournitures de bureau,Papier,"Speediset Carbonless Redi-Letter 7"" x 8 1/2""",20.62,2,0,9.69
9892,US-2017-115441,7/25/2017,7/28/2017,J+2,SH-19975,Sally Hughsby,Entreprise,États-Unis,Milwaukee,Wisconsin,USCA - Centre,TEC-AC-10003116,Produits technologiques,Accessoires,Memorex Froggy Flash Drive 8 GB,124.25,7,0,48.46
9893,US-2017-115441,7/25/2017,7/28/2017,J+2,SH-19975,Sally Hughsby,Entreprise,États-Unis,Milwaukee,Wisconsin,USCA - Centre,TEC-PH-10002262,Produits technologiques,Téléphones,LG Electronics Tone+ HBS-730 Bluetooth Headset,297.55,5,0,83.31
9894,US-2017-115441,7/25/2017,7/28/2017,J+2,SH-19975,Sally Hughsby,Entreprise,États-Unis,Milwaukee,Wisconsin,USCA - Centre,FUR-CH-10004626,Mobilier,Chaises,Office Star Flex Back Scooter Chair with Aluminum Finish Frame,403.56,4,0,96.85
9895,US-2017-115441,7/25/2017,7/28/2017,J+2,SH-19975,Sally Hughsby,Entreprise,États-Unis,Milwaukee,Wisconsin,USCA - Centre,FUR-FU-10001756,Mobilier,Meubles,"Eldon Expressions Desk Accessory, Wood Photo Frame, Mahogany",95.2,5,0,27.61
9898,US-2017-112830,6/6/2017,6/10/2017,Tarif normal,LP-17095,Liz Preis,Grand public,États-Unis,Fairfield,Ohio,USCA - Est,FUR-FU-10004306,Mobilier,Meubles,Electrix Halogen Magnifier Lamp,466.32,3,0.2,34.97
9899,US-2017-112830,6/6/2017,6/10/2017,Tarif normal,LP-17095,Liz Preis,Grand public,États-Unis,Fairfield,Ohio,USCA - Est,FUR-FU-10004845,Mobilier,Meubles,"Deflect-o EconoMat Nonstudded, No Bevel Mat",82.64,2,0.2,0
9920,US-2017-149272,3/15/2017,3/19/2017,Tarif normal,MY-18295,Muhammed Yedwab,Entreprise,États-Unis,Bryan,Texas,USCA - Centre,FUR-CH-10000863,Mobilier,Chaises,Novimex Swivel Fabric Task Chair,528.43,5,0.3,-143.43
9921,US-2017-149272,3/15/2017,3/19/2017,Tarif normal,MY-18295,Muhammed Yedwab,Entreprise,États-Unis,Bryan,Texas,USCA - Centre,OFF-BI-10004233,Fournitures de bureau,Classeurs,"GBC Pre-Punched Binding Paper, Plastic, White, 8-1/2"" x 11""",22.39,7,0.8,-35.82
9929,US-2017-129630,9/4/2017,9/4/2017,Le même jour,IM-15055,Ionia McGrath,Grand public,États-Unis,San Francisco,Californie,USCA - Ouest,FUR-FU-10000260,Mobilier,Meubles,"6"" Cubicle Wall Clock, Black",24.27,3,0,8.74
9930,US-2017-129630,9/4/2017,9/4/2017,Le même jour,IM-15055,Ionia McGrath,Grand public,États-Unis,San Francisco,Californie,USCA - Ouest,TEC-CO-10003763,Produits technologiques,Photocopieurs,Canon PC1060 Personal Laser Copier,2799.96,5,0.2,944.99
9935,US-2017-114405,4/7/2017,4/12/2017,Tarif normal,AS-10240,Alan Shonely,Grand public,États-Unis,Philadelphia,Pennsylvanie,USCA - Est,OFF-AP-10003278,Fournitures de bureau,Électroménager,Belkin 7-Outlet SurgeMaster Home Series,33.53,3,0.2,2.51
9936,US-2017-114405,4/7/2017,4/12/2017,Tarif normal,AS-10240,Alan Shonely,Grand public,États-Unis,Philadelphia,Pennsylvanie,USCA - Est,OFF-ST-10001627,Fournitures de bureau,Stockage,Eldon Jumbo ProFile Portable File Boxes Graphite/Black,36.74,3,0.2,3.67
9938,US-2017-164889,6/3/2017,6/6/2017,J+2,CP-12340,Christine Phan,Entreprise,États-Unis,Los Angeles,Californie,USCA - Ouest,FUR-TA-10001676,Mobilier,Tables,Hon 61000 Series Interactive Training Tables,71.09,2,0.2,-1.78
9939,US-2017-169824,12/12/2017,12/17/2017,Tarif normal,NS-18640,Noel Staavos,Entreprise,États-Unis,New York City,New York,USCA - Est,FUR-FU-10004864,Mobilier,Meubles,Eldon 500 Class Desk Accessories,60.35,5,0,19.92
9940,US-2017-169824,12/12/2017,12/17/2017,Tarif normal,NS-18640,Noel Staavos,Entreprise,États-Unis,New York City,New York,USCA - Est,OFF-SU-10000952,Fournitures de bureau,Fournitures,Fiskars Home & Office Scissors,35.52,4,0,9.95
9941,US-2017-169824,12/12/2017,12/17/2017,Tarif normal,NS-18640,Noel Staavos,Entreprise,États-Unis,New York City,New York,USCA - Est,OFF-AR-10000462,Fournitures de bureau,Art,Sanford Pocket Accent Highlighters,11.2,7,0,4.82
9965,US-2017-146374,12/5/2017,12/10/2017,J+2,HE-14800,Harold Engle,Entreprise,États-Unis,Newark,Delaware,USCA - Est,FUR-FU-10002671,Mobilier,Meubles,Electrix 20W Halogen Replacement Bulb for Zoom-In Desk Lamp,13.4,1,0,6.43
9966,US-2017-146374,12/5/2017,12/10/2017,J+2,HE-14800,Harold Engle,Entreprise,États-Unis,Newark,Delaware,USCA - Est,OFF-PA-10000349,Fournitures de bureau,Papier,Easy-staple paper,4.98,1,0,2.34
9967,US-2017-146374,12/5/2017,12/10/2017,J+2,HE-14800,Harold Engle,Entreprise,États-Unis,Newark,Delaware,USCA - Est,OFF-EN-10004483,Fournitures de bureau,Enveloppes,"#10 White Business Envelopes,4 1/8 x 9 1/2",109.69,7,0,51.55
9973,US-2017-130225,9/11/2017,9/17/2017,Tarif normal,RC-19960,Ryan Crowe,Grand public,États-Unis,Houston,Texas,USCA - Centre,OFF-EN-10000056,Fournitures de bureau,Enveloppes,Cameo Buff Policy Envelopes,99.57,2,0.2,33.6
9974,US-2017-103674,12/6/2017,12/10/2017,Tarif normal,AP-10720,Anne Pryor,Bureau à domicile,États-Unis,Los Angeles,Californie,USCA - Ouest,TEC-PH-10004080,Produits technologiques,Téléphones,Avaya 5410 Digital phone,271.96,5,0.2,27.2
9975,US-2017-103674,12/6/2017,12/10/2017,Tarif normal,AP-10720,Anne Pryor,Bureau à domicile,États-Unis,Los Angeles,Californie,USCA - Ouest,OFF-AR-10004752,Fournitures de bureau,Art,Blackstonian Pencils,18.69,7,0,5.23
9976,US-2017-103674,12/6/2017,12/10/2017,Tarif normal,AP-10720,Anne Pryor,Bureau à domicile,États-Unis,Los Angeles,Californie,USCA - Ouest,OFF-PA-10000743,Fournitures de bureau,Papier,Xerox 1977,13.36,2,0,6.41
9977,US-2017-103674,12/6/2017,12/10/2017,Tarif normal,AP-10720,Anne Pryor,Bureau à domicile,États-Unis,Los Angeles,Californie,USCA - Ouest,TEC-PH-10002496,Produits technologiques,Téléphones,Cisco SPA301,249.58,2,0.2,31.2
9978,US-2017-103674,12/6/2017,12/10/2017,Tarif normal,AP-10720,Anne Pryor,Bureau à domicile,États-Unis,Los Angeles,Californie,USCA - Ouest,OFF-FA-10003467,Fournitures de bureau,Éléments de fixation,"Alliance Big Bands Rubber Bands, 12/Pack",13.86,7,0,0
9979,US-2017-103674,12/6/2017,12/10/2017,Tarif normal,AP-10720,Anne Pryor,Bureau à domicile,États-Unis,Los Angeles,Californie,USCA - Ouest,OFF-BI-10003727,Fournitures de bureau,Classeurs,Avery Durable Slant Ring Binders With Label Holder,13.38,4,0.2,4.68
9980,US-2017-103674,12/6/2017,12/10/2017,Tarif normal,AP-10720,Anne Pryor,Bureau à domicile,États-Unis,Los Angeles,Californie,USCA - Ouest,OFF-BI-10002026,Fournitures de bureau,Classeurs,Ibico Recycled Linen-Style Covers,437.47,14,0.2,153.12
9983,US-2017-157728,9/22/2017,9/28/2017,Tarif normal,RC-19960,Ryan Crowe,Grand public,États-Unis,Grand Rapids,Michigan,USCA - Centre,OFF-PA-10002195,Fournitures de bureau,Papier,"RSVP Cards & Envelopes, Blank White, 8-1/2"" X 11"", 24 Cards/25 Envelopes/Set",35.56,7,0,16.71
9984,US-2017-157728,9/22/2017,9/28/2017,Tarif normal,RC-19960,Ryan Crowe,Grand public,États-Unis,Grand Rapids,Michigan,USCA - Centre,TEC-PH-10001305,Produits technologiques,Téléphones,Panasonic KX TS208W Corded phone,97.98,2,0,27.43
9987,US-2017-125794,9/29/2017,10/3/2017,Tarif normal,ML-17410,Maris LaWare,Grand public,États-Unis,Los Angeles,Californie,USCA - Ouest,TEC-AC-10003399,Produits technologiques,Accessoires,Memorex Mini Travel Drive 64 GB USB 2.0 Flash Drive,36.24,1,0,15.22
