ID ligne,ID commande,Date de commande,Date d'expédition,Mode d'expédition,ID client,Nom du client,Segment,Pays/région,Ville,État/Province,Région de vente,ID produit,Catégorie,Sous-catégorie,Nom du produit,Montant des ventes,Quantité,Remise,Profit
13,US-2018-114412,4/15/2018,4/20/2018,Tarif normal,AA-10480,Andrew Allen,Grand public,États-Unis,Concord,Caroline du Nord,USCA - Sud,OFF-PA-10002365,Fournitures de bureau,Papier,Xerox 1967,15.55,3,0.2,5.44
24,US-2018-156909,7/16/2018,7/18/2018,J+2,SF-20065,Sandra Flanagan,Grand public,États-Unis,Philadelphia,Pennsylvanie,USCA - Est,FUR-CH-10002774,Mobilier,Chaises,"Global Deluxe Stacking Chair, Gray",71.37,2,0.3,-1.02
35,US-2018-107727,10/19/2018,10/23/2018,J+2,MA-17560,Matt Abelman,Bureau à domicile,États-Unis,Houston,Texas,USCA - Centre,OFF-PA-10000249,Fournitures de bureau,Papier,Easy-staple paper,29.47,3,0.2,9.95
42,US-2018-120999,9/10/2018,9/15/2018,Tarif normal,LC-16930,Linda Cazamias,Entreprise,États-Unis,Naperville,Illinois,USCA - Centre,TEC-PH-10004093,Produits technologiques,Téléphones,Panasonic Kx-TS550,147.17,4,0.2,16.56
44,US-2018-139619,9/19/2018,9/23/2018,Tarif normal,ES-14080,Erin Smith,Entreprise,États-Unis,Melbourne,Floride,USCA - Sud,OFF-ST-10003282,Fournitures de bureau,Stockage,"Advantus 10-Drawer Portable Organizer, Chrome Metal Frame, Smoke Drawers",95.62,2,0.2,9.56
72,US-2018-114440,9/14/2018,9/17/2018,J+2,TB-21520,Tracy Blumstein,Grand public,États-Unis,Jackson,Michigan,USCA - Centre,OFF-PA-10004675,Fournitures de bureau,Papier,"Telephone Message Books with Fax/Mobile Section, 5 1/2"" x 3 3/16""",19.05,3,0,8.76
76,US-2018-118038,12/9/2018,12/11/2018,Prioritaire,KB-16600,Ken Brennan,Entreprise,États-Unis,Houston,Texas,USCA - Centre,OFF-BI-10004182,Fournitures de bureau,Classeurs,Economy Binders,1.25,3,0.8,-1.93
77,US-2018-118038,12/9/2018,12/11/2018,Prioritaire,KB-16600,Ken Brennan,Entreprise,États-Unis,Houston,Texas,USCA - Centre,FUR-FU-10000260,Mobilier,Meubles,"6"" Cubicle Wall Clock, Black",9.71,3,0.6,-5.82
78,US-2018-118038,12/9/2018,12/11/2018,Prioritaire,KB-16600,Ken Brennan,Entreprise,États-Unis,Houston,Texas,USCA - Centre,OFF-ST-10000615,Fournitures de bureau,Stockage,"SimpliFile Personal File, Black Granite, 15w x 6-15/16d x 11-1/4h",27.24,3,0.2,2.72
85,US-2018-119662,11/13/2018,11/16/2018,Prioritaire,CS-12400,Christopher Schild,Bureau à domicile,États-Unis,Chicago,Illinois,USCA - Centre,OFF-ST-10003656,Fournitures de bureau,Stockage,Safco Industrial Wire Shelving,230.38,3,0.2,-48.95
86,US-2018-140088,5/28/2018,6/1/2018,J+2,PO-18865,Patrick O'Donnell,Grand public,États-Unis,Columbia,Caroline du Sud,USCA - Sud,FUR-CH-10000863,Mobilier,Chaises,Novimex Swivel Fabric Task Chair,301.96,2,0,33.22
87,US-2018-155558,10/26/2018,11/2/2018,Tarif normal,PG-18895,Paul Gonzalez,Grand public,États-Unis,Rochester,Minnesota,USCA - Centre,TEC-AC-10001998,Produits technologiques,Accessoires,Logitech LS21 Speaker System - PC Multimedia - 2.1-CH - Wired,19.99,1,0,6.8
88,US-2018-155558,10/26/2018,11/2/2018,Tarif normal,PG-18895,Paul Gonzalez,Grand public,États-Unis,Rochester,Minnesota,USCA - Centre,OFF-LA-10000134,Fournitures de bureau,Étiquettes,Avery 511,6.16,2,0,2.96
96,US-2018-109484,11/6/2018,11/12/2018,Tarif normal,RB-19705,Roger Barcio,Bureau à domicile,États-Unis,Portland,Oregon,USCA - Ouest,OFF-BI-10004738,Fournitures de bureau,Classeurs,Flexible Leather- Look Classic Collection Ring Binder,5.68,1,0.7,-3.79
97,US-2018-161018,11/9/2018,11/11/2018,J+2,PN-18775,Parhena Norris,Bureau à domicile,États-Unis,New York City,New York,USCA - Est,FUR-FU-10000629,Mobilier,Meubles,9-3/4 Diameter Round Wall Clock,96.53,7,0,40.54
98,US-2018-157833,6/17/2018,6/20/2018,Prioritaire,KD-16345,Katherine Ducich,Grand public,États-Unis,San Francisco,Californie,USCA - Ouest,OFF-BI-10001721,Fournitures de bureau,Classeurs,Trimflex Flexible Post Binders,51.31,3,0.2,17.96
107,US-2018-119004,11/23/2018,11/28/2018,Tarif normal,JM-15250,Janet Martin,Grand public,États-Unis,Charlotte,Caroline du Nord,USCA - Sud,TEC-AC-10003499,Produits technologiques,Accessoires,Memorex Mini Travel Drive 8 GB USB 2.0 Flash Drive,74.11,8,0.2,17.6
108,US-2018-119004,11/23/2018,11/28/2018,Tarif normal,JM-15250,Janet Martin,Grand public,États-Unis,Charlotte,Caroline du Nord,USCA - Sud,TEC-PH-10002844,Produits technologiques,Téléphones,Speck Products Candyshell Flip Case,27.99,1,0.2,2.1
109,US-2018-119004,11/23/2018,11/28/2018,Tarif normal,JM-15250,Janet Martin,Grand public,États-Unis,Charlotte,Caroline du Nord,USCA - Sud,OFF-AR-10000390,Fournitures de bureau,Art,Newell Chalk Holder,3.3,1,0.2,1.07
111,US-2018-146780,12/25/2018,12/29/2018,Tarif normal,CV-12805,Cynthia Voltz,Entreprise,États-Unis,New York City,New York,USCA - Est,FUR-FU-10001934,Mobilier,Meubles,Magnifier Swing Arm Lamp,41.96,2,0,10.91
127,US-2018-107272,11/5/2018,11/12/2018,Tarif normal,TS-21610,Troy Staebel,Grand public,États-Unis,Phoenix,Arizona,USCA - Ouest,OFF-BI-10003274,Fournitures de bureau,Classeurs,"Avery Durable Slant Ring Binders, No Labels",2.39,2,0.7,-1.83
128,US-2018-107272,11/5/2018,11/12/2018,Tarif normal,TS-21610,Troy Staebel,Grand public,États-Unis,Phoenix,Arizona,USCA - Ouest,OFF-ST-10002974,Fournitures de bureau,Stockage,"Trav-L-File Heavy-Duty Shuttle II, Black",243.99,7,0.2,30.5
131,US-2018-164147,2/2/2018,2/5/2018,Prioritaire,DW-13585,Dorothy Wardle,Entreprise,États-Unis,Columbus,Ohio,USCA - Est,TEC-PH-10002293,Produits technologiques,Téléphones,Anker 36W 4-Port USB Wall Charger Travel Power Adapter for iPhone 5s 5c 5,59.97,5,0.4,-11.99
132,US-2018-164147,2/2/2018,2/5/2018,Prioritaire,DW-13585,Dorothy Wardle,Entreprise,États-Unis,Columbus,Ohio,USCA - Est,OFF-PA-10002377,Fournitures de bureau,Papier,Xerox 1916,78.3,2,0.2,29.36
133,US-2018-164147,2/2/2018,2/5/2018,Prioritaire,DW-13585,Dorothy Wardle,Entreprise,États-Unis,Columbus,Ohio,USCA - Est,OFF-FA-10002780,Fournitures de bureau,Éléments de fixation,Staples,21.46,9,0.2,6.97
142,US-2018-106180,9/18/2018,9/23/2018,Tarif normal,SH-19975,Sally Hughsby,Entreprise,États-Unis,San Francisco,Californie,USCA - Ouest,OFF-AR-10000940,Fournitures de bureau,Art,Newell 343,8.82,3,0,2.38
143,US-2018-106180,9/18/2018,9/23/2018,Tarif normal,SH-19975,Sally Hughsby,Entreprise,États-Unis,San Francisco,Californie,USCA - Ouest,OFF-EN-10004030,Fournitures de bureau,Enveloppes,Convenience Packs of Business Envelopes,10.86,3,0,5.1
144,US-2018-106180,9/18/2018,9/23/2018,Tarif normal,SH-19975,Sally Hughsby,Entreprise,États-Unis,San Francisco,Californie,USCA - Ouest,OFF-PA-10004327,Fournitures de bureau,Papier,Xerox 1911,143.7,3,0,68.98
145,US-2018-155376,12/22/2018,12/27/2018,Tarif normal,SG-20080,Sandra Glassco,Grand public,États-Unis,Independence,Missouri,USCA - Centre,OFF-AP-10001058,Fournitures de bureau,Électroménager,Sanyo 2.5 Cubic Foot Mid-Size Office Refrigerators,839.43,3,0,218.25
177,US-2018-152366,4/21/2018,4/25/2018,J+2,SJ-20500,Shirley Jackson,Grand public,États-Unis,Houston,Texas,USCA - Centre,OFF-AP-10002684,Fournitures de bureau,Électroménager,"Acco 7-Outlet Masterpiece Power Center, Wihtout Fax/Phone Line Protection",97.26,4,0.8,-243.16
198,US-2018-107720,11/6/2018,11/13/2018,Tarif normal,VM-21685,Valerie Mitchum,Bureau à domicile,États-Unis,Westfield,New Jersey,USCA - Est,OFF-ST-10001414,Fournitures de bureau,Stockage,Decoflex Hanging Personal Folder File,46.26,3,0,12.03
199,US-2018-124303,7/6/2018,7/13/2018,Tarif normal,FH-14365,Fred Hopkins,Entreprise,États-Unis,Philadelphia,Pennsylvanie,USCA - Est,OFF-BI-10000343,Fournitures de bureau,Classeurs,"Pressboard Covers with Storage Hooks, 9 1/2"" x 11"", Light Blue",2.95,2,0.7,-2.26
200,US-2018-124303,7/6/2018,7/13/2018,Tarif normal,FH-14365,Fred Hopkins,Entreprise,États-Unis,Philadelphia,Pennsylvanie,USCA - Est,OFF-PA-10002749,Fournitures de bureau,Papier,"Wirebound Message Books, 5-1/2 x 4 Forms, 2 or 4 Forms per Page",16.06,3,0.2,5.82
201,US-2018-105074,6/24/2018,6/29/2018,Tarif normal,MB-17305,Maria Bertelson,Grand public,États-Unis,Akron,Ohio,USCA - Est,OFF-PA-10002666,Fournitures de bureau,Papier,Southworth 25% Cotton Linen-Finish Paper & Envelopes,21.74,3,0.2,6.8
204,US-2018-116701,12/17/2018,12/21/2018,J+2,LC-17140,Logan Currie,Grand public,États-Unis,Dallas,Texas,USCA - Centre,OFF-AP-10003217,Fournitures de bureau,Électroménager,Eureka Sanitaire  Commercial Upright,66.28,2,0.8,-178.97
205,US-2018-126382,6/3/2018,6/7/2018,Tarif normal,HK-14890,Heather Kirkland,Entreprise,États-Unis,Franklin,Tennessee,USCA - Sud,FUR-FU-10002960,Mobilier,Meubles,"Eldon 200 Class Desk Accessories, Burgundy",35.17,7,0.2,9.67
206,,12/9/2018,12/14/2018,Tarif normal,LE-16810,Laurel Elliston,Grand public,États-Unis,Whittier,Californie,USCA - Ouest,TEC-PH-10001918,Produits technologiques,Téléphones,Nortel Business Series Terminal T7208 Digital phone,444.77,4,0.2,44.48
207,US-2018-135860,12/1/2018,12/7/2018,Tarif normal,JH-15985,Joseph Holt,Grand public,États-Unis,Saginaw,Michigan,USCA - Centre,OFF-ST-10000642,Fournitures de bureau,Stockage,"Tennsco Lockers, Gray",83.92,4,0,5.87
208,US-2018-135860,12/1/2018,12/7/2018,Tarif normal,JH-15985,Joseph Holt,Grand public,États-Unis,Saginaw,Michigan,USCA - Centre,TEC-PH-10001700,Produits technologiques,Téléphones,Panasonic KX-TG6844B Expandable Digital Cordless Telephone,131.98,2,0,35.63
209,US-2018-135860,12/1/2018,12/7/2018,Tarif normal,JH-15985,Joseph Holt,Grand public,États-Unis,Saginaw,Michigan,USCA - Centre,OFF-BI-10003274,Fournitures de bureau,Classeurs,"Avery Durable Slant Ring Binders, No Labels",15.92,4,0,7.48
210,US-2018-135860,12/1/2018,12/7/2018,Tarif normal,JH-15985,Joseph Holt,Grand public,États-Unis,Saginaw,Michigan,USCA - Centre,OFF-FA-10000134,Fournitures de bureau,Éléments de fixation,"Advantus Push Pins, Aluminum Head",52.29,9,0,16.21
211,US-2018-135860,12/1/2018,12/7/2018,Tarif normal,JH-15985,Joseph Holt,Grand public,États-Unis,Saginaw,Michigan,USCA - Centre,OFF-ST-10001522,Fournitures de bureau,Stockage,"Gould Plastics 18-Pocket Panel Bin, 34w x 5-1/4d x 20-1/2h",91.99,1,0,3.68
232,US-2018-100930,4/7/2018,4/12/2018,Tarif normal,CS-12400,Christopher Schild,Bureau à domicile,États-Unis,Tampa,Floride,USCA - Sud,FUR-TA-10001705,Mobilier,Tables,Bush Advantage Collection Round Conference Table,233.86,2,0.5,-102.05
233,US-2018-100930,4/7/2018,4/12/2018,Tarif normal,CS-12400,Christopher Schild,Bureau à domicile,États-Unis,Tampa,Floride,USCA - Sud,FUR-TA-10003473,Mobilier,Tables,Bretford Rectangular Conference Table Tops,620.61,3,0.5,-248.25
234,US-2018-100930,4/7/2018,4/12/2018,Tarif normal,CS-12400,Christopher Schild,Bureau à domicile,États-Unis,Tampa,Floride,USCA - Sud,OFF-BI-10001679,Fournitures de bureau,Classeurs,GBC Instant Index System for Binding Systems,5.33,2,0.7,-3.55
235,US-2018-100930,4/7/2018,4/12/2018,Tarif normal,CS-12400,Christopher Schild,Bureau à domicile,États-Unis,Tampa,Floride,USCA - Sud,FUR-FU-10004017,Mobilier,Meubles,"Tenex Contemporary Contur Chairmats for Low and Medium Pile Carpet, Computer, 39"" x 49""",258.07,3,0.2,0
236,US-2018-100930,4/7/2018,4/12/2018,Tarif normal,CS-12400,Christopher Schild,Bureau à domicile,États-Unis,Tampa,Floride,USCA - Sud,TEC-AC-10003832,Produits technologiques,Accessoires,Logitech P710e Mobile Speakerphone,617.98,3,0.2,-7.72
237,US-2018-160514,11/12/2018,11/16/2018,Tarif normal,DB-13120,David Bremer,Entreprise,États-Unis,Santa Clara,Californie,USCA - Ouest,OFF-PA-10002479,Fournitures de bureau,Papier,Xerox 4200 Series MultiUse Premium Copy Paper (20Lb. and 84 Bright),10.56,2,0,4.75
259,US-2018-163139,12/1/2018,12/3/2018,J+2,CC-12670,Craig Carreira,Grand public,États-Unis,New York City,New York,USCA - Est,TEC-AC-10000290,Produits technologiques,Accessoires,Sabrent 4-Port USB 2.0 Hub,20.37,3,0,6.93
260,US-2018-163139,12/1/2018,12/3/2018,J+2,CC-12670,Craig Carreira,Grand public,États-Unis,New York City,New York,USCA - Est,OFF-ST-10002790,Fournitures de bureau,Stockage,Safco Industrial Shelving,221.55,3,0,6.65
261,US-2018-163139,12/1/2018,12/3/2018,J+2,CC-12670,Craig Carreira,Grand public,États-Unis,New York City,New York,USCA - Est,OFF-BI-10003460,Fournitures de bureau,Classeurs,Acco 3-Hole Punch,17.52,5,0.2,6.13
262,US-2018-155299,6/8/2018,6/12/2018,Tarif normal,Dl-13600,Dorris liebe,Entreprise,États-Unis,Pasadena,Texas,USCA - Centre,OFF-AP-10002203,Fournitures de bureau,Électroménager,Eureka Disposable Bags for Sanitaire Vibra Groomer I Upright Vac,1.62,2,0.8,-4.47
267,US-2018-136826,6/16/2018,6/20/2018,Tarif normal,CB-12535,Claudia Bergmann,Entreprise,États-Unis,Chapel Hill,Caroline du Nord,USCA - Sud,OFF-AR-10003602,Fournitures de bureau,Art,"Quartet Omega Colored Chalk, 12/Pack",14.02,3,0.2,4.73
269,US-2018-145366,12/9/2018,12/13/2018,Tarif normal,CA-12310,Christine Abelman,Entreprise,États-Unis,Cincinnati,Ohio,USCA - Est,OFF-ST-10004180,Fournitures de bureau,Stockage,Safco Commercial Shelving,37.21,1,0.2,-7.44
270,US-2018-145366,12/9/2018,12/13/2018,Tarif normal,CA-12310,Christine Abelman,Entreprise,États-Unis,Cincinnati,Ohio,USCA - Est,OFF-EN-10004386,Fournitures de bureau,Enveloppes,"Recycled Interoffice Envelopes with String and Button Closure, 10 x 13",57.58,3,0.2,21.59
271,US-2018-163979,12/28/2018,1/2/2019,J+2,KH-16690,Kristen Hastings,Entreprise,États-Unis,San Francisco,Californie,USCA - Ouest,OFF-ST-10003208,Fournitures de bureau,Stockage,Adjustable Depth Letter/Legal Cart,725.84,4,0,210.49
275,US-2018-118136,9/16/2018,9/17/2018,Prioritaire,BB-10990,Barry Blumstein,Entreprise,États-Unis,Inglewood,Californie,USCA - Ouest,OFF-PA-10002615,Fournitures de bureau,Papier,"Ampad Gold Fibre Wirebound Steno Books, 6"" x 9"", Gregg Ruled",8.82,2,0,4.06
276,US-2018-118136,9/16/2018,9/17/2018,Prioritaire,BB-10990,Barry Blumstein,Entreprise,États-Unis,Inglewood,Californie,USCA - Ouest,OFF-AR-10001427,Fournitures de bureau,Art,Newell 330,5.98,1,0,1.55
277,US-2018-132976,10/13/2018,10/17/2018,Tarif normal,AG-10495,Andrew Gjertsen,Entreprise,États-Unis,Philadelphia,Pennsylvanie,USCA - Est,OFF-PA-10000673,Fournitures de bureau,Papier,"Post-it “Important Message” Note Pad, Neon Colors, 50 Sheets/Pad",11.65,2,0.2,4.08
278,US-2018-132976,10/13/2018,10/17/2018,Tarif normal,AG-10495,Andrew Gjertsen,Entreprise,États-Unis,Philadelphia,Pennsylvanie,USCA - Est,OFF-PA-10004470,Fournitures de bureau,Papier,"Adams Write n' Stick Phone Message Book, 11"" X 5 1/4"", 200 Messages",18.18,4,0.2,5.91
279,US-2018-132976,10/13/2018,10/17/2018,Tarif normal,AG-10495,Andrew Gjertsen,Entreprise,États-Unis,Philadelphia,Pennsylvanie,USCA - Est,OFF-ST-10000876,Fournitures de bureau,Stockage,Eldon Simplefile Box Office,59.71,6,0.2,5.97
280,US-2018-132976,10/13/2018,10/17/2018,Tarif normal,AG-10495,Andrew Gjertsen,Entreprise,États-Unis,Philadelphia,Pennsylvanie,USCA - Est,OFF-LA-10002043,Fournitures de bureau,Étiquettes,Avery 489,24.84,3,0.2,8.69
304,US-2018-152380,11/19/2018,11/23/2018,Tarif normal,JH-15910,Jonathan Howell,Grand public,États-Unis,Chicago,Illinois,USCA - Centre,FUR-TA-10002533,Mobilier,Tables,BPI Conference Tables,219.08,3,0.5,-131.45
309,US-2018-126774,4/15/2018,4/17/2018,Prioritaire,SH-20395,Shahid Hopkins,Grand public,États-Unis,Arlington,Virginie,USCA - Sud,OFF-AR-10002804,Fournitures de bureau,Art,Faber Castell Col-Erase Pencils,4.89,1,0,2
326,US-2018-153339,11/3/2018,11/5/2018,J+2,DJ-13510,Don Jones,Entreprise,États-Unis,Murfreesboro,Tennessee,USCA - Sud,FUR-FU-10001967,Mobilier,Meubles,Telescoping Adjustable Floor Lamp,15.99,1,0.2,1
346,US-2018-169901,6/15/2018,6/19/2018,Tarif normal,CC-12550,Clay Cheatham,Grand public,États-Unis,San Francisco,Californie,USCA - Ouest,TEC-PH-10002293,Produits technologiques,Téléphones,Anker 36W 4-Port USB Wall Charger Travel Power Adapter for iPhone 5s 5c 5,47.98,3,0.2,4.8
347,US-2018-134306,7/8/2018,7/12/2018,Tarif normal,TD-20995,Tamara Dahlen,Grand public,États-Unis,Lowell,Massachusetts,USCA - Est,OFF-AR-10004027,Fournitures de bureau,Art,"Binney & Smith inkTank Erasable Desk Highlighter, Chisel Tip, Yellow, 12/Box",7.56,3,0,3.1
348,US-2018-134306,7/8/2018,7/12/2018,Tarif normal,TD-20995,Tamara Dahlen,Grand public,États-Unis,Lowell,Massachusetts,USCA - Est,OFF-PA-10000249,Fournitures de bureau,Papier,Easy-staple paper,24.56,2,0,11.54
349,US-2018-134306,7/8/2018,7/12/2018,Tarif normal,TD-20995,Tamara Dahlen,Grand public,États-Unis,Lowell,Massachusetts,USCA - Est,OFF-AR-10001374,Fournitures de bureau,Art,"BIC Brite Liner Highlighters, Chisel Tip",12.96,2,0,4.15
360,US-2018-155698,3/8/2018,3/11/2018,Prioritaire,VB-21745,Victoria Brennan,Entreprise,États-Unis,Columbus,Géorgie,USCA - Sud,OFF-AP-10001124,Fournitures de bureau,Électroménager,Belkin 8 Outlet SurgeMaster II Gold Surge Protector with Phone Protection,647.84,8,0,168.44
361,US-2018-155698,3/8/2018,3/11/2018,Prioritaire,VB-21745,Victoria Brennan,Entreprise,États-Unis,Columbus,Géorgie,USCA - Sud,OFF-LA-10001158,Fournitures de bureau,Étiquettes,"Avery Address/Shipping Labels for Typewriters, 4"" x 2""",20.7,2,0,9.94
362,US-2018-144904,9/25/2018,10/1/2018,Tarif normal,KW-16435,Katrina Willman,Grand public,États-Unis,New York City,New York,USCA - Est,OFF-LA-10001158,Fournitures de bureau,Étiquettes,"Avery Address/Shipping Labels for Typewriters, 4"" x 2""",20.7,2,0,9.94
363,US-2018-144904,9/25/2018,10/1/2018,Tarif normal,KW-16435,Katrina Willman,Grand public,États-Unis,New York City,New York,USCA - Est,FUR-CH-10000785,Mobilier,Chaises,Global Ergonomic Managers Chair,488.65,3,0.1,86.87
364,US-2018-144904,9/25/2018,10/1/2018,Tarif normal,KW-16435,Katrina Willman,Grand public,États-Unis,New York City,New York,USCA - Est,OFF-AR-10003732,Fournitures de bureau,Art,Newell 333,5.56,2,0,1.45
365,US-2018-144904,9/25/2018,10/1/2018,Tarif normal,KW-16435,Katrina Willman,Grand public,États-Unis,New York City,New York,USCA - Est,FUR-FU-10000023,Mobilier,Meubles,Eldon Wave Desk Accessories,47.12,8,0,20.73
371,US-2018-104745,5/29/2018,6/4/2018,Tarif normal,GT-14755,Guy Thornton,Grand public,États-Unis,Harlingen,Texas,USCA - Centre,OFF-PA-10002036,Fournitures de bureau,Papier,Xerox 1930,25.92,5,0.2,9.4
372,US-2018-104745,5/29/2018,6/4/2018,Tarif normal,GT-14755,Guy Thornton,Grand public,États-Unis,Harlingen,Texas,USCA - Centre,OFF-ST-10002205,Fournitures de bureau,Stockage,File Shuttle I and Handi-File,53.42,3,0.2,4.67
378,US-2018-134481,8/27/2018,9/1/2018,Tarif normal,AR-10405,Allen Rosenblatt,Entreprise,États-Unis,Franklin,Massachusetts,USCA - Est,FUR-TA-10004915,Mobilier,Tables,"Office Impressions End Table, 20-1/2""H x 24""W x 20""D",1488.42,7,0.3,-297.68
390,US-2018-101798,12/11/2018,12/15/2018,Tarif normal,MV-18190,Mike Vittorini,Grand public,États-Unis,New York City,New York,USCA - Est,OFF-BI-10000050,Fournitures de bureau,Classeurs,"Angle-D Binders with Locking Rings, Label Holders",23.36,4,0.2,7.88
391,US-2018-101798,12/11/2018,12/15/2018,Tarif normal,MV-18190,Mike Vittorini,Grand public,États-Unis,New York City,New York,USCA - Est,TEC-AC-10001998,Produits technologiques,Accessoires,Logitech LS21 Speaker System - PC Multimedia - 2.1-CH - Wired,39.98,2,0,13.59
395,US-2018-102946,3/22/2018,3/26/2018,Tarif normal,VP-21730,Victor Preis,Bureau à domicile,États-Unis,Las Vegas,Nevada,USCA - Ouest,OFF-BI-10004492,Fournitures de bureau,Classeurs,Tuf-Vin Binders,75.79,3,0.2,25.58
396,US-2018-165603,10/17/2018,10/19/2018,J+2,SS-20140,Saphhira Shifley,Entreprise,États-Unis,Warwick,Rhode Island,USCA - Est,OFF-ST-10000798,Fournitures de bureau,Stockage,2300 Heavy-Duty Transfer File Systems by Perma,49.96,2,0,9.49
397,US-2018-165603,10/17/2018,10/19/2018,J+2,SS-20140,Saphhira Shifley,Entreprise,États-Unis,Warwick,Rhode Island,USCA - Est,OFF-PA-10002552,Fournitures de bureau,Papier,Xerox 1958,12.96,2,0,6.22
405,US-2018-117933,12/24/2018,12/29/2018,Tarif normal,RF-19840,Roy Französisch,Grand public,États-Unis,New York City,New York,USCA - Est,OFF-AP-10004249,Fournitures de bureau,Électroménager,Staple holder,35.91,3,0,9.7
406,US-2018-117457,12/8/2018,12/12/2018,Tarif normal,KH-16510,Keith Herrera,Grand public,États-Unis,San Francisco,Californie,USCA - Ouest,TEC-AC-10000158,Produits technologiques,Accessoires,Sony 64GB Class 10 Micro SDHC R40 Memory Card,179.95,5,0,37.79
407,US-2018-117457,12/8/2018,12/12/2018,Tarif normal,KH-16510,Keith Herrera,Grand public,États-Unis,San Francisco,Californie,USCA - Ouest,TEC-CO-10004115,Produits technologiques,Photocopieurs,Sharp AL-1530CS Digital Copier,1199.98,3,0.2,434.99
408,US-2018-117457,12/8/2018,12/12/2018,Tarif normal,KH-16510,Keith Herrera,Grand public,États-Unis,San Francisco,Californie,USCA - Ouest,OFF-PA-10003724,Fournitures de bureau,Papier,"Wirebound Message Book, 4 per Page",27.15,5,0,13.3
409,US-2018-117457,12/8/2018,12/12/2018,Tarif normal,KH-16510,Keith Herrera,Grand public,États-Unis,San Francisco,Californie,USCA - Ouest,FUR-TA-10002041,Mobilier,Tables,"Bevis Round Conference Table Top, X-Base",1004.02,7,0.2,-112.95
410,US-2018-117457,12/8/2018,12/12/2018,Tarif normal,KH-16510,Keith Herrera,Grand public,États-Unis,San Francisco,Californie,USCA - Ouest,OFF-PA-10002893,Fournitures de bureau,Papier,"Wirebound Service Call Books, 5 1/2"" x 4""",9.68,1,0,4.65
411,US-2018-117457,12/8/2018,12/12/2018,Tarif normal,KH-16510,Keith Herrera,Grand public,États-Unis,San Francisco,Californie,USCA - Ouest,OFF-LA-10003766,Fournitures de bureau,Étiquettes,Self-Adhesive Removable Labels,28.35,9,0,13.61
412,US-2018-117457,12/8/2018,12/12/2018,Tarif normal,KH-16510,Keith Herrera,Grand public,États-Unis,San Francisco,Californie,USCA - Ouest,OFF-PA-10001970,Fournitures de bureau,Papier,Xerox 1908,55.98,1,0,27.43
413,US-2018-117457,12/8/2018,12/12/2018,Tarif normal,KH-16510,Keith Herrera,Grand public,États-Unis,San Francisco,Californie,USCA - Ouest,FUR-BO-10001972,Mobilier,Bibliothèques,O'Sullivan 4-Shelf Bookcase in Odessa Pine,1336.83,13,0.2,31.45
414,US-2018-117457,12/8/2018,12/12/2018,Tarif normal,KH-16510,Keith Herrera,Grand public,États-Unis,San Francisco,Californie,USCA - Ouest,FUR-CH-10003956,Mobilier,Chaises,Novimex High-Tech Fabric Mesh Task Chair,113.57,2,0.2,-18.45
415,US-2018-142636,11/3/2018,11/7/2018,Tarif normal,KC-16675,Kimberly Carter,Entreprise,États-Unis,Seattle,Washington,USCA - Ouest,OFF-PA-10000157,Fournitures de bureau,Papier,Xerox 191,139.86,7,0,65.73
416,US-2018-142636,11/3/2018,11/7/2018,Tarif normal,KC-16675,Kimberly Carter,Entreprise,États-Unis,Seattle,Washington,USCA - Ouest,FUR-CH-10001891,Mobilier,Chaises,Global Deluxe Office Fabric Chairs,307.14,4,0.2,26.87
417,US-2018-122105,6/24/2018,6/28/2018,Tarif normal,CJ-12010,Caroline Jumper,Grand public,États-Unis,Huntington Beach,Californie,USCA - Ouest,OFF-AR-10004344,Fournitures de bureau,Art,Bulldog Vacuum Base Pencil Sharpener,95.92,8,0,25.9
419,US-2018-154816,11/6/2018,11/10/2018,Tarif normal,VB-21745,Victoria Brennan,Entreprise,États-Unis,Richmond,Kentucky,USCA - Sud,OFF-PA-10003845,Fournitures de bureau,Papier,Xerox 1987,5.78,1,0,2.83
420,US-2018-110478,3/4/2018,3/9/2018,Tarif normal,SP-20860,Sung Pak,Entreprise,États-Unis,Los Angeles,Californie,USCA - Ouest,OFF-AR-10001573,Fournitures de bureau,Art,American Pencil,9.32,4,0,2.7
421,US-2018-110478,3/4/2018,3/9/2018,Tarif normal,SP-20860,Sung Pak,Entreprise,États-Unis,Los Angeles,Californie,USCA - Ouest,OFF-EN-10000483,Fournitures de bureau,Enveloppes,"White Envelopes, White Envelopes with Clear Poly Window",15.25,1,0,7.02
423,CA-2018-125388,10/19/2018,10/23/2018,Tarif normal,MP-17965,Michael Paige,Entreprise,Canada,Montréal,Québec,USCA - Est,FUR-FU-10004712,Mobilier,Meubles,"Westinghouse Mesh Shade Clip-On Gooseneck Lamp, Black",56.56,4,0,14.71
424,CA-2018-125388,10/19/2018,10/23/2018,Tarif normal,MP-17965,Michael Paige,Entreprise,Canada,Montréal,Québec,USCA - Est,OFF-ST-10000918,Fournitures de bureau,Stockage,Crate-A-Files,32.7,3,0,8.5
425,US-2018-155705,8/21/2018,8/23/2018,J+2,NF-18385,Natalie Fritzler,Grand public,États-Unis,Jackson,Mississippi,USCA - Sud,FUR-CH-10000015,Mobilier,Chaises,Hon Multipurpose Stacking Arm Chairs,866.4,4,0,225.26
426,US-2018-149160,11/23/2018,11/26/2018,J+2,JM-15265,Janet Molinari,Entreprise,États-Unis,Canton,Michigan,USCA - Centre,FUR-FU-10003347,Mobilier,Meubles,Coloredge Poster Frame,28.4,2,0,11.08
427,,11/23/2018,11/26/2018,J+2,JM-15265,Janet Molinari,Entreprise,États-Unis,Canton,Michigan,USCA - Centre,OFF-BI-10001543,Fournitures de bureau,Classeurs,GBC VeloBinder Manual Binding System,287.92,8,0,138.2
429,US-2018-152275,10/1/2018,10/8/2018,Tarif normal,KH-16630,Ken Heidel,Entreprise,États-Unis,San Antonio,Texas,USCA - Centre,OFF-AR-10000369,Fournitures de bureau,Art,Design Ebony Sketching Pencil,6.67,6,0.2,0.5
439,US-2018-130043,9/15/2018,9/19/2018,Tarif normal,BB-11545,Brenda Bowman,Entreprise,États-Unis,Houston,Texas,USCA - Centre,OFF-PA-10002230,Fournitures de bureau,Papier,Xerox 1897,31.87,8,0.2,11.55
440,US-2018-157252,1/20/2018,1/23/2018,J+2,CV-12805,Cynthia Voltz,Entreprise,États-Unis,New York City,New York,USCA - Est,FUR-CH-10003396,Mobilier,Chaises,Global Deluxe Steno Chair,207.85,3,0.1,2.31
447,US-2018-154214,3/20/2018,3/25/2018,J+2,TB-21595,Troy Blackwell,Grand public,États-Unis,Columbus,Indiana,USCA - Centre,FUR-FU-10000206,Mobilier,Meubles,"GE General Purpose, Extra Long Life, Showcase & Floodlight Incandescent Bulbs",2.91,1,0,1.37
454,US-2018-147277,10/20/2018,10/24/2018,Tarif normal,EB-13705,Ed Braxton,Entreprise,États-Unis,Akron,Ohio,USCA - Est,FUR-TA-10001539,Mobilier,Tables,Chromcraft Rectangular Conference Tables,284.36,2,0.4,-75.83
455,US-2018-147277,10/20/2018,10/24/2018,Tarif normal,EB-13705,Ed Braxton,Entreprise,États-Unis,Akron,Ohio,USCA - Est,OFF-ST-10000142,Fournitures de bureau,Stockage,Deluxe Rollaway Locking File with Drawer,665.41,2,0.2,66.54
469,US-2018-154907,12/21/2018,12/25/2018,Tarif normal,DS-13180,David Smith,Entreprise,États-Unis,Amarillo,Texas,USCA - Centre,FUR-BO-10002824,Mobilier,Bibliothèques,Bush Mission Pointe Library,205.33,2,0.3,-36.24
485,US-2018-140963,6/10/2018,6/13/2018,Prioritaire,MT-18070,Michelle Tran,Bureau à domicile,États-Unis,Los Angeles,Californie,USCA - Ouest,OFF-LA-10003923,Fournitures de bureau,Étiquettes,Alphabetical Labels for Top Tab Filing,29.6,2,0,14.8
486,US-2018-140963,6/10/2018,6/13/2018,Prioritaire,MT-18070,Michelle Tran,Bureau à domicile,États-Unis,Los Angeles,Californie,USCA - Ouest,FUR-BO-10001337,Mobilier,Bibliothèques,O'Sullivan Living Dimensions 2-Shelf Bookcases,514.17,5,0.2,-30.25
487,US-2018-140963,6/10/2018,6/13/2018,Prioritaire,MT-18070,Michelle Tran,Bureau à domicile,États-Unis,Los Angeles,Californie,USCA - Ouest,TEC-PH-10001924,Produits technologiques,Téléphones,iHome FM Clock Radio with Lightning Dock,279.96,5,0.2,17.5
506,US-2018-134978,11/12/2018,11/15/2018,J+2,EB-13705,Ed Braxton,Entreprise,États-Unis,New York City,New York,USCA - Est,OFF-BI-10003274,Fournitures de bureau,Classeurs,"Avery Durable Slant Ring Binders, No Labels",15.92,5,0.2,5.37
511,US-2018-135307,11/26/2018,11/27/2018,Prioritaire,LS-17245,Lynn Smith,Grand public,États-Unis,Gladstone,Missouri,USCA - Centre,FUR-FU-10001290,Mobilier,Meubles,Executive Impressions Supervisor Wall Clock,126.3,3,0,40.42
512,US-2018-135307,11/26/2018,11/27/2018,Prioritaire,LS-17245,Lynn Smith,Grand public,États-Unis,Gladstone,Missouri,USCA - Centre,TEC-AC-10002399,Produits technologiques,Accessoires,SanDisk Cruzer 32 GB USB Flash Drive,38.04,2,0,12.17
514,US-2018-163405,12/21/2018,12/25/2018,Tarif normal,BN-11515,Bradley Nguyen,Grand public,États-Unis,Los Angeles,Californie,USCA - Ouest,OFF-AR-10003811,Fournitures de bureau,Art,Newell 327,6.63,3,0,1.79
515,US-2018-163405,12/21/2018,12/25/2018,Tarif normal,BN-11515,Bradley Nguyen,Grand public,États-Unis,Los Angeles,Californie,USCA - Ouest,OFF-AR-10001246,Fournitures de bureau,Art,Newell 317,5.88,2,0,1.71
516,US-2018-127432,1/22/2018,1/27/2018,Tarif normal,AD-10180,Alan Dominguez,Bureau à domicile,États-Unis,Great Falls,Montana,USCA - Ouest,TEC-CO-10003236,Produits technologiques,Photocopieurs,Canon Image Class D660 Copier,2999.95,5,0,1379.98
517,US-2018-127432,1/22/2018,1/27/2018,Tarif normal,AD-10180,Alan Dominguez,Bureau à domicile,États-Unis,Great Falls,Montana,USCA - Ouest,OFF-ST-10004507,Fournitures de bureau,Stockage,Advantus Rolling Storage Box,51.45,3,0,13.89
518,US-2018-127432,1/22/2018,1/27/2018,Tarif normal,AD-10180,Alan Dominguez,Bureau à domicile,États-Unis,Great Falls,Montana,USCA - Ouest,OFF-PA-10001667,Fournitures de bureau,Papier,Great White Multi-Use Recycled Paper (20Lb. and 84 Bright),11.96,2,0,5.38
519,US-2018-127432,1/22/2018,1/27/2018,Tarif normal,AD-10180,Alan Dominguez,Bureau à domicile,États-Unis,Great Falls,Montana,USCA - Ouest,OFF-ST-10004459,Fournitures de bureau,Stockage,Tennsco Single-Tier Lockers,1126.02,3,0,56.3
523,US-2018-145142,1/23/2018,1/25/2018,Prioritaire,MC-17605,Matt Connell,Entreprise,États-Unis,Detroit,Michigan,USCA - Centre,FUR-TA-10001857,Mobilier,Tables,Balt Solid Wood Rectangular Table,210.98,2,0,21.1
527,US-2018-113558,10/21/2018,10/26/2018,Tarif normal,PH-18790,Patricia Hirasaki,Bureau à domicile,États-Unis,Lakeland,Floride,USCA - Sud,FUR-CH-10003379,Mobilier,Chaises,Global Commerce Series High-Back Swivel/Tilt Chairs,683.95,3,0.2,42.75
528,US-2018-113558,10/21/2018,10/26/2018,Tarif normal,PH-18790,Patricia Hirasaki,Bureau à domicile,États-Unis,Lakeland,Floride,USCA - Sud,FUR-FU-10001756,Mobilier,Meubles,"Eldon Expressions Desk Accessory, Wood Photo Frame, Mahogany",45.7,3,0.2,5.14
533,US-2018-129441,9/7/2018,9/11/2018,Tarif normal,JC-15340,Jasper Cacioppo,Grand public,États-Unis,Los Angeles,Californie,USCA - Ouest,FUR-FU-10000448,Mobilier,Meubles,Tenex Chairmats For Use With Carpeted Floors,47.94,3,0,2.4
537,US-2018-122637,9/3/2018,9/8/2018,J+2,EP-13915,Emily Phan,Grand public,États-Unis,Chicago,Illinois,USCA - Centre,OFF-BI-10002429,Fournitures de bureau,Classeurs,"Premier Elliptical Ring Binder, Black",42.62,7,0.8,-68.19
547,US-2018-162929,11/19/2018,11/22/2018,Prioritaire,AS-10135,Adrian Shami,Bureau à domicile,États-Unis,New York City,New York,USCA - Est,OFF-BI-10000404,Fournitures de bureau,Classeurs,Avery Printable Repositionable Plastic Tabs,41.28,6,0.2,13.93
548,US-2018-162929,11/19/2018,11/22/2018,Prioritaire,AS-10135,Adrian Shami,Bureau à domicile,États-Unis,New York City,New York,USCA - Est,OFF-PA-10002986,Fournitures de bureau,Papier,Xerox 1898,13.36,2,0,6.41
553,US-2018-112774,9/11/2018,9/12/2018,Prioritaire,RC-19960,Ryan Crowe,Grand public,États-Unis,Jacksonville,Floride,USCA - Sud,FUR-FU-10003039,Mobilier,Meubles,"Howard Miller 11-1/2"" Diameter Grantwood Wall Clock",34.5,1,0.2,6.04
554,US-2018-101945,11/24/2018,11/28/2018,Tarif normal,GT-14710,Greg Tran,Grand public,États-Unis,Houston,Texas,USCA - Centre,OFF-FA-10004248,Fournitures de bureau,Éléments de fixation,Advantus T-Pin Paper Clips,10.82,3,0.2,2.57
555,US-2018-100650,6/29/2018,7/3/2018,J+2,DK-13225,Dean Katz,Entreprise,États-Unis,Anaheim,Californie,USCA - Ouest,OFF-ST-10001780,Fournitures de bureau,Stockage,Tennsco 16-Compartment Lockers with Coat Rack,1295.78,2,0,310.99
560,US-2018-118731,11/20/2018,11/22/2018,J+2,LP-17080,Liz Pelletier,Grand public,États-Unis,San Francisco,Californie,USCA - Ouest,FUR-FU-10003347,Mobilier,Meubles,Coloredge Poster Frame,42.6,3,0,16.61
561,US-2018-118731,11/20/2018,11/22/2018,J+2,LP-17080,Liz Pelletier,Grand public,États-Unis,San Francisco,Californie,USCA - Ouest,OFF-BI-10000069,Fournitures de bureau,Classeurs,"GBC Prepunched Paper, 19-Hole, for Binding Systems, 24-lb",84.06,7,0.2,27.32
566,US-2018-137099,12/7/2018,12/10/2018,Prioritaire,FP-14320,Frank Preis,Grand public,États-Unis,Los Angeles,Californie,USCA - Ouest,TEC-PH-10002496,Produits technologiques,Téléphones,Cisco SPA301,374.38,3,0.2,46.8
567,US-2018-156951,10/1/2018,10/8/2018,Tarif normal,EB-13840,Ellis Ballard,Entreprise,États-Unis,Seattle,Washington,USCA - Ouest,OFF-PA-10004530,Fournitures de bureau,Papier,Personal Creations Ink Jet Cards and Labels,91.84,8,0,45
568,US-2018-156951,10/1/2018,10/8/2018,Tarif normal,EB-13840,Ellis Ballard,Entreprise,États-Unis,Seattle,Washington,USCA - Ouest,OFF-BI-10001107,Fournitures de bureau,Classeurs,"GBC White Gloss Covers, Plain Front",81.09,7,0.2,27.37
569,US-2018-156951,10/1/2018,10/8/2018,Tarif normal,EB-13840,Ellis Ballard,Entreprise,États-Unis,Seattle,Washington,USCA - Ouest,OFF-PA-10004451,Fournitures de bureau,Papier,Xerox 222,19.44,3,0,9.33
570,US-2018-156951,10/1/2018,10/8/2018,Tarif normal,EB-13840,Ellis Ballard,Entreprise,États-Unis,Seattle,Washington,USCA - Ouest,FUR-CH-10004997,Mobilier,Chaises,Hon Every-Day Series Multi-Task Chairs,451.15,3,0.2,0
571,US-2018-164826,12/28/2018,1/4/2019,Tarif normal,JF-15415,Jennifer Ferguson,Grand public,États-Unis,New York City,New York,USCA - Est,OFF-LA-10001297,Fournitures de bureau,Étiquettes,Avery 473,72.45,7,0,34.78
572,US-2018-164826,12/28/2018,1/4/2019,Tarif normal,JF-15415,Jennifer Ferguson,Grand public,États-Unis,New York City,New York,USCA - Est,OFF-FA-10000585,Fournitures de bureau,Éléments de fixation,OIC Bulk Pack Metal Binder Clips,13.96,4,0,6.42
573,US-2018-164826,12/28/2018,1/4/2019,Tarif normal,JF-15415,Jennifer Ferguson,Grand public,États-Unis,New York City,New York,USCA - Est,OFF-BI-10001922,Fournitures de bureau,Classeurs,Storex Dura Pro Binders,33.26,7,0.2,11.23
574,US-2018-164826,12/28/2018,1/4/2019,Tarif normal,JF-15415,Jennifer Ferguson,Grand public,États-Unis,New York City,New York,USCA - Est,TEC-PH-10000347,Produits technologiques,Téléphones,Cush Cases Heavy Duty Rugged Cover Case for Samsung Galaxy S5 - Purple,14.85,3,0,4.01
579,US-2018-118640,7/20/2018,7/26/2018,Tarif normal,CS-11950,Carlos Soltero,Grand public,États-Unis,Chicago,Illinois,USCA - Centre,OFF-ST-10002974,Fournitures de bureau,Stockage,"Trav-L-File Heavy-Duty Shuttle II, Black",69.71,2,0.2,8.71
580,US-2018-118640,7/20/2018,7/26/2018,Tarif normal,CS-11950,Carlos Soltero,Grand public,États-Unis,Chicago,Illinois,USCA - Centre,FUR-FU-10001475,Mobilier,Meubles,"Contract Clock, 14"", Brown",8.79,1,0.6,-5.71
582,US-2018-145233,12/1/2018,12/5/2018,Tarif normal,DV-13465,Dianna Vittorini,Grand public,États-Unis,Denver,Colorado,USCA - Ouest,TEC-PH-10004977,Produits technologiques,Téléphones,GE 30524EE4,470.38,3,0.2,52.92
583,US-2018-145233,12/1/2018,12/5/2018,Tarif normal,DV-13465,Dianna Vittorini,Grand public,États-Unis,Denver,Colorado,USCA - Ouest,TEC-PH-10000586,Produits technologiques,Téléphones,AT&T SB67148 SynJ,105.58,2,0.2,9.24
584,US-2018-145233,12/1/2018,12/5/2018,Tarif normal,DV-13465,Dianna Vittorini,Grand public,États-Unis,Denver,Colorado,USCA - Ouest,OFF-AP-10000358,Fournitures de bureau,Électroménager,Fellowes Basic Home/Office Series Surge Protectors,31.15,3,0.2,3.5
585,US-2018-145233,12/1/2018,12/5/2018,Tarif normal,DV-13465,Dianna Vittorini,Grand public,États-Unis,Denver,Colorado,USCA - Ouest,OFF-BI-10002764,Fournitures de bureau,Classeurs,Recycled Pressboard Report Cover with Reinforced Top Hinge,6.78,7,0.7,-4.75
586,US-2018-145233,12/1/2018,12/5/2018,Tarif normal,DV-13465,Dianna Vittorini,Grand public,États-Unis,Denver,Colorado,USCA - Ouest,TEC-PH-10001254,Produits technologiques,Téléphones,Jabra BIZ 2300 Duo QD Duo Corded Headset,406.37,4,0.2,30.48
615,US-2018-138611,11/14/2018,11/17/2018,J+2,CK-12595,Clytie Kelty,Grand public,États-Unis,Grove City,Ohio,USCA - Est,TEC-PH-10000011,Produits technologiques,Téléphones,PureGear Roll-On Screen Protector,119.94,10,0.4,15.99
616,US-2018-138611,11/14/2018,11/17/2018,J+2,CK-12595,Clytie Kelty,Grand public,États-Unis,Grove City,Ohio,USCA - Est,OFF-BI-10002949,Fournitures de bureau,Classeurs,Prestige Round Ring Binders,3.65,2,0.7,-2.8
617,US-2018-117947,8/18/2018,8/23/2018,J+2,NG-18355,Nat Gilpin,Entreprise,États-Unis,New York City,New York,USCA - Est,FUR-FU-10003849,Mobilier,Meubles,"DAX Metal Frame, Desktop, Stepped-Edge",40.48,2,0,15.79
618,US-2018-117947,8/18/2018,8/23/2018,J+2,NG-18355,Nat Gilpin,Entreprise,États-Unis,New York City,New York,USCA - Est,FUR-FU-10000010,Mobilier,Meubles,"DAX Value U-Channel Document Frames, Easel Back",9.94,2,0,3.08
619,US-2018-117947,8/18/2018,8/23/2018,J+2,NG-18355,Nat Gilpin,Entreprise,États-Unis,New York City,New York,USCA - Est,OFF-BI-10002824,Fournitures de bureau,Classeurs,Recycled Easel Ring Binders,107.42,9,0.2,33.57
620,US-2018-117947,8/18/2018,8/23/2018,J+2,NG-18355,Nat Gilpin,Entreprise,États-Unis,New York City,New York,USCA - Est,TEC-PH-10002538,Produits technologiques,Téléphones,Grandstream GXP1160 VoIP phone,37.91,1,0,10.99
621,US-2018-117947,8/18/2018,8/23/2018,J+2,NG-18355,Nat Gilpin,Entreprise,États-Unis,New York City,New York,USCA - Est,FUR-FU-10000521,Mobilier,Meubles,"Seth Thomas 14"" Putty-Colored Wall Clock",88.02,3,0,27.29
627,US-2018-163020,9/15/2018,9/19/2018,Tarif normal,MO-17800,Meg O'Connel,Bureau à domicile,États-Unis,New York City,New York,USCA - Est,FUR-FU-10000221,Mobilier,Meubles,"Master Caster Door Stop, Brown",35.56,7,0,12.09
628,US-2018-153787,5/19/2018,5/23/2018,Tarif normal,AT-10735,Annie Thurman,Grand public,États-Unis,Seattle,Washington,USCA - Ouest,OFF-AP-10001563,Fournitures de bureau,Électroménager,Belkin Premiere Surge Master II 8-outlet surge protector,97.16,2,0,28.18
629,US-2018-133431,12/17/2018,12/21/2018,Tarif normal,LC-17140,Logan Currie,Grand public,États-Unis,San Francisco,Californie,USCA - Ouest,OFF-BI-10000605,Fournitures de bureau,Classeurs,"Acco Pressboard Covers with Storage Hooks, 9 1/2"" x 11"", Executive Red",15.24,5,0.2,5.14
630,US-2018-133431,12/17/2018,12/21/2018,Tarif normal,LC-17140,Logan Currie,Grand public,États-Unis,San Francisco,Californie,USCA - Ouest,OFF-PA-10002615,Fournitures de bureau,Papier,"Ampad Gold Fibre Wirebound Steno Books, 6"" x 9"", Gregg Ruled",13.23,3,0,6.09
634,US-2018-144694,9/24/2018,9/26/2018,J+2,BD-11605,Brian Dahlen,Grand public,États-Unis,Miami,Floride,USCA - Sud,TEC-AC-10002857,Produits technologiques,Accessoires,"Verbatim 25 GB 6x Blu-ray Single Layer Recordable Disc, 1/Pack",17.88,3,0.2,2.46
635,US-2018-144694,9/24/2018,9/26/2018,J+2,BD-11605,Brian Dahlen,Grand public,États-Unis,Miami,Floride,USCA - Sud,OFF-LA-10003930,Fournitures de bureau,Étiquettes,"Dot Matrix Printer Tape Reel Labels, White, 5000/Box",235.94,3,0.2,85.53
642,US-2018-167913,4/21/2018,4/25/2018,J+2,JL-15835,John Lee,Grand public,États-Unis,Mission Viejo,Californie,USCA - Ouest,OFF-ST-10000585,Fournitures de bureau,Stockage,Economy Rollaway Files,330.4,2,0,85.9
643,US-2018-167913,4/21/2018,4/25/2018,J+2,JL-15835,John Lee,Grand public,États-Unis,Mission Viejo,Californie,USCA - Ouest,OFF-LA-10002787,Fournitures de bureau,Étiquettes,Avery 480,26.25,7,0,12.6
644,US-2018-106103,6/10/2018,6/15/2018,Tarif normal,SC-20305,Sean Christensen,Grand public,États-Unis,Rochester Hills,Michigan,USCA - Centre,TEC-AC-10003832,Produits technologiques,Accessoires,Imation 16GB Mini TravelDrive USB 2.0 Flash Drive,132.52,4,0,54.33
645,US-2018-127719,7/21/2018,7/25/2018,Tarif normal,TW-21025,Tamara Willingham,Bureau à domicile,États-Unis,Plainfield,New Jersey,USCA - Est,OFF-PA-10001934,Fournitures de bureau,Papier,Xerox 1993,6.48,1,0,3.18
646,US-2018-126221,9/21/2018,9/25/2018,Tarif normal,CC-12430,Chuck Clark,Bureau à domicile,États-Unis,Columbus,Indiana,USCA - Centre,OFF-AP-10002457,Fournitures de bureau,Électroménager,"Eureka The Boss Plus 12-Amp Hard Box Upright Vacuum, Red",209.3,2,0,56.51
653,US-2018-140844,6/19/2018,6/23/2018,Tarif normal,AR-10405,Allen Rosenblatt,Entreprise,États-Unis,New York City,New York,USCA - Est,OFF-PA-10003892,Fournitures de bureau,Papier,Xerox 1943,97.82,2,0,45.98
654,US-2018-140844,6/19/2018,6/23/2018,Tarif normal,AR-10405,Allen Rosenblatt,Entreprise,États-Unis,New York City,New York,USCA - Est,TEC-AC-10001101,Produits technologiques,Accessoires,Sony 16GB Class 10 Micro SDHC R40 Memory Card,103.12,8,0,10.31
666,US-2018-132682,6/8/2018,6/10/2018,J+2,TH-21235,Tiffany House,Entreprise,États-Unis,Dallas,Texas,USCA - Centre,OFF-SU-10004231,Fournitures de bureau,Fournitures,Acme Tagit Stainless Steel Antibacterial Scissors,23.76,3,0.2,2.08
667,US-2018-132682,6/8/2018,6/10/2018,J+2,TH-21235,Tiffany House,Entreprise,États-Unis,Dallas,Texas,USCA - Centre,OFF-PA-10000474,Fournitures de bureau,Papier,Easy-staple paper,85.06,3,0.2,28.71
668,US-2018-132682,6/8/2018,6/10/2018,J+2,TH-21235,Tiffany House,Entreprise,États-Unis,Dallas,Texas,USCA - Centre,TEC-PH-10004042,Produits technologiques,Téléphones,ClearOne Communications CHAT 70 OC Speaker Phone,381.58,3,0.2,28.62
670,US-2018-106663,6/9/2018,6/13/2018,Tarif normal,MO-17800,Meg O'Connel,Bureau à domicile,États-Unis,Chicago,Illinois,USCA - Centre,FUR-FU-10002759,Mobilier,Meubles,12-1/2 Diameter Round Wall Clock,23.98,3,0.6,-14.39
671,US-2018-106663,6/9/2018,6/13/2018,Tarif normal,MO-17800,Meg O'Connel,Bureau à domicile,États-Unis,Chicago,Illinois,USCA - Centre,FUR-TA-10000688,Mobilier,Tables,"Chromcraft Bull-Nose Wood Round Conference Table Top, Wood Base",108.93,1,0.5,-71.89
672,US-2018-106663,6/9/2018,6/13/2018,Tarif normal,MO-17800,Meg O'Connel,Bureau à domicile,États-Unis,Chicago,Illinois,USCA - Centre,OFF-PA-10002377,Fournitures de bureau,Papier,"Adams Telephone Message Book W/Dividers/Space For Phone Numbers, 5 1/4""X8 1/2"", 200/Messages",36.35,8,0.2,11.36
673,US-2018-111178,6/15/2018,6/22/2018,Tarif normal,TD-20995,Tamara Dahlen,Grand public,États-Unis,Quincy,Illinois,USCA - Centre,OFF-AR-10001954,Fournitures de bureau,Art,Newell 331,19.56,5,0.2,1.71
674,US-2018-130351,12/5/2018,12/8/2018,Prioritaire,RB-19570,Rob Beeghly,Grand public,États-Unis,Columbus,Indiana,USCA - Centre,OFF-AP-10004532,Fournitures de bureau,Électroménager,Kensington 6 Outlet Guardian Standard Surge Protector,61.44,3,0,16.59
675,US-2018-130351,12/5/2018,12/8/2018,Prioritaire,RB-19570,Rob Beeghly,Grand public,États-Unis,Columbus,Indiana,USCA - Centre,OFF-PA-10002137,Fournitures de bureau,Papier,"Southworth 100% Résumé Paper, 24lb.",38.9,5,0,17.51
676,US-2018-130351,12/5/2018,12/8/2018,Prioritaire,RB-19570,Rob Beeghly,Grand public,États-Unis,Columbus,Indiana,USCA - Centre,TEC-AC-10003832,Produits technologiques,Accessoires,Imation 16GB Mini TravelDrive USB 2.0 Flash Drive,99.39,3,0,40.75
677,US-2018-119438,3/18/2018,3/23/2018,Tarif normal,CD-11980,Carol Darley,Grand public,États-Unis,Tyler,Texas,USCA - Centre,OFF-AP-10000804,Fournitures de bureau,Électroménager,Hoover Portapower Portable Vacuum,2.69,3,0.8,-7.39
678,US-2018-119438,3/18/2018,3/23/2018,Tarif normal,CD-11980,Carol Darley,Grand public,États-Unis,Tyler,Texas,USCA - Centre,TEC-AC-10003614,Produits technologiques,Accessoires,"Verbatim 25 GB 6x Blu-ray Single Layer Recordable Disc, 10/Pack",27.82,3,0.2,4.52
679,US-2018-119438,3/18/2018,3/23/2018,Tarif normal,CD-11980,Carol Darley,Grand public,États-Unis,Tyler,Texas,USCA - Centre,FUR-FU-10003553,Mobilier,Meubles,"Howard Miller 13-1/2"" Diameter Rosebrook Wall Clock",82.52,3,0.6,-41.26
680,US-2018-119438,3/18/2018,3/23/2018,Tarif normal,CD-11980,Carol Darley,Grand public,États-Unis,Tyler,Texas,USCA - Centre,OFF-BI-10004632,Fournitures de bureau,Classeurs,Ibico Hi-Tech Manual Binding System,182.99,3,0.8,-320.24
684,US-2018-168116,11/4/2018,11/4/2018,Le même jour,GT-14635,Grant Thornton,Entreprise,États-Unis,Burlington,Caroline du Nord,USCA - Sud,TEC-MA-10004125,Produits technologiques,Machines,Cubify CubeX 3D Printer Triple Head Print,7999.98,4,0.5,-3839.99
685,US-2018-168116,11/4/2018,11/4/2018,Le même jour,GT-14635,Grant Thornton,Entreprise,États-Unis,Burlington,Caroline du Nord,USCA - Sud,OFF-AP-10002457,Fournitures de bureau,Électroménager,"Eureka The Boss Plus 12-Amp Hard Box Upright Vacuum, Red",167.44,2,0.2,14.65
689,US-2018-161480,12/25/2018,12/29/2018,Tarif normal,RA-19285,Ralph Arnett,Grand public,États-Unis,New York City,New York,USCA - Est,FUR-BO-10004015,Mobilier,Bibliothèques,"Bush Andora Bookcase, Maple/Graphite Gray Finish",191.98,2,0.2,4.8
702,US-2018-114552,9/2/2018,9/8/2018,Tarif normal,Dl-13600,Dorris liebe,Entreprise,États-Unis,Cleveland,Ohio,USCA - Est,FUR-FU-10002960,Mobilier,Meubles,"Eldon 200 Class Desk Accessories, Burgundy",15.07,3,0.2,4.14
712,US-2018-146136,9/3/2018,9/7/2018,Tarif normal,AP-10915,Arthur Prichep,Grand public,États-Unis,Palm Coast,Floride,USCA - Sud,OFF-EN-10001219,Fournitures de bureau,Enveloppes,"#10- 4 1/8"" x 9 1/2"" Security-Tint Envelopes",24.45,4,0.2,8.86
713,US-2018-100048,5/19/2018,5/24/2018,Tarif normal,RS-19765,Roland Schwarz,Entreprise,États-Unis,Mount Vernon,New York,USCA - Est,OFF-AP-10001154,Fournitures de bureau,Électroménager,Bionaire Personal Warm Mist Humidifier/Vaporizer,281.34,6,0,109.72
714,US-2018-100048,5/19/2018,5/24/2018,Tarif normal,RS-19765,Roland Schwarz,Entreprise,États-Unis,Mount Vernon,New York,USCA - Est,TEC-PH-10003012,Produits technologiques,Téléphones,Nortel Meridian M3904 Professional Digital phone,307.98,2,0,89.31
715,US-2018-100048,5/19/2018,5/24/2018,Tarif normal,RS-19765,Roland Schwarz,Entreprise,États-Unis,Mount Vernon,New York,USCA - Est,TEC-AC-10001606,Produits technologiques,Accessoires,Logitech Wireless Performance Mouse MX for PC and Mac,299.97,3,0,113.99
718,US-2018-108910,9/24/2018,9/29/2018,Tarif normal,KC-16540,Kelly Collister,Grand public,États-Unis,Newark,Ohio,USCA - Est,FUR-FU-10002253,Mobilier,Meubles,"Howard Miller 13"" Diameter Pewter Finish Round Wall Clock",103.06,3,0.2,24.48
726,US-2018-144113,9/16/2018,9/20/2018,Tarif normal,JF-15355,Jay Fein,Grand public,États-Unis,Austin,Texas,USCA - Centre,OFF-EN-10001141,Fournitures de bureau,Enveloppes,"Manila Recycled Extra-Heavyweight Clasp Envelopes, 6"" x 9""",17.57,2,0.2,6.37
727,US-2018-144113,9/16/2018,9/20/2018,Tarif normal,JF-15355,Jay Fein,Grand public,États-Unis,Austin,Texas,USCA - Centre,TEC-PH-10002170,Produits technologiques,Téléphones,ClearSounds CSC500 Amplified Spirit Phone Corded phone,55.99,1,0.2,5.6
733,US-2018-131954,1/21/2018,1/25/2018,Tarif normal,DS-13030,Darrin Sayre,Bureau à domicile,États-Unis,Seattle,Washington,USCA - Ouest,OFF-ST-10000736,Fournitures de bureau,Stockage,Carina Double Wide Media Storage Towers in Natural & Black,242.94,3,0,9.72
734,US-2018-131954,1/21/2018,1/25/2018,Tarif normal,DS-13030,Darrin Sayre,Bureau à domicile,États-Unis,Seattle,Washington,USCA - Ouest,TEC-AC-10003610,Produits technologiques,Accessoires,Logitech Illuminated - Keyboard,179.97,3,0,86.39
735,US-2018-131954,1/21/2018,1/25/2018,Tarif normal,DS-13030,Darrin Sayre,Bureau à domicile,États-Unis,Seattle,Washington,USCA - Ouest,OFF-BI-10003982,Fournitures de bureau,Classeurs,Wilson Jones Century Plastic Molded Ring Binders,99.7,6,0.2,33.65
736,US-2018-131954,1/21/2018,1/25/2018,Tarif normal,DS-13030,Darrin Sayre,Bureau à domicile,États-Unis,Seattle,Washington,USCA - Ouest,OFF-BI-10003291,Fournitures de bureau,Classeurs,Wilson Jones Leather-Like Binders with DublLock Round Rings,27.94,4,0.2,9.43
737,US-2018-131954,1/21/2018,1/25/2018,Tarif normal,DS-13030,Darrin Sayre,Bureau à domicile,États-Unis,Seattle,Washington,USCA - Ouest,FUR-BO-10001619,Mobilier,Bibliothèques,O'Sullivan Cherrywood Estates Traditional Bookcase,84.98,1,0,18.7
738,US-2018-131954,1/21/2018,1/25/2018,Tarif normal,DS-13030,Darrin Sayre,Bureau à domicile,États-Unis,Seattle,Washington,USCA - Ouest,OFF-BI-10000138,Fournitures de bureau,Classeurs,Acco Translucent Poly Ring Binders,18.72,5,0.2,6.55
750,US-2018-126074,10/2/2018,10/6/2018,Tarif normal,RF-19735,Roland Fjeld,Grand public,États-Unis,Trenton,Michigan,USCA - Centre,OFF-BI-10003638,Fournitures de bureau,Classeurs,GBC Durable Plastic Covers,58.05,3,0,26.7
751,US-2018-126074,10/2/2018,10/6/2018,Tarif normal,RF-19735,Roland Fjeld,Grand public,États-Unis,Trenton,Michigan,USCA - Centre,FUR-FU-10003577,Mobilier,Meubles,Nu-Dell Leatherette Frames,157.74,11,0,56.79
752,US-2018-126074,10/2/2018,10/6/2018,Tarif normal,RF-19735,Roland Fjeld,Grand public,États-Unis,Trenton,Michigan,USCA - Centre,OFF-AR-10003478,Fournitures de bureau,Art,"Avery Hi-Liter EverBold Pen Style Fluorescent Highlighters, 4/Pack",56.98,7,0,22.79
753,US-2018-126074,10/2/2018,10/6/2018,Tarif normal,RF-19735,Roland Fjeld,Grand public,États-Unis,Trenton,Michigan,USCA - Centre,OFF-BI-10000546,Fournitures de bureau,Classeurs,Avery Durable Binders,2.88,1,0,1.41
759,US-2018-117240,7/23/2018,7/28/2018,Tarif normal,CP-12340,Christine Phan,Entreprise,États-Unis,New York City,New York,USCA - Est,OFF-BI-10000848,Fournitures de bureau,Classeurs,Angle-D Ring Binders,13.13,3,0.2,4.27
760,US-2018-133333,9/18/2018,9/22/2018,Tarif normal,BF-11020,Barry Französisch,Entreprise,États-Unis,Green Bay,Wisconsin,USCA - Centre,OFF-PA-10002377,Fournitures de bureau,Papier,"Adams Telephone Message Book W/Dividers/Space For Phone Numbers, 5 1/4""X8 1/2"", 200/Messages",22.72,4,0,10.22
762,US-2018-126046,11/3/2018,11/7/2018,Tarif normal,JC-16105,Julie Creighton,Entreprise,États-Unis,Atlanta,Géorgie,USCA - Sud,OFF-LA-10004484,Fournitures de bureau,Étiquettes,Avery 476,12.39,3,0,5.7
771,US-2018-104220,10/22/2018,10/26/2018,Tarif normal,BV-11245,Benjamin Venier,Entreprise,États-Unis,Des Moines,Iowa,USCA - Centre,OFF-BI-10001036,Fournitures de bureau,Classeurs,Cardinal EasyOpen D-Ring Binders,18.28,2,0,9.14
772,US-2018-104220,10/22/2018,10/26/2018,Tarif normal,BV-11245,Benjamin Venier,Entreprise,États-Unis,Des Moines,Iowa,USCA - Centre,TEC-PH-10004614,Produits technologiques,Téléphones,AT&T 841000 Phone,207,3,0,51.75
773,US-2018-104220,10/22/2018,10/26/2018,Tarif normal,BV-11245,Benjamin Venier,Entreprise,États-Unis,Des Moines,Iowa,USCA - Centre,OFF-BI-10000301,Fournitures de bureau,Classeurs,GBC Instant Report Kit,32.35,5,0,16.18
774,US-2018-104220,10/22/2018,10/26/2018,Tarif normal,BV-11245,Benjamin Venier,Entreprise,États-Unis,Des Moines,Iowa,USCA - Centre,OFF-BI-10003910,Fournitures de bureau,Classeurs,DXL Angle-View Binders with Locking Rings by Samsill,7.71,1,0,3.47
775,US-2018-104220,10/22/2018,10/26/2018,Tarif normal,BV-11245,Benjamin Venier,Entreprise,États-Unis,Des Moines,Iowa,USCA - Centre,OFF-AR-10004648,Fournitures de bureau,Art,Boston 19500 Mighty Mite Electric Pencil Sharpener,40.3,2,0,10.88
776,US-2018-104220,10/22/2018,10/26/2018,Tarif normal,BV-11245,Benjamin Venier,Entreprise,États-Unis,Des Moines,Iowa,USCA - Centre,FUR-FU-10002597,Mobilier,Meubles,"C-Line Magnetic Cubicle Keepers, Clear Polypropylene",34.58,7,0,14.52
787,US-2018-129567,3/17/2018,3/21/2018,J+2,CL-12565,Clay Ludtke,Grand public,États-Unis,Lancaster,Californie,USCA - Ouest,OFF-BI-10000014,Fournitures de bureau,Classeurs,Heavy-Duty E-Z-D Binders,17.46,2,0.2,5.89
796,US-2018-151428,9/21/2018,9/26/2018,Tarif normal,RH-19495,Rick Hansen,Grand public,États-Unis,Rochester,Minnesota,USCA - Centre,OFF-BI-10000546,Fournitures de bureau,Classeurs,Avery Durable Binders,20.16,7,0,9.88
801,US-2018-105809,2/20/2018,2/23/2018,Prioritaire,HW-14935,Helen Wasserman,Entreprise,États-Unis,San Diego,Californie,USCA - Ouest,FUR-FU-10004090,Mobilier,Meubles,"Executive Impressions 14"" Contract Wall Clock",22.23,1,0,7.34
802,US-2018-105809,2/20/2018,2/23/2018,Prioritaire,HW-14935,Helen Wasserman,Entreprise,États-Unis,San Diego,Californie,USCA - Ouest,TEC-PH-10001580,Produits technologiques,Téléphones,Logitech Mobile Speakerphone P710e - speaker phone,215.97,2,0.2,18.9
805,US-2018-135783,4/22/2018,4/24/2018,Prioritaire,GM-14440,Gary McGarr,Grand public,États-Unis,San Francisco,Californie,USCA - Ouest,FUR-FU-10000794,Mobilier,Meubles,"Eldon Stackable Tray, Side-Load, Legal, Smoke",18.28,2,0,6.22
814,US-2018-143686,5/14/2018,5/14/2018,Le même jour,PJ-19015,Pauline Johnson,Grand public,États-Unis,Santa Ana,Californie,USCA - Ouest,FUR-FU-10000794,Mobilier,Meubles,"Eldon Stackable Tray, Side-Load, Legal, Smoke",18.28,2,0,6.22
815,US-2018-143686,5/14/2018,5/14/2018,Le même jour,PJ-19015,Pauline Johnson,Grand public,États-Unis,Santa Ana,Californie,USCA - Ouest,TEC-AC-10001838,Produits technologiques,Accessoires,Razer Tiamat Over Ear 7.1 Surround Sound PC Gaming Headset,1399.93,7,0,601.97
823,US-2018-101434,6/20/2018,6/27/2018,Tarif normal,TR-21325,Toby Ritter,Grand public,États-Unis,Belleville,New Jersey,USCA - Est,TEC-AC-10002402,Produits technologiques,Accessoires,Razer Kraken PRO Over Ear PC and Music Headset,239.97,3,0,71.99
824,US-2018-101434,6/20/2018,6/27/2018,Tarif normal,TR-21325,Toby Ritter,Grand public,États-Unis,Belleville,New Jersey,USCA - Est,OFF-LA-10003223,Fournitures de bureau,Étiquettes,Avery 508,9.82,2,0,4.81
827,US-2018-126956,8/21/2018,8/28/2018,Tarif normal,GT-14710,Greg Tran,Grand public,États-Unis,Lakeville,Minnesota,USCA - Centre,OFF-FA-10002280,Fournitures de bureau,Éléments de fixation,Advantus Plastic Paper Clips,35,7,0,16.8
828,US-2018-126956,8/21/2018,8/28/2018,Tarif normal,GT-14710,Greg Tran,Grand public,États-Unis,Lakeville,Minnesota,USCA - Centre,OFF-SU-10000381,Fournitures de bureau,Fournitures,Acme Forged Steel Scissors with Black Enamel Handles,37.24,4,0,10.8
829,US-2018-126956,8/21/2018,8/28/2018,Tarif normal,GT-14710,Greg Tran,Grand public,États-Unis,Lakeville,Minnesota,USCA - Centre,OFF-EN-10004459,Fournitures de bureau,Enveloppes,Security-Tint Envelopes,15.28,2,0,7.49
830,US-2018-129462,6/16/2018,6/21/2018,J+2,JE-15745,Joel Eaton,Grand public,États-Unis,Florence,Kentucky,USCA - Sud,FUR-CH-10000665,Mobilier,Chaises,"Global Airflow Leather Mesh Back Chair, Black",301.96,2,0,90.59
831,US-2018-129462,6/16/2018,6/21/2018,J+2,JE-15745,Joel Eaton,Grand public,États-Unis,Florence,Kentucky,USCA - Sud,OFF-AP-10003884,Fournitures de bureau,Électroménager,"Fellowes Smart Surge Ten-Outlet Protector, Platinum",180.66,3,0,50.58
832,US-2018-129462,6/16/2018,6/21/2018,J+2,JE-15745,Joel Eaton,Grand public,États-Unis,Florence,Kentucky,USCA - Sud,TEC-PH-10001557,Produits technologiques,Téléphones,Pyle PMP37LED,191.98,2,0,51.83
833,US-2018-129462,6/16/2018,6/21/2018,J+2,JE-15745,Joel Eaton,Grand public,États-Unis,Florence,Kentucky,USCA - Sud,TEC-PH-10002085,Produits technologiques,Téléphones,Clarity 53712,65.99,1,0,17.16
838,US-2018-156083,11/4/2018,11/11/2018,Tarif normal,JL-15175,James Lanier,Bureau à domicile,États-Unis,Columbia,Tennessee,USCA - Sud,OFF-PA-10001560,Fournitures de bureau,Papier,"Adams Telephone Message Books, 5 1/4” x 11”",9.66,2,0.2,3.26
849,US-2018-107503,1/1/2018,1/6/2018,Tarif normal,GA-14725,Guy Armstrong,Grand public,États-Unis,Lorain,Ohio,USCA - Est,FUR-FU-10003878,Mobilier,Meubles,"Linden 10"" Round Wall Clock, Black",48.9,4,0.2,8.56
859,US-2018-161984,4/10/2018,4/15/2018,Tarif normal,SJ-20125,Sanjit Jacobs,Bureau à domicile,États-Unis,New Brunswick,New Jersey,USCA - Est,OFF-PA-10004569,Fournitures de bureau,Papier,"Wirebound Message Books, Two 4 1/4"" x 5"" Forms per Page",7.61,1,0,3.58
860,US-2018-161984,4/10/2018,4/15/2018,Tarif normal,SJ-20125,Sanjit Jacobs,Bureau à domicile,États-Unis,New Brunswick,New Jersey,USCA - Est,OFF-FA-10000624,Fournitures de bureau,Éléments de fixation,OIC Binder Clips,7.16,2,0,3.58
875,US-2018-114636,8/25/2018,8/29/2018,Tarif normal,GA-14725,Guy Armstrong,Grand public,États-Unis,Charlotte,Caroline du Nord,USCA - Sud,OFF-PA-10001790,Fournitures de bureau,Papier,Xerox 1910,192.16,5,0.2,67.26
880,US-2018-111689,8/22/2018,8/26/2018,J+2,HP-14815,Harold Pawlan,Bureau à domicile,États-Unis,New York City,New York,USCA - Est,OFF-BI-10003984,Fournitures de bureau,Classeurs,Lock-Up Easel 'Spel-Binder',68.47,3,0.2,23.11
881,US-2018-111689,8/22/2018,8/26/2018,J+2,HP-14815,Harold Pawlan,Bureau à domicile,États-Unis,New York City,New York,USCA - Est,FUR-CH-10004287,Mobilier,Chaises,SAFCO Arco Folding Chair,1242.9,5,0.1,262.39
883,US-2018-123463,12/23/2018,12/23/2018,Le même jour,GZ-14470,Gary Zandusky,Grand public,États-Unis,San Francisco,Californie,USCA - Ouest,OFF-AR-10001118,Fournitures de bureau,Art,"Binney & Smith Crayola Metallic Crayons, 16-Color Pack",13.48,4,0,5.93
887,US-2018-115364,6/26/2018,7/2/2018,Tarif normal,OT-18730,Olvera Toch,Grand public,États-Unis,San Diego,Californie,USCA - Ouest,OFF-ST-10002486,Fournitures de bureau,Stockage,Eldon Shelf Savers Cubes and Bins,83.76,12,0,1.68
888,US-2018-150707,10/14/2018,10/19/2018,Tarif normal,EL-13735,Ed Ludwig,Bureau à domicile,États-Unis,Columbia,Maryland,USCA - Est,OFF-BI-10001078,Fournitures de bureau,Classeurs,"Acco PRESSTEX Data Binder with Storage Hooks, Dark Blue, 14 7/8"" X 11""",37.66,7,0,18.45
890,US-2018-132934,6/20/2018,6/26/2018,Tarif normal,JE-15475,Jeremy Ellison,Grand public,États-Unis,New Rochelle,New York,USCA - Est,TEC-AC-10000927,Produits technologiques,Accessoires,Anker Ultrathin Bluetooth Wireless Keyboard Aluminum Cover with Stand,149.95,5,0,15
891,US-2018-132934,6/20/2018,6/26/2018,Tarif normal,JE-15475,Jeremy Ellison,Grand public,États-Unis,New Rochelle,New York,USCA - Est,OFF-BI-10001098,Fournitures de bureau,Classeurs,Acco D-Ring Binder w/DublLock,51.31,3,0.2,18.6
892,US-2018-133256,6/26/2018,6/27/2018,Prioritaire,TH-21550,Tracy Hopkins,Bureau à domicile,États-Unis,Detroit,Michigan,USCA - Centre,OFF-PA-10001622,Fournitures de bureau,Papier,"Ampad Poly Cover Wirebound Steno Book, 6"" x 9"" Assorted Colors, Gregg Ruled",4.54,1,0,2.04
893,US-2018-133256,6/26/2018,6/27/2018,Prioritaire,TH-21550,Tracy Hopkins,Bureau à domicile,États-Unis,Detroit,Michigan,USCA - Centre,OFF-AR-10003158,Fournitures de bureau,Art,Fluorescent Highlighters by Dixon,15.92,4,0,5.41
894,US-2018-133256,6/26/2018,6/27/2018,Prioritaire,TH-21550,Tracy Hopkins,Bureau à domicile,États-Unis,Detroit,Michigan,USCA - Centre,TEC-PH-10002660,Produits technologiques,Téléphones,Nortel Networks T7316 E Nt8 B27,543.92,8,0,135.98
899,US-2018-160983,10/29/2018,11/2/2018,J+2,GB-14530,George Bell,Entreprise,États-Unis,Auburn,New York,USCA - Est,OFF-PA-10002250,Fournitures de bureau,Papier,Things To Do Today Pad,46.96,8,0,22.54
901,US-2018-150959,11/11/2018,11/13/2018,Prioritaire,TD-20995,Tamara Dahlen,Grand public,États-Unis,Garland,Texas,USCA - Centre,OFF-LA-10001045,Fournitures de bureau,Étiquettes,Permanent Self-Adhesive File Folder Labels for Typewriters by Universal,10.44,5,0.2,3.39
902,US-2018-150959,11/11/2018,11/13/2018,Prioritaire,TD-20995,Tamara Dahlen,Grand public,États-Unis,Garland,Texas,USCA - Centre,OFF-BI-10001510,Fournitures de bureau,Classeurs,Deluxe Heavy-Duty Vinyl Round Ring Binder,18.34,4,0.8,-32.09
903,US-2018-132353,9/15/2018,9/17/2018,Prioritaire,DB-13060,Dave Brooks,Grand public,États-Unis,Chicago,Illinois,USCA - Centre,TEC-PH-10004536,Produits technologiques,Téléphones,Avaya 5420 Digital phone,323.98,3,0.2,20.25
907,US-2018-143259,9/21/2018,9/25/2018,Tarif normal,PO-18865,Patrick O'Donnell,Grand public,États-Unis,New York City,New York,USCA - Est,FUR-BO-10003441,Mobilier,Bibliothèques,"Bush Westfield Collection Bookcases, Fully Assembled",323.14,4,0.2,12.12
908,US-2018-143259,9/21/2018,9/25/2018,Tarif normal,PO-18865,Patrick O'Donnell,Grand public,États-Unis,New York City,New York,USCA - Est,TEC-PH-10004774,Produits technologiques,Téléphones,Gear Head AU3700S Headset,90.93,7,0,2.73
909,US-2018-143259,9/21/2018,9/25/2018,Tarif normal,PO-18865,Patrick O'Donnell,Grand public,États-Unis,New York City,New York,USCA - Est,OFF-BI-10003684,Fournitures de bureau,Classeurs,Wilson Jones Legal Size Ring Binders,52.78,3,0.2,19.79
910,US-2018-137596,9/2/2018,9/7/2018,Tarif normal,BE-11335,Bill Eplett,Bureau à domicile,États-Unis,Jackson,Michigan,USCA - Centre,TEC-PH-10001494,Produits technologiques,Téléphones,Polycom CX600 IP Phone VoIP phone,1199.8,4,0,323.95
911,US-2018-137596,9/2/2018,9/7/2018,Tarif normal,BE-11335,Bill Eplett,Bureau à domicile,États-Unis,Jackson,Michigan,USCA - Centre,TEC-AC-10004666,Produits technologiques,Accessoires,Maxell iVDR EX 500GB Cartridge,1928.78,7,0,829.38
912,US-2018-137596,9/2/2018,9/7/2018,Tarif normal,BE-11335,Bill Eplett,Bureau à domicile,États-Unis,Jackson,Michigan,USCA - Centre,OFF-ST-10003816,Fournitures de bureau,Stockage,Fellowes High-Stak Drawer Files,352.38,2,0,81.05
914,US-2018-102519,11/27/2018,11/29/2018,Prioritaire,BM-11650,Brian Moss,Entreprise,États-Unis,Milwaukee,Wisconsin,USCA - Centre,FUR-FU-10004091,Mobilier,Meubles,"Howard Miller 13"" Diameter Goldtone Round Wall Clock",46.94,1,0,19.25
915,US-2018-102519,11/27/2018,11/29/2018,Prioritaire,BM-11650,Brian Moss,Entreprise,États-Unis,Milwaukee,Wisconsin,USCA - Centre,TEC-AC-10001772,Produits technologiques,Accessoires,Memorex Mini Travel Drive 16 GB USB 2.0 Flash Drive,143.73,9,0,56.05
930,US-2018-144932,4/14/2018,4/17/2018,Prioritaire,AB-10165,Alan Barnes,Grand public,États-Unis,Toledo,Ohio,USCA - Est,OFF-AR-10003560,Fournitures de bureau,Art,Zebra Zazzle Fluorescent Highlighters,14.59,3,0.2,2.55
931,US-2018-144932,4/14/2018,4/17/2018,Prioritaire,AB-10165,Alan Barnes,Grand public,États-Unis,Toledo,Ohio,USCA - Est,OFF-AR-10001468,Fournitures de bureau,Art,"Sanford Prismacolor Professional Thick Lead Art Pencils, 36-Color Set",89.86,3,0.2,21.34
932,US-2018-144932,4/14/2018,4/17/2018,Prioritaire,AB-10165,Alan Barnes,Grand public,États-Unis,Toledo,Ohio,USCA - Est,OFF-PA-10004971,Fournitures de bureau,Papier,Xerox 196,13.87,3,0.2,5.03
933,US-2018-114216,9/2/2018,9/6/2018,Tarif normal,RK-19300,Ralph Kennedy,Grand public,États-Unis,Philadelphia,Pennsylvanie,USCA - Est,OFF-PA-10002195,Fournitures de bureau,Papier,"RSVP Cards & Envelopes, Blank White, 8-1/2"" X 11"", 24 Cards/25 Envelopes/Set",12.19,3,0.2,4.11
938,US-2018-111745,11/5/2018,11/6/2018,Prioritaire,RA-19885,Ruben Ausman,Entreprise,États-Unis,Farmington,Nouveau-Mexique,USCA - Ouest,TEC-AC-10003911,Produits technologiques,Accessoires,NETGEAR AC1750 Dual Band Gigabit Smart WiFi Router,159.99,1,0,54.4
948,US-2018-110576,11/28/2018,12/2/2018,Tarif normal,RB-19795,Ross Baird,Bureau à domicile,États-Unis,Philadelphia,Pennsylvanie,USCA - Est,FUR-FU-10003601,Mobilier,Meubles,"Deflect-o RollaMat Studded, Beveled Mat for Medium Pile Carpeting",516.49,7,0.2,-12.91
949,US-2018-110576,11/28/2018,12/2/2018,Tarif normal,RB-19795,Ross Baird,Bureau à domicile,États-Unis,Philadelphia,Pennsylvanie,USCA - Est,FUR-FU-10000576,Mobilier,Meubles,Luxo Professional Fluorescent Magnifier Lamp with Clamp-Mount Base,1007.23,6,0.2,75.54
950,US-2018-110576,11/28/2018,12/2/2018,Tarif normal,RB-19795,Ross Baird,Bureau à domicile,États-Unis,Philadelphia,Pennsylvanie,USCA - Est,FUR-TA-10004154,Mobilier,Tables,"Riverside Furniture Oval Coffee Table, Oval End Table, End Table with Drawer",2065.32,12,0.4,-619.6
951,US-2018-110576,11/28/2018,12/2/2018,Tarif normal,RB-19795,Ross Baird,Bureau à domicile,États-Unis,Philadelphia,Pennsylvanie,USCA - Est,OFF-PA-10000788,Fournitures de bureau,Papier,Xerox 210,15.55,3,0.2,5.44
952,US-2018-110576,11/28/2018,12/2/2018,Tarif normal,RB-19795,Ross Baird,Bureau à domicile,États-Unis,Philadelphia,Pennsylvanie,USCA - Est,OFF-PA-10002479,Fournitures de bureau,Papier,Xerox 4200 Series MultiUse Premium Copy Paper (20Lb. and 84 Bright),25.34,6,0.2,7.92
953,US-2018-131156,4/3/2018,4/7/2018,Tarif normal,KH-16360,Katherine Hughes,Grand public,États-Unis,Philadelphia,Pennsylvanie,USCA - Est,FUR-FU-10001940,Mobilier,Meubles,Staple-based wall hangings,25.47,4,0.2,7.64
954,US-2018-136539,12/28/2018,1/1/2019,Tarif normal,GH-14665,Greg Hansen,Grand public,États-Unis,Round Rock,Texas,USCA - Centre,OFF-AR-10001958,Fournitures de bureau,Art,Stanley Bostitch Contemporary Electric Pencil Sharpeners,27.17,2,0.2,2.72
955,US-2018-136539,12/28/2018,1/1/2019,Tarif normal,GH-14665,Greg Hansen,Grand public,États-Unis,Round Rock,Texas,USCA - Centre,FUR-BO-10004709,Mobilier,Bibliothèques,"Bush Westfield Collection Bookcases, Medium Cherry Finish",78.85,2,0.3,-11.6
956,US-2018-119305,8/22/2018,8/26/2018,Tarif normal,SW-20275,Scott Williamson,Grand public,États-Unis,Jackson,Mississippi,USCA - Sud,OFF-ST-10000604,Fournitures de bureau,Stockage,Home/Office Personal File Carts,173.8,5,0,43.45
957,US-2018-102414,5/15/2018,5/18/2018,J+2,JA-15970,Joseph Airdo,Grand public,États-Unis,Phoenix,Arizona,USCA - Ouest,TEC-PH-10002923,Produits technologiques,Téléphones,"Logitech B530 USB Headset - headset - Full size, Binaural",29.59,1,0.2,2.59
958,US-2018-102414,5/15/2018,5/18/2018,J+2,JA-15970,Joseph Airdo,Grand public,États-Unis,Phoenix,Arizona,USCA - Ouest,OFF-BI-10004465,Fournitures de bureau,Classeurs,Avery Durable Slant Ring Binders,4.75,2,0.7,-3.17
959,US-2018-102414,5/15/2018,5/18/2018,J+2,JA-15970,Joseph Airdo,Grand public,États-Unis,Phoenix,Arizona,USCA - Ouest,OFF-PA-10002333,Fournitures de bureau,Papier,"Universal Ultra Bright White Copier/Laser Paper, 8 1/2"" x 11"", Ream",15.55,3,0.2,5.64
961,US-2018-152142,11/14/2018,11/19/2018,Tarif normal,LW-16990,Lindsay Williams,Entreprise,États-Unis,San Francisco,Californie,USCA - Ouest,FUR-CH-10002965,Mobilier,Chaises,"Global Leather Highback Executive Chair with Pneumatic Height Adjustment, Black",321.57,2,0.2,28.14
965,US-2018-135279,4/9/2018,4/11/2018,Prioritaire,BS-11800,Bryan Spruell,Bureau à domicile,États-Unis,New York City,New York,USCA - Est,OFF-LA-10004055,Fournitures de bureau,Étiquettes,Color-Coded Legal Exhibit Labels,9.82,2,0,4.81
966,US-2018-135279,4/9/2018,4/11/2018,Prioritaire,BS-11800,Bryan Spruell,Bureau à domicile,États-Unis,New York City,New York,USCA - Est,OFF-AR-10004344,Fournitures de bureau,Art,Bulldog Vacuum Base Pencil Sharpener,35.97,3,0,9.71
967,US-2018-135279,4/9/2018,4/11/2018,Prioritaire,BS-11800,Bryan Spruell,Bureau à domicile,États-Unis,New York City,New York,USCA - Est,OFF-PA-10004621,Fournitures de bureau,Papier,Xerox 212,12.96,2,0,6.22
968,US-2018-135279,4/9/2018,4/11/2018,Prioritaire,BS-11800,Bryan Spruell,Bureau à domicile,États-Unis,New York City,New York,USCA - Est,OFF-PA-10001281,Fournitures de bureau,Papier,Computer Printout Paper with Letter-Trim Fine Perforations,191.6,4,0,91.97
969,US-2018-135279,4/9/2018,4/11/2018,Prioritaire,BS-11800,Bryan Spruell,Bureau à domicile,États-Unis,New York City,New York,USCA - Est,OFF-LA-10001613,Fournitures de bureau,Étiquettes,Avery File Folder Labels,8.64,3,0,4.23
970,US-2018-135279,4/9/2018,4/11/2018,Prioritaire,BS-11800,Bryan Spruell,Bureau à domicile,États-Unis,New York City,New York,USCA - Est,OFF-ST-10001097,Fournitures de bureau,Stockage,Office Impressions Heavy Duty Welded Shelving & Multimedia Storage Drawers,501.81,3,0,0
975,US-2018-103247,10/5/2018,10/8/2018,J+2,PO-19195,Phillina Ober,Bureau à domicile,États-Unis,New York City,New York,USCA - Est,TEC-PH-10003555,Produits technologiques,Téléphones,Motorola HK250 Universal Bluetooth Headset,160.93,7,0,3.22
976,US-2018-103247,10/5/2018,10/8/2018,J+2,PO-19195,Phillina Ober,Bureau à domicile,États-Unis,New York City,New York,USCA - Est,OFF-BI-10004492,Fournitures de bureau,Classeurs,Tuf-Vin Binders,75.79,3,0.2,25.58
977,US-2018-100209,7/9/2018,7/15/2018,Tarif normal,TD-20995,Tamara Dahlen,Grand public,États-Unis,Portland,Oregon,USCA - Ouest,OFF-BI-10002012,Fournitures de bureau,Classeurs,Wilson Jones Easy Flow II Sheet Lifters,1.08,2,0.7,-0.79
978,US-2018-159366,1/7/2018,1/10/2018,Prioritaire,BW-11110,Bart Watters,Entreprise,États-Unis,Detroit,Michigan,USCA - Centre,TEC-MA-10000822,Produits technologiques,Machines,Lexmark MX611dhe Monochrome Laser Printer,3059.98,2,0.1,680
985,US-2018-100314,9/29/2018,10/5/2018,Tarif normal,AS-10630,Ann Steele,Bureau à domicile,États-Unis,Pasadena,Texas,USCA - Centre,OFF-LA-10001569,Fournitures de bureau,Étiquettes,Avery 499,7.97,2,0.2,2.59
986,US-2018-100314,9/29/2018,10/5/2018,Tarif normal,AS-10630,Ann Steele,Bureau à domicile,États-Unis,Pasadena,Texas,USCA - Centre,OFF-EN-10000461,Fournitures de bureau,Enveloppes,"#10- 4 1/8"" x 9 1/2"" Recycled Envelopes",27.97,4,0.2,9.44
987,US-2018-100314,9/29/2018,10/5/2018,Tarif normal,AS-10630,Ann Steele,Bureau à domicile,États-Unis,Pasadena,Texas,USCA - Centre,TEC-MA-10003066,Produits technologiques,Machines,Wasp CCD Handheld Bar Code Reader,336.51,3,0.4,44.87
989,US-2018-167899,5/21/2018,5/26/2018,Tarif normal,JG-15805,John Grady,Entreprise,États-Unis,Auburn,New York,USCA - Est,FUR-FU-10004071,Mobilier,Meubles,Luxo Professional Magnifying Clamp-On Fluorescent Lamps,520.05,5,0,72.81
990,US-2018-167899,5/21/2018,5/26/2018,Tarif normal,JG-15805,John Grady,Entreprise,États-Unis,Auburn,New York,USCA - Est,OFF-AR-10001988,Fournitures de bureau,Art,Bulldog Table or Wall-Mount Pencil Sharpener,17.97,3,0,5.21
1009,US-2018-106705,12/26/2018,1/1/2019,Tarif normal,PO-18850,Patrick O'Brill,Grand public,États-Unis,Burlington,Iowa,USCA - Centre,OFF-PA-10001509,Fournitures de bureau,Papier,"Recycled Desk Saver Line ""While You Were Out"" Book, 5 1/2"" X 4""",44.75,5,0,20.59
1010,US-2018-135034,8/1/2018,8/3/2018,Prioritaire,AT-10735,Annie Thurman,Grand public,États-Unis,Chicago,Illinois,USCA - Centre,TEC-PH-10003931,Produits technologiques,Téléphones,JBL Micro Wireless Portable Bluetooth Speaker,95.98,2,0.2,6
1012,US-2018-118437,6/17/2018,6/21/2018,J+2,PF-19165,Philip Fox,Grand public,États-Unis,Olympia,Washington,USCA - Ouest,FUR-FU-10004848,Mobilier,Meubles,"Howard Miller 13-3/4"" Diameter Brushed Chrome Round Wall Clock",155.25,3,0,46.58
1013,US-2018-118437,6/17/2018,6/21/2018,J+2,PF-19165,Philip Fox,Grand public,États-Unis,Olympia,Washington,USCA - Ouest,OFF-ST-10003722,Fournitures de bureau,Stockage,Project Tote Personal File,14.03,1,0,4.07
1025,US-2018-106964,12/17/2018,12/20/2018,Prioritaire,HR-14770,Hallie Redmond,Bureau à domicile,États-Unis,Los Angeles,Californie,USCA - Ouest,OFF-BI-10000320,Fournitures de bureau,Classeurs,GBC Plastic Binding Combs,11.81,2,0.2,4.28
1039,US-2018-121818,11/20/2018,11/21/2018,Prioritaire,JH-15430,Jennifer Halladay,Grand public,États-Unis,Burlington,Caroline du Nord,USCA - Sud,OFF-AR-10000203,Fournitures de bureau,Art,Newell 336,23.97,7,0.2,2.7
1040,US-2018-121818,11/20/2018,11/21/2018,Prioritaire,JH-15430,Jennifer Halladay,Grand public,États-Unis,Burlington,Caroline du Nord,USCA - Sud,OFF-AR-10004790,Fournitures de bureau,Art,Staples in misc. colors,28.73,3,0.2,1.8
1044,US-2018-115651,7/9/2018,7/12/2018,Prioritaire,NS-18640,Noel Staavos,Entreprise,États-Unis,Chicago,Illinois,USCA - Centre,OFF-AR-10001130,Fournitures de bureau,Art,"Quartet Alpha White Chalk, 12/Pack",8.84,5,0.2,2.98
1045,US-2018-115651,7/9/2018,7/12/2018,Prioritaire,NS-18640,Noel Staavos,Entreprise,États-Unis,Chicago,Illinois,USCA - Centre,OFF-AP-10000055,Fournitures de bureau,Électroménager,Belkin F9S820V06 8 Outlet Surge,58.46,9,0.8,-146.16
1046,US-2018-152702,10/12/2018,10/16/2018,Tarif normal,SN-20710,Steve Nguyen,Bureau à domicile,États-Unis,Rockford,Illinois,USCA - Centre,FUR-CH-10002304,Mobilier,Chaises,"Global Stack Chair without Arms, Black",254.6,14,0.3,-18.19
1058,US-2018-167150,12/10/2018,12/17/2018,Tarif normal,BP-11185,Ben Peterman,Entreprise,États-Unis,San Diego,Californie,USCA - Ouest,OFF-BI-10001097,Fournitures de bureau,Classeurs,Avery Hole Reinforcements,19.94,4,0.2,7.23
1059,US-2018-167150,12/10/2018,12/17/2018,Tarif normal,BP-11185,Ben Peterman,Entreprise,États-Unis,San Diego,Californie,USCA - Ouest,OFF-BI-10001597,Fournitures de bureau,Classeurs,"Wilson Jones Ledger-Size, Piano-Hinge Binder, 2"", Blue",65.57,2,0.2,22.95
1069,US-2018-139955,9/28/2018,10/2/2018,J+2,CM-12160,Charles McCrossin,Grand public,États-Unis,Brownsville,Texas,USCA - Centre,OFF-SU-10001935,Fournitures de bureau,Fournitures,Staple remover,1.74,1,0.2,-0.35
1073,US-2018-106943,11/14/2018,11/19/2018,Tarif normal,FO-14305,Frank Olsen,Grand public,États-Unis,New York City,New York,USCA - Est,OFF-BI-10003669,Fournitures de bureau,Classeurs,3M Organizer Strips,8.64,2,0.2,3.02
1078,US-2018-132521,9/23/2018,9/25/2018,J+2,DW-13540,Don Weiss,Grand public,États-Unis,Seattle,Washington,USCA - Ouest,OFF-AP-10002191,Fournitures de bureau,Électroménager,Belkin 8 Outlet SurgeMaster II Gold Surge Protector,119.96,2,0,33.59
1079,US-2018-132521,9/23/2018,9/25/2018,J+2,DW-13540,Don Weiss,Grand public,États-Unis,Seattle,Washington,USCA - Ouest,OFF-ST-10001325,Fournitures de bureau,Stockage,Sterilite Officeware Hinged File Box,31.44,3,0,8.49
1080,US-2018-132521,9/23/2018,9/25/2018,J+2,DW-13540,Don Weiss,Grand public,États-Unis,Seattle,Washington,USCA - Ouest,OFF-BI-10000404,Fournitures de bureau,Classeurs,Avery Printable Repositionable Plastic Tabs,6.88,1,0.2,2.32
1090,US-2018-158407,6/4/2018,6/10/2018,Tarif normal,LW-16990,Lindsay Williams,Entreprise,États-Unis,Monroe,Caroline du Nord,USCA - Sud,FUR-FU-10001967,Mobilier,Meubles,Telescoping Adjustable Floor Lamp,31.98,2,0.2,2
1091,US-2018-158407,6/4/2018,6/10/2018,Tarif normal,LW-16990,Lindsay Williams,Entreprise,États-Unis,Monroe,Caroline du Nord,USCA - Sud,TEC-PH-10001819,Produits technologiques,Téléphones,Innergie mMini Combo Duo USB Travel Charging Kit,71.98,2,0.2,25.19
1096,US-2018-160423,1/21/2018,1/26/2018,Tarif normal,PS-19045,Penelope Sewall,Bureau à domicile,États-Unis,Charlotte,Caroline du Nord,USCA - Sud,OFF-ST-10004340,Fournitures de bureau,Stockage,"Fellowes Mobile File Cart, Black",348.21,7,0.2,30.47
1097,US-2018-160423,1/21/2018,1/26/2018,Tarif normal,PS-19045,Penelope Sewall,Bureau à domicile,États-Unis,Charlotte,Caroline du Nord,USCA - Sud,OFF-BI-10004001,Fournitures de bureau,Classeurs,GBC Recycled VeloBinder Covers,35.78,7,0.7,-28.63
1103,US-2018-145863,4/21/2018,4/27/2018,Tarif normal,RP-19390,Resi Pölking,Grand public,États-Unis,Houston,Texas,USCA - Centre,OFF-BI-10004140,Fournitures de bureau,Classeurs,Avery Non-Stick Binders,2.69,3,0.8,-4.71
1104,US-2018-145863,4/21/2018,4/27/2018,Tarif normal,RP-19390,Resi Pölking,Grand public,États-Unis,Houston,Texas,USCA - Centre,OFF-BI-10002049,Fournitures de bureau,Classeurs,UniKeep View Case Binders,2.93,3,0.8,-4.99
1114,US-2018-140585,12/18/2018,12/23/2018,J+2,RA-19915,Russell Applegate,Grand public,États-Unis,Encinitas,Californie,USCA - Ouest,OFF-BI-10003364,Fournitures de bureau,Classeurs,Binding Machine Supplies,46.67,2,0.2,16.34
1115,US-2018-140585,12/18/2018,12/23/2018,J+2,RA-19915,Russell Applegate,Grand public,États-Unis,Encinitas,Californie,USCA - Ouest,FUR-BO-10002206,Mobilier,Bibliothèques,"Bush Saratoga Collection 5-Shelf Bookcase, Hanover Cherry, *Special Order",119.83,1,0.2,-12.69
1116,US-2018-140585,12/18/2018,12/23/2018,J+2,RA-19915,Russell Applegate,Grand public,États-Unis,Encinitas,Californie,USCA - Ouest,TEC-AC-10003610,Produits technologiques,Accessoires,Logitech Illuminated - Keyboard,119.98,2,0,57.59
1160,US-2018-147039,6/29/2018,7/4/2018,Tarif normal,AA-10315,Alex Avila,Grand public,États-Unis,Minneapolis,Minnesota,USCA - Centre,OFF-AP-10000576,Fournitures de bureau,Électroménager,"Belkin 325VA UPS Surge Protector, 6'",362.94,3,0,90.74
1161,US-2018-147039,6/29/2018,7/4/2018,Tarif normal,AA-10315,Alex Avila,Grand public,États-Unis,Minneapolis,Minnesota,USCA - Centre,OFF-BI-10004654,Fournitures de bureau,Classeurs,Avery Binding System Hidden Tab Executive Style Index Sets,11.54,2,0,5.77
1168,US-2018-145226,12/8/2018,12/10/2018,J+2,DL-13315,Delfina Latchford,Grand public,États-Unis,New York City,New York,USCA - Est,FUR-FU-10004952,Mobilier,Meubles,"C-Line Cubicle Keepers Polyproplyene Holder w/Velcro Back, 8-1/2x11, 25/Bx",109.48,2,0,33.94
1169,US-2018-145226,12/8/2018,12/10/2018,J+2,DL-13315,Delfina Latchford,Grand public,États-Unis,New York City,New York,USCA - Est,OFF-ST-10004123,Fournitures de bureau,Stockage,Safco Industrial Wire Shelving System,272.94,3,0,0
1170,US-2018-145226,12/8/2018,12/10/2018,J+2,DL-13315,Delfina Latchford,Grand public,États-Unis,New York City,New York,USCA - Est,OFF-PA-10003172,Fournitures de bureau,Papier,Xerox 1996,19.44,3,0,9.33
1171,US-2018-145226,12/8/2018,12/10/2018,J+2,DL-13315,Delfina Latchford,Grand public,États-Unis,New York City,New York,USCA - Est,OFF-ST-10002352,Fournitures de bureau,Stockage,Iris Project Case,31.92,4,0,8.3
1183,US-2018-138779,1/14/2018,1/15/2018,Prioritaire,RB-19570,Rob Beeghly,Grand public,États-Unis,Jacksonville,Caroline du Nord,USCA - Sud,OFF-EN-10002504,Fournitures de bureau,Enveloppes,"Tyvek  Top-Opening Peel & Seel Envelopes, Plain White",21.74,1,0.2,7.34
1184,US-2018-138779,1/14/2018,1/15/2018,Prioritaire,RB-19570,Rob Beeghly,Grand public,États-Unis,Jacksonville,Caroline du Nord,USCA - Sud,TEC-PH-10003655,Produits technologiques,Téléphones,Sannysis Cute Owl Design Soft Skin Case Cover for Samsung Galaxy S4,7.92,5,0.2,0.69
1189,US-2018-117212,2/26/2018,2/28/2018,J+2,BT-11530,Bradley Talbott,Bureau à domicile,États-Unis,Los Angeles,Californie,USCA - Ouest,OFF-AP-10004532,Fournitures de bureau,Électroménager,Kensington 6 Outlet Guardian Standard Surge Protector,81.92,4,0,22.12
1190,US-2018-117212,2/26/2018,2/28/2018,J+2,BT-11530,Bradley Talbott,Bureau à domicile,États-Unis,Los Angeles,Californie,USCA - Ouest,TEC-PH-10004447,Produits technologiques,Téléphones,Toshiba IPT2010-SD IP Telephone,889.54,8,0.2,66.72
1191,US-2018-117212,2/26/2018,2/28/2018,J+2,BT-11530,Bradley Talbott,Bureau à domicile,États-Unis,Los Angeles,Californie,USCA - Ouest,FUR-CH-10003973,Mobilier,Chaises,GuestStacker Chair with Chrome Finish Legs,892.22,3,0.2,89.22
1192,US-2018-117212,2/26/2018,2/28/2018,J+2,BT-11530,Bradley Talbott,Bureau à domicile,États-Unis,Los Angeles,Californie,USCA - Ouest,OFF-PA-10001970,Fournitures de bureau,Papier,Xerox 1908,223.92,4,0,109.72
1193,US-2018-117212,2/26/2018,2/28/2018,J+2,BT-11530,Bradley Talbott,Bureau à domicile,États-Unis,Los Angeles,Californie,USCA - Ouest,OFF-PA-10000682,Fournitures de bureau,Papier,Xerox 1924,23.12,4,0,11.33
1206,US-2018-133235,8/1/2018,8/4/2018,Prioritaire,LH-16750,Larry Hughes,Grand public,États-Unis,Charlotte,Caroline du Nord,USCA - Sud,TEC-PH-10002660,Produits technologiques,Téléphones,Nortel Networks T7316 E Nt8 B27,271.96,5,0.2,17
1213,US-2018-118087,9/9/2018,9/13/2018,Tarif normal,SP-20620,Stefania Perrino,Entreprise,États-Unis,Philadelphia,Pennsylvanie,USCA - Est,FUR-CH-10004860,Mobilier,Chaises,Global Low Back Tilter Chair,141.37,2,0.3,-48.47
1214,US-2018-118087,9/9/2018,9/13/2018,Tarif normal,SP-20620,Stefania Perrino,Entreprise,États-Unis,Philadelphia,Pennsylvanie,USCA - Est,OFF-BI-10002432,Fournitures de bureau,Classeurs,Wilson Jones Standard D-Ring Binders,3.04,2,0.7,-2.33
1215,US-2018-118087,9/9/2018,9/13/2018,Tarif normal,SP-20620,Stefania Perrino,Entreprise,États-Unis,Philadelphia,Pennsylvanie,USCA - Est,OFF-BI-10000069,Fournitures de bureau,Classeurs,"GBC Prepunched Paper, 19-Hole, for Binding Systems, 24-lb",4.5,1,0.7,-3.6
1216,US-2018-118087,9/9/2018,9/13/2018,Tarif normal,SP-20620,Stefania Perrino,Entreprise,États-Unis,Philadelphia,Pennsylvanie,USCA - Est,OFF-AR-10003602,Fournitures de bureau,Art,"Quartet Omega Colored Chalk, 12/Pack",4.67,1,0.2,1.58
1217,US-2018-118087,9/9/2018,9/13/2018,Tarif normal,SP-20620,Stefania Perrino,Entreprise,États-Unis,Philadelphia,Pennsylvanie,USCA - Est,TEC-AC-10004469,Produits technologiques,Accessoires,Microsoft Sculpt Comfort Mouse,95.88,3,0.2,28.76
1218,US-2018-118087,9/9/2018,9/13/2018,Tarif normal,SP-20620,Stefania Perrino,Entreprise,États-Unis,Philadelphia,Pennsylvanie,USCA - Est,FUR-FU-10001867,Mobilier,Meubles,"Eldon Expressions Punched Metal & Wood Desk Accessories, Pewter & Cherry",17.02,2,0.2,1.7
1219,US-2018-118087,9/9/2018,9/13/2018,Tarif normal,SP-20620,Stefania Perrino,Entreprise,États-Unis,Philadelphia,Pennsylvanie,USCA - Est,TEC-AC-10003174,Produits technologiques,Accessoires,Plantronics S12 Corded Telephone Headset System,258.7,3,0.2,64.67
1220,US-2018-118087,9/9/2018,9/13/2018,Tarif normal,SP-20620,Stefania Perrino,Entreprise,États-Unis,Philadelphia,Pennsylvanie,USCA - Est,TEC-PH-10002200,Produits technologiques,Téléphones,Samsung Galaxy Note 2,1931.96,7,0.4,-386.39
1229,US-2018-100013,11/6/2018,11/11/2018,Tarif normal,ZC-21910,Zuschuss Carroll,Grand public,États-Unis,Los Angeles,Californie,USCA - Ouest,OFF-EN-10001219,Fournitures de bureau,Enveloppes,"#10- 4 1/8"" x 9 1/2"" Security-Tint Envelopes",15.28,2,0,7.49
1230,US-2018-100013,11/6/2018,11/11/2018,Tarif normal,ZC-21910,Zuschuss Carroll,Grand public,États-Unis,Los Angeles,Californie,USCA - Ouest,FUR-FU-10001424,Mobilier,Meubles,Dax Clear Box Frame,8.73,1,0,2.97
1231,US-2018-100013,11/6/2018,11/11/2018,Tarif normal,ZC-21910,Zuschuss Carroll,Grand public,États-Unis,Los Angeles,Californie,USCA - Ouest,OFF-AR-10001022,Fournitures de bureau,Art,SANFORD Liquid Accent Tank-Style Highlighters,5.68,2,0,1.76
1245,US-2018-133641,5/14/2018,5/21/2018,Tarif normal,EJ-14155,Eva Jacobs,Grand public,États-Unis,Gulfport,Mississippi,USCA - Sud,OFF-EN-10004955,Fournitures de bureau,Enveloppes,Fashion Color Clasp Envelopes,48.69,9,0,23.86
1249,US-2018-115602,12/18/2018,12/24/2018,Tarif normal,DJ-13630,Doug Jacobs,Grand public,États-Unis,New York City,New York,USCA - Est,OFF-AR-10002280,Fournitures de bureau,Art,Staples in misc. colors,38.82,6,0,17.47
1250,US-2018-115602,12/18/2018,12/24/2018,Tarif normal,DJ-13630,Doug Jacobs,Grand public,États-Unis,New York City,New York,USCA - Est,FUR-CH-10001708,Mobilier,Chaises,Office Star - Contemporary Swivel Chair with Padded Adjustable Arms and Flex Back,1141.94,9,0.1,139.57
1251,US-2018-115602,12/18/2018,12/24/2018,Tarif normal,DJ-13630,Doug Jacobs,Grand public,États-Unis,New York City,New York,USCA - Est,OFF-AP-10000891,Fournitures de bureau,Électroménager,Kensington 7 Outlet MasterPiece HOMEOFFICE Power Control Center,1704.56,13,0,511.37
1252,US-2018-115602,12/18/2018,12/24/2018,Tarif normal,DJ-13630,Doug Jacobs,Grand public,États-Unis,New York City,New York,USCA - Est,OFF-AR-10000462,Fournitures de bureau,Art,Sanford Pocket Accent Highlighters,3.2,2,0,1.38
1254,US-2018-144638,3/10/2018,3/14/2018,Tarif normal,MH-18115,Mick Hernandez,Bureau à domicile,États-Unis,Chester,Pennsylvanie,USCA - Est,OFF-AR-10003958,Fournitures de bureau,Art,Newell 337,5.25,2,0.2,0.59
1255,US-2018-144638,3/10/2018,3/14/2018,Tarif normal,MH-18115,Mick Hernandez,Bureau à domicile,États-Unis,Chester,Pennsylvanie,USCA - Est,TEC-PH-10000149,Produits technologiques,Téléphones,Cisco SPA525G2 IP Phone - Wireless,35.91,3,0.4,-8.38
1256,US-2018-144638,3/10/2018,3/14/2018,Tarif normal,MH-18115,Mick Hernandez,Bureau à domicile,États-Unis,Chester,Pennsylvanie,USCA - Est,FUR-FU-10003724,Mobilier,Meubles,Westinghouse Clip-On Gooseneck Lamps,6.7,1,0.2,0.5
1257,US-2018-144638,3/10/2018,3/14/2018,Tarif normal,MH-18115,Mick Hernandez,Bureau à domicile,États-Unis,Chester,Pennsylvanie,USCA - Est,FUR-FU-10003535,Mobilier,Meubles,Howard Miller Distant Time Traveler Alarm Clock,43.87,2,0.2,11.52
1261,US-2018-117079,10/23/2018,10/27/2018,Tarif normal,JR-15700,Jocasta Rupert,Grand public,États-Unis,Jacksonville,Floride,USCA - Sud,TEC-PH-10004586,Produits technologiques,Téléphones,Wilson SignalBoost 841262 DB PRO Amplifier Kit,863.88,3,0.2,107.99
1263,US-2018-105053,7/7/2018,7/9/2018,J+2,CS-12355,Christine Sundaresam,Grand public,États-Unis,Long Beach,New York,USCA - Est,OFF-BI-10001634,Fournitures de bureau,Classeurs,Wilson Jones Active Use Binders,17.47,3,0.2,6.33
1266,US-2018-110380,9/2/2018,9/7/2018,Tarif normal,PF-19225,Phillip Flathmann,Grand public,États-Unis,San Francisco,Californie,USCA - Ouest,OFF-AR-10000422,Fournitures de bureau,Art,Pencil and Crayon Sharpener,6.57,3,0,1.77
1269,US-2018-121412,9/23/2018,9/27/2018,Tarif normal,BG-11695,Brooke Gillingham,Entreprise,États-Unis,Louisville,Colorado,USCA - Ouest,FUR-FU-10000246,Mobilier,Meubles,Aluminum Document Frame,29.33,3,0.2,3.67
1270,US-2018-100426,6/4/2018,6/8/2018,Tarif normal,DC-12850,Dan Campbell,Grand public,États-Unis,Florence,Alabama,USCA - Sud,OFF-PA-10002870,Fournitures de bureau,Papier,"Ampad Phone Message Book, Recycled, 400 Message Capacity, 5 ¾” x 11”",12.48,2,0,5.62
1282,US-2018-122154,4/9/2018,4/11/2018,Prioritaire,SA-20830,Sue Ann Reed,Grand public,États-Unis,Jacksonville,Floride,USCA - Sud,OFF-LA-10000121,Fournitures de bureau,Étiquettes,Avery 48,15.12,3,0.2,4.91
1283,US-2018-122154,4/9/2018,4/11/2018,Prioritaire,SA-20830,Sue Ann Reed,Grand public,États-Unis,Jacksonville,Floride,USCA - Sud,OFF-BI-10002026,Fournitures de bureau,Classeurs,Avery Arch Ring Binders,17.43,1,0.7,-13.36
1284,US-2018-122154,4/9/2018,4/11/2018,Prioritaire,SA-20830,Sue Ann Reed,Grand public,États-Unis,Jacksonville,Floride,USCA - Sud,OFF-PA-10000994,Fournitures de bureau,Papier,Xerox 1915,251.64,3,0.2,88.07
1297,US-2018-115427,9/21/2018,9/25/2018,Tarif normal,EB-13975,Erica Bern,Entreprise,États-Unis,Fairfield,Californie,USCA - Ouest,OFF-BI-10002103,Fournitures de bureau,Classeurs,"Cardinal Slant-D Ring Binder, Heavy Gauge Vinyl",13.9,2,0.2,4.52
1298,US-2018-115427,9/21/2018,9/25/2018,Tarif normal,EB-13975,Erica Bern,Entreprise,États-Unis,Fairfield,Californie,USCA - Ouest,OFF-BI-10004632,Fournitures de bureau,Classeurs,GBC Binding covers,20.72,2,0.2,6.48
1304,US-2018-126179,7/3/2018,7/7/2018,Tarif normal,CS-12460,Chuck Sachs,Grand public,États-Unis,Columbus,Géorgie,USCA - Sud,FUR-FU-10002554,Mobilier,Meubles,"Westinghouse Floor Lamp with Metal Mesh Shade, Black",23.99,1,0,5.52
1305,US-2018-126179,7/3/2018,7/7/2018,Tarif normal,CS-12460,Chuck Sachs,Grand public,États-Unis,Columbus,Géorgie,USCA - Sud,TEC-PH-10001557,Produits technologiques,Téléphones,Pyle PMP37LED,287.97,3,0,77.75
1318,US-2018-157651,12/10/2018,12/14/2018,Tarif normal,HA-14920,Helen Andreada,Grand public,États-Unis,Philadelphia,Pennsylvanie,USCA - Est,TEC-AC-10003116,Produits technologiques,Accessoires,Memorex Froggy Flash Drive 8 GB,14.2,1,0.2,3.37
1321,US-2018-167703,2/3/2018,2/8/2018,Tarif normal,MC-17575,Matt Collins,Grand public,États-Unis,Cincinnati,Ohio,USCA - Est,OFF-BI-10002071,Fournitures de bureau,Classeurs,Fellowes Black Plastic Comb Bindings,5.23,3,0.7,-4.18
1322,US-2018-167703,2/3/2018,2/8/2018,Tarif normal,MC-17575,Matt Collins,Grand public,États-Unis,Cincinnati,Ohio,USCA - Est,OFF-ST-10001490,Fournitures de bureau,Stockage,"Hot File 7-Pocket, Floor Stand",285.55,2,0.2,35.69
1323,US-2018-121804,3/3/2018,3/8/2018,Tarif normal,LP-17095,Liz Preis,Grand public,États-Unis,Murray,Kentucky,USCA - Sud,OFF-AP-10004859,Fournitures de bureau,Électroménager,Acco 6 Outlet Guardian Premium Surge Suppressor,72.8,5,0,19.66
1324,US-2018-162635,10/9/2018,10/10/2018,Prioritaire,EB-14170,Evan Bailliet,Grand public,États-Unis,Wilmington,Caroline du Nord,USCA - Sud,OFF-PA-10002659,Fournitures de bureau,Papier,Avoid Verbal Orders Carbonless Minifold Book,10.82,4,0.2,3.52
1329,US-2018-106033,10/15/2018,10/18/2018,J+2,FG-14260,Frank Gastineau,Bureau à domicile,États-Unis,San Francisco,Californie,USCA - Ouest,OFF-AR-10002818,Fournitures de bureau,Art,Panasonic KP-310 Heavy-Duty Electric Pencil Sharpener,87.92,4,0,26.38
1331,US-2018-127705,6/2/2018,6/6/2018,Tarif normal,AB-10255,Alejandro Ballentine,Bureau à domicile,États-Unis,Lorain,Ohio,USCA - Est,TEC-PH-10000347,Produits technologiques,Téléphones,Cush Cases Heavy Duty Rugged Cover Case for Samsung Galaxy S5 - Purple,2.97,1,0.4,-0.64
1332,US-2018-127705,6/2/2018,6/6/2018,Tarif normal,AB-10255,Alejandro Ballentine,Bureau à domicile,États-Unis,Lorain,Ohio,USCA - Est,OFF-ST-10004507,Fournitures de bureau,Stockage,Advantus Rolling Storage Box,27.44,2,0.2,2.4
1337,US-2018-123281,4/2/2018,4/7/2018,Tarif normal,JF-15190,Jamie Frazer,Grand public,États-Unis,Los Angeles,Californie,USCA - Ouest,FUR-FU-10003724,Mobilier,Meubles,Westinghouse Clip-On Gooseneck Lamps,25.11,3,0,6.53
1338,US-2018-100524,12/21/2018,12/24/2018,J+2,CM-12115,Chad McGuire,Grand public,États-Unis,New York City,New York,USCA - Est,FUR-FU-10004018,Mobilier,Meubles,Tensor Computer Mounted Lamp,29.78,2,0,8.04
1339,US-2018-100524,12/21/2018,12/24/2018,J+2,CM-12115,Chad McGuire,Grand public,États-Unis,New York City,New York,USCA - Est,TEC-PH-10002549,Produits technologiques,Téléphones,Polycom SoundPoint IP 450 VoIP phone,677.58,3,0,176.17
1340,US-2018-100524,12/21/2018,12/24/2018,J+2,CM-12115,Chad McGuire,Grand public,États-Unis,New York City,New York,USCA - Est,OFF-PA-10004911,Fournitures de bureau,Papier,"Rediform S.O.S. 1-Up Phone Message Bk, 4-1/4x3-1/16 Bk, 1 Form/Pg, 40 Messages/Bk, 3/Pk",75.04,8,0,36.02
1341,US-2018-113481,1/2/2018,1/4/2018,Prioritaire,AS-10045,Aaron Smayling,Entreprise,États-Unis,Jacksonville,Caroline du Nord,USCA - Sud,TEC-MA-10002178,Produits technologiques,Machines,Cisco CP-7937G Unified IP Conference Station Phone,695.7,2,0.5,-27.83
1342,US-2018-113481,1/2/2018,1/4/2018,Prioritaire,AS-10045,Aaron Smayling,Entreprise,États-Unis,Jacksonville,Caroline du Nord,USCA - Sud,OFF-BI-10003694,Fournitures de bureau,Classeurs,"Avery 3 1/2"" Diskette Storage Pages, 10/Pack",15.66,5,0.7,-12.53
1343,US-2018-113481,1/2/2018,1/4/2018,Prioritaire,AS-10045,Aaron Smayling,Entreprise,États-Unis,Jacksonville,Caroline du Nord,USCA - Sud,OFF-BI-10000474,Fournitures de bureau,Classeurs,Avery Recycled Flexi-View Covers for Binding Systems,28.85,6,0.7,-21.16
1353,US-2018-162978,5/4/2018,5/9/2018,Tarif normal,LW-16990,Lindsay Williams,Entreprise,États-Unis,San Francisco,Californie,USCA - Ouest,TEC-PH-10003092,Produits technologiques,Téléphones,Motorola L804,183.96,5,0.2,20.7
1354,US-2018-162978,5/4/2018,5/9/2018,Tarif normal,LW-16990,Lindsay Williams,Entreprise,États-Unis,San Francisco,Californie,USCA - Ouest,OFF-PA-10002250,Fournitures de bureau,Papier,Things To Do Today Pad,17.61,3,0,8.45
1355,US-2018-162978,5/4/2018,5/9/2018,Tarif normal,LW-16990,Lindsay Williams,Entreprise,États-Unis,San Francisco,Californie,USCA - Ouest,FUR-TA-10003473,Mobilier,Tables,Bretford Rectangular Conference Table Tops,300.9,1,0.2,11.28
1359,US-2018-160045,4/26/2018,4/27/2018,Prioritaire,LB-16735,Larry Blacks,Grand public,États-Unis,Fort Worth,Texas,USCA - Centre,FUR-FU-10000010,Mobilier,Meubles,"DAX Value U-Channel Document Frames, Easel Back",1.99,1,0.6,-1.44
1361,US-2018-125199,10/19/2018,10/25/2018,Tarif normal,HM-14860,Harry Marie,Entreprise,États-Unis,Philadelphia,Pennsylvanie,USCA - Est,OFF-AR-10002956,Fournitures de bureau,Art,Boston 16801 Nautilus Battery Pencil Sharpener,123.26,7,0.2,9.24
1362,US-2018-125199,10/19/2018,10/25/2018,Tarif normal,HM-14860,Harry Marie,Entreprise,États-Unis,Philadelphia,Pennsylvanie,USCA - Est,OFF-PA-10004041,Fournitures de bureau,Papier,"It's Hot Message Books with Stickers, 2 3/4"" x 5""",23.68,4,0.2,7.4
1363,US-2018-125199,10/19/2018,10/25/2018,Tarif normal,HM-14860,Harry Marie,Entreprise,États-Unis,Philadelphia,Pennsylvanie,USCA - Est,TEC-PH-10001336,Produits technologiques,Téléphones,Digium D40 VoIP phone,309.58,4,0.4,-56.76
1364,US-2018-155425,11/10/2018,11/11/2018,Prioritaire,AB-10600,Ann Blume,Entreprise,États-Unis,Tucson,Arizona,USCA - Ouest,OFF-BI-10001036,Fournitures de bureau,Classeurs,Cardinal EasyOpen D-Ring Binders,38.39,14,0.7,-25.59
1365,US-2018-155425,11/10/2018,11/11/2018,Prioritaire,AB-10600,Ann Blume,Entreprise,États-Unis,Tucson,Arizona,USCA - Ouest,TEC-MA-10003183,Produits technologiques,Machines,DYMO CardScan Personal V9 Business Card Scanner,95.99,2,0.7,-64
1366,US-2018-155425,11/10/2018,11/11/2018,Prioritaire,AB-10600,Ann Blume,Entreprise,États-Unis,Tucson,Arizona,USCA - Ouest,TEC-AC-10001314,Produits technologiques,Accessoires,Case Logic 2.4GHz Wireless Keyboard,239.95,6,0.2,-35.99
1367,US-2018-155425,11/10/2018,11/11/2018,Prioritaire,AB-10600,Ann Blume,Entreprise,États-Unis,Tucson,Arizona,USCA - Ouest,TEC-PH-10002563,Produits technologiques,Téléphones,Adtran 1202752G1,201.58,2,0.2,15.12
1368,US-2018-155425,11/10/2018,11/11/2018,Prioritaire,AB-10600,Ann Blume,Entreprise,États-Unis,Tucson,Arizona,USCA - Ouest,FUR-CH-10003312,Mobilier,Chaises,Hon 2090 “Pillow Soft” Series Mid Back Swivel/Tilt Chairs,899.14,4,0.2,-146.11
1369,US-2018-133249,7/8/2018,7/11/2018,Prioritaire,SZ-20035,Sam Zeldin,Bureau à domicile,États-Unis,Pico Rivera,Californie,USCA - Ouest,FUR-FU-10001588,Mobilier,Meubles,"Deflect-o SuperTray Unbreakable Stackable Tray, Letter, Black",145.9,5,0,62.74
1372,US-2018-136672,3/7/2018,3/12/2018,Tarif normal,MG-17890,Michael Granlund,Bureau à domicile,États-Unis,Clinton,Maryland,USCA - Est,TEC-AC-10004510,Produits technologiques,Accessoires,Logitech Desktop MK120 Mouse and keyboard Combo,49.08,3,0,4.91
1394,US-2018-124828,7/3/2018,7/4/2018,Prioritaire,YS-21880,Yana Sorensen,Entreprise,États-Unis,Burlington,Caroline du Nord,USCA - Sud,OFF-AR-10003514,Fournitures de bureau,Art,4009 Highlighters by Sanford,9.55,3,0.2,1.55
1395,US-2018-117247,10/9/2018,10/14/2018,Tarif normal,CK-12760,Cyma Kinney,Entreprise,États-Unis,Aurora,Illinois,USCA - Centre,FUR-TA-10002958,Mobilier,Tables,"Bevis Oval Conference Table, Walnut",652.45,5,0.5,-430.62
1396,US-2018-117247,10/9/2018,10/14/2018,Tarif normal,CK-12760,Cyma Kinney,Entreprise,États-Unis,Aurora,Illinois,USCA - Centre,FUR-TA-10001676,Mobilier,Tables,Hon 61000 Series Interactive Training Tables,66.65,3,0.5,-42.65
1411,US-2018-105144,11/4/2018,11/11/2018,Tarif normal,SZ-20035,Sam Zeldin,Bureau à domicile,États-Unis,Grand Prairie,Texas,USCA - Centre,OFF-LA-10003923,Fournitures de bureau,Étiquettes,Alphabetical Labels for Top Tab Filing,23.68,2,0.2,8.88
1415,US-2018-115994,1/28/2018,1/31/2018,J+2,BT-11305,Beth Thompson,Bureau à domicile,États-Unis,Costa Mesa,Californie,USCA - Ouest,TEC-AC-10000580,Produits technologiques,Accessoires,Logitech G13 Programmable Gameboard with LCD Display,239.97,3,0,26.4
1416,US-2018-115994,1/28/2018,1/31/2018,J+2,BT-11305,Beth Thompson,Bureau à domicile,États-Unis,Costa Mesa,Californie,USCA - Ouest,FUR-FU-10003976,Mobilier,Meubles,"DAX Executive Solid Wood Document Frame, Desktop or Hang, Mahogany, 5 x 7",37.74,3,0,12.83
1431,US-2018-122700,11/26/2018,11/29/2018,Tarif normal,LT-17110,Liz Thompson,Grand public,États-Unis,Columbus,Ohio,USCA - Est,TEC-PH-10003092,Produits technologiques,Téléphones,Motorola L804,220.75,8,0.4,-40.47
1436,US-2018-106852,6/20/2018,6/27/2018,Tarif normal,ST-20530,Shui Tom,Grand public,États-Unis,Parma,Ohio,USCA - Est,OFF-PA-10001639,Fournitures de bureau,Papier,Xerox 203,31.1,6,0.2,10.89
1437,US-2018-106852,6/20/2018,6/27/2018,Tarif normal,ST-20530,Shui Tom,Grand public,États-Unis,Parma,Ohio,USCA - Est,OFF-AR-10003829,Fournitures de bureau,Art,Newell 35,5.25,2,0.2,0.59
1440,US-2018-122735,4/12/2018,4/15/2018,J+2,BD-11320,Bill Donatelli,Grand public,États-Unis,Providence,Rhode Island,USCA - Est,OFF-BI-10004364,Fournitures de bureau,Classeurs,Storex Dura Pro Binders,29.7,5,0,13.37
1441,US-2018-122735,4/12/2018,4/15/2018,J+2,BD-11320,Bill Donatelli,Grand public,États-Unis,Providence,Rhode Island,USCA - Est,OFF-PA-10001712,Fournitures de bureau,Papier,Xerox 1948,39.96,4,0,17.98
1442,US-2018-128160,12/19/2018,12/24/2018,J+2,MM-17920,Michael Moore,Grand public,États-Unis,San Francisco,Californie,USCA - Ouest,OFF-BI-10001510,Fournitures de bureau,Classeurs,Deluxe Heavy-Duty Vinyl Round Ring Binder,36.67,2,0.2,11.46
1443,US-2018-117695,8/5/2018,8/8/2018,Prioritaire,PW-19030,Pauline Webber,Entreprise,États-Unis,Richmond,Kentucky,USCA - Sud,OFF-PA-10002713,Fournitures de bureau,Papier,"Adams Phone Message Book, 200 Message Capacity, 8 1/16” x 11”",13.76,2,0,6.33
1446,US-2018-102337,6/13/2018,6/16/2018,Prioritaire,SD-20485,Shirley Daniels,Bureau à domicile,États-Unis,Chicago,Illinois,USCA - Centre,OFF-ST-10004804,Fournitures de bureau,Stockage,"Belkin 19"" Vented Equipment Shelf, Black",164.74,4,0.2,-39.12
1447,US-2018-102337,6/13/2018,6/16/2018,Prioritaire,SD-20485,Shirley Daniels,Bureau à domicile,États-Unis,Chicago,Illinois,USCA - Centre,FUR-CH-10004289,Mobilier,Chaises,Global Super Steno Chair,470.3,7,0.3,-87.34
1448,US-2018-102337,6/13/2018,6/16/2018,Prioritaire,SD-20485,Shirley Daniels,Bureau à domicile,États-Unis,Chicago,Illinois,USCA - Centre,TEC-PH-10002564,Produits technologiques,Téléphones,OtterBox Defender Series Case - Samsung Galaxy S4,47.98,2,0.2,6
1456,US-2018-148474,6/12/2018,6/19/2018,Tarif normal,ME-17320,Maria Etezadi,Bureau à domicile,États-Unis,Columbus,Géorgie,USCA - Sud,OFF-BI-10000977,Fournitures de bureau,Classeurs,Ibico Plastic Spiral Binding Combs,91.2,3,0,41.95
1457,US-2018-148474,6/12/2018,6/19/2018,Tarif normal,ME-17320,Maria Etezadi,Bureau à domicile,États-Unis,Columbus,Géorgie,USCA - Sud,FUR-TA-10002530,Mobilier,Tables,"Iceberg OfficeWorks 42"" Round Tables",452.94,3,0,67.94
1469,US-2018-139199,12/9/2018,12/13/2018,Tarif normal,DK-12835,Damala Kotsonis,Entreprise,États-Unis,Detroit,Michigan,USCA - Centre,FUR-CH-10000847,Mobilier,Chaises,Global Executive Mid-Back Manager's Chair,872.94,3,0,226.96
1470,US-2018-139199,12/9/2018,12/13/2018,Tarif normal,DK-12835,Damala Kotsonis,Entreprise,États-Unis,Detroit,Michigan,USCA - Centre,OFF-BI-10003982,Fournitures de bureau,Classeurs,Wilson Jones Century Plastic Molded Ring Binders,41.54,2,0,19.52
1471,US-2018-139199,12/9/2018,12/13/2018,Tarif normal,DK-12835,Damala Kotsonis,Entreprise,États-Unis,Detroit,Michigan,USCA - Centre,OFF-PA-10001293,Fournitures de bureau,Papier,Xerox 1946,12.96,2,0,6.22
1473,US-2018-164959,7/11/2018,7/15/2018,Tarif normal,KN-16390,Katherine Nockton,Entreprise,États-Unis,Los Angeles,Californie,USCA - Ouest,OFF-LA-10004272,Fournitures de bureau,Étiquettes,Avery 482,8.67,3,0,4.07
1477,US-2018-104955,3/19/2018,3/24/2018,Tarif normal,CG-12040,Catherine Glotzbach,Bureau à domicile,États-Unis,New York City,New York,USCA - Est,OFF-LA-10003121,Fournitures de bureau,Étiquettes,Avery 506,28.91,7,0,13.3
1479,US-2018-121468,11/19/2018,11/20/2018,Prioritaire,KD-16345,Katherine Ducich,Grand public,États-Unis,Westminster,Californie,USCA - Ouest,TEC-PH-10000376,Produits technologiques,Téléphones,Square Credit Card Reader,31.97,4,0.2,2.4
1483,US-2018-101210,8/25/2018,8/28/2018,J+2,DW-13540,Don Weiss,Grand public,États-Unis,Jackson,Tennessee,USCA - Sud,OFF-AR-10003560,Fournitures de bureau,Art,Zebra Zazzle Fluorescent Highlighters,9.73,2,0.2,1.7
1484,US-2018-101210,8/25/2018,8/28/2018,J+2,DW-13540,Don Weiss,Grand public,États-Unis,Jackson,Tennessee,USCA - Sud,OFF-PA-10000130,Fournitures de bureau,Papier,Xerox 199,3.42,1,0.2,1.07
1491,US-2018-151911,1/20/2018,1/23/2018,J+2,DL-13495,Dionis Lloyd,Entreprise,États-Unis,New York City,New York,USCA - Est,OFF-EN-10002986,Fournitures de bureau,Enveloppes,"#10-4 1/8"" x 9 1/2"" Premium Diagonal Seam Envelopes",62.96,4,0,28.33
1492,US-2018-166436,11/24/2018,11/28/2018,Tarif normal,TS-21370,Todd Sumrall,Entreprise,États-Unis,New York City,New York,USCA - Est,OFF-PA-10001838,Fournitures de bureau,Papier,"Adams Telephone Message Book W/Dividers/Space For Phone Numbers, 5 1/4""X8 1/2"", 300/Messages",5.88,1,0,2.88
1493,US-2018-166436,11/24/2018,11/28/2018,Tarif normal,TS-21370,Todd Sumrall,Entreprise,États-Unis,New York City,New York,USCA - Est,FUR-CH-10000785,Mobilier,Chaises,Global Ergonomic Managers Chair,977.29,6,0.1,173.74
1494,US-2018-139661,7/22/2018,7/25/2018,Tarif normal,JW-15220,Jane Waco,Entreprise,États-Unis,Vancouver,Washington,USCA - Ouest,FUR-FU-10002885,Mobilier,Meubles,Magna Visual Magnetic Picture Hangers,9.64,2,0,3.66
1496,US-2018-152485,9/4/2018,9/8/2018,Tarif normal,JD-15790,John Dryer,Grand public,États-Unis,Coppell,Texas,USCA - Centre,OFF-AR-10003759,Fournitures de bureau,Art,"Crayola Anti Dust Chalk, 12/Pack",10.19,7,0.2,3.19
1497,US-2018-152485,9/4/2018,9/8/2018,Tarif normal,JD-15790,John Dryer,Grand public,États-Unis,Coppell,Texas,USCA - Centre,OFF-ST-10004950,Fournitures de bureau,Stockage,Acco Perma 3000 Stacking Storage Drawers,16.78,1,0.2,-0.21
1498,US-2018-152485,9/4/2018,9/8/2018,Tarif normal,JD-15790,John Dryer,Grand public,États-Unis,Coppell,Texas,USCA - Centre,OFF-AR-10001940,Fournitures de bureau,Art,"Sanford Colorific Eraseable Coloring Pencils, 12 Count",13.12,5,0.2,3.77
1500,US-2018-130386,11/12/2018,11/18/2018,Tarif normal,NG-18430,Nathan Gelder,Grand public,États-Unis,Austin,Texas,USCA - Centre,OFF-PA-10002749,Fournitures de bureau,Papier,"Wirebound Message Books, 5-1/2 x 4 Forms, 2 or 4 Forms per Page",16.06,3,0.2,5.82
1501,US-2018-130386,11/12/2018,11/18/2018,Tarif normal,NG-18430,Nathan Gelder,Grand public,États-Unis,Austin,Texas,USCA - Centre,OFF-PA-10003823,Fournitures de bureau,Papier,Xerox 197,223.06,9,0.2,69.71
1502,US-2018-130386,11/12/2018,11/18/2018,Tarif normal,NG-18430,Nathan Gelder,Grand public,États-Unis,Austin,Texas,USCA - Centre,OFF-ST-10003716,Fournitures de bureau,Stockage,Tennsco Double-Tier Lockers,540.05,3,0.2,-47.25
1507,US-2018-154935,12/24/2018,12/29/2018,Tarif normal,AR-10540,Andy Reiter,Grand public,États-Unis,New York City,New York,USCA - Est,OFF-BI-10003708,Fournitures de bureau,Classeurs,"Acco Four Pocket Poly Ring Binder with Label Holder, Smoke, 1""",17.88,3,0.2,5.59
1509,US-2018-108294,12/10/2018,12/10/2018,Le même jour,LS-16975,Lindsay Shagiari,Bureau à domicile,États-Unis,Omaha,Nebraska,USCA - Centre,OFF-BI-10004965,Fournitures de bureau,Classeurs,Ibico Covers for Plastic or Wire Binding Elements,34.5,3,0,15.53
1510,US-2018-103611,9/12/2018,9/15/2018,Prioritaire,JM-15535,Jessica Myrick,Grand public,États-Unis,Los Angeles,Californie,USCA - Ouest,FUR-FU-10004270,Mobilier,Meubles,"Eldon Image Series Desk Accessories, Burgundy",8.36,2,0,3.01
1511,US-2018-100384,6/24/2018,7/1/2018,Tarif normal,NH-18610,Nicole Hansen,Entreprise,États-Unis,Pomona,Californie,USCA - Ouest,OFF-AR-10002135,Fournitures de bureau,Art,Boston Heavy-Duty Trimline Electric Pencil Sharpeners,385.6,8,0,111.82
1512,US-2018-100384,6/24/2018,7/1/2018,Tarif normal,NH-18610,Nicole Hansen,Entreprise,États-Unis,Pomona,Californie,USCA - Ouest,OFF-AR-10003514,Fournitures de bureau,Art,4009 Highlighters by Sanford,35.82,9,0,11.82
1513,US-2018-112809,8/18/2018,8/22/2018,Tarif normal,RA-19915,Russell Applegate,Grand public,États-Unis,Dallas,Texas,USCA - Centre,OFF-ST-10002276,Fournitures de bureau,Stockage,Safco Steel Mobile File Cart,200.06,3,0.2,12.5
1514,US-2018-112809,8/18/2018,8/22/2018,Tarif normal,RA-19915,Russell Applegate,Grand public,États-Unis,Dallas,Texas,USCA - Centre,OFF-BI-10001098,Fournitures de bureau,Classeurs,Acco D-Ring Binder w/DublLock,21.38,5,0.8,-33.14
1515,US-2018-112809,8/18/2018,8/22/2018,Tarif normal,RA-19915,Russell Applegate,Grand public,États-Unis,Dallas,Texas,USCA - Centre,OFF-BI-10001636,Fournitures de bureau,Classeurs,Ibico Plastic and Wire Spiral Binding Combs,6.74,4,0.8,-11.46
1516,US-2018-160759,12/11/2018,12/17/2018,Tarif normal,AI-10855,Arianne Irving,Grand public,États-Unis,Philadelphia,Pennsylvanie,USCA - Est,FUR-CH-10002961,Mobilier,Chaises,"Leather Task Chair, Black",63.69,1,0.3,-9.1
1517,US-2018-148446,12/10/2018,12/14/2018,J+2,MC-17845,Michael Chen,Grand public,États-Unis,North Las Vegas,Nevada,USCA - Ouest,FUR-TA-10004256,Mobilier,Tables,Bretford “Just In Time” Height-Adjustable Multi-Task Work Tables,1669.6,4,0,116.87
1520,US-2018-116204,2/11/2018,2/14/2018,J+2,VW-21775,Victoria Wilson,Entreprise,États-Unis,San Francisco,Californie,USCA - Ouest,OFF-BI-10001759,Fournitures de bureau,Classeurs,"Acco Pressboard Covers with Storage Hooks, 14 7/8"" x 11"", Dark Blue",21.34,7,0.2,7.73
1521,US-2018-109946,4/16/2018,4/21/2018,Tarif normal,PL-18925,Paul Lucas,Bureau à domicile,États-Unis,Chicago,Illinois,USCA - Centre,OFF-AR-10001419,Fournitures de bureau,Art,Newell 325,16.52,5,0.2,2.07
1532,US-2018-159884,5/23/2018,5/26/2018,Tarif normal,JF-15490,Jeremy Farry,Grand public,États-Unis,Tempe,Arizona,USCA - Ouest,OFF-ST-10000344,Fournitures de bureau,Stockage,"Neat Ideas Personal Hanging Folder Files, Black",10.74,1,0.2,0.81
1533,US-2018-159884,5/23/2018,5/26/2018,Tarif normal,JF-15490,Jeremy Farry,Grand public,États-Unis,Tempe,Arizona,USCA - Ouest,OFF-FA-10000585,Fournitures de bureau,Éléments de fixation,OIC Bulk Pack Metal Binder Clips,8.38,3,0.2,2.72
1535,US-2018-124086,2/10/2018,2/14/2018,Tarif normal,MP-18175,Mike Pelletier,Bureau à domicile,États-Unis,Laguna Niguel,Californie,USCA - Ouest,FUR-BO-10004015,Mobilier,Bibliothèques,"Bush Andora Bookcase, Maple/Graphite Gray Finish",203.98,2,0.2,16.8
1538,US-2018-121888,9/15/2018,9/17/2018,J+2,CL-11890,Carl Ludwig,Grand public,États-Unis,Everett,Massachusetts,USCA - Est,TEC-PH-10000439,Produits technologiques,Téléphones,GE DSL Phone Line Filter,39.99,1,0,11.6
1539,US-2018-121888,9/15/2018,9/17/2018,J+2,CL-11890,Carl Ludwig,Grand public,États-Unis,Everett,Massachusetts,USCA - Est,OFF-AR-10003478,Fournitures de bureau,Art,"Avery Hi-Liter EverBold Pen Style Fluorescent Highlighters, 4/Pack",16.28,2,0,6.51
1540,US-2018-121888,9/15/2018,9/17/2018,J+2,CL-11890,Carl Ludwig,Grand public,États-Unis,Everett,Massachusetts,USCA - Est,FUR-BO-10002545,Mobilier,Bibliothèques,"Atlantic Metals Mobile 3-Shelf Bookcases, Custom Colors",782.94,3,0,203.56
1541,US-2018-121888,9/15/2018,9/17/2018,J+2,CL-11890,Carl Ludwig,Grand public,États-Unis,Everett,Massachusetts,USCA - Est,OFF-BI-10001765,Fournitures de bureau,Classeurs,Wilson Jones Heavy-Duty Casebound Ring Binders with Metal Hinges,242.48,7,0,116.39
1551,US-2018-124926,11/13/2018,11/18/2018,J+2,ME-17320,Maria Etezadi,Bureau à domicile,États-Unis,Houston,Texas,USCA - Centre,OFF-AP-10004868,Fournitures de bureau,Électroménager,Hoover Commercial Soft Guard Upright Vacuum And Disposable Filtration Bags,9.32,6,0.8,-24.71
1554,US-2018-158386,10/16/2018,10/21/2018,Tarif normal,BO-11425,Bobby Odegard,Grand public,États-Unis,Richmond,Kentucky,USCA - Sud,OFF-BI-10003719,Fournitures de bureau,Classeurs,Large Capacity Hanging Post Binders,124.75,5,0,57.39
1556,US-2018-120761,9/4/2018,9/8/2018,Tarif normal,AB-10150,Aimee Bixby,Grand public,États-Unis,Long Beach,New York,USCA - Est,TEC-AC-10000171,Produits technologiques,Accessoires,"Verbatim 25 GB 6x Blu-ray Single Layer Recordable Disc, 25/Pack",91.96,4,0,39.54
1562,US-2018-107293,9/5/2018,9/6/2018,Prioritaire,CS-12400,Christopher Schild,Bureau à domicile,États-Unis,Seattle,Washington,USCA - Ouest,OFF-AR-10003732,Fournitures de bureau,Art,Newell 333,2.78,1,0,0.72
1563,US-2018-102890,3/22/2018,3/22/2018,Le même jour,SG-20470,Sheri Gordon,Grand public,États-Unis,New York City,New York,USCA - Est,FUR-TA-10000577,Mobilier,Tables,Bretford CR4500 Series Slim Rectangular Table,1044.63,5,0.4,-295.98
1569,US-2018-152002,6/11/2018,6/11/2018,Le même jour,DV-13465,Dianna Vittorini,Grand public,États-Unis,Los Angeles,Californie,USCA - Ouest,OFF-PA-10000357,Fournitures de bureau,Papier,"White Dual Perf Computer Printout Paper, 2700 Sheets, 1 Part, Heavyweight, 20 lbs., 14 7/8 x 11",122.97,3,0,60.26
1570,US-2018-165029,11/26/2018,11/29/2018,Tarif normal,AH-10075,Adam Hart,Entreprise,États-Unis,Atlanta,Géorgie,USCA - Sud,OFF-AR-10003504,Fournitures de bureau,Art,Newell 347,12.84,3,0,3.72
1596,US-2018-149181,5/8/2018,5/12/2018,Tarif normal,MD-17350,Maribeth Dona,Grand public,États-Unis,Columbus,Ohio,USCA - Est,FUR-CH-10004540,Mobilier,Chaises,Global Chrome Stack Chair,47.99,2,0.3,-2.06
1597,US-2018-132234,10/16/2018,10/18/2018,Prioritaire,MY-17380,Maribeth Yedwab,Entreprise,États-Unis,New York City,New York,USCA - Est,FUR-FU-10001290,Mobilier,Meubles,Executive Impressions Supervisor Wall Clock,547.3,13,0,175.14
1598,US-2018-158876,11/19/2018,11/21/2018,J+2,AB-10150,Aimee Bixby,Grand public,États-Unis,Carrollton,Texas,USCA - Centre,OFF-PA-10000308,Fournitures de bureau,Papier,Xerox 1901,16.9,4,0.2,5.28
1599,US-2018-158876,11/19/2018,11/21/2018,J+2,AB-10150,Aimee Bixby,Grand public,États-Unis,Carrollton,Texas,USCA - Centre,OFF-SU-10001165,Fournitures de bureau,Fournitures,Acme Elite Stainless Steel Scissors,6.67,1,0.2,0.5
1600,US-2018-158876,11/19/2018,11/21/2018,J+2,AB-10150,Aimee Bixby,Grand public,États-Unis,Carrollton,Texas,USCA - Centre,OFF-AR-10003373,Fournitures de bureau,Art,"Boston School Pro Electric Pencil Sharpener, 1670",99.14,4,0.2,8.67
1601,US-2018-158876,11/19/2018,11/21/2018,J+2,AB-10150,Aimee Bixby,Grand public,États-Unis,Carrollton,Texas,USCA - Centre,FUR-FU-10001967,Mobilier,Meubles,Telescoping Adjustable Floor Lamp,15.99,2,0.6,-13.99
1604,US-2018-116645,8/22/2018,8/25/2018,Tarif normal,ME-17725,Max Engle,Grand public,États-Unis,Newark,Delaware,USCA - Est,OFF-AR-10001044,Fournitures de bureau,Art,"BOSTON Ranger #55 Pencil Sharpener, Black",155.94,6,0,45.22
1614,US-2018-138380,12/21/2018,12/25/2018,Tarif normal,YS-21880,Yana Sorensen,Entreprise,États-Unis,Oakland,Californie,USCA - Ouest,OFF-ST-10003306,Fournitures de bureau,Stockage,Letter Size Cart,1000.02,7,0,290.01
1621,US-2018-108560,7/8/2018,7/15/2018,Tarif normal,JC-15385,Jenna Caffey,Grand public,États-Unis,Kent,Washington,USCA - Ouest,FUR-FU-10002937,Mobilier,Meubles,"GE 48"" Fluorescent Tube, Cool White Energy Saver, 34 Watts, 30/Box",198.46,2,0,99.23
1622,US-2018-108560,7/8/2018,7/15/2018,Tarif normal,JC-15385,Jenna Caffey,Grand public,États-Unis,Kent,Washington,USCA - Ouest,OFF-LA-10003930,Fournitures de bureau,Étiquettes,"Dot Matrix Printer Tape Reel Labels, White, 5000/Box",786.48,8,0,385.38
1623,US-2018-108560,7/8/2018,7/15/2018,Tarif normal,JC-15385,Jenna Caffey,Grand public,États-Unis,Kent,Washington,USCA - Ouest,OFF-BI-10001107,Fournitures de bureau,Classeurs,"GBC White Gloss Covers, Plain Front",23.17,2,0.2,7.82
1624,US-2018-108560,7/8/2018,7/15/2018,Tarif normal,JC-15385,Jenna Caffey,Grand public,États-Unis,Kent,Washington,USCA - Ouest,TEC-AC-10003063,Produits technologiques,Accessoires,Micro Innovations USB RF Wireless Keyboard with Mouse,50,2,0,10.5
1629,US-2018-101049,6/21/2018,6/25/2018,J+2,AS-10240,Alan Shonely,Grand public,États-Unis,Cleveland,Ohio,USCA - Est,FUR-FU-10004415,Mobilier,Meubles,"Stacking Tray, Side-Loading, Legal, Smoke",17.92,5,0.2,2.46
1630,US-2018-101049,6/21/2018,6/25/2018,J+2,AS-10240,Alan Shonely,Grand public,États-Unis,Cleveland,Ohio,USCA - Est,OFF-BI-10001510,Fournitures de bureau,Classeurs,Deluxe Heavy-Duty Vinyl Round Ring Binder,41.26,6,0.7,-34.38
1653,US-2018-132444,11/18/2018,11/21/2018,Prioritaire,CD-12280,Christina DeMoss,Grand public,États-Unis,Seattle,Washington,USCA - Ouest,OFF-ST-10003442,Fournitures de bureau,Stockage,Eldon Portable Mobile Manager,169.68,6,0,45.81
1654,US-2018-132444,11/18/2018,11/21/2018,Prioritaire,CD-12280,Christina DeMoss,Grand public,États-Unis,Seattle,Washington,USCA - Ouest,TEC-AC-10003832,Produits technologiques,Accessoires,Imation 16GB Mini TravelDrive USB 2.0 Flash Drive,132.52,4,0,54.33
1655,US-2018-132444,11/18/2018,11/21/2018,Prioritaire,CD-12280,Christina DeMoss,Grand public,États-Unis,Seattle,Washington,USCA - Ouest,OFF-FA-10000611,Fournitures de bureau,Éléments de fixation,Binder Clips by OIC,2.96,2,0,1.42
1656,US-2018-132444,11/18/2018,11/21/2018,Prioritaire,CD-12280,Christina DeMoss,Grand public,États-Unis,Seattle,Washington,USCA - Ouest,OFF-BI-10001116,Fournitures de bureau,Classeurs,"Wilson Jones 1"" Hanging DublLock Ring Binders",8.45,2,0.2,2.96
1657,US-2018-132444,11/18/2018,11/21/2018,Prioritaire,CD-12280,Christina DeMoss,Grand public,États-Unis,Seattle,Washington,USCA - Ouest,OFF-ST-10000563,Fournitures de bureau,Stockage,Fellowes Bankers Box Stor/Drawer Steel Plus,95.94,3,0,9.59
1659,US-2018-161809,1/20/2018,1/26/2018,Tarif normal,TH-21100,Thea Hendricks,Grand public,États-Unis,Los Angeles,Californie,USCA - Ouest,TEC-PH-10004922,Produits technologiques,Téléphones,RCA Visys Integrated PBX 8-Line Router,160.78,3,0.2,10.05
1660,US-2018-127285,7/22/2018,7/25/2018,Tarif normal,MM-18055,Michelle Moray,Grand public,États-Unis,Seattle,Washington,USCA - Ouest,OFF-BI-10004330,Fournitures de bureau,Classeurs,"GBC Velobind Prepunched Cover Sets, Regency Series",88.75,3,0.2,27.74
1661,US-2018-127285,7/22/2018,7/25/2018,Tarif normal,MM-18055,Michelle Moray,Grand public,États-Unis,Seattle,Washington,USCA - Ouest,OFF-BI-10002072,Fournitures de bureau,Classeurs,Cardinal Slant-D Ring Binders,13.9,2,0.2,5.21
1662,US-2018-144526,1/20/2018,1/23/2018,Tarif normal,QJ-19255,Quincy Jones,Entreprise,États-Unis,Philadelphia,Pennsylvanie,USCA - Est,TEC-PH-10002549,Produits technologiques,Téléphones,Polycom SoundPoint IP 450 VoIP phone,677.58,5,0.4,-158.1
1663,US-2018-144526,1/20/2018,1/23/2018,Tarif normal,QJ-19255,Quincy Jones,Entreprise,États-Unis,Philadelphia,Pennsylvanie,USCA - Est,OFF-BI-10002353,Fournitures de bureau,Classeurs,GBC VeloBind Cover Sets,13.9,3,0.7,-9.26
1671,US-2018-159457,10/19/2018,10/26/2018,Tarif normal,RD-19480,Rick Duston,Grand public,États-Unis,Houston,Texas,USCA - Centre,TEC-PH-10002185,Produits technologiques,Téléphones,QVS USB Car Charger 2-Port 2.1Amp for iPod/iPhone/iPad/iPad 2/iPad 3,16.68,3,0.2,5.21
1673,US-2018-111647,7/3/2018,7/7/2018,Tarif normal,RD-19585,Rob Dowd,Grand public,États-Unis,Plano,Texas,USCA - Centre,TEC-PH-10002726,Produits technologiques,Téléphones,netTALK DUO VoIP Telephone Service,167.97,4,0.2,62.99
1685,US-2018-149489,4/24/2018,4/27/2018,Prioritaire,DK-12835,Damala Kotsonis,Entreprise,États-Unis,Philadelphia,Pennsylvanie,USCA - Est,OFF-AP-10002495,Fournitures de bureau,Électroménager,"Acco Smartsocket Table Surge Protector, 6 Color-Coded Adapter Outlets",99.28,2,0.2,12.41
1686,US-2018-149489,4/24/2018,4/27/2018,Prioritaire,DK-12835,Damala Kotsonis,Entreprise,États-Unis,Philadelphia,Pennsylvanie,USCA - Est,OFF-BI-10002813,Fournitures de bureau,Classeurs,Avery Reinforcements for Hole-Punch Pages,1.19,2,0.7,-0.99
1687,US-2018-149489,4/24/2018,4/27/2018,Prioritaire,DK-12835,Damala Kotsonis,Entreprise,États-Unis,Philadelphia,Pennsylvanie,USCA - Est,OFF-BI-10002414,Fournitures de bureau,Classeurs,GBC ProClick Spines for 32-Hole Punch,7.52,2,0.7,-5.76
1688,US-2018-143798,12/10/2018,12/12/2018,Prioritaire,AW-10840,Anthony Witt,Grand public,États-Unis,Philadelphia,Pennsylvanie,USCA - Est,OFF-PA-10000788,Fournitures de bureau,Papier,Xerox 210,10.37,2,0.2,3.63
1689,US-2018-143798,12/10/2018,12/12/2018,Prioritaire,AW-10840,Anthony Witt,Grand public,États-Unis,Philadelphia,Pennsylvanie,USCA - Est,FUR-FU-10004306,Mobilier,Meubles,Electrix Halogen Magnifier Lamp,310.88,2,0.2,23.32
1691,US-2018-129833,12/9/2018,12/15/2018,Tarif normal,HF-14995,Herbert Flentye,Grand public,États-Unis,Indianapolis,Indiana,USCA - Centre,OFF-PA-10000575,Fournitures de bureau,Papier,"Wirebound Message Books, Four 2 3/4 x 5 White Forms per Page",33.45,5,0,15.39
1692,US-2018-129833,12/9/2018,12/15/2018,Tarif normal,HF-14995,Herbert Flentye,Grand public,États-Unis,Indianapolis,Indiana,USCA - Centre,OFF-BI-10004182,Fournitures de bureau,Classeurs,Economy Binders,10.4,5,0,5.1
1707,US-2018-123491,7/22/2018,7/25/2018,Tarif normal,JK-15205,Jamie Kunitz,Grand public,États-Unis,San Francisco,Californie,USCA - Ouest,OFF-LA-10003077,Fournitures de bureau,Étiquettes,Avery 500,43.86,6,0,20.61
1708,US-2018-123491,7/22/2018,7/25/2018,Tarif normal,JK-15205,Jamie Kunitz,Grand public,États-Unis,San Francisco,Californie,USCA - Ouest,TEC-PH-10003505,Produits technologiques,Téléphones,Geemarc AmpliPOWER60,148.48,2,0.2,16.7
1709,US-2018-123491,7/22/2018,7/25/2018,Tarif normal,JK-15205,Jamie Kunitz,Grand public,États-Unis,San Francisco,Californie,USCA - Ouest,OFF-PA-10003424,Fournitures de bureau,Papier,"""While you Were Out"" Message Book, One Form per Page",7.42,2,0,3.71
1710,US-2018-123491,7/22/2018,7/25/2018,Tarif normal,JK-15205,Jamie Kunitz,Grand public,États-Unis,San Francisco,Californie,USCA - Ouest,FUR-CH-10003061,Mobilier,Chaises,"Global Leather Task Chair, Black",71.99,1,0.2,-0.9
1711,US-2018-123491,7/22/2018,7/25/2018,Tarif normal,JK-15205,Jamie Kunitz,Grand public,États-Unis,San Francisco,Californie,USCA - Ouest,OFF-AR-10003514,Fournitures de bureau,Art,4009 Highlighters by Sanford,19.9,5,0,6.57
1712,US-2018-123491,7/22/2018,7/25/2018,Tarif normal,JK-15205,Jamie Kunitz,Grand public,États-Unis,San Francisco,Californie,USCA - Ouest,OFF-AP-10002684,Fournitures de bureau,Électroménager,"Acco 7-Outlet Masterpiece Power Center, Wihtout Fax/Phone Line Protection",1702.12,14,0,510.64
1714,US-2018-124968,9/8/2018,9/13/2018,J+2,MM-18055,Michelle Moray,Grand public,États-Unis,Chicago,Illinois,USCA - Centre,FUR-TA-10004289,Mobilier,Tables,BoxOffice By Design Rectangular and Half-Moon Meeting Room Tables,765.63,7,0.5,-566.56
1715,US-2018-104003,10/7/2018,10/13/2018,Tarif normal,DC-13285,Debra Catini,Grand public,États-Unis,San Francisco,Californie,USCA - Ouest,FUR-BO-10003965,Mobilier,Bibliothèques,O'Sullivan Manor Hill 2-Door Library in Brianna Oak,307.67,2,0.2,-14.48
1728,US-2018-164056,4/29/2018,5/4/2018,J+2,FM-14215,Filia McAdams,Entreprise,États-Unis,Dublin,Ohio,USCA - Est,FUR-TA-10001307,Mobilier,Tables,"SAFCO PlanMaster Heigh-Adjustable Drafting Table Base, 43w x 30d x 30-37h, Black",1048.35,5,0.4,-69.89
1735,US-2018-101483,7/29/2018,8/1/2018,J+2,AG-10675,Anna Gayman,Grand public,États-Unis,Jacksonville,Caroline du Nord,USCA - Sud,OFF-AP-10002082,Fournitures de bureau,Électroménager,Holmes HEPA Air Purifier,34.85,2,0.2,6.53
1736,US-2018-101483,7/29/2018,8/1/2018,J+2,AG-10675,Anna Gayman,Grand public,États-Unis,Jacksonville,Caroline du Nord,USCA - Sud,TEC-PH-10003442,Produits technologiques,Téléphones,Samsung Replacement EH64AVFWE Premium Headset,22,5,0.2,1.38
1737,US-2018-101483,7/29/2018,8/1/2018,J+2,AG-10675,Anna Gayman,Grand public,États-Unis,Jacksonville,Caroline du Nord,USCA - Sud,OFF-AR-10002833,Fournitures de bureau,Art,Newell 322,4.37,3,0.2,0.38
1742,US-2018-152807,7/22/2018,7/25/2018,Tarif normal,MC-18100,Mick Crebagga,Grand public,États-Unis,Philadelphia,Pennsylvanie,USCA - Est,OFF-PA-10004355,Fournitures de bureau,Papier,Xerox 231,20.74,4,0.2,7.26
1743,US-2018-152807,7/22/2018,7/25/2018,Tarif normal,MC-18100,Mick Crebagga,Grand public,États-Unis,Philadelphia,Pennsylvanie,USCA - Est,FUR-FU-10004415,Mobilier,Meubles,"Stacking Tray, Side-Loading, Legal, Smoke",7.17,2,0.2,0.99
1744,US-2018-152807,7/22/2018,7/25/2018,Tarif normal,MC-18100,Mick Crebagga,Grand public,États-Unis,Philadelphia,Pennsylvanie,USCA - Est,OFF-ST-10002486,Fournitures de bureau,Stockage,Eldon Shelf Savers Cubes and Bins,11.17,2,0.2,-2.51
1745,US-2018-152807,7/22/2018,7/25/2018,Tarif normal,MC-18100,Mick Crebagga,Grand public,États-Unis,Philadelphia,Pennsylvanie,USCA - Est,TEC-AC-10001142,Produits technologiques,Accessoires,First Data FD10 PIN Pad,442.4,7,0.2,-55.3
1752,US-2018-168837,10/14/2018,10/17/2018,Prioritaire,JW-15955,Joni Wasserman,Grand public,États-Unis,Oakland,Californie,USCA - Ouest,FUR-FU-10001918,Mobilier,Meubles,C-Line Cubicle Keepers Polyproplyene Holder With Velcro Backings,9.46,2,0,3.69
1753,US-2018-116715,12/2/2018,12/5/2018,Prioritaire,VW-21775,Victoria Wilson,Entreprise,États-Unis,San Francisco,Californie,USCA - Ouest,OFF-ST-10004340,Fournitures de bureau,Stockage,"Fellowes Mobile File Cart, Black",559.62,9,0,151.1
1754,US-2018-116715,12/2/2018,12/5/2018,Prioritaire,VW-21775,Victoria Wilson,Entreprise,États-Unis,San Francisco,Californie,USCA - Ouest,OFF-PA-10004475,Fournitures de bureau,Papier,Xerox 1940,109.92,2,0,53.86
1755,US-2018-116715,12/2/2018,12/5/2018,Prioritaire,VW-21775,Victoria Wilson,Entreprise,États-Unis,San Francisco,Californie,USCA - Ouest,OFF-PA-10003893,Fournitures de bureau,Papier,Xerox 1962,8.56,2,0,3.85
1770,US-2018-146024,3/2/2018,3/8/2018,Tarif normal,SC-20770,Stewart Carmichael,Entreprise,États-Unis,Dallas,Texas,USCA - Centre,OFF-SU-10001935,Fournitures de bureau,Fournitures,Staple remover,6.98,4,0.2,-1.4
1771,US-2018-146024,3/2/2018,3/8/2018,Tarif normal,SC-20770,Stewart Carmichael,Entreprise,États-Unis,Dallas,Texas,USCA - Centre,OFF-BI-10003291,Fournitures de bureau,Classeurs,Wilson Jones Leather-Like Binders with DublLock Round Rings,12.22,7,0.8,-20.17
1784,US-2018-166317,9/22/2018,9/26/2018,Tarif normal,JE-15610,Jim Epp,Entreprise,États-Unis,Milwaukee,Wisconsin,USCA - Centre,OFF-PA-10004475,Fournitures de bureau,Papier,Xerox 1940,219.84,4,0,107.72
1785,US-2018-166317,9/22/2018,9/26/2018,Tarif normal,JE-15610,Jim Epp,Entreprise,États-Unis,Milwaukee,Wisconsin,USCA - Centre,TEC-AC-10004510,Produits technologiques,Accessoires,Logitech Desktop MK120 Mouse and keyboard Combo,98.16,6,0,9.82
1786,US-2018-166317,9/22/2018,9/26/2018,Tarif normal,JE-15610,Jim Epp,Entreprise,États-Unis,Milwaukee,Wisconsin,USCA - Centre,OFF-BI-10002976,Fournitures de bureau,Classeurs,ACCOHIDE Binder by Acco,33.04,8,0,15.53
1787,US-2018-166317,9/22/2018,9/26/2018,Tarif normal,JE-15610,Jim Epp,Entreprise,États-Unis,Milwaukee,Wisconsin,USCA - Centre,TEC-PH-10001615,Produits technologiques,Téléphones,AT&T CL82213,86.97,3,0,25.22
1796,US-2018-139465,8/27/2018,8/30/2018,Prioritaire,MR-17545,Mathew Reese,Bureau à domicile,États-Unis,New York City,New York,USCA - Est,OFF-ST-10002352,Fournitures de bureau,Stockage,Iris Project Case,63.84,8,0,16.6
1797,US-2018-139465,8/27/2018,8/30/2018,Prioritaire,MR-17545,Mathew Reese,Bureau à domicile,États-Unis,New York City,New York,USCA - Est,TEC-PH-10000455,Produits technologiques,Téléphones,GE 30522EE2,347.97,3,0,100.91
1798,US-2018-139465,8/27/2018,8/30/2018,Prioritaire,MR-17545,Mathew Reese,Bureau à domicile,États-Unis,New York City,New York,USCA - Est,OFF-BI-10003910,Fournitures de bureau,Classeurs,DXL Angle-View Binders with Locking Rings by Samsill,37.01,6,0.2,11.57
1803,US-2018-158379,9/22/2018,9/26/2018,J+2,JA-15970,Joseph Airdo,Grand public,États-Unis,Philadelphia,Pennsylvanie,USCA - Est,OFF-BI-10002498,Fournitures de bureau,Classeurs,Clear Mylar Reinforcing Strips,5.61,1,0.7,-4.3
1804,US-2018-158379,9/22/2018,9/26/2018,J+2,JA-15970,Joseph Airdo,Grand public,États-Unis,Philadelphia,Pennsylvanie,USCA - Est,OFF-SU-10002881,Fournitures de bureau,Fournitures,Martin Yale Chadless Opener Electric Letter Opener,4663.74,7,0.2,-1049.34
1805,US-2018-158379,9/22/2018,9/26/2018,J+2,JA-15970,Joseph Airdo,Grand public,États-Unis,Philadelphia,Pennsylvanie,USCA - Est,TEC-AC-10002926,Produits technologiques,Accessoires,Logitech Wireless Marathon Mouse M705,79.98,2,0.2,23
1813,US-2018-161193,11/20/2018,11/26/2018,Tarif normal,BT-11680,Brian Thompson,Grand public,États-Unis,Newark,Ohio,USCA - Est,FUR-FU-10001861,Mobilier,Meubles,"Floodlight Indoor Halogen Bulbs, 1 Bulb per Pack, 60 Watts",77.6,5,0.2,28.13
1814,US-2018-161193,11/20/2018,11/26/2018,Tarif normal,BT-11680,Brian Thompson,Grand public,États-Unis,Newark,Ohio,USCA - Est,FUR-FU-10000206,Mobilier,Meubles,"GE General Purpose, Extra Long Life, Showcase & Floodlight Incandescent Bulbs",4.66,2,0.2,1.57
1831,US-2018-145884,10/21/2018,10/21/2018,Le même jour,SL-20155,Sara Luxemburg,Bureau à domicile,États-Unis,Muskogee,Oklahoma,USCA - Centre,TEC-PH-10000895,Produits technologiques,Téléphones,Polycom VVX 310 VoIP phone,1439.92,8,0,374.38
1832,US-2018-145884,10/21/2018,10/21/2018,Le même jour,SL-20155,Sara Luxemburg,Bureau à domicile,États-Unis,Muskogee,Oklahoma,USCA - Centre,FUR-TA-10002356,Mobilier,Tables,Bevis Boat-Shaped Conference Table,262.11,1,0,62.91
1834,US-2018-162691,8/1/2018,8/7/2018,Tarif normal,AS-10045,Aaron Smayling,Entreprise,États-Unis,Austin,Texas,USCA - Centre,TEC-MA-10000488,Produits technologiques,Machines,Bady BDG101FRU Card Printer,1439.98,3,0.4,-264
1835,US-2018-162691,8/1/2018,8/7/2018,Tarif normal,AS-10045,Aaron Smayling,Entreprise,États-Unis,Austin,Texas,USCA - Centre,OFF-PA-10003729,Fournitures de bureau,Papier,Xerox 1998,36.29,7,0.2,12.7
1837,US-2018-122693,2/19/2018,2/21/2018,J+2,NH-18610,Nicole Hansen,Entreprise,États-Unis,Roswell,Géorgie,USCA - Sud,OFF-AP-10002518,Fournitures de bureau,Électroménager,Kensington 7 Outlet MasterPiece Power Center,1245.86,7,0,361.3
1845,US-2018-113852,7/29/2018,8/2/2018,Tarif normal,GW-14605,Giulietta Weimer,Grand public,États-Unis,Seattle,Washington,USCA - Ouest,TEC-AC-10003027,Produits technologiques,Accessoires,Imation 8GB Mini TravelDrive USB 2.0 Flash Drive,90.57,3,0,11.77
1846,US-2018-158512,1/12/2018,1/17/2018,J+2,DA-13450,Dianna Arnett,Bureau à domicile,États-Unis,Washington,District de Columbia,USCA - Est,OFF-PA-10001804,Fournitures de bureau,Papier,Xerox 195,40.08,6,0,19.24
1847,US-2018-158512,1/12/2018,1/17/2018,J+2,DA-13450,Dianna Arnett,Bureau à domicile,États-Unis,Washington,District de Columbia,USCA - Est,FUR-FU-10004973,Mobilier,Meubles,Flat Face Poster Frame,37.68,2,0,15.83
1848,US-2018-128370,9/10/2018,9/10/2018,Le même jour,FH-14275,Frank Hawley,Entreprise,États-Unis,Los Angeles,Californie,USCA - Ouest,FUR-CH-10002602,Mobilier,Chaises,DMI Arturo Collection Mission-style Design Wood Chair,362.35,3,0.2,27.18
1849,US-2018-128370,9/10/2018,9/10/2018,Le même jour,FH-14275,Frank Hawley,Entreprise,États-Unis,Los Angeles,Californie,USCA - Ouest,OFF-BI-10004140,Fournitures de bureau,Classeurs,Avery Non-Stick Binders,7.18,2,0.2,2.25
1857,US-2018-158218,5/12/2018,5/15/2018,J+2,AC-10420,Alyssa Crouse,Entreprise,États-Unis,Houston,Texas,USCA - Centre,OFF-ST-10000563,Fournitures de bureau,Stockage,Fellowes Bankers Box Stor/Drawer Steel Plus,127.92,5,0.2,-15.99
1858,US-2018-158218,5/12/2018,5/15/2018,J+2,AC-10420,Alyssa Crouse,Entreprise,États-Unis,Houston,Texas,USCA - Centre,OFF-BI-10002133,Fournitures de bureau,Classeurs,"Wilson Jones Elliptical Ring 3 1/2"" Capacity Binders, 800 sheets",34.24,4,0.8,-53.07
1861,US-2018-121251,3/26/2018,3/27/2018,Prioritaire,GM-14440,Gary McGarr,Grand public,États-Unis,New York City,New York,USCA - Est,FUR-BO-10001918,Mobilier,Bibliothèques,"Sauder Forest Hills Library with Doors, Woodland Oak Finish",257.57,2,0.2,-28.98
1862,US-2018-121251,3/26/2018,3/27/2018,Prioritaire,GM-14440,Gary McGarr,Grand public,États-Unis,New York City,New York,USCA - Est,TEC-PH-10004896,Produits technologiques,Téléphones,Nokia Lumia 521 (T-Mobile),119.96,4,0,33.59
1866,US-2018-116659,11/12/2018,11/12/2018,Le même jour,NG-18355,Nat Gilpin,Entreprise,États-Unis,Newark,Ohio,USCA - Est,TEC-PH-10002824,Produits technologiques,Téléphones,Jabra SPEAK 410 Multidevice Speakerphone,370.78,3,0.4,-92.7
1867,US-2018-118857,4/15/2018,4/18/2018,Prioritaire,AH-10075,Adam Hart,Entreprise,États-Unis,Henderson,Nevada,USCA - Ouest,FUR-FU-10004460,Mobilier,Meubles,"Howard Miller 12"" Round Wall Clock",196.45,5,0,70.72
1874,US-2018-142888,11/21/2018,11/25/2018,Tarif normal,BP-11230,Benjamin Patterson,Grand public,États-Unis,Spokane,Washington,USCA - Ouest,FUR-TA-10004767,Mobilier,Tables,Safco Drafting Table,70.98,1,0,20.58
1877,US-2018-112039,3/25/2018,3/29/2018,Tarif normal,JC-15775,John Castell,Grand public,États-Unis,San Antonio,Texas,USCA - Centre,TEC-PH-10000984,Produits technologiques,Téléphones,Panasonic KX-TG9471B,470.38,3,0.2,47.04
1878,US-2018-118885,12/29/2018,1/2/2019,Tarif normal,JG-15160,James Galang,Grand public,États-Unis,Los Angeles,Californie,USCA - Ouest,FUR-CH-10002880,Mobilier,Chaises,"Global High-Back Leather Tilter, Burgundy",393.57,4,0.2,-44.28
1879,US-2018-118885,12/29/2018,1/2/2019,Tarif normal,JG-15160,James Galang,Grand public,États-Unis,Los Angeles,Californie,USCA - Ouest,TEC-PH-10002563,Produits technologiques,Téléphones,Adtran 1202752G1,302.38,3,0.2,22.68
1880,US-2018-166611,3/28/2018,4/2/2018,Tarif normal,CK-12760,Cyma Kinney,Entreprise,États-Unis,Jacksonville,Floride,USCA - Sud,OFF-BI-10001191,Fournitures de bureau,Classeurs,Canvas Sectional Post Binders,68.74,9,0.7,-48.12
1885,US-2018-154718,1/19/2018,1/23/2018,J+2,DL-12865,Dan Lawera,Grand public,États-Unis,Keller,Texas,USCA - Centre,OFF-LA-10003714,Fournitures de bureau,Étiquettes,Avery 510,6,2,0.2,2.1
1893,US-2018-145310,12/22/2018,12/24/2018,J+2,JP-15520,Jeremy Pistek,Grand public,États-Unis,Port Orange,Floride,USCA - Sud,OFF-EN-10002621,Fournitures de bureau,Enveloppes,Staple envelope,7.82,1,0.2,2.93
1895,US-2018-108063,12/2/2018,12/5/2018,Prioritaire,AS-10090,Adam Shillingsburg,Grand public,États-Unis,Charlottesville,Virginie,USCA - Sud,OFF-AR-10001446,Fournitures de bureau,Art,Newell 309,34.65,3,0,10.4
1897,US-2018-141789,10/3/2018,10/6/2018,Prioritaire,AC-10450,Amy Cox,Grand public,États-Unis,Minneapolis,Minnesota,USCA - Centre,OFF-BI-10001359,Fournitures de bureau,Classeurs,GBC DocuBind TL300 Electric Binding System,1793.98,2,0,843.17
1903,US-2018-167094,10/21/2018,10/22/2018,Prioritaire,DK-12835,Damala Kotsonis,Entreprise,États-Unis,Springfield,Oregon,USCA - Ouest,OFF-PA-10003953,Fournitures de bureau,Papier,Xerox 218,5.18,1,0.2,1.81
1904,US-2018-167094,10/21/2018,10/22/2018,Prioritaire,DK-12835,Damala Kotsonis,Entreprise,États-Unis,Springfield,Oregon,USCA - Ouest,FUR-CH-10000155,Mobilier,Chaises,Global Comet Stacking Armless Chair,478.48,2,0.2,47.85
1905,US-2018-167094,10/21/2018,10/22/2018,Prioritaire,DK-12835,Damala Kotsonis,Entreprise,États-Unis,Springfield,Oregon,USCA - Ouest,TEC-AC-10003116,Produits technologiques,Accessoires,Memorex Froggy Flash Drive 8 GB,28.4,2,0.2,6.75
1906,US-2018-154410,10/21/2018,10/24/2018,Prioritaire,MD-17860,Michael Dominguez,Entreprise,États-Unis,Indianapolis,Indiana,USCA - Centre,OFF-ST-10002743,Fournitures de bureau,Stockage,SAFCO Boltless Steel Shelving,909.12,8,0,9.09
1910,US-2018-105886,12/18/2018,12/23/2018,Tarif normal,DB-13660,Duane Benoit,Grand public,États-Unis,Oceanside,New York,USCA - Est,FUR-FU-10001037,Mobilier,Meubles,"DAX Charcoal/Nickel-Tone Document Frame, 5 x 7",18.96,2,0,8.53
1912,US-2018-121503,7/3/2018,7/6/2018,J+2,FH-14275,Frank Hawley,Entreprise,États-Unis,Houston,Texas,USCA - Centre,OFF-PA-10001878,Fournitures de bureau,Papier,Xerox 1891,273.9,7,0.2,92.44
1913,US-2018-121503,7/3/2018,7/6/2018,J+2,FH-14275,Frank Hawley,Entreprise,États-Unis,Houston,Texas,USCA - Centre,TEC-MA-10003674,Produits technologiques,Machines,Hewlett-Packard Deskjet 5550 Printer,597.13,3,0.4,49.76
1915,US-2018-124597,1/20/2018,1/23/2018,Tarif normal,AS-10630,Ann Steele,Bureau à domicile,États-Unis,Boynton Beach,Floride,USCA - Sud,OFF-LA-10003190,Fournitures de bureau,Étiquettes,Avery 474,4.61,2,0.2,1.67
1916,US-2018-124597,1/20/2018,1/23/2018,Tarif normal,AS-10630,Ann Steele,Bureau à domicile,États-Unis,Boynton Beach,Floride,USCA - Sud,OFF-AR-10002280,Fournitures de bureau,Art,Staples in misc. colors,15.53,3,0.2,4.85
1917,US-2018-124597,1/20/2018,1/23/2018,Tarif normal,AS-10630,Ann Steele,Bureau à domicile,États-Unis,Boynton Beach,Floride,USCA - Sud,OFF-LA-10001569,Fournitures de bureau,Étiquettes,Avery 499,11.95,3,0.2,3.88
1920,US-2018-111423,8/17/2018,8/19/2018,Prioritaire,EH-13765,Edward Hooks,Entreprise,États-Unis,Watertown,New York,USCA - Est,OFF-BI-10003091,Fournitures de bureau,Classeurs,GBC DocuBind TL200 Manual Binding Machine,895.92,5,0.2,302.37
1921,US-2018-111423,8/17/2018,8/19/2018,Prioritaire,EH-13765,Edward Hooks,Entreprise,États-Unis,Watertown,New York,USCA - Est,FUR-CH-10003981,Mobilier,Chaises,Global Commerce Series Low-Back Swivel/Tilt Chairs,462.56,2,0.1,97.65
1925,US-2018-126865,12/5/2018,12/7/2018,J+2,NP-18325,Naresj Patel,Grand public,États-Unis,San Diego,Californie,USCA - Ouest,OFF-PA-10003039,Fournitures de bureau,Papier,Xerox 1960,92.94,3,0,41.82
1926,US-2018-102834,3/9/2018,3/13/2018,Tarif normal,LW-16990,Lindsay Williams,Entreprise,États-Unis,San Francisco,Californie,USCA - Ouest,TEC-AC-10001908,Produits technologiques,Accessoires,Logitech Wireless Headset h800,199.98,2,0,69.99
1928,US-2018-121538,11/28/2018,12/1/2018,Prioritaire,RH-19495,Rick Hansen,Grand public,États-Unis,Denver,Colorado,USCA - Ouest,OFF-PA-10004071,Fournitures de bureau,Papier,"Eaton Premium Continuous-Feed Paper, 25% Cotton, Letter Size, White, 1000 Shts/Box",88.77,2,0.2,31.07
1929,US-2018-101539,3/16/2018,3/18/2018,J+2,VM-21685,Valerie Mitchum,Bureau à domicile,États-Unis,Seattle,Washington,USCA - Ouest,OFF-PA-10001972,Fournitures de bureau,Papier,Xerox 214,6.48,1,0,3.11
1930,US-2018-101539,3/16/2018,3/18/2018,J+2,VM-21685,Valerie Mitchum,Bureau à domicile,États-Unis,Seattle,Washington,USCA - Ouest,OFF-ST-10004180,Fournitures de bureau,Stockage,Safco Commercial Shelving,46.51,1,0,1.86
1931,US-2018-101539,3/16/2018,3/18/2018,J+2,VM-21685,Valerie Mitchum,Bureau à domicile,États-Unis,Seattle,Washington,USCA - Ouest,TEC-PH-10004165,Produits technologiques,Téléphones,Mitel MiVoice 5330e IP Phone,659.98,3,0.2,49.5
1933,US-2018-161200,8/6/2018,8/10/2018,J+2,SV-20365,Seth Vernon,Grand public,États-Unis,Lafayette,Louisiane,USCA - Sud,FUR-BO-10000468,Mobilier,Bibliothèques,O'Sullivan 2-Shelf Heavy-Duty Bookcases,145.74,3,0,23.32
1934,US-2018-161200,8/6/2018,8/10/2018,J+2,SV-20365,Seth Vernon,Grand public,États-Unis,Lafayette,Louisiane,USCA - Sud,FUR-FU-10001706,Mobilier,Meubles,Longer-Life Soft White Bulbs,15.4,5,0,7.39
1935,US-2018-101245,11/27/2018,12/3/2018,Tarif normal,LW-16990,Lindsay Williams,Entreprise,États-Unis,San Francisco,Californie,USCA - Ouest,OFF-PA-10003129,Fournitures de bureau,Papier,Tops White Computer Printout Paper,244.55,5,0,114.94
1936,US-2018-101245,11/27/2018,12/3/2018,Tarif normal,LW-16990,Lindsay Williams,Entreprise,États-Unis,San Francisco,Californie,USCA - Ouest,TEC-AC-10001284,Produits technologiques,Accessoires,Enermax Briskie RF Wireless Keyboard and Mouse Combo,166.16,8,0,59.82
1942,US-2018-144064,8/29/2018,9/1/2018,Prioritaire,CP-12085,Cathy Prescott,Entreprise,États-Unis,Quincy,Illinois,USCA - Centre,OFF-LA-10004544,Fournitures de bureau,Étiquettes,Avery 505,47.36,4,0.2,17.76
1943,US-2018-144064,8/29/2018,9/1/2018,Prioritaire,CP-12085,Cathy Prescott,Entreprise,États-Unis,Quincy,Illinois,USCA - Centre,OFF-ST-10004507,Fournitures de bureau,Stockage,Advantus Rolling Storage Box,27.44,2,0.2,2.4
1944,US-2018-144064,8/29/2018,9/1/2018,Prioritaire,CP-12085,Cathy Prescott,Entreprise,États-Unis,Quincy,Illinois,USCA - Centre,OFF-BI-10002012,Fournitures de bureau,Classeurs,Wilson Jones Easy Flow II Sheet Lifters,3.24,9,0.8,-5.18
1947,US-2018-157987,9/2/2018,9/6/2018,Tarif normal,AC-10615,Ann Chong,Entreprise,États-Unis,New York City,New York,USCA - Est,OFF-AR-10000658,Fournitures de bureau,Art,Newell 324,23.1,2,0,6.47
1948,US-2018-157987,9/2/2018,9/6/2018,Tarif normal,AC-10615,Ann Chong,Entreprise,États-Unis,New York City,New York,USCA - Est,FUR-FU-10001196,Mobilier,Meubles,DAX Cubicle Frames - 8x10,11.54,2,0,3.46
1949,US-2018-157987,9/2/2018,9/6/2018,Tarif normal,AC-10615,Ann Chong,Entreprise,États-Unis,New York City,New York,USCA - Est,FUR-TA-10001889,Mobilier,Tables,Bush Advantage Collection Racetrack Conference Table,254.53,1,0.4,-93.33
1950,US-2018-157987,9/2/2018,9/6/2018,Tarif normal,AC-10615,Ann Chong,Entreprise,États-Unis,New York City,New York,USCA - Est,OFF-AP-10000358,Fournitures de bureau,Électroménager,Fellowes Basic Home/Office Series Surge Protectors,12.98,1,0,3.76
1951,US-2018-157987,9/2/2018,9/6/2018,Tarif normal,AC-10615,Ann Chong,Entreprise,États-Unis,New York City,New York,USCA - Est,OFF-BI-10004970,Fournitures de bureau,Classeurs,"ACCOHIDE 3-Ring Binder, Blue, 1""",26.43,8,0.2,8.92
1952,US-2018-157987,9/2/2018,9/6/2018,Tarif normal,AC-10615,Ann Chong,Entreprise,États-Unis,New York City,New York,USCA - Est,TEC-PH-10003885,Produits technologiques,Téléphones,Cisco SPA508G,197.97,3,0,57.41
1953,US-2018-157987,9/2/2018,9/6/2018,Tarif normal,AC-10615,Ann Chong,Entreprise,États-Unis,New York City,New York,USCA - Est,OFF-LA-10001641,Fournitures de bureau,Étiquettes,Avery 518,18.9,6,0,9.07
1954,US-2018-157987,9/2/2018,9/6/2018,Tarif normal,AC-10615,Ann Chong,Entreprise,États-Unis,New York City,New York,USCA - Est,FUR-CH-10003379,Mobilier,Chaises,Global Commerce Series High-Back Swivel/Tilt Chairs,1282.41,5,0.1,213.74
1955,US-2018-157987,9/2/2018,9/6/2018,Tarif normal,AC-10615,Ann Chong,Entreprise,États-Unis,New York City,New York,USCA - Est,OFF-AR-10004582,Fournitures de bureau,Art,BIC Brite Liner Grip Highlighters,4.92,3,0,2.21
1956,US-2018-157987,9/2/2018,9/6/2018,Tarif normal,AC-10615,Ann Chong,Entreprise,États-Unis,New York City,New York,USCA - Est,TEC-AC-10002842,Produits technologiques,Accessoires,WD My Passport Ultra 2TB Portable External Hard Drive,238,2,0,38.08
1957,US-2018-157987,9/2/2018,9/6/2018,Tarif normal,AC-10615,Ann Chong,Entreprise,États-Unis,New York City,New York,USCA - Est,TEC-AC-10000109,Produits technologiques,Accessoires,Sony Micro Vault Click 16 GB USB 2.0 Flash Drive,167.97,3,0,40.31
1958,US-2018-157987,9/2/2018,9/6/2018,Tarif normal,AC-10615,Ann Chong,Entreprise,États-Unis,New York City,New York,USCA - Est,OFF-PA-10003893,Fournitures de bureau,Papier,Xerox 1962,17.12,4,0,7.7
1959,US-2018-110905,9/10/2018,9/15/2018,J+2,RW-19690,Robert Waldorf,Grand public,États-Unis,Springfield,Missouri,USCA - Centre,OFF-BI-10003669,Fournitures de bureau,Classeurs,3M Organizer Strips,16.2,3,0,7.78
1960,US-2018-110905,9/10/2018,9/15/2018,J+2,RW-19690,Robert Waldorf,Grand public,États-Unis,Springfield,Missouri,USCA - Centre,OFF-AP-10004785,Fournitures de bureau,Électroménager,"Holmes Replacement Filter for HEPA Air Cleaner, Medium Room",33.99,3,0,14.62
1961,US-2018-110905,9/10/2018,9/15/2018,J+2,RW-19690,Robert Waldorf,Grand public,États-Unis,Springfield,Missouri,USCA - Centre,TEC-AC-10003023,Produits technologiques,Accessoires,Logitech G105 Gaming Keyboard,296.85,5,0,53.43
1962,US-2018-110905,9/10/2018,9/15/2018,J+2,RW-19690,Robert Waldorf,Grand public,États-Unis,Springfield,Missouri,USCA - Centre,TEC-AC-10002217,Produits technologiques,Accessoires,Imation Clip USB flash drive - 8 GB,112.8,6,0,6.77
1963,US-2018-110905,9/10/2018,9/15/2018,J+2,RW-19690,Robert Waldorf,Grand public,États-Unis,Springfield,Missouri,USCA - Centre,OFF-BI-10002954,Fournitures de bureau,Classeurs,Newell 3-Hole Punched Plastic Slotted Magazine Holders for Binders,13.71,3,0,6.58
1964,US-2018-110905,9/10/2018,9/15/2018,J+2,RW-19690,Robert Waldorf,Grand public,États-Unis,Springfield,Missouri,USCA - Centre,OFF-PA-10002586,Fournitures de bureau,Papier,Xerox 1970,24.9,5,0,11.7
1965,US-2018-110905,9/10/2018,9/15/2018,J+2,RW-19690,Robert Waldorf,Grand public,États-Unis,Springfield,Missouri,USCA - Centre,OFF-ST-10000025,Fournitures de bureau,Stockage,Fellowes Stor/Drawer Steel Plus Storage Drawers,286.29,3,0,17.18
1966,US-2018-110905,9/10/2018,9/15/2018,J+2,RW-19690,Robert Waldorf,Grand public,États-Unis,Springfield,Missouri,USCA - Centre,OFF-AP-10003281,Fournitures de bureau,Électroménager,Acco 6 Outlet Guardian Standard Surge Suppressor,24.18,2,0,7.25
1967,US-2018-165841,12/21/2018,12/28/2018,Tarif normal,DB-13210,Dean Braden,Grand public,États-Unis,Paterson,New Jersey,USCA - Est,TEC-PH-10002103,Produits technologiques,Téléphones,Jabra SPEAK 410,281.97,3,0,78.95
1968,US-2018-165841,12/21/2018,12/28/2018,Tarif normal,DB-13210,Dean Braden,Grand public,États-Unis,Paterson,New Jersey,USCA - Est,OFF-SU-10000898,Fournitures de bureau,Fournitures,"Acme Hot Forged Carbon Steel Scissors with Nickel-Plated Handles, 3 7/8"" Cut, 8""L",69.5,5,0,20.16
1969,US-2018-165841,12/21/2018,12/28/2018,Tarif normal,DB-13210,Dean Braden,Grand public,États-Unis,Paterson,New Jersey,USCA - Est,OFF-PA-10001144,Fournitures de bureau,Papier,Xerox 1913,166.44,3,0,79.89
1970,US-2018-117485,9/23/2018,9/29/2018,Tarif normal,BD-11320,Bill Donatelli,Grand public,États-Unis,Tulsa,Oklahoma,USCA - Centre,TEC-AC-10004659,Produits technologiques,Accessoires,Imation Secure+ Hardware Encrypted USB 2.0 Flash Drive; 16GB,291.96,4,0,102.19
1971,US-2018-140242,5/6/2018,5/11/2018,Tarif normal,ML-17755,Max Ludwig,Bureau à domicile,États-Unis,Chicago,Illinois,USCA - Centre,OFF-AR-10004752,Fournitures de bureau,Art,Blackstonian Pencils,6.41,3,0.2,0.64
1972,US-2018-140242,5/6/2018,5/11/2018,Tarif normal,ML-17755,Max Ludwig,Bureau à domicile,États-Unis,Chicago,Illinois,USCA - Centre,TEC-AC-10004659,Produits technologiques,Accessoires,Imation Secure+ Hardware Encrypted USB 2.0 Flash Drive; 16GB,408.74,7,0.2,76.64
1992,US-2018-111374,2/24/2018,2/28/2018,Tarif normal,CB-12415,Christy Brittain,Grand public,États-Unis,Philadelphia,Pennsylvanie,USCA - Est,OFF-BI-10004970,Fournitures de bureau,Classeurs,"ACCOHIDE 3-Ring Binder, Blue, 1""",4.96,4,0.7,-3.8
1993,US-2018-133648,6/25/2018,7/2/2018,Tarif normal,ML-17755,Max Ludwig,Bureau à domicile,États-Unis,Springfield,Oregon,USCA - Ouest,OFF-LA-10003923,Fournitures de bureau,Étiquettes,Alphabetical Labels for Top Tab Filing,71.04,6,0.2,26.64
1994,US-2018-133648,6/25/2018,7/2/2018,Tarif normal,ML-17755,Max Ludwig,Bureau à domicile,États-Unis,Springfield,Oregon,USCA - Ouest,OFF-AR-10002257,Fournitures de bureau,Art,"Eldon Spacemaker Box, Quick-Snap Lid, Clear",5.34,2,0.2,0.73
1995,US-2018-133648,6/25/2018,7/2/2018,Tarif normal,ML-17755,Max Ludwig,Bureau à domicile,États-Unis,Springfield,Oregon,USCA - Ouest,OFF-FA-10004395,Fournitures de bureau,Éléments de fixation,Plymouth Boxed Rubber Bands by Plymouth,11.3,3,0.2,-2.12
1996,US-2018-147221,12/2/2018,12/4/2018,J+2,JS-16030,Joy Smith,Grand public,États-Unis,Houston,Texas,USCA - Centre,OFF-AP-10002534,Fournitures de bureau,Électroménager,3.6 Cubic Foot Counter Height Office Refrigerator,294.62,5,0.8,-766.01
1997,US-2018-147221,12/2/2018,12/4/2018,J+2,JS-16030,Joy Smith,Grand public,États-Unis,Houston,Texas,USCA - Centre,FUR-FU-10004020,Mobilier,Meubles,Advantus Panel Wall Acrylic Frame,8.75,4,0.6,-3.72
2001,US-2018-166128,4/11/2018,4/18/2018,Tarif normal,LW-17215,Luke Weiss,Grand public,États-Unis,Pasadena,Californie,USCA - Ouest,TEC-AC-10001767,Produits technologiques,Accessoires,SanDisk Ultra 64 GB MicroSDHC Class 10 Memory Card,199.95,5,0,21.99
2002,US-2018-166128,4/11/2018,4/18/2018,Tarif normal,LW-17215,Luke Weiss,Grand public,États-Unis,Pasadena,Californie,USCA - Ouest,OFF-AR-10001221,Fournitures de bureau,Art,"Dixon Ticonderoga Erasable Colored Pencil Set, 12-Color",41.86,7,0,14.23
2003,US-2018-163510,12/25/2018,12/28/2018,J+2,JW-15955,Joni Wasserman,Grand public,États-Unis,Louisville,Kentucky,USCA - Sud,OFF-ST-10000563,Fournitures de bureau,Stockage,Fellowes Bankers Box Stor/Drawer Steel Plus,95.94,3,0,9.59
2004,US-2018-163510,12/25/2018,12/28/2018,J+2,JW-15955,Joni Wasserman,Grand public,États-Unis,Louisville,Kentucky,USCA - Sud,FUR-CH-10001146,Mobilier,Chaises,"Global Value Mid-Back Manager's Chair, Gray",304.45,5,0,76.11
2005,US-2018-143028,4/11/2018,4/18/2018,Tarif normal,SC-20050,Sample Company A,Bureau à domicile,États-Unis,Lubbock,Texas,USCA - Centre,OFF-BI-10004738,Fournitures de bureau,Classeurs,Flexible Leather- Look Classic Collection Ring Binder,11.36,3,0.8,-17.05
2008,US-2018-165386,8/3/2018,8/4/2018,Prioritaire,CM-12190,Charlotte Melton,Grand public,États-Unis,Chicago,Illinois,USCA - Centre,FUR-BO-10003034,Mobilier,Bibliothèques,"O'Sullivan Elevations Bookcase, Cherry Finish",183.37,2,0.3,-36.67
2025,US-2018-111241,8/20/2018,8/22/2018,J+2,GM-14500,Gene McClure,Grand public,États-Unis,Fresno,Californie,USCA - Ouest,OFF-BI-10002867,Fournitures de bureau,Classeurs,GBC Recycled Regency Composition Covers,239.12,5,0.2,77.71
2035,US-2018-162481,9/25/2018,9/29/2018,Tarif normal,CT-11995,Carol Triggs,Grand public,États-Unis,Rochester,Minnesota,USCA - Centre,OFF-BI-10002976,Fournitures de bureau,Classeurs,ACCOHIDE Binder by Acco,8.26,2,0,3.88
2036,US-2018-162481,9/25/2018,9/29/2018,Tarif normal,CT-11995,Carol Triggs,Grand public,États-Unis,Rochester,Minnesota,USCA - Centre,FUR-CH-10003061,Mobilier,Chaises,"Global Leather Task Chair, Black",269.97,3,0,51.29
2044,US-2018-158946,11/18/2018,11/23/2018,Tarif normal,JW-15220,Jane Waco,Entreprise,États-Unis,Lakewood,Ohio,USCA - Est,OFF-AR-10001860,Fournitures de bureau,Art,BIC Liqua Brite Liner,38.86,7,0.2,7.77
2056,US-2018-120376,12/22/2018,12/25/2018,Prioritaire,TP-21130,Theone Pippenger,Grand public,États-Unis,Detroit,Michigan,USCA - Centre,TEC-AC-10001114,Produits technologiques,Accessoires,Microsoft Wireless Mobile Mouse 4000,199.95,5,0,63.98
2057,US-2018-120376,12/22/2018,12/25/2018,Prioritaire,TP-21130,Theone Pippenger,Grand public,États-Unis,Detroit,Michigan,USCA - Centre,FUR-CH-10002335,Mobilier,Chaises,Hon GuestStacker Chair,1586.69,7,0,412.54
2058,US-2018-120376,12/22/2018,12/25/2018,Prioritaire,TP-21130,Theone Pippenger,Grand public,États-Unis,Detroit,Michigan,USCA - Centre,TEC-AC-10000844,Produits technologiques,Accessoires,Logitech Gaming G510s - Keyboard,84.99,1,0,30.6
2059,US-2018-120376,12/22/2018,12/25/2018,Prioritaire,TP-21130,Theone Pippenger,Grand public,États-Unis,Detroit,Michigan,USCA - Centre,FUR-TA-10004534,Mobilier,Tables,Bevis 44 x 96 Conference Tables,411.8,2,0,70.01
2072,US-2018-110996,11/20/2018,11/25/2018,Tarif normal,KA-16525,Kelly Andreada,Grand public,États-Unis,Ontario,Californie,USCA - Ouest,FUR-CH-10003956,Mobilier,Chaises,Novimex High-Tech Fabric Mesh Task Chair,283.92,5,0.2,-46.14
2074,US-2018-122504,11/7/2018,11/12/2018,J+2,DB-13270,Deborah Brumfield,Bureau à domicile,États-Unis,Brentwood,Californie,USCA - Ouest,TEC-AC-10003289,Produits technologiques,Accessoires,Anker Ultra-Slim Mini Bluetooth 3.0 Wireless Keyboard,59.97,3,0,13.79
2075,US-2018-122504,11/7/2018,11/12/2018,J+2,DB-13270,Deborah Brumfield,Bureau à domicile,États-Unis,Brentwood,Californie,USCA - Ouest,TEC-PH-10002468,Produits technologiques,Téléphones,"Plantronics CS 50-USB - headset - Convertible, Monaural",761.54,7,0.2,66.64
2077,US-2018-140676,9/12/2018,9/15/2018,Prioritaire,BF-11080,Bart Folk,Grand public,États-Unis,Baltimore,Maryland,USCA - Est,OFF-PA-10004082,Fournitures de bureau,Papier,"Adams Telephone Message Book w/Frequently-Called Numbers Space, 400 Messages per Book",39.9,5,0,19.95
2078,US-2018-140676,9/12/2018,9/15/2018,Prioritaire,BF-11080,Bart Folk,Grand public,États-Unis,Baltimore,Maryland,USCA - Est,OFF-AP-10000358,Fournitures de bureau,Électroménager,Fellowes Basic Home/Office Series Surge Protectors,90.86,7,0,26.35
2079,US-2018-140676,9/12/2018,9/15/2018,Prioritaire,BF-11080,Bart Folk,Grand public,États-Unis,Baltimore,Maryland,USCA - Est,OFF-PA-10004243,Fournitures de bureau,Papier,Xerox 1939,94.85,5,0,45.53
2083,US-2018-104647,2/23/2018,3/1/2018,Tarif normal,CK-12595,Clytie Kelty,Grand public,États-Unis,Los Angeles,Californie,USCA - Ouest,OFF-PA-10002870,Fournitures de bureau,Papier,"Ampad Phone Message Book, Recycled, 400 Message Capacity, 5 ¾” x 11”",37.44,6,0,16.85
2091,US-2018-166142,7/15/2018,7/19/2018,Tarif normal,MM-17260,Magdelene Morse,Grand public,États-Unis,Wilmington,Delaware,USCA - Est,OFF-BI-10004094,Fournitures de bureau,Classeurs,GBC Standard Plastic Binding Systems Combs,26.55,3,0,13.01
2092,US-2018-166142,7/15/2018,7/19/2018,Tarif normal,MM-17260,Magdelene Morse,Grand public,États-Unis,Wilmington,Delaware,USCA - Est,FUR-TA-10004607,Mobilier,Tables,Hon 2111 Invitation Series Straight Table,310.44,3,0.3,-48.78
2099,US-2018-124401,9/7/2018,9/12/2018,Tarif normal,RD-19900,Ruben Dartt,Grand public,États-Unis,Portland,Oregon,USCA - Ouest,OFF-ST-10000649,Fournitures de bureau,Stockage,Hanging Personal Folder File,37.68,3,0.2,2.36
2100,US-2018-124401,9/7/2018,9/12/2018,Tarif normal,RD-19900,Ruben Dartt,Grand public,États-Unis,Portland,Oregon,USCA - Ouest,TEC-AC-10002926,Produits technologiques,Accessoires,Logitech Wireless Marathon Mouse M705,279.94,7,0.2,80.48
2104,US-2018-167101,3/24/2018,3/28/2018,J+2,BM-11650,Brian Moss,Entreprise,États-Unis,New York City,New York,USCA - Est,OFF-PA-10000357,Fournitures de bureau,Papier,Xerox 1888,221.92,4,0,106.52
2105,US-2018-167101,3/24/2018,3/28/2018,J+2,BM-11650,Brian Moss,Entreprise,États-Unis,New York City,New York,USCA - Est,TEC-AC-10001266,Produits technologiques,Accessoires,Memorex Micro Travel Drive 8 GB,26,2,0,11.7
2119,US-2018-155460,4/13/2018,4/15/2018,Prioritaire,RW-19630,Rob Williams,Entreprise,États-Unis,Seattle,Washington,USCA - Ouest,OFF-PA-10002479,Fournitures de bureau,Papier,Xerox 4200 Series MultiUse Premium Copy Paper (20Lb. and 84 Bright),5.28,1,0,2.38
2120,US-2018-155460,4/13/2018,4/15/2018,Prioritaire,RW-19630,Rob Williams,Entreprise,États-Unis,Seattle,Washington,USCA - Ouest,OFF-BI-10003091,Fournitures de bureau,Classeurs,GBC DocuBind TL200 Manual Binding Machine,895.92,5,0.2,302.37
2121,US-2018-168690,1/7/2018,1/13/2018,Tarif normal,TS-21085,Thais Sissman,Grand public,États-Unis,Ormond Beach,Floride,USCA - Sud,OFF-BI-10000145,Fournitures de bureau,Classeurs,Zipper Ring Binder Pockets,2.81,3,0.7,-1.97
2122,US-2018-158246,11/9/2018,11/11/2018,Prioritaire,JB-15400,Jennifer Braxton,Entreprise,États-Unis,Sunnyvale,Californie,USCA - Ouest,FUR-CH-10003061,Mobilier,Chaises,"Global Leather Task Chair, Black",215.98,3,0.2,-2.7
2123,US-2018-167381,9/22/2018,9/24/2018,J+2,EH-14005,Erica Hernandez,Bureau à domicile,États-Unis,Lansing,Michigan,USCA - Centre,FUR-BO-10001972,Mobilier,Bibliothèques,O'Sullivan 4-Shelf Bookcase in Odessa Pine,241.96,2,0,41.13
2124,US-2018-167381,9/22/2018,9/24/2018,J+2,EH-14005,Erica Hernandez,Bureau à domicile,États-Unis,Lansing,Michigan,USCA - Centre,OFF-LA-10000134,Fournitures de bureau,Étiquettes,Avery 511,27.72,9,0,13.31
2125,US-2018-144862,12/1/2018,12/5/2018,Tarif normal,EH-14005,Erica Hernandez,Bureau à domicile,États-Unis,Philadelphia,Pennsylvanie,USCA - Est,OFF-EN-10003040,Fournitures de bureau,Enveloppes,Quality Park Security Envelopes,104.68,5,0.2,35.33
2126,US-2018-144862,12/1/2018,12/5/2018,Tarif normal,EH-14005,Erica Hernandez,Bureau à domicile,États-Unis,Philadelphia,Pennsylvanie,USCA - Est,TEC-PH-10000923,Produits technologiques,Téléphones,"Belkin SportFit Armband For iPhone 5s/5c, Fuchsia",62.96,7,0.4,9.44
2139,US-2018-157896,11/16/2018,11/16/2018,Le même jour,CB-12415,Christy Brittain,Grand public,États-Unis,New York City,New York,USCA - Est,OFF-PA-10004092,Fournitures de bureau,Papier,Tops Green Bar Computer Printout Paper,146.82,3,0,73.41
2150,US-2018-102771,12/21/2018,12/24/2018,Tarif normal,DO-13435,Denny Ordway,Grand public,États-Unis,New York City,New York,USCA - Est,TEC-PH-10001536,Produits technologiques,Téléphones,Spigen Samsung Galaxy S5 Case Wallet,84.95,5,0,22.09
2151,US-2018-139969,11/19/2018,11/26/2018,Tarif normal,AF-10870,Art Ferguson,Grand public,États-Unis,College Station,Texas,USCA - Centre,FUR-CH-10001973,Mobilier,Chaises,Office Star Flex Back Scooter Chair with White Frame,233.06,3,0.3,-53.27
2159,US-2018-148166,10/21/2018,10/26/2018,Tarif normal,NK-18490,Neil Knudson,Bureau à domicile,États-Unis,Deltona,Floride,USCA - Sud,OFF-AR-10004956,Fournitures de bureau,Art,Newell 33,17.86,4,0.2,2.01
2163,US-2018-166296,3/13/2018,3/19/2018,Tarif normal,KF-16285,Karen Ferguson,Bureau à domicile,États-Unis,Manteca,Californie,USCA - Ouest,OFF-PA-10004359,Fournitures de bureau,Papier,Multicolor Computer Printout Paper,314.55,3,0,150.98
2169,US-2018-117870,1/27/2018,1/30/2018,J+2,JH-15820,John Huston,Grand public,États-Unis,Kent,Ohio,USCA - Est,OFF-AR-10004078,Fournitures de bureau,Art,Newell 312,14.02,3,0.2,1.75
2170,US-2018-117870,1/27/2018,1/30/2018,J+2,JH-15820,John Huston,Grand public,États-Unis,Kent,Ohio,USCA - Est,TEC-AC-10000927,Produits technologiques,Accessoires,Anker Ultrathin Bluetooth Wireless Keyboard Aluminum Cover with Stand,71.98,3,0.2,-9
2171,US-2018-117870,1/27/2018,1/30/2018,J+2,JH-15820,John Huston,Grand public,États-Unis,Kent,Ohio,USCA - Est,TEC-PH-10003931,Produits technologiques,Téléphones,JBL Micro Wireless Portable Bluetooth Speaker,107.98,3,0.4,-27
2172,US-2018-137491,11/19/2018,11/25/2018,Tarif normal,LC-16930,Linda Cazamias,Entreprise,États-Unis,San Angelo,Texas,USCA - Centre,FUR-CH-10004675,Mobilier,Chaises,"Lifetime Advantage Folding Chairs, 4/Carton",305.31,2,0.3,-8.72
2186,US-2018-124576,8/1/2018,8/4/2018,J+2,HK-14890,Heather Kirkland,Entreprise,États-Unis,Salinas,Californie,USCA - Ouest,OFF-BI-10002735,Fournitures de bureau,Classeurs,GBC Prestige Therm-A-Bind Covers,54.9,2,0.2,18.53
2188,US-2018-143063,8/10/2018,8/15/2018,Tarif normal,IL-15100,Ivan Liston,Grand public,États-Unis,Columbus,Indiana,USCA - Centre,OFF-EN-10003134,Fournitures de bureau,Enveloppes,Staple envelope,70.08,6,0,35.04
2189,US-2018-143063,8/10/2018,8/15/2018,Tarif normal,IL-15100,Ivan Liston,Grand public,États-Unis,Columbus,Indiana,USCA - Centre,FUR-FU-10003708,Mobilier,Meubles,"Tenex Traditional Chairmats for Medium Pile Carpet, Standard Lip, 36"" x 48""",121.3,2,0,25.47
2190,US-2018-143063,8/10/2018,8/15/2018,Tarif normal,IL-15100,Ivan Liston,Grand public,États-Unis,Columbus,Indiana,USCA - Centre,TEC-PH-10003645,Produits technologiques,Téléphones,Aastra 57i VoIP phone,1454.49,9,0,378.17
2213,US-2018-107874,11/21/2018,11/25/2018,Tarif normal,SW-20275,Scott Williamson,Grand public,États-Unis,New York City,New York,USCA - Est,FUR-FU-10003535,Mobilier,Meubles,Howard Miller Distant Time Traveler Alarm Clock,27.42,1,0,11.24
2214,US-2018-129378,10/1/2018,10/2/2018,Prioritaire,NS-18505,Neola Schneider,Grand public,États-Unis,San Jose,Californie,USCA - Ouest,OFF-BI-10002012,Fournitures de bureau,Classeurs,Wilson Jones Easy Flow II Sheet Lifters,1.44,1,0.2,0.5
2215,US-2018-129378,10/1/2018,10/2/2018,Prioritaire,NS-18505,Neola Schneider,Grand public,États-Unis,San Jose,Californie,USCA - Ouest,OFF-BI-10001922,Fournitures de bureau,Classeurs,Storex Dura Pro Binders,61.78,13,0.2,20.85
2216,US-2018-129378,10/1/2018,10/2/2018,Prioritaire,NS-18505,Neola Schneider,Grand public,États-Unis,San Jose,Californie,USCA - Ouest,OFF-AP-10000576,Fournitures de bureau,Électroménager,"Belkin 325VA UPS Surge Protector, 6'",241.96,2,0,60.49
2217,US-2018-129378,10/1/2018,10/2/2018,Prioritaire,NS-18505,Neola Schneider,Grand public,États-Unis,San Jose,Californie,USCA - Ouest,FUR-CH-10000553,Mobilier,Chaises,"Metal Folding Chairs, Beige, 4/Carton",108.61,4,0.2,9.5
2219,US-2018-130841,7/28/2018,8/1/2018,Tarif normal,MH-17620,Matt Hagelstein,Entreprise,États-Unis,San Francisco,Californie,USCA - Ouest,OFF-BI-10000145,Fournitures de bureau,Classeurs,Zipper Ring Binder Pockets,9.98,4,0.2,3.62
2220,US-2018-130841,7/28/2018,8/1/2018,Tarif normal,MH-17620,Matt Hagelstein,Entreprise,États-Unis,San Francisco,Californie,USCA - Ouest,OFF-ST-10001580,Fournitures de bureau,Stockage,Super Decoflex Portable Personal File,14.98,1,0,4.19
2221,US-2018-130841,7/28/2018,8/1/2018,Tarif normal,MH-17620,Matt Hagelstein,Entreprise,États-Unis,San Francisco,Californie,USCA - Ouest,TEC-PH-10001817,Produits technologiques,Téléphones,Wilson Electronics DB Pro Signal Booster,1145.6,4,0.2,100.24
2225,US-2018-121909,4/22/2018,4/25/2018,Tarif normal,EA-14035,Erin Ashbrook,Entreprise,États-Unis,Philadelphia,Pennsylvanie,USCA - Est,OFF-PA-10003790,Fournitures de bureau,Papier,Xerox 1991,54.82,3,0.2,17.82
2227,US-2018-130771,7/29/2018,8/3/2018,Tarif normal,LA-16780,Laura Armstrong,Entreprise,États-Unis,Austin,Texas,USCA - Centre,OFF-FA-10003059,Fournitures de bureau,Éléments de fixation,Assorted Color Push Pins,2.9,2,0.2,0.47
2228,US-2018-130771,7/29/2018,8/3/2018,Tarif normal,LA-16780,Laura Armstrong,Entreprise,États-Unis,Austin,Texas,USCA - Centre,TEC-PH-10002496,Produits technologiques,Téléphones,Cisco SPA301,124.79,1,0.2,15.6
2232,US-2018-157091,6/26/2018,7/1/2018,Tarif normal,DB-13405,Denny Blanton,Grand public,États-Unis,La Porte,Indiana,USCA - Centre,FUR-FU-10000293,Mobilier,Meubles,Eldon Antistatic Chair Mats for Low to Medium Pile Carpets,526.45,5,0,31.59
2233,US-2018-132122,7/9/2018,7/14/2018,Tarif normal,JH-15820,John Huston,Grand public,États-Unis,Chicago,Illinois,USCA - Centre,OFF-ST-10003692,Fournitures de bureau,Stockage,Recycled Steel Personal File for Hanging File Folders,228.92,5,0.2,14.31
2235,US-2018-104066,12/5/2018,12/10/2018,Tarif normal,QJ-19255,Quincy Jones,Entreprise,États-Unis,Burlington,Vermont,USCA - Est,TEC-AC-10001013,Produits technologiques,Accessoires,Logitech ClearChat Comfort/USB Headset H390,205.03,7,0,67.66
2239,US-2018-166849,4/20/2018,4/26/2018,Tarif normal,SJ-20125,Sanjit Jacobs,Bureau à domicile,États-Unis,Chicago,Illinois,USCA - Centre,FUR-FU-10004597,Mobilier,Meubles,Eldon Cleatmat Chair Mats for Medium Pile Carpets,44.4,2,0.6,-52.17
2243,US-2018-103380,11/21/2018,11/25/2018,Tarif normal,BF-11005,Barry Franz,Bureau à domicile,États-Unis,Pasadena,Californie,USCA - Ouest,OFF-ST-10003442,Fournitures de bureau,Stockage,Eldon Portable Mobile Manager,56.56,2,0,15.27
2244,US-2018-103380,11/21/2018,11/25/2018,Tarif normal,BF-11005,Barry Franz,Bureau à domicile,États-Unis,Pasadena,Californie,USCA - Ouest,OFF-AR-10003856,Fournitures de bureau,Art,Newell 344,5.56,2,0,1.45
2245,US-2018-103380,11/21/2018,11/25/2018,Tarif normal,BF-11005,Barry Franz,Bureau à domicile,États-Unis,Pasadena,Californie,USCA - Ouest,OFF-FA-10004248,Fournitures de bureau,Éléments de fixation,Advantus T-Pin Paper Clips,9.02,2,0,3.52
2246,US-2018-103380,11/21/2018,11/25/2018,Tarif normal,BF-11005,Barry Franz,Bureau à domicile,États-Unis,Pasadena,Californie,USCA - Ouest,OFF-AP-10001492,Fournitures de bureau,Électroménager,"Acco Six-Outlet Power Strip, 4' Cord Length",8.62,1,0,2.24
2247,US-2018-103380,11/21/2018,11/25/2018,Tarif normal,BF-11005,Barry Franz,Bureau à domicile,États-Unis,Pasadena,Californie,USCA - Ouest,TEC-PH-10004165,Produits technologiques,Téléphones,Mitel MiVoice 5330e IP Phone,659.98,3,0.2,49.5
2258,US-2018-105214,6/16/2018,6/19/2018,Prioritaire,TS-21610,Troy Staebel,Grand public,États-Unis,San Francisco,Californie,USCA - Ouest,FUR-CH-10000015,Mobilier,Chaises,Hon Multipurpose Stacking Arm Chairs,1212.96,7,0.2,90.97
2259,US-2018-105214,6/16/2018,6/19/2018,Prioritaire,TS-21610,Troy Staebel,Grand public,États-Unis,San Francisco,Californie,USCA - Ouest,OFF-PA-10001776,Fournitures de bureau,Papier,"Wirebound Message Books, Four 2 3/4"" x 5"" Forms per Page, 600 Sets per Book",18.54,2,0,8.71
2263,US-2018-122994,2/6/2018,2/9/2018,Prioritaire,MV-17485,Mark Van Huff,Grand public,États-Unis,Arlington,Virginie,USCA - Sud,FUR-BO-10004015,Mobilier,Bibliothèques,"Bush Andora Bookcase, Maple/Graphite Gray Finish",359.97,3,0,79.19
2267,US-2018-149146,10/12/2018,10/12/2018,Le même jour,SM-20320,Sean Miller,Bureau à domicile,États-Unis,Monroe,Caroline du Nord,USCA - Sud,OFF-PA-10003919,Fournitures de bureau,Papier,Xerox 1989,7.97,2,0.2,2.69
2268,US-2018-137470,9/17/2018,9/17/2018,Le même jour,TP-21415,Tom Prescott,Grand public,États-Unis,Seattle,Washington,USCA - Ouest,OFF-PA-10002001,Fournitures de bureau,Papier,Xerox 1984,12.96,2,0,6.35
2269,US-2018-105480,12/20/2018,12/26/2018,Tarif normal,DK-13225,Dean Katz,Entreprise,États-Unis,Rochester,New York,USCA - Est,OFF-PA-10002787,Fournitures de bureau,Papier,Xerox 227,6.48,1,0,3.11
2270,US-2018-105480,12/20/2018,12/26/2018,Tarif normal,DK-13225,Dean Katz,Entreprise,États-Unis,Rochester,New York,USCA - Est,OFF-BI-10003291,Fournitures de bureau,Classeurs,Wilson Jones Leather-Like Binders with DublLock Round Rings,6.98,1,0.2,2.36
2271,US-2018-164917,12/2/2018,12/7/2018,Tarif normal,MK-17905,Michael Kennedy,Entreprise,États-Unis,Miami,Floride,USCA - Sud,OFF-AR-10004344,Fournitures de bureau,Art,Bulldog Vacuum Base Pencil Sharpener,47.96,5,0.2,4.2
2280,US-2018-142622,7/22/2018,7/25/2018,Prioritaire,JK-15625,Jim Karlsson,Grand public,États-Unis,Seattle,Washington,USCA - Ouest,FUR-CH-10003833,Mobilier,Chaises,Novimex Fabric Task Chair,97.57,2,0.2,-6.1
2281,US-2018-142622,7/22/2018,7/25/2018,Prioritaire,JK-15625,Jim Karlsson,Grand public,États-Unis,Seattle,Washington,USCA - Ouest,FUR-CH-10004289,Mobilier,Chaises,Global Super Steno Chair,614.27,8,0.2,-23.04
2282,US-2018-142622,7/22/2018,7/25/2018,Prioritaire,JK-15625,Jim Karlsson,Grand public,États-Unis,Seattle,Washington,USCA - Ouest,FUR-BO-10004467,Mobilier,Bibliothèques,Bestar Classic Bookcase,199.98,2,0,38
2287,US-2018-165687,11/17/2018,11/23/2018,Tarif normal,CS-12355,Christine Sundaresam,Grand public,États-Unis,Salem,Virginie,USCA - Sud,OFF-AP-10004036,Fournitures de bureau,Électroménager,Bionaire 99.97% HEPA Air Cleaner,35.04,2,0,12.26
2288,US-2018-112928,6/1/2018,6/5/2018,J+2,BB-10990,Barry Blumstein,Entreprise,États-Unis,Toledo,Ohio,USCA - Est,OFF-AP-10002287,Fournitures de bureau,Électroménager,"Eureka Sanitaire  Multi-Pro Heavy-Duty Upright, Disposable Bags",17.48,5,0.2,1.31
2289,US-2018-143343,6/10/2018,6/13/2018,Prioritaire,BW-11200,Ben Wallace,Grand public,États-Unis,Los Angeles,Californie,USCA - Ouest,OFF-AR-10002375,Fournitures de bureau,Art,Newell 351,16.4,5,0,4.76
2290,US-2018-115154,1/8/2018,1/11/2018,Prioritaire,RS-19420,Ricardo Sperren,Entreprise,États-Unis,Seattle,Washington,USCA - Ouest,FUR-TA-10001950,Mobilier,Tables,Balt Solid Wood Round Tables,892.98,2,0,80.37
2295,US-2018-127929,12/23/2018,12/27/2018,Tarif normal,FM-14215,Filia McAdams,Entreprise,États-Unis,Middletown,Connecticut,USCA - Est,FUR-FU-10003708,Mobilier,Meubles,"Tenex Traditional Chairmats for Medium Pile Carpet, Standard Lip, 36"" x 48""",181.95,3,0,38.21
2304,US-2018-157931,9/17/2018,9/22/2018,J+2,MO-17800,Meg O'Connel,Bureau à domicile,États-Unis,Roswell,Géorgie,USCA - Sud,FUR-CH-10000785,Mobilier,Chaises,Global Ergonomic Managers Chair,723.92,4,0,188.22
2305,US-2018-157931,9/17/2018,9/22/2018,J+2,MO-17800,Meg O'Connel,Bureau à domicile,États-Unis,Roswell,Géorgie,USCA - Sud,OFF-PA-10000474,Fournitures de bureau,Papier,Easy-staple paper,106.32,3,0,49.97
2308,US-2018-116225,11/5/2018,11/9/2018,Tarif normal,SV-20935,Susan Vittorini,Grand public,États-Unis,New York City,New York,USCA - Est,TEC-AC-10001432,Produits technologiques,Accessoires,Enermax Aurora Lite Keyboard,390.75,5,0,171.93
2309,US-2018-120418,6/11/2018,6/12/2018,Prioritaire,BC-11125,Becky Castell,Bureau à domicile,États-Unis,Peoria,Arizona,USCA - Ouest,FUR-CH-10001394,Mobilier,Chaises,Global Leather Executive Chair,280.79,1,0.2,35.1
2310,US-2018-120418,6/11/2018,6/12/2018,Prioritaire,BC-11125,Becky Castell,Bureau à domicile,États-Unis,Peoria,Arizona,USCA - Ouest,OFF-ST-10002370,Fournitures de bureau,Stockage,"Sortfiler Multipurpose Personal File Organizer, Black",68.45,4,0.2,7.7
2311,US-2018-120418,6/11/2018,6/12/2018,Prioritaire,BC-11125,Becky Castell,Bureau à domicile,États-Unis,Peoria,Arizona,USCA - Ouest,OFF-AR-10002956,Fournitures de bureau,Art,Boston 16801 Nautilus Battery Pencil Sharpener,88.04,5,0.2,6.6
2312,US-2018-120418,6/11/2018,6/12/2018,Prioritaire,BC-11125,Becky Castell,Bureau à domicile,États-Unis,Peoria,Arizona,USCA - Ouest,OFF-AR-10001955,Fournitures de bureau,Art,Newell 319,15.87,1,0.2,1.98
2313,US-2018-120418,6/11/2018,6/12/2018,Prioritaire,BC-11125,Becky Castell,Bureau à domicile,États-Unis,Peoria,Arizona,USCA - Ouest,OFF-ST-10001809,Fournitures de bureau,Stockage,Fellowes Officeware Wire Shelving,215.59,3,0.2,-48.51
2314,US-2018-122035,7/20/2018,7/25/2018,Tarif normal,EM-13825,Elizabeth Moffitt,Entreprise,États-Unis,Sioux Falls,Dakota du Sud,USCA - Centre,OFF-LA-10004093,Fournitures de bureau,Étiquettes,Avery 486,14.62,2,0,6.87
2315,US-2018-122035,7/20/2018,7/25/2018,Tarif normal,EM-13825,Elizabeth Moffitt,Entreprise,États-Unis,Sioux Falls,Dakota du Sud,USCA - Centre,OFF-AP-10002118,Fournitures de bureau,Électroménager,"1.7 Cubic Foot Compact ""Cube"" Office Refrigerators",416.32,2,0,112.41
2316,US-2018-122035,7/20/2018,7/25/2018,Tarif normal,EM-13825,Elizabeth Moffitt,Entreprise,États-Unis,Sioux Falls,Dakota du Sud,USCA - Centre,OFF-BI-10000404,Fournitures de bureau,Classeurs,Avery Printable Repositionable Plastic Tabs,43,5,0,20.21
2317,US-2018-122035,7/20/2018,7/25/2018,Tarif normal,EM-13825,Elizabeth Moffitt,Entreprise,États-Unis,Sioux Falls,Dakota du Sud,USCA - Centre,FUR-CH-10003833,Mobilier,Chaises,Novimex Fabric Task Chair,182.94,3,0,27.44
2318,US-2018-122035,7/20/2018,7/25/2018,Tarif normal,EM-13825,Elizabeth Moffitt,Entreprise,États-Unis,Sioux Falls,Dakota du Sud,USCA - Centre,OFF-BI-10002072,Fournitures de bureau,Classeurs,Cardinal Slant-D Ring Binders,60.83,7,0,30.42
2319,US-2018-122035,7/20/2018,7/25/2018,Tarif normal,EM-13825,Elizabeth Moffitt,Entreprise,États-Unis,Sioux Falls,Dakota du Sud,USCA - Centre,TEC-AC-10003095,Produits technologiques,Accessoires,Logitech G35 7.1-Channel Surround Sound Headset,389.97,3,0,132.59
2321,US-2018-165491,3/20/2018,3/24/2018,Tarif normal,HW-14935,Helen Wasserman,Entreprise,États-Unis,Seattle,Washington,USCA - Ouest,TEC-AC-10000358,Produits technologiques,Accessoires,Imation Secure Drive + Hardware Encrypted USB flash drive - 16 GB,265.93,7,0,63.82
2329,US-2018-138422,9/23/2018,9/26/2018,Prioritaire,KN-16705,Kristina Nunn,Bureau à domicile,États-Unis,Fort Collins,Colorado,USCA - Ouest,OFF-EN-10004147,Fournitures de bureau,Enveloppes,Wausau Papers Astrobrights Colored Envelopes,14.35,3,0.2,5.2
2333,US-2018-169285,3/21/2018,3/25/2018,Tarif normal,RW-19690,Robert Waldorf,Grand public,États-Unis,Lafayette,Indiana,USCA - Centre,OFF-PA-10004071,Fournitures de bureau,Papier,"Eaton Premium Continuous-Feed Paper, 25% Cotton, Letter Size, White, 1000 Shts/Box",277.4,5,0,133.15
2334,US-2018-169285,3/21/2018,3/25/2018,Tarif normal,RW-19690,Robert Waldorf,Grand public,États-Unis,Lafayette,Indiana,USCA - Centre,OFF-PA-10004971,Fournitures de bureau,Papier,Xerox 196,5.78,1,0,2.83
2336,US-2018-152695,12/10/2018,12/10/2018,Le même jour,CC-12220,Chris Cortes,Grand public,États-Unis,Fairfield,Connecticut,USCA - Est,OFF-EN-10004030,Fournitures de bureau,Enveloppes,Convenience Packs of Business Envelopes,10.86,3,0,5.1
2337,US-2018-152695,12/10/2018,12/10/2018,Le même jour,CC-12220,Chris Cortes,Grand public,États-Unis,Fairfield,Connecticut,USCA - Est,OFF-AP-10000026,Fournitures de bureau,Électroménager,Tripp Lite Isotel 6 Outlet Surge Protector with Fax/Modem Protection,426.79,7,0,123.77
2349,US-2018-109701,12/2/2018,12/3/2018,Le même jour,AM-10360,Alice McCarthy,Entreprise,États-Unis,Los Angeles,Californie,USCA - Ouest,OFF-BI-10004187,Fournitures de bureau,Classeurs,3-ring staple pack,9.02,6,0.2,3.16
2350,US-2018-109701,12/2/2018,12/3/2018,Le même jour,AM-10360,Alice McCarthy,Entreprise,États-Unis,Los Angeles,Californie,USCA - Ouest,OFF-BI-10000632,Fournitures de bureau,Classeurs,Satellite Sectional Post Binders,69.46,2,0.2,22.57
2351,US-2018-109701,12/2/2018,12/3/2018,Le même jour,AM-10360,Alice McCarthy,Entreprise,États-Unis,Los Angeles,Californie,USCA - Ouest,OFF-PA-10003724,Fournitures de bureau,Papier,"Wirebound Message Book, 4 per Page",10.86,2,0,5.32
2352,US-2018-109701,12/2/2018,12/3/2018,Le même jour,AM-10360,Alice McCarthy,Entreprise,États-Unis,Los Angeles,Californie,USCA - Ouest,OFF-AP-10002765,Fournitures de bureau,Électroménager,Fellowes Advanced Computer Series Surge Protectors,79.47,3,0,22.25
2353,US-2018-109701,12/2/2018,12/3/2018,Le même jour,AM-10360,Alice McCarthy,Entreprise,États-Unis,Los Angeles,Californie,USCA - Ouest,OFF-AR-10001868,Fournitures de bureau,Art,Prang Dustless Chalk Sticks,10.08,6,0,5.04
2363,US-2018-136497,4/16/2018,4/20/2018,Tarif normal,RF-19840,Roy Französisch,Grand public,États-Unis,Columbus,Ohio,USCA - Est,OFF-BI-10001553,Fournitures de bureau,Classeurs,SpineVue Locking Slant-D Ring Binders by Cardinal,13.71,5,0.7,-10.05
2368,US-2018-123659,2/10/2018,2/13/2018,Prioritaire,MN-17935,Michael Nguyen,Grand public,États-Unis,Clinton,Maryland,USCA - Est,OFF-PA-10002464,Fournitures de bureau,Papier,HP Office Recycled Paper (20Lb. and 87 Bright),23.12,4,0,11.33
2371,US-2018-155152,7/7/2018,7/9/2018,J+2,MP-17965,Michael Paige,Entreprise,États-Unis,Warwick,Rhode Island,USCA - Est,TEC-AC-10004353,Produits technologiques,Accessoires,Hypercom P1300 Pinpad,252,4,0,93.24
2376,US-2018-119669,1/24/2018,1/27/2018,Tarif normal,TP-21130,Theone Pippenger,Grand public,États-Unis,Smyrna,Géorgie,USCA - Sud,OFF-FA-10000053,Fournitures de bureau,Éléments de fixation,Revere Boxed Rubber Bands by Revere,5.67,3,0,0.11
2383,US-2018-117534,3/25/2018,3/26/2018,Prioritaire,CV-12295,Christina VanderZanden,Grand public,États-Unis,Fresno,Californie,USCA - Ouest,OFF-AP-10002403,Fournitures de bureau,Électroménager,Acco Smartsocket Color-Coded Six-Outlet AC Adapter Model Surge Protectors,176.04,4,0,45.77
2384,US-2018-117534,3/25/2018,3/26/2018,Prioritaire,CV-12295,Christina VanderZanden,Grand public,États-Unis,Fresno,Californie,USCA - Ouest,OFF-AR-10003087,Fournitures de bureau,Art,Staples in misc. colors,16.02,9,0,4.49
2385,US-2018-117534,3/25/2018,3/26/2018,Prioritaire,CV-12295,Christina VanderZanden,Grand public,États-Unis,Fresno,Californie,USCA - Ouest,OFF-BI-10002026,Fournitures de bureau,Classeurs,Avery Arch Ring Binders,185.92,4,0.2,62.75
2386,US-2018-117534,3/25/2018,3/26/2018,Prioritaire,CV-12295,Christina VanderZanden,Grand public,États-Unis,Fresno,Californie,USCA - Ouest,TEC-PH-10000141,Produits technologiques,Téléphones,Clearsounds A400,211.17,4,0.2,15.84
2387,US-2018-117534,3/25/2018,3/26/2018,Prioritaire,CV-12295,Christina VanderZanden,Grand public,États-Unis,Fresno,Californie,USCA - Ouest,TEC-CO-10000971,Produits technologiques,Photocopieurs,Hewlett Packard 310 Color Digital Copier,479.98,2,0.2,60
2398,US-2018-169264,8/14/2018,8/16/2018,J+2,NP-18700,Nora Preis,Grand public,États-Unis,San Francisco,Californie,USCA - Ouest,OFF-LA-10001613,Fournitures de bureau,Étiquettes,Avery File Folder Labels,5.76,2,0,2.82
2399,US-2018-169264,8/14/2018,8/16/2018,J+2,NP-18700,Nora Preis,Grand public,États-Unis,San Francisco,Californie,USCA - Ouest,OFF-AR-10000246,Fournitures de bureau,Art,Newell 318,16.68,6,0,4.34
2400,US-2018-147361,9/9/2018,9/15/2018,Tarif normal,SB-20290,Sean Braxton,Entreprise,États-Unis,Florence,Caroline du Sud,USCA - Sud,OFF-ST-10001809,Fournitures de bureau,Stockage,Fellowes Officeware Wire Shelving,628.81,7,0,12.58
2401,US-2018-147361,9/9/2018,9/15/2018,Tarif normal,SB-20290,Sean Braxton,Entreprise,États-Unis,Florence,Caroline du Sud,USCA - Sud,OFF-ST-10002214,Fournitures de bureau,Stockage,X-Rack File for Hanging Folders,56.45,5,0,14.68
2402,US-2018-145877,4/1/2018,4/4/2018,J+2,AS-10090,Adam Shillingsburg,Grand public,États-Unis,Springfield,Missouri,USCA - Centre,OFF-ST-10000649,Fournitures de bureau,Stockage,Hanging Personal Folder File,94.2,6,0,23.55
2403,US-2018-145877,4/1/2018,4/4/2018,J+2,AS-10090,Adam Shillingsburg,Grand public,États-Unis,Springfield,Missouri,USCA - Centre,OFF-EN-10001990,Fournitures de bureau,Enveloppes,Staple envelope,28.4,5,0,13.35
2405,US-2018-108574,10/7/2018,10/11/2018,Tarif normal,MG-18145,Mike Gockenbach,Grand public,États-Unis,Los Angeles,Californie,USCA - Ouest,TEC-AC-10002049,Produits technologiques,Accessoires,Logitech G19 Programmable Gaming Keyboard,1115.91,9,0,200.86
2406,US-2018-108574,10/7/2018,10/11/2018,Tarif normal,MG-18145,Mike Gockenbach,Grand public,États-Unis,Los Angeles,Californie,USCA - Ouest,TEC-PH-10003555,Produits technologiques,Téléphones,Motorola HK250 Universal Bluetooth Headset,128.74,7,0.2,-28.97
2407,US-2018-108574,10/7/2018,10/11/2018,Tarif normal,MG-18145,Mike Gockenbach,Grand public,États-Unis,Los Angeles,Californie,USCA - Ouest,TEC-PH-10000702,Produits technologiques,Téléphones,"Square Credit Card Reader, 4 1/2"" x 4 1/2"" x 1"", White",79.92,10,0.2,26.97
2408,US-2018-144589,1/20/2018,1/25/2018,Tarif normal,TM-21010,Tamara Manning,Grand public,États-Unis,San Francisco,Californie,USCA - Ouest,OFF-AR-10003631,Fournitures de bureau,Art,Staples in misc. colors,24.2,5,0,7.99
2409,US-2018-144589,1/20/2018,1/25/2018,Tarif normal,TM-21010,Tamara Manning,Grand public,États-Unis,San Francisco,Californie,USCA - Ouest,TEC-PH-10003072,Produits technologiques,Téléphones,Panasonic KX-TG9541B DECT 6.0 Digital 2-Line Expandable Cordless Phone With Digital Answering System,359.98,3,0.2,130.49
2410,US-2018-155985,3/23/2018,3/25/2018,Prioritaire,BE-11335,Bill Eplett,Bureau à domicile,États-Unis,San Francisco,Californie,USCA - Ouest,FUR-FU-10000758,Mobilier,Meubles,DAX Natural Wood-Tone Poster Frame,211.84,8,0,76.26
2417,US-2018-168655,10/12/2018,10/18/2018,Tarif normal,ML-18040,Michelle Lonsdale,Entreprise,États-Unis,Albuquerque,Nouveau-Mexique,USCA - Ouest,TEC-AC-10002842,Produits technologiques,Accessoires,WD My Passport Ultra 2TB Portable External Hard Drive,595,5,0,95.2
2418,US-2018-168655,10/12/2018,10/18/2018,Tarif normal,ML-18040,Michelle Lonsdale,Entreprise,États-Unis,Albuquerque,Nouveau-Mexique,USCA - Ouest,OFF-BI-10002082,Fournitures de bureau,Classeurs,GBC Twin Loop Wire Binding Elements,79.87,3,0.2,29.95
2420,US-2018-159597,11/9/2018,11/14/2018,Tarif normal,MC-17590,Matt Collister,Entreprise,États-Unis,Coachella,Californie,USCA - Ouest,OFF-ST-10002289,Fournitures de bureau,Stockage,"Safco Wire Cube Shelving System, For Use as 4 or 5 14"" Cubes, Black",63.56,2,0,3.18
2421,US-2018-159597,11/9/2018,11/14/2018,Tarif normal,MC-17590,Matt Collister,Entreprise,États-Unis,Coachella,Californie,USCA - Ouest,TEC-AC-10004171,Produits technologiques,Accessoires,Razer Kraken 7.1 Surround Sound Over Ear USB Gaming Headset,99.99,1,0,44
2424,US-2018-147669,12/25/2018,12/28/2018,Tarif normal,SV-20935,Susan Vittorini,Grand public,États-Unis,Fairfield,Ohio,USCA - Est,TEC-AC-10002473,Produits technologiques,Accessoires,Maxell 4.7GB DVD-R,158.93,7,0.2,41.72
2425,US-2018-147669,12/25/2018,12/28/2018,Tarif normal,SV-20935,Susan Vittorini,Grand public,États-Unis,Fairfield,Ohio,USCA - Est,OFF-BI-10000632,Fournitures de bureau,Classeurs,Satellite Sectional Post Binders,13.02,1,0.7,-10.42
2426,US-2018-147669,12/25/2018,12/28/2018,Tarif normal,SV-20935,Susan Vittorini,Grand public,États-Unis,Fairfield,Ohio,USCA - Est,FUR-TA-10002645,Mobilier,Tables,Hon Rectangular Conference Tables,273.06,2,0.4,-104.67
2427,US-2018-147669,12/25/2018,12/28/2018,Tarif normal,SV-20935,Susan Vittorini,Grand public,États-Unis,Fairfield,Ohio,USCA - Est,OFF-FA-10002975,Fournitures de bureau,Éléments de fixation,Staples,39.31,13,0.2,12.78
2431,US-2018-100748,5/13/2018,5/20/2018,Tarif normal,RB-19795,Ross Baird,Bureau à domicile,États-Unis,San Francisco,Californie,USCA - Ouest,OFF-LA-10000240,Fournitures de bureau,Étiquettes,Self-Adhesive Address Labels for Typewriters by Universal,58.48,8,0,27.49
2432,US-2018-129805,12/28/2018,1/2/2019,Tarif normal,HM-14860,Harry Marie,Entreprise,États-Unis,Seattle,Washington,USCA - Ouest,FUR-FU-10001935,Mobilier,Meubles,3M Hangers With Command Adhesive,7.4,2,0,3.03
2434,US-2018-112613,5/28/2018,6/1/2018,Tarif normal,JH-15910,Jonathan Howell,Grand public,États-Unis,Houston,Texas,USCA - Centre,TEC-PH-10001536,Produits technologiques,Téléphones,Spigen Samsung Galaxy S5 Case Wallet,54.37,4,0.2,4.08
2437,US-2018-140053,7/3/2018,7/10/2018,Tarif normal,CA-12265,Christina Anderson,Grand public,États-Unis,Farmington,Nouveau-Mexique,USCA - Ouest,FUR-FU-10003708,Mobilier,Meubles,"Tenex Traditional Chairmats for Medium Pile Carpet, Standard Lip, 36"" x 48""",545.85,9,0,114.63
2440,US-2018-139948,7/17/2018,7/22/2018,Tarif normal,SW-20455,Shaun Weien,Grand public,États-Unis,Tampa,Floride,USCA - Sud,FUR-FU-10002597,Mobilier,Meubles,"C-Line Magnetic Cubicle Keepers, Clear Polypropylene",7.9,2,0.2,2.17
2451,US-2018-140949,3/17/2018,3/22/2018,J+2,DB-13405,Denny Blanton,Grand public,États-Unis,New York City,New York,USCA - Est,OFF-LA-10000081,Fournitures de bureau,Étiquettes,Avery 496,18.75,5,0,9
2452,US-2018-140949,3/17/2018,3/22/2018,J+2,DB-13405,Denny Blanton,Grand public,États-Unis,New York City,New York,USCA - Est,TEC-PH-10000149,Produits technologiques,Téléphones,Cisco SPA525G2 IP Phone - Wireless,119.7,6,0,31.12
2453,US-2018-140949,3/17/2018,3/22/2018,J+2,DB-13405,Denny Blanton,Grand public,États-Unis,New York City,New York,USCA - Est,OFF-BI-10000605,Fournitures de bureau,Classeurs,"Acco Pressboard Covers with Storage Hooks, 9 1/2"" x 11"", Executive Red",9.14,3,0.2,3.09
2454,US-2018-140949,3/17/2018,3/22/2018,J+2,DB-13405,Denny Blanton,Grand public,États-Unis,New York City,New York,USCA - Est,TEC-AC-10002399,Produits technologiques,Accessoires,SanDisk Cruzer 32 GB USB Flash Drive,57.06,3,0,18.26
2455,US-2018-140949,3/17/2018,3/22/2018,J+2,DB-13405,Denny Blanton,Grand public,États-Unis,New York City,New York,USCA - Est,TEC-AC-10003038,Produits technologiques,Accessoires,Kingston Digital DataTraveler 16GB USB 2.0,71.6,8,0,13.6
2456,US-2018-140949,3/17/2018,3/22/2018,J+2,DB-13405,Denny Blanton,Grand public,États-Unis,New York City,New York,USCA - Est,OFF-ST-10000344,Fournitures de bureau,Stockage,"Neat Ideas Personal Hanging Folder Files, Black",107.44,8,0,27.93
2457,US-2018-140949,3/17/2018,3/22/2018,J+2,DB-13405,Denny Blanton,Grand public,États-Unis,New York City,New York,USCA - Est,OFF-LA-10004093,Fournitures de bureau,Étiquettes,Avery 486,7.31,1,0,3.44
2458,US-2018-140949,3/17/2018,3/22/2018,J+2,DB-13405,Denny Blanton,Grand public,États-Unis,New York City,New York,USCA - Est,OFF-AR-10001683,Fournitures de bureau,Art,Lumber Crayons,59.1,6,0,22.46
2459,US-2018-140949,3/17/2018,3/22/2018,J+2,DB-13405,Denny Blanton,Grand public,États-Unis,New York City,New York,USCA - Est,OFF-ST-10003455,Fournitures de bureau,Stockage,"Tenex File Box, Personal Filing Tote with Lid, Black",46.53,3,0,12.1
2460,US-2018-138548,8/15/2018,8/21/2018,Tarif normal,JG-15160,James Galang,Grand public,États-Unis,Plainfield,New Jersey,USCA - Est,OFF-AP-10002578,Fournitures de bureau,Électroménager,"Fellowes Premier Superior Surge Suppressor, 10-Outlet, With Phone and Remote",97.84,2,0,25.44
2463,US-2018-148691,12/3/2018,12/9/2018,Tarif normal,CS-12460,Chuck Sachs,Grand public,États-Unis,New York City,New York,USCA - Est,OFF-BI-10001524,Fournitures de bureau,Classeurs,GBC Premium Transparent Covers with Diagonal Lined Pattern,83.92,5,0.2,29.37
2464,US-2018-148691,12/3/2018,12/9/2018,Tarif normal,CS-12460,Chuck Sachs,Grand public,États-Unis,New York City,New York,USCA - Est,OFF-BI-10001553,Fournitures de bureau,Classeurs,SpineVue Locking Slant-D Ring Binders by Cardinal,14.62,2,0.2,5.12
2465,US-2018-148691,12/3/2018,12/9/2018,Tarif normal,CS-12460,Chuck Sachs,Grand public,États-Unis,New York City,New York,USCA - Est,TEC-PH-10000576,Produits technologiques,Téléphones,AT&T 1080 Corded phone,136.99,1,0,36.99
2466,US-2018-148691,12/3/2018,12/9/2018,Tarif normal,CS-12460,Chuck Sachs,Grand public,États-Unis,New York City,New York,USCA - Est,OFF-LA-10001317,Fournitures de bureau,Étiquettes,Avery 520,3.15,1,0,1.51
2467,US-2018-128755,5/4/2018,5/8/2018,Tarif normal,MK-18160,Mike Kennedy,Grand public,États-Unis,Newport News,Virginie,USCA - Sud,OFF-PA-10000726,Fournitures de bureau,Papier,"Black Print Carbonless Snap-Off Rapid Letter, 8 1/2"" x 7""",9.11,1,0,4.1
2468,US-2018-128755,5/4/2018,5/8/2018,Tarif normal,MK-18160,Mike Kennedy,Grand public,États-Unis,Newport News,Virginie,USCA - Sud,OFF-ST-10003306,Fournitures de bureau,Stockage,Letter Size Cart,571.44,4,0,165.72
2469,US-2018-128755,5/4/2018,5/8/2018,Tarif normal,MK-18160,Mike Kennedy,Grand public,États-Unis,Newport News,Virginie,USCA - Sud,OFF-PA-10004983,Fournitures de bureau,Papier,Xerox 23,32.4,5,0,15.55
2470,US-2018-128755,5/4/2018,5/8/2018,Tarif normal,MK-18160,Mike Kennedy,Grand public,États-Unis,Newport News,Virginie,USCA - Sud,OFF-ST-10001291,Fournitures de bureau,Stockage,"Tenex Personal Self-Stacking Standard File Box, Black/Gray",16.91,1,0,4.57
2478,US-2018-102750,9/4/2018,9/8/2018,J+2,GM-14695,Greg Maxwell,Entreprise,États-Unis,Los Angeles,Californie,USCA - Ouest,FUR-TA-10000198,Mobilier,Tables,Chromcraft Bull-Nose Wood Oval Conference Tables & Bases,1322.35,3,0.2,-99.18
2480,US-2018-141992,6/19/2018,6/25/2018,Tarif normal,FO-14305,Frank Olsen,Grand public,États-Unis,Dallas,Texas,USCA - Centre,OFF-SU-10002557,Fournitures de bureau,Fournitures,Fiskars Spring-Action Scissors,11.18,1,0.2,0.84
2481,US-2018-141992,6/19/2018,6/25/2018,Tarif normal,FO-14305,Frank Olsen,Grand public,États-Unis,Dallas,Texas,USCA - Centre,OFF-ST-10003656,Fournitures de bureau,Stockage,Safco Industrial Wire Shelving,153.58,2,0.2,-32.64
2482,US-2018-147956,12/24/2018,12/27/2018,Tarif normal,AH-10210,Alan Hwang,Grand public,États-Unis,Seattle,Washington,USCA - Ouest,OFF-ST-10001097,Fournitures de bureau,Stockage,Office Impressions Heavy Duty Welded Shelving & Multimedia Storage Drawers,1003.62,6,0,0
2483,US-2018-126067,8/28/2018,9/3/2018,Tarif normal,KN-16705,Kristina Nunn,Bureau à domicile,États-Unis,Seattle,Washington,USCA - Ouest,TEC-PH-10000912,Produits technologiques,Téléphones,Anker 24W Portable Micro USB Car Charger,35.17,4,0.2,11.43
2484,US-2018-126067,8/28/2018,9/3/2018,Tarif normal,KN-16705,Kristina Nunn,Bureau à domicile,États-Unis,Seattle,Washington,USCA - Ouest,FUR-TA-10000617,Mobilier,Tables,"Hon Practical Foundations 30 x 60 Training Table, Light Gray/Charcoal",1137.75,5,0,250.31
2485,US-2018-126067,8/28/2018,9/3/2018,Tarif normal,KN-16705,Kristina Nunn,Bureau à domicile,États-Unis,Seattle,Washington,USCA - Ouest,OFF-BI-10001658,Fournitures de bureau,Classeurs,GBC Standard Therm-A-Bind Covers,99.68,5,0.2,32.4
2486,US-2018-126067,8/28/2018,9/3/2018,Tarif normal,KN-16705,Kristina Nunn,Bureau à domicile,États-Unis,Seattle,Washington,USCA - Ouest,OFF-AR-10003856,Fournitures de bureau,Art,Newell 344,5.56,2,0,1.45
2500,US-2018-133781,6/22/2018,6/23/2018,Prioritaire,DC-12850,Dan Campbell,Grand public,États-Unis,Miami,Floride,USCA - Sud,OFF-EN-10004483,Fournitures de bureau,Enveloppes,"#10 White Business Envelopes,4 1/8 x 9 1/2",37.61,3,0.2,12.69
2501,US-2018-131618,6/17/2018,6/20/2018,Prioritaire,LS-17200,Luke Schmidt,Entreprise,États-Unis,Skokie,Illinois,USCA - Centre,OFF-PA-10001892,Fournitures de bureau,Papier,"Rediform Wirebound ""Phone Memo"" Message Book, 11 x 5-3/4",12.22,2,0.2,4.43
2502,US-2018-131618,6/17/2018,6/20/2018,Prioritaire,LS-17200,Luke Schmidt,Entreprise,États-Unis,Skokie,Illinois,USCA - Centre,OFF-BI-10000546,Fournitures de bureau,Classeurs,Avery Durable Binders,2.3,4,0.8,-3.57
2503,US-2018-131618,6/17/2018,6/20/2018,Prioritaire,LS-17200,Luke Schmidt,Entreprise,États-Unis,Skokie,Illinois,USCA - Centre,OFF-BI-10001294,Fournitures de bureau,Classeurs,Fellowes Binding Cases,9.36,4,0.8,-16.38
2509,US-2018-163902,3/2/2018,3/8/2018,Tarif normal,MY-17380,Maribeth Yedwab,Entreprise,États-Unis,Los Angeles,Californie,USCA - Ouest,TEC-PH-10000675,Produits technologiques,Téléphones,Panasonic KX TS3282B Corded phone,196.78,3,0.2,14.76
2510,US-2018-163902,3/2/2018,3/8/2018,Tarif normal,MY-17380,Maribeth Yedwab,Entreprise,États-Unis,Los Angeles,Californie,USCA - Ouest,TEC-AC-10000580,Produits technologiques,Accessoires,Logitech G13 Programmable Gameboard with LCD Display,479.94,6,0,52.79
2513,US-2018-155089,12/2/2018,12/6/2018,Tarif normal,DB-12910,Daniel Byrd,Bureau à domicile,États-Unis,Tampa,Floride,USCA - Sud,OFF-BI-10002429,Fournitures de bureau,Classeurs,"Premier Elliptical Ring Binder, Black",45.66,5,0.7,-33.48
2518,US-2018-123134,5/2/2018,5/7/2018,Tarif normal,DW-13585,Dorothy Wardle,Entreprise,États-Unis,Westfield,New Jersey,USCA - Est,FUR-FU-10003975,Mobilier,Meubles,Eldon Advantage Chair Mats for Low to Medium Pile Carpets,129.93,3,0,12.99
2535,US-2018-117723,8/15/2018,8/18/2018,J+2,DL-13495,Dionis Lloyd,Entreprise,États-Unis,Philadelphia,Pennsylvanie,USCA - Est,OFF-ST-10004459,Fournitures de bureau,Stockage,Tennsco Single-Tier Lockers,1801.63,6,0.2,-337.81
2546,US-2018-108070,4/16/2018,4/20/2018,Tarif normal,JE-15745,Joel Eaton,Grand public,États-Unis,San Jose,Californie,USCA - Ouest,OFF-ST-10004804,Fournitures de bureau,Stockage,"Belkin 19"" Vented Equipment Shelf, Black",205.92,4,0,2.06
2547,US-2018-108070,4/16/2018,4/20/2018,Tarif normal,JE-15745,Joel Eaton,Grand public,États-Unis,San Jose,Californie,USCA - Ouest,FUR-BO-10001337,Mobilier,Bibliothèques,O'Sullivan Living Dimensions 2-Shelf Bookcases,102.83,1,0.2,-6.05
2552,US-2018-101042,11/19/2018,11/23/2018,Tarif normal,AB-10105,Adrian Barton,Grand public,États-Unis,Henderson,Kentucky,USCA - Sud,FUR-FU-10004665,Mobilier,Meubles,"3M Polarizing Task Lamp with Clamp Arm, Light Gray",821.88,6,0,213.69
2553,US-2018-101042,11/19/2018,11/23/2018,Tarif normal,AB-10105,Adrian Barton,Grand public,États-Unis,Henderson,Kentucky,USCA - Sud,OFF-BI-10000088,Fournitures de bureau,Classeurs,GBC Imprintable Covers,21.96,2,0,10.76
2566,US-2018-109589,12/21/2018,12/24/2018,Prioritaire,BD-11635,Brian Derr,Grand public,États-Unis,Bowling Green,Kentucky,USCA - Sud,TEC-AC-10003116,Produits technologiques,Accessoires,Memorex Froggy Flash Drive 8 GB,71,4,0,27.69
2567,US-2018-123967,11/1/2018,11/3/2018,J+2,SF-20200,Sarah Foster,Grand public,États-Unis,Bellingham,Washington,USCA - Ouest,OFF-BI-10001308,Fournitures de bureau,Classeurs,GBC Standard Plastic Binding Systems' Combs,25.12,5,0.2,7.85
2568,US-2018-123967,11/1/2018,11/3/2018,J+2,SF-20200,Sarah Foster,Grand public,États-Unis,Bellingham,Washington,USCA - Ouest,FUR-TA-10003954,Mobilier,Tables,Hon 94000 Series Round Tables,2665.62,9,0,239.91
2569,US-2018-148929,9/7/2018,9/11/2018,Tarif normal,SP-20620,Stefania Perrino,Entreprise,États-Unis,New York City,New York,USCA - Est,OFF-ST-10003282,Fournitures de bureau,Stockage,"Advantus 10-Drawer Portable Organizer, Chrome Metal Frame, Smoke Drawers",478.08,8,0,133.86
2570,US-2018-134404,12/27/2018,12/27/2018,Le même jour,DR-12880,Dan Reichenbach,Entreprise,États-Unis,Newark,Ohio,USCA - Est,TEC-PH-10000576,Produits technologiques,Téléphones,AT&T 1080 Corded phone,164.39,2,0.4,-35.62
2571,US-2018-134404,12/27/2018,12/27/2018,Le même jour,DR-12880,Dan Reichenbach,Entreprise,États-Unis,Newark,Ohio,USCA - Est,OFF-AR-10004441,Fournitures de bureau,Art,BIC Brite Liner Highlighters,13.25,4,0.2,3.64
2572,US-2018-109778,7/16/2018,7/21/2018,Tarif normal,VM-21685,Valerie Mitchum,Bureau à domicile,États-Unis,Woodstock,Illinois,USCA - Centre,OFF-AR-10003759,Fournitures de bureau,Art,"Crayola Anti Dust Chalk, 12/Pack",2.91,2,0.2,0.91
2574,US-2018-145128,7/9/2018,7/14/2018,Tarif normal,SM-20320,Sean Miller,Bureau à domicile,États-Unis,Lafayette,Indiana,USCA - Centre,FUR-FU-10000293,Mobilier,Meubles,Eldon Antistatic Chair Mats for Low to Medium Pile Carpets,526.45,5,0,31.59
2587,US-2018-131695,3/22/2018,3/25/2018,Tarif normal,RA-19285,Ralph Arnett,Grand public,États-Unis,New York City,New York,USCA - Est,OFF-ST-10001476,Fournitures de bureau,Stockage,Steel Personal Filing/Posting Tote,248.57,7,0,67.11
2588,US-2018-131695,3/22/2018,3/25/2018,Tarif normal,RA-19285,Ralph Arnett,Grand public,États-Unis,New York City,New York,USCA - Est,FUR-FU-10002045,Mobilier,Meubles,"Executive Impressions 14""",22.23,1,0,9.78
2593,US-2018-128300,11/24/2018,11/26/2018,J+2,RS-19765,Roland Schwarz,Entreprise,États-Unis,Summerville,Caroline du Sud,USCA - Sud,TEC-PH-10002807,Produits technologiques,Téléphones,Motorla HX550 Universal Bluetooth Headset,79.1,2,0,39.55
2594,US-2018-128300,11/24/2018,11/26/2018,J+2,RS-19765,Roland Schwarz,Entreprise,États-Unis,Summerville,Caroline du Sud,USCA - Sud,OFF-BI-10001597,Fournitures de bureau,Classeurs,"Wilson Jones Ledger-Size, Piano-Hinge Binder, 2"", Blue",327.84,8,0,157.36
2595,US-2018-149048,5/13/2018,5/17/2018,Tarif normal,BM-11650,Brian Moss,Entreprise,États-Unis,Columbus,Indiana,USCA - Centre,OFF-EN-10003296,Fournitures de bureau,Enveloppes,Tyvek Side-Opening Peel & Seel Expanding Envelopes,180.96,2,0,81.43
2596,US-2018-149048,5/13/2018,5/17/2018,Tarif normal,BM-11650,Brian Moss,Entreprise,États-Unis,Columbus,Indiana,USCA - Centre,OFF-BI-10004632,Fournitures de bureau,Classeurs,Ibico Hi-Tech Manual Binding System,914.97,3,0,411.74
2597,US-2018-149048,5/13/2018,5/17/2018,Tarif normal,BM-11650,Brian Moss,Entreprise,États-Unis,Columbus,Indiana,USCA - Centre,TEC-PH-10002310,Produits technologiques,Téléphones,Plantronics Calisto P620-M USB Wireless Speakerphone System,587.97,3,0,158.75
2598,US-2018-149048,5/13/2018,5/17/2018,Tarif normal,BM-11650,Brian Moss,Entreprise,États-Unis,Columbus,Indiana,USCA - Centre,OFF-ST-10000078,Fournitures de bureau,Stockage,Tennsco 6- and 18-Compartment Lockers,530.34,2,0,95.46
2599,US-2018-149048,5/13/2018,5/17/2018,Tarif normal,BM-11650,Brian Moss,Entreprise,États-Unis,Columbus,Indiana,USCA - Centre,OFF-PA-10001752,Fournitures de bureau,Papier,Hammermill CopyPlus Copy Paper (20Lb. and 84 Bright),14.94,3,0,7.32
2600,US-2018-108553,4/23/2018,4/29/2018,Tarif normal,SK-19990,Sally Knutson,Grand public,États-Unis,New York City,New York,USCA - Est,OFF-AP-10000026,Fournitures de bureau,Électroménager,Tripp Lite Isotel 6 Outlet Surge Protector with Fax/Modem Protection,121.94,2,0,35.36
2601,US-2018-108553,4/23/2018,4/29/2018,Tarif normal,SK-19990,Sally Knutson,Grand public,États-Unis,New York City,New York,USCA - Est,OFF-SU-10002573,Fournitures de bureau,Fournitures,"Acme 10"" Easy Grip Assistive Scissors",122.71,7,0,36.81
2617,US-2018-147942,4/1/2018,4/5/2018,Tarif normal,MS-17365,Maribeth Schnelling,Grand public,États-Unis,San Francisco,Californie,USCA - Ouest,OFF-LA-10003663,Fournitures de bureau,Étiquettes,Avery 498,5.78,2,0,2.72
2618,US-2018-147942,4/1/2018,4/5/2018,Tarif normal,MS-17365,Maribeth Schnelling,Grand public,États-Unis,San Francisco,Californie,USCA - Ouest,OFF-BI-10001294,Fournitures de bureau,Classeurs,Fellowes Binding Cases,121.68,13,0.2,38.03
2619,US-2018-115931,12/22/2018,12/26/2018,Tarif normal,JM-15655,Jim Mitchum,Entreprise,États-Unis,Carlsbad,Nouveau-Mexique,USCA - Ouest,OFF-AR-10000369,Fournitures de bureau,Art,Design Ebony Sketching Pencil,4.17,3,0,1.08
2620,US-2018-115931,12/22/2018,12/26/2018,Tarif normal,JM-15655,Jim Mitchum,Entreprise,États-Unis,Carlsbad,Nouveau-Mexique,USCA - Ouest,TEC-PH-10001300,Produits technologiques,Téléphones,"iKross Bluetooth Portable Keyboard + Cell Phone Stand Holder + Brush for Apple iPhone 5S 5C 5, 4S 4",67.04,4,0.2,6.7
2621,US-2018-115931,12/22/2018,12/26/2018,Tarif normal,JM-15655,Jim Mitchum,Entreprise,États-Unis,Carlsbad,Nouveau-Mexique,USCA - Ouest,OFF-ST-10000876,Fournitures de bureau,Stockage,Eldon Simplefile Box Office,37.32,3,0,10.45
2622,US-2018-115931,12/22/2018,12/26/2018,Tarif normal,JM-15655,Jim Mitchum,Entreprise,États-Unis,Carlsbad,Nouveau-Mexique,USCA - Ouest,OFF-LA-10001404,Fournitures de bureau,Étiquettes,Avery 517,18.45,5,0,8.67
2624,US-2018-127180,10/22/2018,10/24/2018,Prioritaire,TA-21385,Tom Ashbrook,Bureau à domicile,États-Unis,New York City,New York,USCA - Est,TEC-CO-10004722,Produits technologiques,Photocopieurs,Canon imageCLASS 2200 Advanced Copier,11199.97,4,0.2,3919.99
2625,US-2018-127180,10/22/2018,10/24/2018,Prioritaire,TA-21385,Tom Ashbrook,Bureau à domicile,États-Unis,New York City,New York,USCA - Est,TEC-PH-10001494,Produits technologiques,Téléphones,Polycom CX600 IP Phone VoIP phone,2399.6,8,0,647.89
2626,US-2018-127180,10/22/2018,10/24/2018,Prioritaire,TA-21385,Tom Ashbrook,Bureau à domicile,États-Unis,New York City,New York,USCA - Est,OFF-EN-10002500,Fournitures de bureau,Enveloppes,Globe Weis Peel & Seel First Class Envelopes,63.9,5,0,28.76
2627,US-2018-127180,10/22/2018,10/24/2018,Prioritaire,TA-21385,Tom Ashbrook,Bureau à domicile,États-Unis,New York City,New York,USCA - Est,TEC-PH-10003800,Produits technologiques,Téléphones,i.Sound Portable Power - 8000 mAh,52.99,1,0,0.53
2628,US-2018-165344,11/13/2018,11/15/2018,Prioritaire,SB-20290,Sean Braxton,Entreprise,États-Unis,Springfield,Ohio,USCA - Est,TEC-AC-10002399,Produits technologiques,Accessoires,SanDisk Cruzer 32 GB USB Flash Drive,60.86,4,0.2,9.13
2629,US-2018-165344,11/13/2018,11/15/2018,Prioritaire,SB-20290,Sean Braxton,Entreprise,États-Unis,Springfield,Ohio,USCA - Est,TEC-MA-10002210,Produits technologiques,Machines,Epson TM-T88V Direct Thermal Printer - Monochrome - Desktop,653,7,0.7,-935.96
2630,US-2018-165344,11/13/2018,11/15/2018,Prioritaire,SB-20290,Sean Braxton,Entreprise,États-Unis,Springfield,Ohio,USCA - Est,OFF-BI-10003196,Fournitures de bureau,Classeurs,Accohide Poly Flexible Ring Binders,11.22,10,0.7,-7.48
2632,US-2018-110604,5/15/2018,5/20/2018,Tarif normal,JF-15295,Jason Fortune-,Grand public,États-Unis,Seattle,Washington,USCA - Ouest,FUR-FU-10000076,Mobilier,Meubles,24-Hour Round Wall Clock,39.96,2,0,17.18
2633,US-2018-110604,5/15/2018,5/20/2018,Tarif normal,JF-15295,Jason Fortune-,Grand public,États-Unis,Seattle,Washington,USCA - Ouest,FUR-CH-10002017,Mobilier,Chaises,SAFCO Optional Arm Kit for Workspace Cribbage Stacking Chair,42.62,2,0.2,4.26
2634,US-2018-110604,5/15/2018,5/20/2018,Tarif normal,JF-15295,Jason Fortune-,Grand public,États-Unis,Seattle,Washington,USCA - Ouest,FUR-CH-10004287,Mobilier,Chaises,SAFCO Arco Folding Chair,220.96,1,0.2,24.86
2638,US-2018-108441,6/12/2018,6/18/2018,Tarif normal,SB-20170,Sarah Bern,Grand public,États-Unis,New York City,New York,USCA - Est,OFF-PA-10000697,Fournitures de bureau,Papier,"TOPS Voice Message Log Book, Flash Format",19.04,4,0,9.33
2639,US-2018-108441,6/12/2018,6/18/2018,Tarif normal,SB-20170,Sarah Bern,Grand public,États-Unis,New York City,New York,USCA - Est,OFF-BI-10000848,Fournitures de bureau,Classeurs,Angle-D Ring Binders,13.13,3,0.2,4.27
2640,US-2018-108441,6/12/2018,6/18/2018,Tarif normal,SB-20170,Sarah Bern,Grand public,États-Unis,New York City,New York,USCA - Est,OFF-AR-10004691,Fournitures de bureau,Art,Boston 1730 StandUp Electric Pencil Sharpener,64.14,3,0,16.68
2641,US-2018-108441,6/12/2018,6/18/2018,Tarif normal,SB-20170,Sarah Bern,Grand public,États-Unis,New York City,New York,USCA - Est,FUR-CH-10000595,Mobilier,Chaises,Safco Contoured Stacking Chairs,858.24,4,0.1,143.04
2652,US-2018-112515,9/17/2018,9/21/2018,J+2,AS-10225,Alan Schoenberger,Entreprise,États-Unis,Provo,Utah,USCA - Ouest,OFF-BI-10000829,Fournitures de bureau,Classeurs,Avery Non-Stick Binders,10.78,3,0.2,3.5
2653,US-2018-112515,9/17/2018,9/21/2018,J+2,AS-10225,Alan Schoenberger,Entreprise,États-Unis,Provo,Utah,USCA - Ouest,OFF-BI-10003712,Fournitures de bureau,Classeurs,"Acco Pressboard Covers with Storage Hooks, 14 7/8"" x 11"", Light Blue",11.78,3,0.2,4.27
2654,US-2018-112515,9/17/2018,9/21/2018,J+2,AS-10225,Alan Schoenberger,Entreprise,États-Unis,Provo,Utah,USCA - Ouest,OFF-PA-10000062,Fournitures de bureau,Papier,Green Bar Computer Printout Paper,164.88,3,0,80.79
2655,US-2018-112515,9/17/2018,9/21/2018,J+2,AS-10225,Alan Schoenberger,Entreprise,États-Unis,Provo,Utah,USCA - Ouest,FUR-BO-10003404,Mobilier,Bibliothèques,"Global Adaptabilites Bookcase, Cherry/Storm Gray Finish",1292.94,3,0,77.58
2656,US-2018-112515,9/17/2018,9/21/2018,J+2,AS-10225,Alan Schoenberger,Entreprise,États-Unis,Provo,Utah,USCA - Ouest,OFF-BI-10004233,Fournitures de bureau,Classeurs,"GBC Pre-Punched Binding Paper, Plastic, White, 8-1/2"" x 11""",25.58,2,0.2,8.95
2657,US-2018-112515,9/17/2018,9/21/2018,J+2,AS-10225,Alan Schoenberger,Entreprise,États-Unis,Provo,Utah,USCA - Ouest,OFF-ST-10001272,Fournitures de bureau,Stockage,"Mini 13-1/2 Capacity Data Binder Rack, Pearl",261.74,2,0,65.44
2658,US-2018-112515,9/17/2018,9/21/2018,J+2,AS-10225,Alan Schoenberger,Entreprise,États-Unis,Provo,Utah,USCA - Ouest,OFF-LA-10001175,Fournitures de bureau,Étiquettes,Avery 514,14.4,5,0,7.06
2661,US-2018-123372,11/28/2018,12/2/2018,Tarif normal,DG-13300,Deirdre Greer,Entreprise,États-Unis,New York City,New York,USCA - Est,TEC-PH-10002834,Produits technologiques,Téléphones,Google Nexus 5,1979.89,11,0,494.97
2662,US-2018-123372,11/28/2018,12/2/2018,Tarif normal,DG-13300,Deirdre Greer,Entreprise,États-Unis,New York City,New York,USCA - Est,OFF-EN-10003055,Fournitures de bureau,Enveloppes,"Blue String-Tie & Button Interoffice Envelopes, 10 x 13",79.96,2,0,35.98
2663,US-2018-159604,4/14/2018,4/15/2018,Prioritaire,CL-12700,Craig Leslie,Bureau à domicile,États-Unis,Springfield,Missouri,USCA - Centre,OFF-BI-10003460,Fournitures de bureau,Classeurs,Acco 3-Hole Punch,8.76,2,0,4.2
2675,US-2018-136875,12/3/2018,12/3/2018,Le même jour,TC-21295,Toby Carlisle,Grand public,États-Unis,San Diego,Californie,USCA - Ouest,OFF-PA-10000357,Fournitures de bureau,Papier,Xerox 1888,166.44,3,0,79.89
2676,US-2018-132185,11/27/2018,12/2/2018,Tarif normal,DB-13615,Doug Bickford,Grand public,États-Unis,Asheville,Caroline du Nord,USCA - Sud,OFF-AR-10000422,Fournitures de bureau,Art,Pencil and Crayon Sharpener,8.76,5,0.2,0.77
2677,US-2018-132185,11/27/2018,12/2/2018,Tarif normal,DB-13615,Doug Bickford,Grand public,États-Unis,Asheville,Caroline du Nord,USCA - Sud,OFF-AP-10001205,Fournitures de bureau,Électroménager,Belkin 5 Outlet SurgeMaster Power Centers,43.58,1,0.2,4.36
2680,US-2018-127026,1/21/2018,1/27/2018,Tarif normal,MH-18115,Mick Hernandez,Bureau à domicile,États-Unis,Jackson,Michigan,USCA - Centre,OFF-BI-10000546,Fournitures de bureau,Classeurs,Avery Durable Binders,14.4,5,0,7.06
2681,US-2018-127026,1/21/2018,1/27/2018,Tarif normal,MH-18115,Mick Hernandez,Bureau à domicile,États-Unis,Jackson,Michigan,USCA - Centre,TEC-AC-10002049,Produits technologiques,Accessoires,Logitech G19 Programmable Gaming Keyboard,619.95,5,0,111.59
2682,US-2018-127026,1/21/2018,1/27/2018,Tarif normal,MH-18115,Mick Hernandez,Bureau à domicile,États-Unis,Jackson,Michigan,USCA - Centre,OFF-BI-10001196,Fournitures de bureau,Classeurs,"Avery Flip-Chart Easel Binder, Black",89.52,4,0,42.07
2683,US-2018-127026,1/21/2018,1/27/2018,Tarif normal,MH-18115,Mick Hernandez,Bureau à domicile,États-Unis,Jackson,Michigan,USCA - Centre,TEC-MA-10002981,Produits technologiques,Machines,I.R.I.S IRISCard Anywhere 5 Card Scanner,350.97,3,0.1,152.09
2684,US-2018-127026,1/21/2018,1/27/2018,Tarif normal,MH-18115,Mick Hernandez,Bureau à domicile,États-Unis,Jackson,Michigan,USCA - Centre,TEC-PH-10003601,Produits technologiques,Téléphones,"Ativa D5772 2-Line 5.8GHz Digital Expandable Corded/Cordless Phone System with Answering & Caller ID/Call Waiting, Black/Silver",164.99,1,0,49.5
2685,US-2018-137085,6/29/2018,7/6/2018,Tarif normal,CT-11995,Carol Triggs,Grand public,États-Unis,Los Angeles,Californie,USCA - Ouest,OFF-BI-10000632,Fournitures de bureau,Classeurs,Satellite Sectional Post Binders,312.55,9,0.2,101.58
2691,US-2018-156412,12/4/2018,12/8/2018,Tarif normal,CM-12160,Charles McCrossin,Grand public,États-Unis,Philadelphia,Pennsylvanie,USCA - Est,OFF-BI-10004364,Fournitures de bureau,Classeurs,Storex Dura Pro Binders,5.35,3,0.7,-4.46
2705,US-2018-156818,7/11/2018,7/13/2018,J+2,JD-16015,Joy Daniels,Grand public,États-Unis,New York City,New York,USCA - Est,TEC-AC-10002323,Produits technologiques,Accessoires,SanDisk Ultra 32 GB MicroSDHC Class 10 Memory Card,132.6,6,0,17.24
2706,US-2018-155873,6/16/2018,6/21/2018,Tarif normal,AB-10255,Alejandro Ballentine,Bureau à domicile,États-Unis,Carlsbad,Nouveau-Mexique,USCA - Ouest,OFF-SU-10001165,Fournitures de bureau,Fournitures,Acme Elite Stainless Steel Scissors,16.68,2,0,4.34
2707,US-2018-155873,6/16/2018,6/21/2018,Tarif normal,AB-10255,Alejandro Ballentine,Bureau à domicile,États-Unis,Carlsbad,Nouveau-Mexique,USCA - Ouest,OFF-PA-10001246,Fournitures de bureau,Papier,Xerox 215,19.44,3,0,9.33
2708,US-2018-155873,6/16/2018,6/21/2018,Tarif normal,AB-10255,Alejandro Ballentine,Bureau à domicile,États-Unis,Carlsbad,Nouveau-Mexique,USCA - Ouest,OFF-PA-10001815,Fournitures de bureau,Papier,Xerox 1885,192.16,4,0,92.24
2712,US-2018-132430,10/9/2018,10/11/2018,Prioritaire,CP-12085,Cathy Prescott,Entreprise,États-Unis,Lakewood,Ohio,USCA - Est,FUR-FU-10003577,Mobilier,Meubles,Nu-Dell Leatherette Frames,45.89,4,0.2,9.18
2713,US-2018-146031,7/29/2018,8/1/2018,J+2,GM-14440,Gary McGarr,Grand public,États-Unis,Troy,New York,USCA - Est,OFF-AR-10002656,Fournitures de bureau,Art,Sanford Liquid Accent Highlighters,60.12,9,0,22.24
2717,US-2018-128475,8/26/2018,9/1/2018,Tarif normal,SC-20680,Steve Carroll,Bureau à domicile,États-Unis,Columbus,Géorgie,USCA - Sud,TEC-AC-10000158,Produits technologiques,Accessoires,Sony 64GB Class 10 Micro SDHC R40 Memory Card,71.98,2,0,15.12
2719,US-2018-144827,12/21/2018,12/27/2018,Tarif normal,SE-20110,Sanjit Engle,Grand public,États-Unis,Costa Mesa,Californie,USCA - Ouest,OFF-ST-10004340,Fournitures de bureau,Stockage,"Fellowes Mobile File Cart, Black",124.36,2,0,33.58
2726,US-2018-149888,11/7/2018,11/13/2018,Tarif normal,EP-13915,Emily Phan,Grand public,États-Unis,Philadelphia,Pennsylvanie,USCA - Est,TEC-PH-10003811,Produits technologiques,Téléphones,Jabra Supreme Plus Driver Edition Headset,359.97,5,0.4,-71.99
2727,US-2018-149888,11/7/2018,11/13/2018,Tarif normal,EP-13915,Emily Phan,Grand public,États-Unis,Philadelphia,Pennsylvanie,USCA - Est,FUR-TA-10000849,Mobilier,Tables,Bevis Rectangular Conference Tables,350.35,4,0.4,-140.14
2728,US-2018-119193,12/22/2018,12/24/2018,Prioritaire,SK-19990,Sally Knutson,Grand public,États-Unis,Toledo,Ohio,USCA - Est,OFF-BI-10000848,Fournitures de bureau,Classeurs,Angle-D Ring Binders,1.64,1,0.7,-1.31
2729,US-2018-119193,12/22/2018,12/24/2018,Prioritaire,SK-19990,Sally Knutson,Grand public,États-Unis,Toledo,Ohio,USCA - Est,TEC-PH-10003072,Produits technologiques,Téléphones,Panasonic KX-TG9541B DECT 6.0 Digital 2-Line Expandable Cordless Phone With Digital Answering System,629.96,7,0.4,94.49
2730,US-2018-104801,2/13/2018,2/19/2018,Tarif normal,FH-14350,Fred Harton,Grand public,États-Unis,Seattle,Washington,USCA - Ouest,OFF-AR-10001547,Fournitures de bureau,Art,Newell 311,6.63,3,0,1.79
2731,US-2018-104801,2/13/2018,2/19/2018,Tarif normal,FH-14350,Fred Harton,Grand public,États-Unis,Seattle,Washington,USCA - Ouest,TEC-AC-10001838,Produits technologiques,Accessoires,Razer Tiamat Over Ear 7.1 Surround Sound PC Gaming Headset,799.96,4,0,343.98
2732,US-2018-104801,2/13/2018,2/19/2018,Tarif normal,FH-14350,Fred Harton,Grand public,États-Unis,Seattle,Washington,USCA - Ouest,FUR-FU-10004017,Mobilier,Meubles,"Tenex Contemporary Contur Chairmats for Low and Medium Pile Carpet, Computer, 39"" x 49""",107.53,1,0,21.51
2740,US-2018-122707,4/16/2018,4/18/2018,Prioritaire,EB-13750,Edward Becker,Entreprise,États-Unis,Hoover,Alabama,USCA - Sud,OFF-SU-10000157,Fournitures de bureau,Fournitures,Compact Automatic Electric Letter Opener,477.24,4,0,9.54
2741,US-2018-122707,4/16/2018,4/18/2018,Prioritaire,EB-13750,Edward Becker,Entreprise,États-Unis,Hoover,Alabama,USCA - Sud,TEC-AC-10004227,Produits technologiques,Accessoires,SanDisk Ultra 16 GB MicroSDHC Class 10 Memory Card,25.98,2,0,1.56
2746,US-2018-163321,8/7/2018,8/11/2018,J+2,FM-14380,Fred McMath,Grand public,États-Unis,Jacksonville,Caroline du Nord,USCA - Sud,TEC-AC-10004571,Produits technologiques,Accessoires,Logitech G700s Rechargeable Gaming Mouse,79.99,1,0.2,22
2762,US-2018-126536,10/12/2018,10/14/2018,Prioritaire,NK-18490,Neil Knudson,Bureau à domicile,États-Unis,San Francisco,Californie,USCA - Ouest,TEC-AC-10003709,Produits technologiques,Accessoires,Maxell 4.7GB DVD-R 5/Pack,0.99,1,0,0.44
2763,US-2018-126536,10/12/2018,10/14/2018,Prioritaire,NK-18490,Neil Knudson,Bureau à domicile,États-Unis,San Francisco,Californie,USCA - Ouest,OFF-BI-10001191,Fournitures de bureau,Classeurs,Canvas Sectional Post Binders,101.84,5,0.2,36.92
2764,US-2018-165757,6/22/2018,6/28/2018,Tarif normal,PL-18925,Paul Lucas,Bureau à domicile,États-Unis,Philadelphia,Pennsylvanie,USCA - Est,OFF-BI-10003166,Fournitures de bureau,Classeurs,GBC Plasticlear Binding Covers,10.33,3,0.7,-7.58
2765,US-2018-165757,6/22/2018,6/28/2018,Tarif normal,PL-18925,Paul Lucas,Bureau à domicile,États-Unis,Philadelphia,Pennsylvanie,USCA - Est,OFF-BI-10003982,Fournitures de bureau,Classeurs,Wilson Jones Century Plastic Molded Ring Binders,31.16,5,0.7,-23.89
2766,US-2018-165757,6/22/2018,6/28/2018,Tarif normal,PL-18925,Paul Lucas,Bureau à domicile,États-Unis,Philadelphia,Pennsylvanie,USCA - Est,OFF-ST-10004835,Fournitures de bureau,Stockage,Plastic Stacking Crates & Casters,8.93,2,0.2,0.67
2767,US-2018-167752,1/15/2018,1/18/2018,Prioritaire,RW-19690,Robert Waldorf,Grand public,États-Unis,Philadelphia,Pennsylvanie,USCA - Est,OFF-AP-10000159,Fournitures de bureau,Électroménager,Belkin F9M820V08 8 Outlet Surge,34.38,1,0.2,3.87
2768,US-2018-167752,1/15/2018,1/18/2018,Prioritaire,RW-19690,Robert Waldorf,Grand public,États-Unis,Philadelphia,Pennsylvanie,USCA - Est,OFF-AP-10002945,Fournitures de bureau,Électroménager,Honeywell Enviracaire Portable HEPA Air Cleaner for 17' x 22' Room,1924.16,8,0.2,312.68
2773,US-2018-158967,12/10/2018,12/12/2018,Prioritaire,BT-11680,Brian Thompson,Grand public,États-Unis,Fort Lauderdale,Floride,USCA - Sud,FUR-FU-10001940,Mobilier,Meubles,Staple-based wall hangings,19.1,3,0.2,5.73
2775,US-2018-143455,11/11/2018,11/18/2018,Tarif normal,ML-17755,Max Ludwig,Bureau à domicile,États-Unis,Springfield,Ohio,USCA - Est,OFF-PA-10004451,Fournitures de bureau,Papier,Xerox 222,10.37,2,0.2,3.63
2779,US-2018-108322,1/20/2018,1/23/2018,Tarif normal,SS-20140,Saphhira Shifley,Entreprise,États-Unis,Pompano Beach,Floride,USCA - Sud,FUR-FU-10001935,Mobilier,Meubles,3M Hangers With Command Adhesive,23.68,8,0.2,6.22
2780,US-2018-108322,1/20/2018,1/23/2018,Tarif normal,SS-20140,Saphhira Shifley,Entreprise,États-Unis,Pompano Beach,Floride,USCA - Sud,TEC-AC-10003433,Produits technologiques,Accessoires,Maxell 4.7GB DVD+R 5/Pack,2.38,3,0.2,0.74
2781,US-2018-167668,5/6/2018,5/8/2018,Prioritaire,TC-21295,Toby Carlisle,Grand public,États-Unis,New York City,New York,USCA - Est,OFF-LA-10004544,Fournitures de bureau,Étiquettes,Avery 505,59.2,4,0,29.6
2782,US-2018-146724,11/20/2018,11/27/2018,Tarif normal,HG-15025,Hunter Glantz,Grand public,États-Unis,Lakeville,Minnesota,USCA - Centre,OFF-AR-10001026,Fournitures de bureau,Art,"Sanford Uni-Blazer View Highlighters, Chisel Tip, Yellow",22,10,0,9.68
2798,US-2018-158743,10/20/2018,10/27/2018,Tarif normal,IG-15085,Ivan Gibson,Grand public,États-Unis,Little Rock,Arkansas,USCA - Sud,OFF-AR-10002257,Fournitures de bureau,Art,"Eldon Spacemaker Box, Quick-Snap Lid, Clear",13.36,4,0,4.14
2799,US-2018-158743,10/20/2018,10/27/2018,Tarif normal,IG-15085,Ivan Gibson,Grand public,États-Unis,Little Rock,Arkansas,USCA - Sud,OFF-PA-10001019,Fournitures de bureau,Papier,Xerox 1884,39.96,2,0,18.78
2800,US-2018-158743,10/20/2018,10/27/2018,Tarif normal,IG-15085,Ivan Gibson,Grand public,États-Unis,Little Rock,Arkansas,USCA - Sud,OFF-BI-10003364,Fournitures de bureau,Classeurs,Binding Machine Supplies,145.85,5,0,70.01
2803,US-2018-143329,11/3/2018,11/8/2018,Tarif normal,DL-13330,Denise Leinenbach,Grand public,États-Unis,Las Cruces,Nouveau-Mexique,USCA - Ouest,FUR-FU-10000629,Mobilier,Meubles,9-3/4 Diameter Round Wall Clock,41.37,3,0,17.38
2823,US-2018-131016,9/18/2018,9/20/2018,Prioritaire,DC-12850,Dan Campbell,Grand public,États-Unis,Arlington,Texas,USCA - Centre,OFF-AR-10000122,Fournitures de bureau,Art,Newell 314,8.93,2,0.2,0.56
2824,US-2018-131016,9/18/2018,9/20/2018,Prioritaire,DC-12850,Dan Campbell,Grand public,États-Unis,Arlington,Texas,USCA - Centre,OFF-ST-10000352,Fournitures de bureau,Stockage,Acco Perma 2700 Stacking Storage Drawers,47.58,2,0.2,-2.97
2834,US-2018-134649,1/26/2018,1/29/2018,J+2,CA-11965,Carol Adams,Entreprise,États-Unis,Hoover,Alabama,USCA - Sud,OFF-AR-10001547,Fournitures de bureau,Art,Newell 311,15.47,7,0,4.18
2835,US-2018-134649,1/26/2018,1/29/2018,J+2,CA-11965,Carol Adams,Entreprise,États-Unis,Hoover,Alabama,USCA - Sud,OFF-BI-10001890,Fournitures de bureau,Classeurs,Avery Poly Binder Pockets,7.16,2,0,3.44
2836,US-2018-110842,11/11/2018,11/16/2018,Tarif normal,GA-14725,Guy Armstrong,Grand public,États-Unis,Los Angeles,Californie,USCA - Ouest,OFF-AP-10003971,Fournitures de bureau,Électroménager,Belkin 6 Outlet Metallic Surge Strip,10.89,1,0,2.83
2837,US-2018-110842,11/11/2018,11/16/2018,Tarif normal,GA-14725,Guy Armstrong,Grand public,États-Unis,Los Angeles,Californie,USCA - Ouest,OFF-PA-10000520,Fournitures de bureau,Papier,Xerox 201,19.44,3,0,9.33
2838,US-2018-110842,11/11/2018,11/16/2018,Tarif normal,GA-14725,Guy Armstrong,Grand public,États-Unis,Los Angeles,Californie,USCA - Ouest,OFF-BI-10000977,Fournitures de bureau,Classeurs,Ibico Plastic Spiral Binding Combs,121.6,5,0.2,39.52
2842,US-2018-135062,5/23/2018,5/26/2018,J+2,RL-19615,Rob Lucas,Grand public,États-Unis,Fayetteville,Caroline du Nord,USCA - Sud,OFF-PA-10000100,Fournitures de bureau,Papier,Xerox 1945,229.54,7,0.2,83.21
2843,US-2018-135650,3/23/2018,3/27/2018,Tarif normal,AC-10660,Anna Chung,Grand public,États-Unis,Huntsville,Texas,USCA - Centre,OFF-ST-10001809,Fournitures de bureau,Stockage,Fellowes Officeware Wire Shelving,143.73,2,0.2,-32.34
2844,US-2018-112865,5/18/2018,5/22/2018,Tarif normal,BH-11710,Brosina Hoffman,Grand public,États-Unis,Philadelphia,Pennsylvanie,USCA - Est,TEC-AC-10000387,Produits technologiques,Accessoires,KeyTronic KT800P2 - Keyboard - Black,36.05,3,0.2,-0.9
2846,US-2018-138163,11/17/2018,11/20/2018,Prioritaire,XP-21865,Xylona Preis,Grand public,États-Unis,Everett,Massachusetts,USCA - Est,OFF-AR-10001958,Fournitures de bureau,Art,Stanley Bostitch Contemporary Electric Pencil Sharpeners,50.94,3,0,14.26
2847,US-2018-152093,9/10/2018,9/15/2018,Tarif normal,SN-20560,Skye Norling,Bureau à domicile,États-Unis,Chicago,Illinois,USCA - Centre,OFF-BI-10003527,Fournitures de bureau,Classeurs,Fellowes PB500 Electric Punch Plastic Comb Binding Machine with Manual Bind,762.59,3,0.8,-1143.89
2848,US-2018-157854,4/8/2018,4/15/2018,Tarif normal,DM-13345,Denise Monton,Entreprise,États-Unis,Roswell,Géorgie,USCA - Sud,FUR-FU-10003832,Mobilier,Meubles,"Eldon Expressions Punched Metal & Wood Desk Accessories, Black & Cherry",56.28,6,0,15.76
2849,US-2018-157854,4/8/2018,4/15/2018,Tarif normal,DM-13345,Denise Monton,Entreprise,États-Unis,Roswell,Géorgie,USCA - Sud,OFF-BI-10001359,Fournitures de bureau,Classeurs,GBC DocuBind TL300 Electric Binding System,2690.97,3,0,1264.76
2852,US-2018-107342,12/17/2018,12/22/2018,Tarif normal,VF-21715,Vicky Freymann,Bureau à domicile,États-Unis,Columbus,Indiana,USCA - Centre,OFF-PA-10001745,Fournitures de bureau,Papier,"Wirebound Message Books, 2 7/8"" x 5"", 3 Forms per Page",28.16,4,0,13.24
2855,US-2018-137344,8/20/2018,8/20/2018,Le même jour,EM-13810,Eleni McCrary,Entreprise,États-Unis,Franklin,Massachusetts,USCA - Est,OFF-ST-10000344,Fournitures de bureau,Stockage,"Neat Ideas Personal Hanging Folder Files, Black",40.29,3,0,10.48
2856,US-2018-169810,7/25/2018,7/28/2018,Tarif normal,RB-19360,Raymond Buch,Grand public,États-Unis,Sioux Falls,Dakota du Sud,USCA - Centre,OFF-LA-10003663,Fournitures de bureau,Étiquettes,Avery 498,20.23,7,0,9.51
2859,US-2018-138975,5/19/2018,5/23/2018,Tarif normal,SC-20380,Shahid Collister,Grand public,États-Unis,Atlanta,Géorgie,USCA - Sud,TEC-AC-10003441,Produits technologiques,Accessoires,Kingston Digital DataTraveler 32GB USB 2.0,67.8,4,0,4.07
2860,US-2018-138975,5/19/2018,5/23/2018,Tarif normal,SC-20380,Shahid Collister,Grand public,États-Unis,Atlanta,Géorgie,USCA - Sud,TEC-PH-10004389,Produits technologiques,Téléphones,Nokia Lumia 925,377.97,3,0,98.27
2861,US-2018-138975,5/19/2018,5/23/2018,Tarif normal,SC-20380,Shahid Collister,Grand public,États-Unis,Atlanta,Géorgie,USCA - Sud,FUR-BO-10004695,Mobilier,Bibliothèques,O'Sullivan 2-Door Barrister Bookcase in Odessa Pine,1628.82,9,0,374.63
2862,US-2018-138975,5/19/2018,5/23/2018,Tarif normal,SC-20380,Shahid Collister,Grand public,États-Unis,Atlanta,Géorgie,USCA - Sud,OFF-PA-10000100,Fournitures de bureau,Papier,Xerox 1945,286.93,7,0,140.6
2863,US-2018-106537,8/12/2018,8/17/2018,Tarif normal,RH-19495,Rick Hansen,Grand public,États-Unis,Orlando,Floride,USCA - Sud,OFF-PA-10000223,Fournitures de bureau,Papier,Xerox 2000,20.74,4,0.2,7.26
2864,US-2018-103828,8/13/2018,8/13/2018,Le même jour,JK-15370,Jay Kimmel,Grand public,États-Unis,San Francisco,Californie,USCA - Ouest,OFF-ST-10001325,Fournitures de bureau,Stockage,Sterilite Officeware Hinged File Box,31.44,3,0,8.49
2865,US-2018-103828,8/13/2018,8/13/2018,Le même jour,JK-15370,Jay Kimmel,Grand public,États-Unis,San Francisco,Californie,USCA - Ouest,OFF-AP-10004249,Fournitures de bureau,Électroménager,Staple holder,83.79,7,0,22.62
2866,US-2018-103828,8/13/2018,8/13/2018,Le même jour,JK-15370,Jay Kimmel,Grand public,États-Unis,San Francisco,Californie,USCA - Ouest,OFF-AR-10000588,Fournitures de bureau,Art,Newell 345,59.52,3,0,15.48
2867,US-2018-103828,8/13/2018,8/13/2018,Le même jour,JK-15370,Jay Kimmel,Grand public,États-Unis,San Francisco,Californie,USCA - Ouest,OFF-SU-10000946,Fournitures de bureau,Fournitures,Staple remover,31.92,4,0,9.26
2870,US-2018-143861,6/12/2018,6/19/2018,Tarif normal,LC-16885,Lena Creighton,Grand public,États-Unis,Saint Petersburg,Floride,USCA - Sud,FUR-FU-10001546,Mobilier,Meubles,Dana Swing-Arm Lamps,17.09,2,0.2,1.07
2873,US-2018-135167,6/15/2018,6/20/2018,Tarif normal,SC-20800,Stuart Calhoun,Grand public,États-Unis,Los Angeles,Californie,USCA - Ouest,OFF-AR-10002399,Fournitures de bureau,Art,"Dixon Prang Watercolor Pencils, 10-Color Set with Brush",4.26,1,0,1.75
2874,US-2018-137022,11/16/2018,11/22/2018,Tarif normal,SW-20275,Scott Williamson,Grand public,États-Unis,San Diego,Californie,USCA - Ouest,OFF-ST-10001963,Fournitures de bureau,Stockage,Tennsco Regal Shelving Units,811.28,8,0,24.34
2875,US-2018-102638,12/29/2018,1/1/2019,Prioritaire,MC-17845,Michael Chen,Grand public,États-Unis,New York City,New York,USCA - Est,OFF-FA-10002988,Fournitures de bureau,Éléments de fixation,Ideal Clamps,6.03,3,0,2.95
2887,US-2018-102099,12/18/2018,12/19/2018,Prioritaire,EP-13915,Emily Phan,Grand public,États-Unis,Los Angeles,Californie,USCA - Ouest,OFF-AR-10003811,Fournitures de bureau,Art,Newell 327,6.63,3,0,1.79
2888,US-2018-102099,12/18/2018,12/19/2018,Prioritaire,EP-13915,Emily Phan,Grand public,États-Unis,Los Angeles,Californie,USCA - Ouest,OFF-PA-10003172,Fournitures de bureau,Papier,Xerox 1996,12.96,2,0,6.22
2889,US-2018-102099,12/18/2018,12/19/2018,Prioritaire,EP-13915,Emily Phan,Grand public,États-Unis,Los Angeles,Californie,USCA - Ouest,OFF-PA-10000289,Fournitures de bureau,Papier,Xerox 213,32.4,5,0,15.55
2890,US-2018-164049,11/2/2018,11/6/2018,Tarif normal,KH-16630,Ken Heidel,Entreprise,États-Unis,Seattle,Washington,USCA - Ouest,OFF-PA-10000791,Fournitures de bureau,Papier,"Wirebound Message Books, Four 2 3/4 x 5 Forms per Page, 200 Sets per Book",23.85,5,0,10.73
2893,US-2018-139913,10/23/2018,10/29/2018,Tarif normal,JC-16105,Julie Creighton,Entreprise,États-Unis,Rochester,New York,USCA - Est,OFF-PA-10003739,Fournitures de bureau,Papier,Xerox 1969,11.56,2,0,5.66
2894,US-2018-139913,10/23/2018,10/29/2018,Tarif normal,JC-16105,Julie Creighton,Entreprise,États-Unis,Rochester,New York,USCA - Est,OFF-PA-10002479,Fournitures de bureau,Papier,Xerox 4200 Series MultiUse Premium Copy Paper (20Lb. and 84 Bright),26.4,5,0,11.88
2895,US-2018-139913,10/23/2018,10/29/2018,Tarif normal,JC-16105,Julie Creighton,Entreprise,États-Unis,Rochester,New York,USCA - Est,FUR-FU-10000771,Mobilier,Meubles,"Eldon 200 Class Desk Accessories, Smoke",69.08,11,0,29.01
2896,US-2018-139913,10/23/2018,10/29/2018,Tarif normal,JC-16105,Julie Creighton,Entreprise,États-Unis,Rochester,New York,USCA - Est,TEC-PH-10001552,Produits technologiques,Téléphones,I Need's 3d Hello Kitty Hybrid Silicone Case Cover for HTC One X 4g with 3d Hello Kitty Stylus Pen Green/pink,35.88,3,0,10.05
2902,US-2018-124898,9/11/2018,9/15/2018,Tarif normal,DB-12910,Daniel Byrd,Bureau à domicile,États-Unis,Columbus,Géorgie,USCA - Sud,OFF-PA-10003656,Fournitures de bureau,Papier,Xerox 1935,184.66,7,0,84.94
2907,US-2018-121615,11/3/2018,11/9/2018,Tarif normal,DL-12925,Daniel Lacy,Grand public,États-Unis,Eagan,Minnesota,USCA - Centre,OFF-PA-10000327,Fournitures de bureau,Papier,Xerox 1971,8.56,2,0,3.85
2908,US-2018-121615,11/3/2018,11/9/2018,Tarif normal,DL-12925,Daniel Lacy,Grand public,États-Unis,Eagan,Minnesota,USCA - Centre,OFF-ST-10001325,Fournitures de bureau,Stockage,Sterilite Officeware Hinged File Box,52.4,5,0,14.15
2909,US-2018-121615,11/3/2018,11/9/2018,Tarif normal,DL-12925,Daniel Lacy,Grand public,États-Unis,Eagan,Minnesota,USCA - Centre,OFF-LA-10001771,Fournitures de bureau,Étiquettes,Avery 513,14.94,3,0,6.87
2910,US-2018-166415,2/19/2018,2/23/2018,Tarif normal,ME-17725,Max Engle,Grand public,États-Unis,Seattle,Washington,USCA - Ouest,OFF-FA-10004968,Fournitures de bureau,Éléments de fixation,Rubber Band Ball,11.22,3,0,0.22
2918,US-2018-155047,8/27/2018,8/30/2018,Prioritaire,SE-20110,Sanjit Engle,Grand public,États-Unis,Dallas,Texas,USCA - Centre,OFF-AR-10003338,Fournitures de bureau,Art,"Eberhard Faber 3 1/2"" Golf Pencils",5.95,1,0.2,0.37
2922,US-2018-164329,10/22/2018,10/25/2018,Le même jour,MM-17920,Michael Moore,Grand public,États-Unis,San Francisco,Californie,USCA - Ouest,OFF-ST-10001511,Fournitures de bureau,Stockage,Space Solutions Commercial Steel Shelving,129.3,2,0,6.46
2927,US-2018-128629,7/10/2018,7/14/2018,J+2,BP-11155,Becky Pak,Grand public,États-Unis,Columbus,Géorgie,USCA - Sud,FUR-FU-10000771,Mobilier,Meubles,"Eldon 200 Class Desk Accessories, Smoke",18.84,3,0,7.91
2928,US-2018-158106,6/4/2018,6/10/2018,Tarif normal,CT-11995,Carol Triggs,Grand public,États-Unis,Apple Valley,Minnesota,USCA - Centre,OFF-AR-10002255,Fournitures de bureau,Art,Newell 346,8.64,3,0,2.51
2929,US-2018-120390,10/19/2018,10/26/2018,Tarif normal,TH-21550,Tracy Hopkins,Bureau à domicile,États-Unis,Burlington,Caroline du Nord,USCA - Sud,OFF-BI-10004995,Fournitures de bureau,Classeurs,GBC DocuBind P400 Electric Binding System,1633.19,4,0.7,-1306.55
2930,US-2018-143434,11/18/2018,11/24/2018,Tarif normal,ME-17320,Maria Etezadi,Bureau à domicile,États-Unis,Saginaw,Michigan,USCA - Centre,FUR-FU-10002597,Mobilier,Meubles,"C-Line Magnetic Cubicle Keepers, Clear Polypropylene",19.76,4,0,8.3
2941,US-2018-155880,3/25/2018,3/28/2018,Tarif normal,JD-16150,Justin Deggeller,Entreprise,États-Unis,Milwaukee,Wisconsin,USCA - Centre,FUR-CH-10000422,Mobilier,Chaises,Global Highback Leather Tilter in Burgundy,90.99,1,0,14.56
2942,US-2018-155880,3/25/2018,3/28/2018,Tarif normal,JD-16150,Justin Deggeller,Entreprise,États-Unis,Milwaukee,Wisconsin,USCA - Centre,FUR-CH-10004675,Mobilier,Chaises,"Lifetime Advantage Folding Chairs, 4/Carton",1526.56,7,0,427.44
2943,US-2018-155880,3/25/2018,3/28/2018,Tarif normal,JD-16150,Justin Deggeller,Entreprise,États-Unis,Milwaukee,Wisconsin,USCA - Centre,FUR-CH-10002880,Mobilier,Chaises,"Global High-Back Leather Tilter, Burgundy",368.97,3,0,40.59
2944,US-2018-126242,11/19/2018,11/24/2018,Tarif normal,MC-18100,Mick Crebagga,Grand public,États-Unis,Los Angeles,Californie,USCA - Ouest,OFF-ST-10000675,Fournitures de bureau,Stockage,"File Shuttle II and Handi-File, Black",305.01,9,0,76.25
2945,US-2018-126242,11/19/2018,11/24/2018,Tarif normal,MC-18100,Mick Crebagga,Grand public,États-Unis,Los Angeles,Californie,USCA - Ouest,FUR-FU-10002685,Mobilier,Meubles,"Executive Impressions 13-1/2"" Indoor/Outdoor Wall Clock",18.7,1,0,7.11
2947,US-2018-169859,12/14/2018,12/18/2018,Tarif normal,MP-18175,Mike Pelletier,Bureau à domicile,États-Unis,San Diego,Californie,USCA - Ouest,FUR-FU-10004963,Mobilier,Meubles,"Eldon 400 Class Desk Accessories, Black Carbon",26.25,3,0,11.03
2948,US-2018-169859,12/14/2018,12/18/2018,Tarif normal,MP-18175,Mike Pelletier,Bureau à domicile,États-Unis,San Diego,Californie,USCA - Ouest,OFF-BI-10000174,Fournitures de bureau,Classeurs,"Wilson Jones Clip & Carry Folder Binder Tool for Ring Binders, Clear",64.96,14,0.2,22.74
2949,US-2018-169859,12/14/2018,12/18/2018,Tarif normal,MP-18175,Mike Pelletier,Bureau à domicile,États-Unis,San Diego,Californie,USCA - Ouest,OFF-EN-10000461,Fournitures de bureau,Enveloppes,"#10- 4 1/8"" x 9 1/2"" Recycled Envelopes",43.7,5,0,20.54
2950,US-2018-134915,11/12/2018,11/12/2018,Le même jour,EM-14140,Eugene Moren,Bureau à domicile,États-Unis,Glendale,Arizona,USCA - Ouest,TEC-AC-10001266,Produits technologiques,Accessoires,Memorex Micro Travel Drive 8 GB,41.6,4,0.2,13
2951,US-2018-134915,11/12/2018,11/12/2018,Le même jour,EM-14140,Eugene Moren,Bureau à domicile,États-Unis,Glendale,Arizona,USCA - Ouest,OFF-PA-10002160,Fournitures de bureau,Papier,Xerox 1978,23.12,5,0.2,8.38
2952,US-2018-134915,11/12/2018,11/12/2018,Le même jour,EM-14140,Eugene Moren,Bureau à domicile,États-Unis,Glendale,Arizona,USCA - Ouest,FUR-CH-10004875,Mobilier,Chaises,Harbour Creations 67200 Series Stacking Chairs,113.89,2,0.2,9.97
2953,US-2018-134915,11/12/2018,11/12/2018,Le même jour,EM-14140,Eugene Moren,Bureau à domicile,États-Unis,Glendale,Arizona,USCA - Ouest,FUR-FU-10000305,Mobilier,Meubles,"Tenex V2T-RE Standard Weight Series Chair Mat, 45"" x 53"", Lip 25"" x 12""",113.57,2,0.2,-5.68
2954,US-2018-134915,11/12/2018,11/12/2018,Le même jour,EM-14140,Eugene Moren,Bureau à domicile,États-Unis,Glendale,Arizona,USCA - Ouest,TEC-PH-10000347,Produits technologiques,Téléphones,Cush Cases Heavy Duty Rugged Cover Case for Samsung Galaxy S5 - Purple,7.92,2,0.2,0.69
2955,US-2018-134915,11/12/2018,11/12/2018,Le même jour,EM-14140,Eugene Moren,Bureau à domicile,États-Unis,Glendale,Arizona,USCA - Ouest,TEC-PH-10001459,Produits technologiques,Téléphones,Samsung Galaxy Mega 6.3,671.98,2,0.2,50.4
2957,US-2018-123638,6/27/2018,7/4/2018,Tarif normal,MA-17995,Michelle Arnett,Bureau à domicile,États-Unis,Watertown,New York,USCA - Est,FUR-CH-10002647,Mobilier,Chaises,"Situations Contoured Folding Chairs, 4/Set",191.65,3,0.1,31.94
2958,US-2018-168900,5/4/2018,5/9/2018,Tarif normal,SH-20395,Shahid Hopkins,Grand public,États-Unis,Springfield,Ohio,USCA - Est,OFF-BI-10003910,Fournitures de bureau,Classeurs,DXL Angle-View Binders with Locking Rings by Samsill,2.31,1,0.7,-1.93
2961,US-2018-143665,4/26/2018,5/1/2018,Tarif normal,PO-19180,Philisse Overcash,Bureau à domicile,États-Unis,Seattle,Washington,USCA - Ouest,OFF-PA-10003673,Fournitures de bureau,Papier,Strathmore Photo Mount Cards,20.34,3,0,9.36
2962,US-2018-143665,4/26/2018,5/1/2018,Tarif normal,PO-19180,Philisse Overcash,Bureau à domicile,États-Unis,Seattle,Washington,USCA - Ouest,OFF-LA-10002034,Fournitures de bureau,Étiquettes,Avery 478,39.28,8,0,19.25
2963,US-2018-137428,12/16/2018,12/21/2018,J+2,AY-10555,Andy Yotov,Entreprise,États-Unis,Oceanside,Californie,USCA - Ouest,FUR-CH-10002774,Mobilier,Chaises,"Global Deluxe Stacking Chair, Gray",81.57,2,0.2,9.18
2964,US-2018-137428,12/16/2018,12/21/2018,J+2,AY-10555,Andy Yotov,Entreprise,États-Unis,Oceanside,Californie,USCA - Ouest,FUR-CH-10003817,Mobilier,Chaises,"Global Value Steno Chair, Gray",97.18,2,0.2,6.07
2965,US-2018-137428,12/16/2018,12/21/2018,J+2,AY-10555,Andy Yotov,Entreprise,États-Unis,Oceanside,Californie,USCA - Ouest,OFF-BI-10002949,Fournitures de bureau,Classeurs,Prestige Round Ring Binders,24.32,5,0.2,8.21
2966,US-2018-137428,12/16/2018,12/21/2018,J+2,AY-10555,Andy Yotov,Entreprise,États-Unis,Oceanside,Californie,USCA - Ouest,FUR-FU-10002445,Mobilier,Meubles,"DAX Two-Tone Rosewood/Black Document Frame, Desktop, 5 x 7",18.96,2,0,7.58
2969,US-2018-167941,11/6/2018,11/9/2018,J+2,JF-15565,Jill Fjeld,Grand public,États-Unis,Fayetteville,Caroline du Nord,USCA - Sud,OFF-AP-10002118,Fournitures de bureau,Électroménager,"1.7 Cubic Foot Compact ""Cube"" Office Refrigerators",499.58,3,0.2,43.71
2970,US-2018-167941,11/6/2018,11/9/2018,J+2,JF-15565,Jill Fjeld,Grand public,États-Unis,Fayetteville,Caroline du Nord,USCA - Sud,OFF-PA-10001800,Fournitures de bureau,Papier,Xerox 220,31.1,6,0.2,10.89
2971,US-2018-167941,11/6/2018,11/9/2018,J+2,JF-15565,Jill Fjeld,Grand public,États-Unis,Fayetteville,Caroline du Nord,USCA - Sud,OFF-BI-10002827,Fournitures de bureau,Classeurs,Avery Durable Poly Binders,13.27,8,0.7,-10.62
2972,US-2018-167941,11/6/2018,11/9/2018,J+2,JF-15565,Jill Fjeld,Grand public,États-Unis,Fayetteville,Caroline du Nord,USCA - Sud,FUR-FU-10004671,Mobilier,Meubles,"Executive Impressions 12"" Wall Clock",28.27,2,0.2,6.36
2973,US-2018-167941,11/6/2018,11/9/2018,J+2,JF-15565,Jill Fjeld,Grand public,États-Unis,Fayetteville,Caroline du Nord,USCA - Sud,OFF-ST-10000736,Fournitures de bureau,Stockage,Carina Double Wide Media Storage Towers in Natural & Black,259.14,4,0.2,-51.83
2974,US-2018-111808,12/16/2018,12/20/2018,Tarif normal,AR-10510,Andrew Roberts,Grand public,États-Unis,Tulsa,Oklahoma,USCA - Centre,OFF-BI-10004656,Fournitures de bureau,Classeurs,Peel & Stick Add-On Corner Pockets,10.8,5,0,5.18
2977,US-2018-139773,12/4/2018,12/4/2018,Le même jour,DV-13045,Darrin Van Huff,Entreprise,États-Unis,Philadelphia,Pennsylvanie,USCA - Est,FUR-CH-10001797,Mobilier,Chaises,"Safco Chair Connectors, 6/Carton",188.55,7,0.3,-2.69
2978,US-2018-134607,10/3/2018,10/8/2018,J+2,HL-15040,Hunter Lopez,Grand public,États-Unis,Rochester,New York,USCA - Est,OFF-ST-10002214,Fournitures de bureau,Stockage,X-Rack File for Hanging Folders,22.58,2,0,5.87
2994,US-2018-147291,3/11/2018,3/17/2018,Tarif normal,MJ-17740,Max Jones,Grand public,États-Unis,Detroit,Michigan,USCA - Centre,OFF-BI-10003091,Fournitures de bureau,Classeurs,GBC DocuBind TL200 Manual Binding Machine,895.92,4,0,421.08
3004,US-2018-104381,12/16/2018,12/23/2018,Tarif normal,RD-19810,Ross DeVincentis,Bureau à domicile,États-Unis,Rochester,New York,USCA - Est,OFF-BI-10001628,Fournitures de bureau,Classeurs,"Acco Data Flex Cable Posts For Top & Bottom Load Binders, 6"" Capacity",33.38,4,0.2,10.43
3007,US-2018-116519,10/13/2018,10/15/2018,Prioritaire,CR-12730,Craig Reiter,Grand public,États-Unis,New York City,New York,USCA - Est,OFF-AP-10000828,Fournitures de bureau,Électroménager,Avanti 4.4 Cu. Ft. Refrigerator,904.9,5,0,253.37
3011,US-2018-134845,4/17/2018,4/23/2018,Tarif normal,SR-20425,Sharelle Roach,Bureau à domicile,États-Unis,Louisville,Colorado,USCA - Ouest,OFF-BI-10000773,Fournitures de bureau,Classeurs,Insertable Tab Post Binder Dividers,12.03,5,0.7,-9.22
3012,US-2018-134845,4/17/2018,4/23/2018,Tarif normal,SR-20425,Sharelle Roach,Bureau à domicile,États-Unis,Louisville,Colorado,USCA - Ouest,TEC-MA-10000822,Produits technologiques,Machines,Lexmark MX611dhe Monochrome Laser Printer,2549.99,5,0.7,-3399.98
3013,US-2018-134845,4/17/2018,4/23/2018,Tarif normal,SR-20425,Sharelle Roach,Bureau à domicile,États-Unis,Louisville,Colorado,USCA - Ouest,OFF-BI-10001543,Fournitures de bureau,Classeurs,GBC VeloBinder Manual Binding System,21.59,2,0.7,-15.84
3014,US-2018-134845,4/17/2018,4/23/2018,Tarif normal,SR-20425,Sharelle Roach,Bureau à domicile,États-Unis,Louisville,Colorado,USCA - Ouest,OFF-BI-10003355,Fournitures de bureau,Classeurs,Cardinal Holdit Business Card Pockets,8.96,6,0.7,-6.57
3015,US-2018-134845,4/17/2018,4/23/2018,Tarif normal,SR-20425,Sharelle Roach,Bureau à domicile,États-Unis,Louisville,Colorado,USCA - Ouest,OFF-PA-10002005,Fournitures de bureau,Papier,Xerox 225,20.74,4,0.2,7.26
3024,US-2018-124674,11/17/2018,11/23/2018,Tarif normal,JB-16000,Joy Bell-,Grand public,États-Unis,Brownsville,Texas,USCA - Centre,FUR-BO-10002202,Mobilier,Bibliothèques,"Atlantic Metals Mobile 2-Shelf Bookcases, Custom Colors",327.73,2,0.3,-14.46
3027,US-2018-169054,4/22/2018,4/26/2018,Tarif normal,MO-17800,Meg O'Connel,Bureau à domicile,États-Unis,Philadelphia,Pennsylvanie,USCA - Est,FUR-FU-10001488,Mobilier,Meubles,"Tenex 46"" x 60"" Computer Anti-Static Chairmat, Rectangular Shaped",254.35,3,0.2,0
3029,US-2018-116855,12/17/2018,12/21/2018,Tarif normal,AI-10855,Arianne Irving,Grand public,États-Unis,Chesapeake,Virginie,USCA - Sud,FUR-CH-10003846,Mobilier,Chaises,Hon Valutask Swivel Chairs,504.9,5,0,80.78
3034,US-2018-134173,9/16/2018,9/21/2018,Tarif normal,AB-10060,Adam Bellavance,Bureau à domicile,États-Unis,Philadelphia,Pennsylvanie,USCA - Est,OFF-PA-10004355,Fournitures de bureau,Papier,Xerox 231,20.74,4,0.2,7.26
3040,US-2018-101749,10/3/2018,10/8/2018,Tarif normal,AS-10045,Aaron Smayling,Entreprise,États-Unis,Pasadena,Californie,USCA - Ouest,FUR-TA-10001520,Mobilier,Tables,"Lesro Sheffield Collection Coffee Table, End Table, Center Table, Corner Table",171.29,3,0.2,-6.42
3042,US-2018-149559,9/11/2018,9/12/2018,Le même jour,KF-16285,Karen Ferguson,Bureau à domicile,États-Unis,Long Beach,Californie,USCA - Ouest,OFF-PA-10003172,Fournitures de bureau,Papier,Xerox 1996,12.96,2,0,6.22
3043,US-2018-149559,9/11/2018,9/12/2018,Le même jour,KF-16285,Karen Ferguson,Bureau à domicile,États-Unis,Long Beach,Californie,USCA - Ouest,OFF-EN-10002312,Fournitures de bureau,Enveloppes,#10 Self-Seal White Envelopes,22.18,2,0,10.87
3044,US-2018-149559,9/11/2018,9/12/2018,Le même jour,KF-16285,Karen Ferguson,Bureau à domicile,États-Unis,Long Beach,Californie,USCA - Ouest,FUR-CH-10002320,Mobilier,Chaises,Hon Pagoda Stacking Chairs,2054.27,8,0.2,256.78
3046,US-2018-125290,11/6/2018,11/10/2018,J+2,CC-12430,Chuck Clark,Bureau à domicile,États-Unis,Minneapolis,Minnesota,USCA - Centre,OFF-AR-10001216,Fournitures de bureau,Art,Newell 339,13.9,5,0,3.61
3047,US-2018-125290,11/6/2018,11/10/2018,J+2,CC-12430,Chuck Clark,Bureau à domicile,États-Unis,Minneapolis,Minnesota,USCA - Centre,OFF-PA-10003127,Fournitures de bureau,Papier,Easy-staple paper,26.38,1,0,12.13
3049,US-2018-121419,4/2/2018,4/4/2018,Prioritaire,TC-21475,Tony Chapman,Bureau à domicile,États-Unis,Columbus,Géorgie,USCA - Sud,FUR-TA-10004534,Mobilier,Tables,Bevis 44 x 96 Conference Tables,411.8,2,0,70.01
3050,US-2018-121419,4/2/2018,4/4/2018,Prioritaire,TC-21475,Tony Chapman,Bureau à domicile,États-Unis,Columbus,Géorgie,USCA - Sud,TEC-AC-10000892,Produits technologiques,Accessoires,NETGEAR N750 Dual Band Wi-Fi Gigabit Router,360,4,0,129.6
3051,US-2018-148054,10/6/2018,10/11/2018,Tarif normal,NZ-18565,Nick Zandusky,Bureau à domicile,États-Unis,Meridian,Idaho,USCA - Ouest,FUR-FU-10003247,Mobilier,Meubles,36X48 HARDFLOOR CHAIRMAT,41.96,2,0,2.94
3052,US-2018-148054,10/6/2018,10/11/2018,Tarif normal,NZ-18565,Nick Zandusky,Bureau à domicile,États-Unis,Meridian,Idaho,USCA - Ouest,OFF-AP-10004336,Fournitures de bureau,Électroménager,"Conquest 14 Commercial Heavy-Duty Upright Vacuum, Collection System, Accessory Kit",227.84,4,0,66.07
3053,US-2018-148054,10/6/2018,10/11/2018,Tarif normal,NZ-18565,Nick Zandusky,Bureau à domicile,États-Unis,Meridian,Idaho,USCA - Ouest,OFF-PA-10001295,Fournitures de bureau,Papier,Computer Printout Paper with Letter-Trim Perforations,37.94,2,0,18.21
3057,US-2018-131492,10/19/2018,10/24/2018,J+2,HH-15010,Hilary Holden,Entreprise,États-Unis,San Francisco,Californie,USCA - Ouest,OFF-EN-10002973,Fournitures de bureau,Enveloppes,Ampad #10 Peel & Seel Holiday Envelopes,8.96,2,0,4.3
3058,US-2018-131492,10/19/2018,10/24/2018,J+2,HH-15010,Hilary Holden,Entreprise,États-Unis,San Francisco,Californie,USCA - Ouest,OFF-LA-10001641,Fournitures de bureau,Étiquettes,Avery 518,31.5,10,0,15.12
3059,US-2018-131492,10/19/2018,10/24/2018,J+2,HH-15010,Hilary Holden,Entreprise,États-Unis,San Francisco,Californie,USCA - Ouest,FUR-FU-10003878,Mobilier,Meubles,"Linden 10"" Round Wall Clock, Black",30.56,2,0,10.39
3060,US-2018-131492,10/19/2018,10/24/2018,J+2,HH-15010,Hilary Holden,Entreprise,États-Unis,San Francisco,Californie,USCA - Ouest,FUR-TA-10003837,Mobilier,Tables,Anderson Hickey Conga Table Tops & Accessories,24.37,2,0.2,-3.35
3062,US-2018-127621,3/3/2018,3/7/2018,Tarif normal,RE-19450,Richard Eichhorn,Grand public,États-Unis,Dallas,Texas,USCA - Centre,OFF-PA-10001307,Fournitures de bureau,Papier,"Important Message Pads, 50 4-1/4 x 5-1/2 Forms per Pad",26.88,8,0.2,9.74
3065,US-2018-106859,3/13/2018,3/18/2018,J+2,BF-11215,Benjamin Farhat,Bureau à domicile,États-Unis,Albuquerque,Nouveau-Mexique,USCA - Ouest,OFF-ST-10000615,Fournitures de bureau,Stockage,"SimpliFile Personal File, Black Granite, 15w x 6-15/16d x 11-1/4h",90.8,8,0,25.42
3066,US-2018-106859,3/13/2018,3/18/2018,J+2,BF-11215,Benjamin Farhat,Bureau à domicile,États-Unis,Albuquerque,Nouveau-Mexique,USCA - Ouest,TEC-PH-10004531,Produits technologiques,Téléphones,OtterBox Commuter Series Case - iPhone 5 & 5s,140.74,8,0.2,49.26
3067,US-2018-106859,3/13/2018,3/18/2018,J+2,BF-11215,Benjamin Farhat,Bureau à domicile,États-Unis,Albuquerque,Nouveau-Mexique,USCA - Ouest,TEC-AC-10004001,Produits technologiques,Accessoires,Logitech Wireless Headset H600 Over-The-Head Design,214.95,5,0,88.13
3068,US-2018-106859,3/13/2018,3/18/2018,J+2,BF-11215,Benjamin Farhat,Bureau à domicile,États-Unis,Albuquerque,Nouveau-Mexique,USCA - Ouest,OFF-PA-10001534,Fournitures de bureau,Papier,Xerox 230,45.36,7,0,21.77
3069,US-2018-106859,3/13/2018,3/18/2018,J+2,BF-11215,Benjamin Farhat,Bureau à domicile,États-Unis,Albuquerque,Nouveau-Mexique,USCA - Ouest,OFF-PA-10001815,Fournitures de bureau,Papier,Xerox 1885,288.24,6,0,138.36
3070,US-2018-120089,8/22/2018,8/22/2018,Le même jour,ML-17755,Max Ludwig,Bureau à domicile,États-Unis,Toledo,Ohio,USCA - Est,OFF-AP-10003779,Fournitures de bureau,Électroménager,Kensington 7 Outlet MasterPiece Power Center with Fax/Phone Line Protection,663.94,4,0.2,82.99
3080,US-2018-101182,9/4/2018,9/5/2018,Prioritaire,KB-16405,Katrina Bavinger,Bureau à domicile,États-Unis,Apple Valley,Californie,USCA - Ouest,OFF-PA-10001800,Fournitures de bureau,Papier,Xerox 220,12.96,2,0,6.22
3081,US-2018-101182,9/4/2018,9/5/2018,Prioritaire,KB-16405,Katrina Bavinger,Bureau à domicile,États-Unis,Apple Valley,Californie,USCA - Ouest,TEC-PH-10003589,Produits technologiques,Téléphones,invisibleSHIELD by ZAGG Smudge-Free Screen Protector,43.18,3,0.2,15.11
3082,US-2018-132297,5/27/2018,6/2/2018,Tarif normal,DW-13480,Dianna Wilson,Bureau à domicile,États-Unis,Louisville,Kentucky,USCA - Sud,OFF-BI-10003364,Fournitures de bureau,Classeurs,Binding Machine Supplies,58.34,2,0,28
3083,US-2018-132297,5/27/2018,6/2/2018,Tarif normal,DW-13480,Dianna Wilson,Bureau à domicile,États-Unis,Louisville,Kentucky,USCA - Sud,TEC-PH-10002834,Produits technologiques,Téléphones,Google Nexus 5,539.97,3,0,134.99
3085,US-2018-118773,2/9/2018,2/14/2018,Tarif normal,TP-21415,Tom Prescott,Grand public,États-Unis,Houston,Texas,USCA - Centre,OFF-BI-10004584,Fournitures de bureau,Classeurs,GBC ProClick 150 Presentation Binding System,252.78,4,0.8,-417.09
3086,US-2018-118773,2/9/2018,2/14/2018,Tarif normal,TP-21415,Tom Prescott,Grand public,États-Unis,Houston,Texas,USCA - Centre,TEC-AC-10002402,Produits technologiques,Accessoires,Razer Kraken PRO Over Ear PC and Music Headset,127.98,2,0.2,16
3087,US-2018-118773,2/9/2018,2/14/2018,Tarif normal,TP-21415,Tom Prescott,Grand public,États-Unis,Houston,Texas,USCA - Centre,FUR-FU-10000550,Mobilier,Meubles,Stacking Trays by OIC,3.98,2,0.6,-2.69
3088,US-2018-118773,2/9/2018,2/14/2018,Tarif normal,TP-21415,Tom Prescott,Grand public,États-Unis,Houston,Texas,USCA - Centre,OFF-AP-10000055,Fournitures de bureau,Électroménager,Belkin F9S820V06 8 Outlet Surge,12.99,2,0.8,-32.48
3089,US-2018-159205,12/21/2018,12/24/2018,J+2,DB-12910,Daniel Byrd,Bureau à domicile,États-Unis,Henderson,Kentucky,USCA - Sud,FUR-FU-10001591,Mobilier,Meubles,Advantus Panel Wall Certificate Holder - 8.5x11,61,5,0,25.62
3090,US-2018-159205,12/21/2018,12/24/2018,J+2,DB-12910,Daniel Byrd,Bureau à domicile,États-Unis,Henderson,Kentucky,USCA - Sud,TEC-PH-10000526,Produits technologiques,Téléphones,Vtech CS6719,671.93,7,0,188.14
3098,US-2018-135692,4/27/2018,5/1/2018,Tarif normal,CV-12805,Cynthia Voltz,Entreprise,États-Unis,Fort Worth,Texas,USCA - Centre,OFF-LA-10001158,Fournitures de bureau,Étiquettes,"Avery Address/Shipping Labels for Typewriters, 4"" x 2""",33.12,4,0.2,11.59
3099,US-2018-135692,4/27/2018,5/1/2018,Tarif normal,CV-12805,Cynthia Voltz,Entreprise,États-Unis,Fort Worth,Texas,USCA - Centre,FUR-BO-10002268,Mobilier,Bibliothèques,Sauder Barrister Bookcases,220.27,4,0.3,-42.11
3100,US-2018-131233,4/14/2018,4/19/2018,Tarif normal,CS-12355,Christine Sundaresam,Grand public,États-Unis,New York City,New York,USCA - Est,OFF-BI-10000829,Fournitures de bureau,Classeurs,Avery Non-Stick Binders,10.78,3,0.2,3.5
3101,US-2018-131233,4/14/2018,4/19/2018,Tarif normal,CS-12355,Christine Sundaresam,Grand public,États-Unis,New York City,New York,USCA - Est,FUR-BO-10003441,Mobilier,Bibliothèques,"Bush Westfield Collection Bookcases, Fully Assembled",242.35,3,0.2,9.09
3102,US-2018-119578,12/22/2018,12/27/2018,J+2,JG-15310,Jason Gross,Entreprise,États-Unis,Providence,Rhode Island,USCA - Est,OFF-SU-10003505,Fournitures de bureau,Fournitures,Premier Electric Letter Opener,695.16,6,0,34.76
3103,US-2018-119578,12/22/2018,12/27/2018,J+2,JG-15310,Jason Gross,Entreprise,États-Unis,Providence,Rhode Island,USCA - Est,FUR-BO-10003660,Mobilier,Bibliothèques,"Bush Cubix Collection Bookcases, Fully Assembled",220.98,1,0,50.83
3105,US-2018-140074,3/23/2018,3/29/2018,Tarif normal,EC-14050,Erin Creighton,Grand public,États-Unis,New York City,New York,USCA - Est,OFF-PA-10002741,Fournitures de bureau,Papier,Xerox 1980,25.68,6,0,11.56
3107,US-2018-127460,7/10/2018,7/14/2018,Tarif normal,FG-14260,Frank Gastineau,Bureau à domicile,États-Unis,Aurora,Illinois,USCA - Centre,OFF-ST-10004340,Fournitures de bureau,Stockage,"Fellowes Mobile File Cart, Black",298.46,6,0.2,26.12
3127,US-2018-149895,9/8/2018,9/12/2018,Tarif normal,EB-14110,Eugene Barchas,Grand public,États-Unis,Philadelphia,Pennsylvanie,USCA - Est,TEC-PH-10002200,Produits technologiques,Téléphones,Aastra 6757i CT Wireless VoIP phone,258.53,2,0.4,-47.4
3128,US-2018-147564,10/2/2018,10/6/2018,Tarif normal,BP-11155,Becky Pak,Grand public,États-Unis,New York City,New York,USCA - Est,OFF-PA-10004438,Fournitures de bureau,Papier,Xerox 1907,49.12,4,0,23.09
3135,US-2018-164168,11/12/2018,11/18/2018,Tarif normal,LS-16975,Lindsay Shagiari,Bureau à domicile,États-Unis,Dallas,Texas,USCA - Centre,OFF-BI-10000666,Fournitures de bureau,Classeurs,Surelock Post Binders,30.56,5,0.8,-45.84
3136,US-2018-164168,11/12/2018,11/18/2018,Tarif normal,LS-16975,Lindsay Shagiari,Bureau à domicile,États-Unis,Dallas,Texas,USCA - Centre,OFF-ST-10002583,Fournitures de bureau,Stockage,Fellowes Neat Ideas Storage Cubes,77.95,3,0.2,-15.59
3137,US-2018-164168,11/12/2018,11/18/2018,Tarif normal,LS-16975,Lindsay Shagiari,Bureau à domicile,États-Unis,Dallas,Texas,USCA - Centre,TEC-PH-10004908,Produits technologiques,Téléphones,Panasonic KX TS3282W Corded phone,67.99,1,0.2,8.5
3138,US-2018-164168,11/12/2018,11/18/2018,Tarif normal,LS-16975,Lindsay Shagiari,Bureau à domicile,États-Unis,Dallas,Texas,USCA - Centre,OFF-EN-10001219,Fournitures de bureau,Enveloppes,"#10- 4 1/8"" x 9 1/2"" Security-Tint Envelopes",12.22,2,0.2,4.43
3139,US-2018-164168,11/12/2018,11/18/2018,Tarif normal,LS-16975,Lindsay Shagiari,Bureau à domicile,États-Unis,Dallas,Texas,USCA - Centre,TEC-AC-10004568,Produits technologiques,Accessoires,Maxell LTO Ultrium - 800 GB,44.78,2,0.2,-0.56
3140,US-2018-164168,11/12/2018,11/18/2018,Tarif normal,LS-16975,Lindsay Shagiari,Bureau à domicile,États-Unis,Dallas,Texas,USCA - Centre,FUR-FU-10001756,Mobilier,Meubles,"Eldon Expressions Desk Accessory, Wood Photo Frame, Mahogany",22.85,3,0.6,-17.71
3143,US-2018-162572,9/25/2018,9/27/2018,J+2,RB-19360,Raymond Buch,Grand public,États-Unis,Cincinnati,Ohio,USCA - Est,TEC-AC-10003628,Produits technologiques,Accessoires,Logitech 910-002974 M325 Wireless Mouse for Web Scrolling,119.96,5,0.2,35.99
3144,US-2018-162572,9/25/2018,9/27/2018,J+2,RB-19360,Raymond Buch,Grand public,États-Unis,Cincinnati,Ohio,USCA - Est,OFF-AR-10001547,Fournitures de bureau,Art,Newell 311,10.61,6,0.2,0.93
3146,US-2018-131828,2/11/2018,2/13/2018,J+2,CS-11845,Cari Sayre,Entreprise,États-Unis,Seattle,Washington,USCA - Ouest,FUR-CH-10004495,Mobilier,Chaises,"Global Leather and Oak Executive Chair, Black",963.14,4,0.2,108.35
3147,US-2018-131828,2/11/2018,2/13/2018,J+2,CS-11845,Cari Sayre,Entreprise,États-Unis,Seattle,Washington,USCA - Ouest,TEC-PH-10002923,Produits technologiques,Téléphones,"Logitech B530 USB Headset - headset - Full size, Binaural",88.78,3,0.2,7.77
3155,US-2018-150497,7/20/2018,7/24/2018,Tarif normal,SM-20950,Suzanne McNair,Entreprise,États-Unis,Maple Grove,Minnesota,USCA - Centre,OFF-BI-10004600,Fournitures de bureau,Classeurs,Ibico Ibimaster 300 Manual Binding System,735.98,2,0,331.19
3171,US-2018-107461,12/21/2018,12/26/2018,J+2,PK-19075,Pete Kriz,Grand public,États-Unis,Columbia,Caroline du Sud,USCA - Sud,OFF-BI-10002003,Fournitures de bureau,Classeurs,Ibico Presentation Index for Binding Systems,23.88,6,0,11.22
3175,US-2018-157483,11/11/2018,11/18/2018,Tarif normal,EP-13915,Emily Phan,Grand public,États-Unis,Detroit,Michigan,USCA - Centre,OFF-AR-10004260,Fournitures de bureau,Art,Boston 1799 Powerhouse Electric Pencil Sharpener,181.86,7,0,50.92
3176,US-2018-132059,9/23/2018,9/29/2018,Tarif normal,AP-10915,Arthur Prichep,Grand public,États-Unis,Fort Collins,Colorado,USCA - Ouest,FUR-BO-10001811,Mobilier,Bibliothèques,"Atlantic Metals Mobile 5-Shelf Bookcases, Custom Colors",180.59,2,0.7,-240.78
3177,US-2018-132059,9/23/2018,9/29/2018,Tarif normal,AP-10915,Arthur Prichep,Grand public,États-Unis,Fort Collins,Colorado,USCA - Ouest,TEC-AC-10003280,Produits technologiques,Accessoires,Belkin F8E887 USB Wired Ergonomic Keyboard,47.98,2,0.2,0.6
3178,US-2018-122280,9/10/2018,9/10/2018,Le même jour,SH-20395,Shahid Hopkins,Grand public,États-Unis,New York City,New York,USCA - Est,OFF-PA-10004911,Fournitures de bureau,Papier,"Rediform S.O.S. 1-Up Phone Message Bk, 4-1/4x3-1/16 Bk, 1 Form/Pg, 40 Messages/Bk, 3/Pk",18.76,2,0,9
3179,US-2018-105235,12/5/2018,12/11/2018,Tarif normal,SM-20950,Suzanne McNair,Entreprise,États-Unis,New York City,New York,USCA - Est,FUR-FU-10001487,Mobilier,Meubles,"Eldon Expressions Wood and Plastic Desk Accessories, Cherry Wood",20.94,3,0,6.07
3180,US-2018-105235,12/5/2018,12/11/2018,Tarif normal,SM-20950,Suzanne McNair,Entreprise,États-Unis,New York City,New York,USCA - Est,FUR-FU-10000521,Mobilier,Meubles,"Seth Thomas 14"" Putty-Colored Wall Clock",58.68,2,0,18.19
3181,US-2018-105235,12/5/2018,12/11/2018,Tarif normal,SM-20950,Suzanne McNair,Entreprise,États-Unis,New York City,New York,USCA - Est,OFF-AP-10001271,Fournitures de bureau,Électroménager,Eureka The Boss Cordless Rechargeable Stick Vac,254.9,5,0,68.82
3182,US-2018-152912,11/9/2018,11/12/2018,J+2,BM-11650,Brian Moss,Entreprise,États-Unis,Columbia,Maryland,USCA - Est,OFF-BI-10004728,Fournitures de bureau,Classeurs,Wilson Jones Turn Tabs Binder Tool for Ring Binders,9.64,2,0,4.43
3183,US-2018-152912,11/9/2018,11/12/2018,J+2,BM-11650,Brian Moss,Entreprise,États-Unis,Columbia,Maryland,USCA - Est,TEC-AC-10004666,Produits technologiques,Accessoires,Maxell iVDR EX 500GB Cartridge,826.62,3,0,355.45
3184,US-2018-152912,11/9/2018,11/12/2018,J+2,BM-11650,Brian Moss,Entreprise,États-Unis,Columbia,Maryland,USCA - Est,OFF-ST-10003208,Fournitures de bureau,Stockage,Adjustable Depth Letter/Legal Cart,1633.14,9,0,473.61
3185,US-2018-152912,11/9/2018,11/12/2018,J+2,BM-11650,Brian Moss,Entreprise,États-Unis,Columbia,Maryland,USCA - Est,OFF-ST-10003208,Fournitures de bureau,Stockage,Adjustable Depth Letter/Legal Cart,544.38,3,0,157.87
3188,US-2018-159352,3/12/2018,3/17/2018,Tarif normal,KB-16585,Ken Black,Entreprise,États-Unis,Lowell,Massachusetts,USCA - Est,TEC-PH-10004700,Produits technologiques,Téléphones,PowerGen Dual USB Car Charger,69.93,7,0,32.17
3189,US-2018-146416,10/20/2018,10/22/2018,J+2,JE-16165,Justin Ellison,Entreprise,États-Unis,Woodland,Californie,USCA - Ouest,OFF-LA-10003714,Fournitures de bureau,Étiquettes,Avery 510,3.75,1,0,1.8
3190,US-2018-146416,10/20/2018,10/22/2018,J+2,JE-16165,Justin Ellison,Entreprise,États-Unis,Woodland,Californie,USCA - Ouest,OFF-BI-10001787,Fournitures de bureau,Classeurs,Wilson Jones Four-Pocket Poly Binders,20.93,4,0.2,7.59
3192,US-2018-123981,10/2/2018,10/8/2018,Tarif normal,RW-19630,Rob Williams,Entreprise,États-Unis,New York City,New York,USCA - Est,TEC-PH-10002115,Produits technologiques,Téléphones,Plantronics 81402,65.99,1,0,17.16
3193,US-2018-158953,6/4/2018,6/8/2018,Tarif normal,ML-18040,Michelle Lonsdale,Entreprise,États-Unis,Missouri City,Texas,USCA - Centre,OFF-BI-10002557,Fournitures de bureau,Classeurs,Presstex Flexible Ring Binders,6.37,7,0.8,-9.56
3197,US-2018-109750,7/22/2018,7/28/2018,Tarif normal,FH-14365,Fred Hopkins,Entreprise,États-Unis,New York City,New York,USCA - Est,TEC-PH-10000702,Produits technologiques,Téléphones,"Square Credit Card Reader, 4 1/2"" x 4 1/2"" x 1"", White",29.97,3,0,14.09
3200,US-2018-164000,12/18/2018,12/22/2018,Tarif normal,AH-10030,Aaron Hawkins,Entreprise,États-Unis,Philadelphia,Pennsylvanie,USCA - Est,OFF-AR-10003183,Fournitures de bureau,Art,Avery Fluorescent Highlighter Four-Color Set,18.7,7,0.2,2.34
3211,US-2018-108245,9/22/2018,9/27/2018,Tarif normal,SH-19975,Sally Hughsby,Entreprise,États-Unis,Pearland,Texas,USCA - Centre,OFF-EN-10001415,Fournitures de bureau,Enveloppes,Staple envelope,13.39,3,0.2,5.02
3212,US-2018-108245,9/22/2018,9/27/2018,Tarif normal,SH-19975,Sally Hughsby,Entreprise,États-Unis,Pearland,Texas,USCA - Centre,OFF-BI-10000773,Fournitures de bureau,Classeurs,Insertable Tab Post Binder Dividers,11.23,7,0.8,-18.53
3216,US-2018-150189,7/8/2018,7/10/2018,Prioritaire,VG-21790,Vivek Gonzalez,Grand public,États-Unis,San Mateo,Californie,USCA - Ouest,OFF-LA-10002762,Fournitures de bureau,Étiquettes,Avery 485,75.18,6,0,35.33
3218,US-2018-104640,11/10/2018,11/16/2018,Tarif normal,FH-14275,Frank Hawley,Entreprise,États-Unis,New York City,New York,USCA - Est,OFF-BI-10003925,Fournitures de bureau,Classeurs,Fellowes PB300 Plastic Comb Binding Machine,931.18,3,0.2,314.27
3219,US-2018-104640,11/10/2018,11/16/2018,Tarif normal,FH-14275,Frank Hawley,Entreprise,États-Unis,New York City,New York,USCA - Est,TEC-PH-10002200,Produits technologiques,Téléphones,Aastra 6757i CT Wireless VoIP phone,430.88,2,0,124.96
3231,US-2018-131625,9/1/2018,9/5/2018,J+2,BN-11515,Bradley Nguyen,Grand public,États-Unis,New York City,New York,USCA - Est,FUR-FU-10004960,Mobilier,Meubles,"Seth Thomas 12"" Clock w/ Goldtone Case",114.9,5,0,39.07
3232,US-2018-156356,4/16/2018,4/22/2018,Tarif normal,ND-18370,Natalie DeCherney,Grand public,États-Unis,Houston,Texas,USCA - Centre,OFF-BI-10000632,Fournitures de bureau,Classeurs,Satellite Sectional Post Binders,26.05,3,0.8,-44.28
3233,US-2018-156356,4/16/2018,4/22/2018,Tarif normal,ND-18370,Natalie DeCherney,Grand public,États-Unis,Houston,Texas,USCA - Centre,OFF-BI-10001107,Fournitures de bureau,Classeurs,"GBC White Gloss Covers, Plain Front",2.9,1,0.8,-4.78
3234,US-2018-156356,4/16/2018,4/22/2018,Tarif normal,ND-18370,Natalie DeCherney,Grand public,États-Unis,Houston,Texas,USCA - Centre,OFF-ST-10002301,Fournitures de bureau,Stockage,Tennsco Commercial Shelving,32.54,2,0.2,-7.73
3243,US-2018-114524,12/21/2018,12/24/2018,J+2,EG-13900,Emily Grady,Grand public,États-Unis,Chicago,Illinois,USCA - Centre,OFF-BI-10002799,Fournitures de bureau,Classeurs,"SlimView Poly Binder, 3/8""",13.47,13,0.8,-22.9
3244,US-2018-113355,12/1/2018,12/5/2018,Tarif normal,SJ-20215,Sarah Jordon,Grand public,États-Unis,Grand Prairie,Texas,USCA - Centre,TEC-PH-10004912,Produits technologiques,Téléphones,Cisco SPA112 2 Port Phone Adapter,219.8,5,0.2,24.73
3245,US-2018-113355,12/1/2018,12/5/2018,Tarif normal,SJ-20215,Sarah Jordon,Grand public,États-Unis,Grand Prairie,Texas,USCA - Centre,FUR-CH-10002602,Mobilier,Chaises,DMI Arturo Collection Mission-style Design Wood Chair,317.06,3,0.3,-18.12
3246,US-2018-140907,12/10/2018,12/12/2018,J+2,BP-11185,Ben Peterman,Entreprise,États-Unis,Seattle,Washington,USCA - Ouest,TEC-AC-10004510,Produits technologiques,Accessoires,Logitech Desktop MK120 Mouse and keyboard Combo,49.08,3,0,4.91
3247,US-2018-140907,12/10/2018,12/12/2018,J+2,BP-11185,Ben Peterman,Entreprise,États-Unis,Seattle,Washington,USCA - Ouest,OFF-ST-10000060,Fournitures de bureau,Stockage,Fellowes Bankers Box Staxonsteel Drawer File/Stacking System,324.9,5,0,38.99
3248,US-2018-140907,12/10/2018,12/12/2018,J+2,BP-11185,Ben Peterman,Entreprise,États-Unis,Seattle,Washington,USCA - Ouest,OFF-AR-10000799,Fournitures de bureau,Art,Col-Erase Pencils with Erasers,18.24,3,0,5.29
3252,US-2018-119389,4/17/2018,4/19/2018,Prioritaire,BG-11740,Bruce Geld,Grand public,États-Unis,Philadelphia,Pennsylvanie,USCA - Est,FUR-FU-10001473,Mobilier,Meubles,"Eldon Executive Woodline II Desk Accessories, Mahogany",60.31,3,0.2,5.28
3253,US-2018-110373,10/27/2018,10/30/2018,J+2,MA-17560,Matt Abelman,Bureau à domicile,États-Unis,Chicago,Illinois,USCA - Centre,OFF-AR-10003045,Fournitures de bureau,Art,Prang Colored Pencils,7.06,3,0.2,2.21
3254,US-2018-110373,10/27/2018,10/30/2018,J+2,MA-17560,Matt Abelman,Bureau à domicile,États-Unis,Chicago,Illinois,USCA - Centre,TEC-PH-10001536,Produits technologiques,Téléphones,Spigen Samsung Galaxy S5 Case Wallet,27.18,2,0.2,2.04
3274,US-2018-133865,5/8/2018,5/12/2018,Tarif normal,PS-19045,Penelope Sewall,Bureau à domicile,États-Unis,Los Angeles,Californie,USCA - Ouest,TEC-CO-10001046,Produits technologiques,Photocopieurs,Canon Imageclass D680 Copier / Fax,3359.95,6,0.2,1049.99
3275,US-2018-116358,11/2/2018,11/6/2018,Tarif normal,KM-16225,Kalyca Meade,Entreprise,États-Unis,Overland Park,Kansas,USCA - Centre,OFF-FA-10003495,Fournitures de bureau,Éléments de fixation,Staples,18.24,3,0,9.12
3276,US-2018-116358,11/2/2018,11/6/2018,Tarif normal,KM-16225,Kalyca Meade,Entreprise,États-Unis,Overland Park,Kansas,USCA - Centre,OFF-AR-10004685,Fournitures de bureau,Art,"Binney & Smith Crayola Metallic Colored Pencils, 8-Color Set",27.78,6,0,9.17
3286,US-2018-150525,2/20/2018,2/25/2018,Tarif normal,JP-16135,Julie Prescott,Bureau à domicile,États-Unis,Muskogee,Oklahoma,USCA - Centre,OFF-AR-10002375,Fournitures de bureau,Art,Newell 351,6.56,2,0,1.9
3287,US-2018-150525,2/20/2018,2/25/2018,Tarif normal,JP-16135,Julie Prescott,Bureau à domicile,États-Unis,Muskogee,Oklahoma,USCA - Centre,OFF-AP-10000595,Fournitures de bureau,Électroménager,Disposable Triple-Filter Dust Bags,13.11,3,0,3.41
3296,US-2018-113418,10/1/2018,10/3/2018,Prioritaire,CM-12655,Corinna Mitchell,Bureau à domicile,États-Unis,New York City,New York,USCA - Est,TEC-MA-10002428,Produits technologiques,Machines,Fellowes Powershred HS-440 4-Sheet High Security Shredder,1704.89,11,0,767.2
3299,US-2018-136308,11/16/2018,11/16/2018,Le même jour,MW-18235,Mitch Willingham,Entreprise,États-Unis,San Francisco,Californie,USCA - Ouest,TEC-MA-10000488,Produits technologiques,Machines,Bady BDG101FRU Card Printer,1919.98,3,0.2,216
3315,US-2018-169978,12/24/2018,12/28/2018,Tarif normal,HG-15025,Hunter Glantz,Grand public,États-Unis,Oceanside,New York,USCA - Est,FUR-CH-10002602,Mobilier,Chaises,DMI Arturo Collection Mission-style Design Wood Chair,271.76,2,0.1,48.31
3316,US-2018-169978,12/24/2018,12/28/2018,Tarif normal,HG-15025,Hunter Glantz,Grand public,États-Unis,Oceanside,New York,USCA - Est,OFF-BI-10001900,Fournitures de bureau,Classeurs,"DXL Angle-View Binders with Locking Rings, Black",14.38,3,0.2,4.85
3317,US-2018-161739,11/10/2018,11/15/2018,J+2,EB-13750,Edward Becker,Entreprise,États-Unis,Round Rock,Texas,USCA - Centre,FUR-FU-10001468,Mobilier,Meubles,Tenex Antistatic Computer Chair Mats,341.96,5,0.6,-427.45
3332,US-2018-122595,12/14/2018,12/20/2018,Tarif normal,GM-14455,Gary Mitchum,Bureau à domicile,États-Unis,Chicago,Illinois,USCA - Centre,TEC-AC-10000474,Produits technologiques,Accessoires,Kensington Expert Mouse Optical USB Trackball for PC or Mac,227.98,3,0.2,28.5
3333,US-2018-122595,12/14/2018,12/20/2018,Tarif normal,GM-14455,Gary Mitchum,Bureau à domicile,États-Unis,Chicago,Illinois,USCA - Centre,TEC-PH-10003095,Produits technologiques,Téléphones,Samsung HM1900 Bluetooth Headset,52.68,3,0.2,19.76
3334,US-2018-122595,12/14/2018,12/20/2018,Tarif normal,GM-14455,Gary Mitchum,Bureau à domicile,États-Unis,Chicago,Illinois,USCA - Centre,FUR-FU-10002963,Mobilier,Meubles,"Master Caster Door Stop, Gray",2.03,1,0.6,-1.32
3335,US-2018-109253,8/21/2018,8/22/2018,Prioritaire,PR-18880,Patrick Ryan,Grand public,États-Unis,Oakland,Californie,USCA - Ouest,OFF-AR-10000203,Fournitures de bureau,Art,Newell 336,17.12,4,0,4.96
3336,US-2018-109253,8/21/2018,8/22/2018,Prioritaire,PR-18880,Patrick Ryan,Grand public,États-Unis,Oakland,Californie,USCA - Ouest,TEC-PH-10004667,Produits technologiques,Téléphones,Cisco 8x8 Inc. 6753i IP Business Phone System,431.97,4,0.2,37.8
3337,US-2018-109253,8/21/2018,8/22/2018,Prioritaire,PR-18880,Patrick Ryan,Grand public,États-Unis,Oakland,Californie,USCA - Ouest,FUR-FU-10000193,Mobilier,Meubles,Tenex Chairmats For Use with Hard Floors,129.92,4,0,10.39
3338,US-2018-109253,8/21/2018,8/22/2018,Prioritaire,PR-18880,Patrick Ryan,Grand public,États-Unis,Oakland,Californie,USCA - Ouest,FUR-TA-10001539,Mobilier,Tables,Chromcraft Rectangular Conference Tables,568.73,3,0.2,28.44
3339,US-2018-109253,8/21/2018,8/22/2018,Prioritaire,PR-18880,Patrick Ryan,Grand public,États-Unis,Oakland,Californie,USCA - Ouest,OFF-BI-10000962,Fournitures de bureau,Classeurs,"Acco Flexible ACCOHIDE Square Ring Data Binder, Dark Blue, 11 1/2"" X 14"" 7/8""",117.14,9,0.2,42.46
3340,US-2018-109253,8/21/2018,8/22/2018,Prioritaire,PR-18880,Patrick Ryan,Grand public,États-Unis,Oakland,Californie,USCA - Ouest,OFF-AP-10002867,Fournitures de bureau,Électroménager,Fellowes Command Center 5-outlet power strip,203.52,3,0,54.95
3341,US-2018-109253,8/21/2018,8/22/2018,Prioritaire,PR-18880,Patrick Ryan,Grand public,États-Unis,Oakland,Californie,USCA - Ouest,OFF-LA-10001158,Fournitures de bureau,Étiquettes,"Avery Address/Shipping Labels for Typewriters, 4"" x 2""",51.75,5,0,24.84
3349,US-2018-154732,11/5/2018,11/7/2018,Prioritaire,AH-10195,Alan Haines,Entreprise,États-Unis,Chicago,Illinois,USCA - Centre,OFF-BI-10000474,Fournitures de bureau,Classeurs,Avery Recycled Flexi-View Covers for Binding Systems,16.03,5,0.8,-25.65
3358,US-2018-100335,9/7/2018,9/13/2018,Tarif normal,NF-18595,Nicole Fjeld,Bureau à domicile,États-Unis,Chicago,Illinois,USCA - Centre,OFF-PA-10001685,Fournitures de bureau,Papier,Easy-staple paper,73.01,9,0.2,26.47
3372,US-2018-123778,9/23/2018,9/26/2018,Tarif normal,BS-11755,Bruce Stewart,Grand public,États-Unis,San Francisco,Californie,USCA - Ouest,OFF-BI-10000822,Fournitures de bureau,Classeurs,"Acco PRESSTEX Data Binder with Storage Hooks, Light Blue, 9 1/2"" X 11""",25.82,6,0.2,9.04
3373,US-2018-123778,9/23/2018,9/26/2018,Tarif normal,BS-11755,Bruce Stewart,Grand public,États-Unis,San Francisco,Californie,USCA - Ouest,OFF-AP-10001242,Fournitures de bureau,Électroménager,APC 7 Outlet Network SurgeArrest Surge Protector,160.96,2,0,48.29
3379,US-2018-142867,3/17/2018,3/21/2018,Tarif normal,PO-19180,Philisse Overcash,Bureau à domicile,États-Unis,Houston,Texas,USCA - Centre,OFF-BI-10003166,Fournitures de bureau,Classeurs,GBC Plasticlear Binding Covers,13.78,6,0.8,-22.04
3380,US-2018-142867,3/17/2018,3/21/2018,Tarif normal,PO-19180,Philisse Overcash,Bureau à domicile,États-Unis,Houston,Texas,USCA - Centre,OFF-PA-10004610,Fournitures de bureau,Papier,Xerox 1900,10.27,3,0.2,3.21
3381,US-2018-103156,11/23/2018,11/24/2018,Prioritaire,TD-20995,Tamara Dahlen,Grand public,États-Unis,Philadelphia,Pennsylvanie,USCA - Est,FUR-FU-10000320,Mobilier,Meubles,OIC Stacking Trays,24.05,9,0.2,7.21
3382,US-2018-162208,8/27/2018,8/30/2018,Prioritaire,SP-20620,Stefania Perrino,Entreprise,États-Unis,Tampa,Floride,USCA - Sud,OFF-EN-10004030,Fournitures de bureau,Enveloppes,Convenience Packs of Business Envelopes,2.9,1,0.2,0.98
3386,US-2018-148404,10/7/2018,10/11/2018,Tarif normal,Dp-13240,Dean percer,Bureau à domicile,États-Unis,Charlotte,Caroline du Nord,USCA - Sud,OFF-ST-10003208,Fournitures de bureau,Stockage,Adjustable Depth Letter/Legal Cart,580.67,4,0.2,65.33
3387,US-2018-148404,10/7/2018,10/11/2018,Tarif normal,Dp-13240,Dean percer,Bureau à domicile,États-Unis,Charlotte,Caroline du Nord,USCA - Sud,OFF-FA-10003112,Fournitures de bureau,Éléments de fixation,Staples,18.94,3,0.2,5.92
3388,US-2018-148404,10/7/2018,10/11/2018,Tarif normal,Dp-13240,Dean percer,Bureau à domicile,États-Unis,Charlotte,Caroline du Nord,USCA - Sud,TEC-PH-10004447,Produits technologiques,Téléphones,Toshiba IPT2010-SD IP Telephone,222.38,2,0.2,16.68
3389,US-2018-148404,10/7/2018,10/11/2018,Tarif normal,Dp-13240,Dean percer,Bureau à domicile,États-Unis,Charlotte,Caroline du Nord,USCA - Sud,OFF-BI-10002854,Fournitures de bureau,Classeurs,"Performers Binder/Pad Holder, Black",50.45,6,0.7,-33.64
3390,US-2018-148404,10/7/2018,10/11/2018,Tarif normal,Dp-13240,Dean percer,Bureau à domicile,États-Unis,Charlotte,Caroline du Nord,USCA - Sud,FUR-TA-10001039,Mobilier,Tables,KI Adjustable-Height Table,154.76,3,0.4,-36.11
3391,US-2018-101077,3/25/2018,3/28/2018,J+2,DB-13660,Duane Benoit,Grand public,États-Unis,Dallas,Texas,USCA - Centre,OFF-PA-10004239,Fournitures de bureau,Papier,Xerox 1953,6.85,2,0.2,2.14
3395,US-2018-131583,6/10/2018,6/10/2018,Le même jour,CL-11890,Carl Ludwig,Grand public,États-Unis,Philadelphia,Pennsylvanie,USCA - Est,OFF-PA-10000380,Fournitures de bureau,Papier,"REDIFORM Incoming/Outgoing Call Register, 11"" X 8 1/2"", 100 Messages",40.03,6,0.2,15.01
3396,US-2018-148362,7/1/2018,7/8/2018,Tarif normal,KF-16285,Karen Ferguson,Bureau à domicile,États-Unis,Indianapolis,Indiana,USCA - Centre,OFF-ST-10001128,Fournitures de bureau,Stockage,"Carina Mini System Audio Rack, Model AR050B",443.92,4,0,13.32
3397,US-2018-148362,7/1/2018,7/8/2018,Tarif normal,KF-16285,Karen Ferguson,Bureau à domicile,États-Unis,Indianapolis,Indiana,USCA - Centre,OFF-BI-10003656,Fournitures de bureau,Classeurs,Fellowes PB200 Plastic Comb Binding Machine,169.99,1,0,78.2
3398,US-2018-148362,7/1/2018,7/8/2018,Tarif normal,KF-16285,Karen Ferguson,Bureau à domicile,États-Unis,Indianapolis,Indiana,USCA - Centre,OFF-PA-10003441,Fournitures de bureau,Papier,Xerox 226,25.92,4,0,12.44
3404,US-2018-168739,5/29/2018,6/5/2018,Tarif normal,HZ-14950,Henia Zydlo,Grand public,États-Unis,Houston,Texas,USCA - Centre,FUR-FU-10003919,Mobilier,Meubles,Eldon Executive Woodline II Cherry Finish Desk Accessories,65.42,4,0.6,-52.34
3410,US-2018-150847,1/20/2018,1/23/2018,Tarif normal,JF-15490,Jeremy Farry,Grand public,États-Unis,Columbus,Ohio,USCA - Est,OFF-PA-10004451,Fournitures de bureau,Papier,Xerox 222,10.37,2,0.2,3.63
3428,US-2018-111024,7/3/2018,7/6/2018,J+2,SZ-20035,Sam Zeldin,Bureau à domicile,États-Unis,Lancaster,Ohio,USCA - Est,OFF-PA-10000174,Fournitures de bureau,Papier,"Message Book, Wirebound, Four 5 1/2"" X 4"" Forms/Pg., 200 Dupl. Sets/Book",32.9,4,0.2,11.1
3429,US-2018-111024,7/3/2018,7/6/2018,J+2,SZ-20035,Sam Zeldin,Bureau à domicile,États-Unis,Lancaster,Ohio,USCA - Est,FUR-TA-10002041,Mobilier,Tables,"Bevis Round Conference Table Top, X-Base",215.15,2,0.4,-103.99
3430,US-2018-111024,7/3/2018,7/6/2018,J+2,SZ-20035,Sam Zeldin,Bureau à domicile,États-Unis,Lancaster,Ohio,USCA - Est,OFF-PA-10002246,Fournitures de bureau,Papier,"Wirebound Four 2-3/4 x 5 Forms per Page, 400 Sets per Book",30.96,6,0.2,11.22
3431,US-2018-148264,12/8/2018,12/9/2018,Prioritaire,LF-17185,Luke Foster,Grand public,États-Unis,Inglewood,Californie,USCA - Ouest,OFF-ST-10003327,Fournitures de bureau,Stockage,Akro-Mils 12-Gallon Tote,29.79,3,0,8.64
3432,US-2018-148264,12/8/2018,12/9/2018,Prioritaire,LF-17185,Luke Foster,Grand public,États-Unis,Inglewood,Californie,USCA - Ouest,FUR-FU-10002703,Mobilier,Meubles,"Tenex Traditional Chairmats for Hard Floors, Average Lip, 36"" x 48""",128.9,2,0,15.47
3433,US-2018-148264,12/8/2018,12/9/2018,Prioritaire,LF-17185,Luke Foster,Grand public,États-Unis,Inglewood,Californie,USCA - Ouest,OFF-PA-10003651,Fournitures de bureau,Papier,Xerox 1968,60.12,9,0,28.86
3434,US-2018-131212,12/5/2018,12/9/2018,Tarif normal,AB-10165,Alan Barnes,Grand public,États-Unis,Bellevue,Washington,USCA - Ouest,OFF-BI-10001617,Fournitures de bureau,Classeurs,GBC Wire Binding Combs,24.82,3,0.2,8.38
3435,US-2018-131212,12/5/2018,12/9/2018,Tarif normal,AB-10165,Alan Barnes,Grand public,États-Unis,Bellevue,Washington,USCA - Ouest,OFF-BI-10000145,Fournitures de bureau,Classeurs,Zipper Ring Binder Pockets,14.98,6,0.2,5.43
3438,US-2018-152583,7/22/2018,7/22/2018,Le même jour,RA-19945,Ryan Akin,Grand public,États-Unis,Dallas,Texas,USCA - Centre,FUR-FU-10003849,Mobilier,Meubles,"DAX Metal Frame, Desktop, Stepped-Edge",16.19,2,0.6,-8.5
3439,US-2018-152583,7/22/2018,7/22/2018,Le même jour,RA-19945,Ryan Akin,Grand public,États-Unis,Dallas,Texas,USCA - Centre,FUR-TA-10002041,Mobilier,Tables,"Bevis Round Conference Table Top, X-Base",251.01,2,0.3,-68.13
3440,US-2018-152583,7/22/2018,7/22/2018,Le même jour,RA-19945,Ryan Akin,Grand public,États-Unis,Dallas,Texas,USCA - Centre,OFF-ST-10002214,Fournitures de bureau,Stockage,X-Rack File for Hanging Folders,54.19,6,0.2,4.06
3443,US-2018-168858,11/19/2018,11/23/2018,Tarif normal,JD-16150,Justin Deggeller,Entreprise,États-Unis,New York City,New York,USCA - Est,OFF-EN-10001415,Fournitures de bureau,Enveloppes,Staple envelope,16.74,3,0,8.37
3444,US-2018-168858,11/19/2018,11/23/2018,Tarif normal,JD-16150,Justin Deggeller,Entreprise,États-Unis,New York City,New York,USCA - Est,OFF-AP-10003849,Fournitures de bureau,Électroménager,Hoover Shoulder Vac Commercial Portable Vacuum,2504.74,7,0,626.19
3448,US-2018-102554,6/11/2018,6/15/2018,Tarif normal,KN-16705,Kristina Nunn,Bureau à domicile,États-Unis,Auburn,Alabama,USCA - Sud,OFF-AR-10001919,Fournitures de bureau,Art,"OIC #2 Pencils, Medium Soft",3.76,2,0,1.09
3457,US-2018-136448,9/16/2018,9/18/2018,Prioritaire,AS-10090,Adam Shillingsburg,Grand public,États-Unis,Philadelphia,Pennsylvanie,USCA - Est,TEC-AC-10001109,Produits technologiques,Accessoires,Logitech Trackman Marble Mouse,71.98,3,0.2,19.79
3458,US-2018-136448,9/16/2018,9/18/2018,Prioritaire,AS-10090,Adam Shillingsburg,Grand public,États-Unis,Philadelphia,Pennsylvanie,USCA - Est,FUR-FU-10003832,Mobilier,Meubles,"Eldon Expressions Punched Metal & Wood Desk Accessories, Black & Cherry",22.51,3,0.2,2.25
3459,US-2018-136448,9/16/2018,9/18/2018,Prioritaire,AS-10090,Adam Shillingsburg,Grand public,États-Unis,Philadelphia,Pennsylvanie,USCA - Est,OFF-BI-10002393,Fournitures de bureau,Classeurs,Binder Posts,3.44,2,0.7,-2.76
3460,US-2018-136448,9/16/2018,9/18/2018,Prioritaire,AS-10090,Adam Shillingsburg,Grand public,États-Unis,Philadelphia,Pennsylvanie,USCA - Est,OFF-BI-10001359,Fournitures de bureau,Classeurs,GBC DocuBind TL300 Electric Binding System,538.19,2,0.7,-412.62
3461,US-2018-136448,9/16/2018,9/18/2018,Prioritaire,AS-10090,Adam Shillingsburg,Grand public,États-Unis,Philadelphia,Pennsylvanie,USCA - Est,TEC-AC-10003628,Produits technologiques,Accessoires,Logitech 910-002974 M325 Wireless Mouse for Web Scrolling,47.98,2,0.2,14.4
3462,US-2018-114258,11/5/2018,11/10/2018,J+2,EM-13825,Elizabeth Moffitt,Entreprise,États-Unis,Dallas,Texas,USCA - Centre,TEC-PH-10003012,Produits technologiques,Téléphones,Nortel Meridian M3904 Professional Digital phone,492.77,4,0.2,55.44
3465,US-2018-128699,12/3/2018,12/5/2018,J+2,ND-18370,Natalie DeCherney,Grand public,États-Unis,Jacksonville,Floride,USCA - Sud,TEC-AC-10001990,Produits technologiques,Accessoires,Kensington Orbit Wireless Mobile Trackball for PC and Mac,47.99,1,0.2,7.2
3472,US-2018-122644,11/12/2018,11/17/2018,Tarif normal,SF-20965,Sylvia Foulston,Entreprise,États-Unis,Columbus,Ohio,USCA - Est,OFF-PA-10003673,Fournitures de bureau,Papier,Strathmore Photo Mount Cards,10.85,2,0.2,3.53
3473,US-2018-122644,11/12/2018,11/17/2018,Tarif normal,SF-20965,Sylvia Foulston,Entreprise,États-Unis,Columbus,Ohio,USCA - Est,TEC-AC-10003614,Produits technologiques,Accessoires,"Verbatim 25 GB 6x Blu-ray Single Layer Recordable Disc, 10/Pack",18.54,2,0.2,3.01
3474,US-2018-111815,3/3/2018,3/10/2018,Tarif normal,EP-13915,Emily Phan,Grand public,États-Unis,Dearborn Heights,Michigan,USCA - Centre,FUR-CH-10000785,Mobilier,Chaises,Global Ergonomic Managers Chair,180.98,1,0,47.05
3475,US-2018-111815,3/3/2018,3/10/2018,Tarif normal,EP-13915,Emily Phan,Grand public,États-Unis,Dearborn Heights,Michigan,USCA - Centre,TEC-AC-10002926,Produits technologiques,Accessoires,Logitech Wireless Marathon Mouse M705,99.98,2,0,42.99
3488,US-2018-120705,9/5/2018,9/11/2018,Tarif normal,MG-17875,Michael Grace,Bureau à domicile,États-Unis,Fort Lauderdale,Floride,USCA - Sud,OFF-ST-10001522,Fournitures de bureau,Stockage,"Gould Plastics 18-Pocket Panel Bin, 34w x 5-1/4d x 20-1/2h",147.18,2,0.2,-29.44
3494,US-2018-142034,9/24/2018,9/28/2018,Tarif normal,KB-16240,Karen Bern,Entreprise,États-Unis,Saint Cloud,Minnesota,USCA - Centre,TEC-AC-10002305,Produits technologiques,Accessoires,KeyTronic E03601U1 - Keyboard - Beige,72,4,0,12.96
3495,US-2018-142034,9/24/2018,9/28/2018,Tarif normal,KB-16240,Karen Bern,Entreprise,États-Unis,Saint Cloud,Minnesota,USCA - Centre,TEC-AC-10000990,Produits technologiques,Accessoires,Imation Bio 2GB USB Flash Drive Imation Corp,655.9,5,0,275.48
3496,US-2018-142034,9/24/2018,9/28/2018,Tarif normal,KB-16240,Karen Bern,Entreprise,États-Unis,Saint Cloud,Minnesota,USCA - Centre,FUR-CH-10000665,Mobilier,Chaises,"Global Airflow Leather Mesh Back Chair, Black",603.92,4,0,181.18
3503,US-2018-125115,4/10/2018,4/10/2018,Le même jour,RD-19930,Russell D'Ascenzo,Grand public,États-Unis,Austin,Texas,USCA - Centre,OFF-PA-10004101,Fournitures de bureau,Papier,Xerox 1894,10.37,2,0.2,3.63
3504,US-2018-125115,4/10/2018,4/10/2018,Le même jour,RD-19930,Russell D'Ascenzo,Grand public,États-Unis,Austin,Texas,USCA - Centre,TEC-AC-10001714,Produits technologiques,Accessoires,Logitech MX Performance Wireless Mouse,95.74,3,0.2,20.34
3513,US-2018-140326,9/4/2018,9/6/2018,Prioritaire,HW-14935,Helen Wasserman,Entreprise,États-Unis,Chicago,Illinois,USCA - Centre,FUR-BO-10000112,Mobilier,Bibliothèques,"Bush Birmingham Collection Bookcase, Dark Cherry",825.17,9,0.3,-117.88
3514,US-2018-140326,9/4/2018,9/6/2018,Prioritaire,HW-14935,Helen Wasserman,Entreprise,États-Unis,Chicago,Illinois,USCA - Centre,OFF-PA-10004041,Fournitures de bureau,Papier,"It's Hot Message Books with Stickers, 2 3/4"" x 5""",17.76,3,0.2,5.55
3515,US-2018-140326,9/4/2018,9/6/2018,Prioritaire,HW-14935,Helen Wasserman,Entreprise,États-Unis,Chicago,Illinois,USCA - Centre,OFF-AR-10001149,Fournitures de bureau,Art,"Sanford Colorific Colored Pencils, 12/Box",6.91,3,0.2,0.86
3526,US-2018-148922,12/10/2018,12/15/2018,J+2,SU-20665,Stephanie Ulpright,Bureau à domicile,États-Unis,Jackson,Mississippi,USCA - Sud,TEC-AC-10001838,Produits technologiques,Accessoires,Razer Tiamat Over Ear 7.1 Surround Sound PC Gaming Headset,599.97,3,0,257.99
3527,US-2018-148922,12/10/2018,12/15/2018,J+2,SU-20665,Stephanie Ulpright,Bureau à domicile,États-Unis,Jackson,Mississippi,USCA - Sud,TEC-PH-10000148,Produits technologiques,Téléphones,Cyber Acoustics AC-202b Speech Recognition Stereo Headset,38.97,3,0,0.78
3528,US-2018-148922,12/10/2018,12/15/2018,J+2,SU-20665,Stephanie Ulpright,Bureau à domicile,États-Unis,Jackson,Mississippi,USCA - Sud,OFF-BI-10003476,Fournitures de bureau,Classeurs,Avery Metallic Poly Binders,45.84,8,0,22
3545,US-2018-121216,12/23/2018,12/25/2018,J+2,MM-17920,Michael Moore,Grand public,États-Unis,College Station,Texas,USCA - Centre,OFF-PA-10004519,Fournitures de bureau,Papier,Spiral Phone Message Books with Labels by Adams,28.67,8,0.2,10.39
3546,US-2018-121216,12/23/2018,12/25/2018,J+2,MM-17920,Michael Moore,Grand public,États-Unis,College Station,Texas,USCA - Centre,OFF-AP-10001947,Fournitures de bureau,Électroménager,Acco 6 Outlet Guardian Premium Plus Surge Suppressor,29.31,8,0.8,-74.75
3547,US-2018-155292,7/22/2018,7/25/2018,Prioritaire,RD-19810,Ross DeVincentis,Bureau à domicile,États-Unis,Richmond,Kentucky,USCA - Sud,OFF-ST-10004963,Fournitures de bureau,Stockage,Eldon Gobal File Keepers,105.98,7,0,4.24
3548,US-2018-155292,7/22/2018,7/25/2018,Prioritaire,RD-19810,Ross DeVincentis,Bureau à domicile,États-Unis,Richmond,Kentucky,USCA - Sud,OFF-SU-10002573,Fournitures de bureau,Fournitures,"Acme 10"" Easy Grip Assistive Scissors",35.06,2,0,10.52
3549,US-2018-155292,7/22/2018,7/25/2018,Prioritaire,RD-19810,Ross DeVincentis,Bureau à domicile,États-Unis,Richmond,Kentucky,USCA - Sud,FUR-CH-10000553,Mobilier,Chaises,"Metal Folding Chairs, Beige, 4/Carton",33.94,1,0,9.16
3550,US-2018-155292,7/22/2018,7/25/2018,Prioritaire,RD-19810,Ross DeVincentis,Bureau à domicile,États-Unis,Richmond,Kentucky,USCA - Sud,OFF-LA-10001982,Fournitures de bureau,Étiquettes,Smead Alpha-Z Color-Coded Name Labels First Letter Starter Set,30,8,0,14.4
3554,US-2018-107832,11/23/2018,11/26/2018,J+2,FH-14275,Frank Hawley,Entreprise,États-Unis,Philadelphia,Pennsylvanie,USCA - Est,OFF-BI-10001658,Fournitures de bureau,Classeurs,GBC Standard Therm-A-Bind Covers,7.48,1,0.7,-5.98
3557,US-2018-118542,12/1/2018,12/5/2018,Tarif normal,CC-12550,Clay Cheatham,Grand public,États-Unis,Los Angeles,Californie,USCA - Ouest,OFF-PA-10004735,Fournitures de bureau,Papier,Xerox 1905,45.36,7,0,21.77
3558,US-2018-118542,12/1/2018,12/5/2018,Tarif normal,CC-12550,Clay Cheatham,Grand public,États-Unis,Los Angeles,Californie,USCA - Ouest,OFF-BI-10003429,Fournitures de bureau,Classeurs,"Cardinal HOLDit! Binder Insert Strips,Extra Strips",10.13,2,0.2,3.67
3559,US-2018-152737,11/7/2018,11/12/2018,Tarif normal,TS-21505,Tony Sayre,Grand public,États-Unis,San Francisco,Californie,USCA - Ouest,OFF-BI-10002982,Fournitures de bureau,Classeurs,Avery Self-Adhesive Photo Pockets for Polaroid Photos,21.79,4,0.2,7.63
3560,US-2018-152737,11/7/2018,11/12/2018,Tarif normal,TS-21505,Tony Sayre,Grand public,États-Unis,San Francisco,Californie,USCA - Ouest,TEC-AC-10004975,Produits technologiques,Accessoires,Plantronics Audio 995 Wireless Stereo Headset,439.8,4,0,145.13
3561,US-2018-109757,9/4/2018,9/9/2018,J+2,MD-17350,Maribeth Dona,Grand public,États-Unis,Akron,Ohio,USCA - Est,OFF-AR-10002335,Fournitures de bureau,Art,DIXON Oriole Pencils,8.26,4,0.2,0.62
3562,US-2018-109757,9/4/2018,9/9/2018,J+2,MD-17350,Maribeth Dona,Grand public,États-Unis,Akron,Ohio,USCA - Est,OFF-BI-10004001,Fournitures de bureau,Classeurs,GBC Recycled VeloBinder Covers,25.56,5,0.7,-20.45
3563,US-2018-109757,9/4/2018,9/9/2018,J+2,MD-17350,Maribeth Dona,Grand public,États-Unis,Akron,Ohio,USCA - Est,OFF-BI-10001634,Fournitures de bureau,Classeurs,Wilson Jones Active Use Binders,4.37,2,0.7,-3.06
3564,US-2018-109757,9/4/2018,9/9/2018,J+2,MD-17350,Maribeth Dona,Grand public,États-Unis,Akron,Ohio,USCA - Est,OFF-PA-10000007,Fournitures de bureau,Papier,"Telephone Message Books with Fax/Mobile Section, 4 1/4"" x 6""",11.52,4,0.2,3.74
3567,US-2018-103877,9/7/2018,9/14/2018,Tarif normal,RD-19660,Robert Dilbeck,Bureau à domicile,États-Unis,Independence,Missouri,USCA - Centre,OFF-BI-10003650,Fournitures de bureau,Classeurs,GBC DocuBind 300 Electric Binding Machine,1577.94,3,0,757.41
3569,US-2018-168109,7/3/2018,7/3/2018,Le même jour,JK-15640,Jim Kriz,Bureau à domicile,États-Unis,Seattle,Washington,USCA - Ouest,TEC-AC-10003628,Produits technologiques,Accessoires,Logitech 910-002974 M325 Wireless Mouse for Web Scrolling,59.98,2,0,26.39
3570,US-2018-168109,7/3/2018,7/3/2018,Le même jour,JK-15640,Jim Kriz,Bureau à domicile,États-Unis,Seattle,Washington,USCA - Ouest,TEC-MA-10001148,Produits technologiques,Machines,Okidata MB491 Multifunction Printer,2395.2,6,0.2,209.58
3571,US-2018-168109,7/3/2018,7/3/2018,Le même jour,JK-15640,Jim Kriz,Bureau à domicile,États-Unis,Seattle,Washington,USCA - Ouest,TEC-AC-10002049,Produits technologiques,Accessoires,Plantronics Savi W720 Multi-Device Wireless Headset System,1687.8,4,0,742.63
3572,US-2018-168109,7/3/2018,7/3/2018,Le même jour,JK-15640,Jim Kriz,Bureau à domicile,États-Unis,Seattle,Washington,USCA - Ouest,TEC-PH-10000702,Produits technologiques,Téléphones,"Square Credit Card Reader, 4 1/2"" x 4 1/2"" x 1"", White",7.99,1,0.2,2.7
3573,US-2018-126081,6/29/2018,7/4/2018,Tarif normal,FC-14335,Fred Chung,Entreprise,États-Unis,Mesquite,Texas,USCA - Centre,OFF-PA-10003953,Fournitures de bureau,Papier,Xerox 218,5.18,1,0.2,1.81
3574,US-2018-117023,8/7/2018,8/12/2018,Tarif normal,JW-15955,Joni Wasserman,Grand public,États-Unis,Long Beach,New York,USCA - Est,OFF-AR-10003602,Fournitures de bureau,Art,"Quartet Omega Colored Chalk, 12/Pack",11.68,2,0,5.49
3575,US-2018-117023,8/7/2018,8/12/2018,Tarif normal,JW-15955,Joni Wasserman,Grand public,États-Unis,Long Beach,New York,USCA - Est,OFF-AR-10004062,Fournitures de bureau,Art,Staples in misc. colors,104.8,10,0,26.2
3582,US-2018-117807,10/1/2018,10/7/2018,Tarif normal,DK-13090,Dave Kipp,Grand public,États-Unis,Fremont,Nebraska,USCA - Centre,OFF-PA-10000994,Fournitures de bureau,Papier,Xerox 1915,104.85,1,0,50.33
3587,US-2018-161823,9/3/2018,9/8/2018,Tarif normal,AG-10300,Aleksandra Gannaway,Entreprise,États-Unis,San Francisco,Californie,USCA - Ouest,OFF-AR-10002053,Fournitures de bureau,Art,"Premium Writing Pencils, Soft, #2 by Central Association for the Blind",5.96,2,0,1.67
3588,US-2018-121839,9/24/2018,9/28/2018,Tarif normal,MH-18115,Mick Hernandez,Bureau à domicile,États-Unis,Lancaster,Ohio,USCA - Est,TEC-PH-10002885,Produits technologiques,Téléphones,Apple iPhone 5,1169.69,3,0.4,-253.43
3589,US-2018-158729,12/19/2018,12/21/2018,Prioritaire,AC-10450,Amy Cox,Grand public,États-Unis,Lafayette,Louisiane,USCA - Sud,OFF-SU-10002881,Fournitures de bureau,Fournitures,Martin Yale Chadless Opener Electric Letter Opener,1665.62,2,0,33.31
3590,US-2018-146535,11/24/2018,11/27/2018,Tarif normal,FM-14290,Frank Merwin,Bureau à domicile,États-Unis,Richmond,Kentucky,USCA - Sud,OFF-BI-10000546,Fournitures de bureau,Classeurs,Avery Durable Binders,2.88,1,0,1.41
3591,US-2018-146535,11/24/2018,11/27/2018,Tarif normal,FM-14290,Frank Merwin,Bureau à domicile,États-Unis,Richmond,Kentucky,USCA - Sud,OFF-ST-10001526,Fournitures de bureau,Stockage,Iceberg Mobile Mega Data/Printer Cart,1443.96,12,0,375.43
3596,US-2018-148012,12/9/2018,12/15/2018,Tarif normal,KM-16225,Kalyca Meade,Entreprise,États-Unis,Philadelphia,Pennsylvanie,USCA - Est,OFF-AR-10004757,Fournitures de bureau,Art,Crayola Colored Pencils,2.62,1,0.2,0.43
3601,US-2018-138310,6/26/2018,6/29/2018,Tarif normal,NP-18700,Nora Preis,Grand public,États-Unis,Denver,Colorado,USCA - Ouest,TEC-AC-10001990,Produits technologiques,Accessoires,Kensington Orbit Wireless Mobile Trackball for PC and Mac,431.93,9,0.2,64.79
3604,US-2018-112956,8/21/2018,8/27/2018,Tarif normal,TH-21550,Tracy Hopkins,Bureau à domicile,États-Unis,Columbia,Maryland,USCA - Est,OFF-PA-10000357,Fournitures de bureau,Papier,Xerox 1888,277.4,5,0,133.15
3605,US-2018-112956,8/21/2018,8/27/2018,Tarif normal,TH-21550,Tracy Hopkins,Bureau à domicile,États-Unis,Columbia,Maryland,USCA - Est,FUR-FU-10003976,Mobilier,Meubles,"DAX Executive Solid Wood Document Frame, Desktop or Hang, Mahogany, 5 x 7",25.16,2,0,8.55
3606,US-2018-112956,8/21/2018,8/27/2018,Tarif normal,TH-21550,Tracy Hopkins,Bureau à domicile,États-Unis,Columbia,Maryland,USCA - Est,FUR-FU-10004960,Mobilier,Meubles,"Seth Thomas 12"" Clock w/ Goldtone Case",91.92,4,0,31.25
3615,US-2018-112529,11/19/2018,11/21/2018,Prioritaire,SC-20770,Stewart Carmichael,Entreprise,États-Unis,San Antonio,Texas,USCA - Centre,FUR-TA-10002622,Mobilier,Tables,"Bush Andora Conference Table, Maple/Graphite Gray Finish",718.12,6,0.3,-71.81
3616,US-2018-112529,11/19/2018,11/21/2018,Prioritaire,SC-20770,Stewart Carmichael,Entreprise,États-Unis,San Antonio,Texas,USCA - Centre,OFF-AR-10001915,Fournitures de bureau,Art,Peel-Off China Markers,31.78,4,0.2,8.74
3618,US-2018-141929,9/4/2018,9/8/2018,Tarif normal,RA-19285,Ralph Arnett,Grand public,États-Unis,Los Angeles,Californie,USCA - Ouest,OFF-BI-10004632,Fournitures de bureau,Classeurs,Ibico Hi-Tech Manual Binding System,487.98,2,0.2,152.5
3619,US-2018-141929,9/4/2018,9/8/2018,Tarif normal,RA-19285,Ralph Arnett,Grand public,États-Unis,Los Angeles,Californie,USCA - Ouest,TEC-PH-10002185,Produits technologiques,Téléphones,QVS USB Car Charger 2-Port 2.1Amp for iPod/iPhone/iPad/iPad 2/iPad 3,5.56,1,0.2,1.74
3620,US-2018-141929,9/4/2018,9/8/2018,Tarif normal,RA-19285,Ralph Arnett,Grand public,États-Unis,Los Angeles,Californie,USCA - Ouest,OFF-ST-10002974,Fournitures de bureau,Stockage,"Trav-L-File Heavy-Duty Shuttle II, Black",217.85,5,0,65.36
3625,US-2018-113530,5/19/2018,5/21/2018,J+2,BC-11125,Becky Castell,Bureau à domicile,États-Unis,San Francisco,Californie,USCA - Ouest,FUR-CH-10002647,Mobilier,Chaises,"Situations Contoured Folding Chairs, 4/Set",681.41,12,0.2,42.59
3626,US-2018-113530,5/19/2018,5/21/2018,J+2,BC-11125,Becky Castell,Bureau à domicile,États-Unis,San Francisco,Californie,USCA - Ouest,OFF-AR-10001315,Fournitures de bureau,Art,Newell 310,3.52,2,0,1.02
3627,US-2018-113530,5/19/2018,5/21/2018,J+2,BC-11125,Becky Castell,Bureau à domicile,États-Unis,San Francisco,Californie,USCA - Ouest,OFF-AR-10000122,Fournitures de bureau,Art,Newell 314,5.58,1,0,1.4
3628,US-2018-113530,5/19/2018,5/21/2018,J+2,BC-11125,Becky Castell,Bureau à domicile,États-Unis,San Francisco,Californie,USCA - Ouest,TEC-AC-10001465,Produits technologiques,Accessoires,SanDisk Cruzer 64 GB USB Flash Drive,36.32,1,0,10.9
3630,US-2018-155957,11/26/2018,11/29/2018,Tarif normal,CC-12610,Corey Catlett,Entreprise,États-Unis,Columbus,Ohio,USCA - Est,OFF-AP-10002082,Fournitures de bureau,Électroménager,Holmes HEPA Air Purifier,52.27,3,0.2,9.8
3631,US-2018-155957,11/26/2018,11/29/2018,Tarif normal,CC-12610,Corey Catlett,Entreprise,États-Unis,Columbus,Ohio,USCA - Est,OFF-AP-10004708,Fournitures de bureau,Électroménager,Fellowes Superior 10 Outlet Split Surge Protector,213.14,7,0.2,23.98
3632,US-2018-132178,5/3/2018,5/8/2018,J+2,DB-12970,Darren Budd,Entreprise,États-Unis,Los Angeles,Californie,USCA - Ouest,OFF-ST-10000464,Fournitures de bureau,Stockage,"Multi-Use Personal File Cart and Caster Set, Three Stacking Bins",69.52,2,0,19.47
3633,US-2018-132178,5/3/2018,5/8/2018,J+2,DB-12970,Darren Budd,Entreprise,États-Unis,Los Angeles,Californie,USCA - Ouest,OFF-ST-10000025,Fournitures de bureau,Stockage,Fellowes Stor/Drawer Steel Plus Storage Drawers,763.44,8,0,45.81
3651,US-2018-109960,12/9/2018,12/11/2018,J+2,DB-13210,Dean Braden,Grand public,États-Unis,Detroit,Michigan,USCA - Centre,TEC-AC-10004859,Produits technologiques,Accessoires,"Maxell Pro 80 Minute CD-R, 10/Pack",104.88,6,0,41.95
3652,US-2018-109960,12/9/2018,12/11/2018,J+2,DB-13210,Dean Braden,Grand public,États-Unis,Detroit,Michigan,USCA - Centre,OFF-AR-10001860,Fournitures de bureau,Art,BIC Liqua Brite Liner,34.7,5,0,12.49
3653,US-2018-109960,12/9/2018,12/11/2018,J+2,DB-13210,Dean Braden,Grand public,États-Unis,Detroit,Michigan,USCA - Centre,OFF-BI-10001636,Fournitures de bureau,Classeurs,Ibico Plastic and Wire Spiral Binding Combs,33.72,4,0,15.51
3654,US-2018-109960,12/9/2018,12/11/2018,J+2,DB-13210,Dean Braden,Grand public,États-Unis,Detroit,Michigan,USCA - Centre,OFF-PA-10000349,Fournitures de bureau,Papier,Easy-staple paper,14.94,3,0,7.02
3655,US-2018-133004,5/23/2018,5/30/2018,Tarif normal,AJ-10945,Ashley Jarboe,Grand public,États-Unis,Lawrence,Indiana,USCA - Centre,OFF-AP-10002439,Fournitures de bureau,Électroménager,Tripp Lite Isotel 8 Ultra 8 Outlet Metal Surge,638.73,9,0,166.07
3656,US-2018-168102,4/24/2018,5/1/2018,Tarif normal,CP-12340,Christine Phan,Entreprise,États-Unis,Jacksonville,Floride,USCA - Sud,OFF-ST-10001370,Fournitures de bureau,Stockage,Sensible Storage WireTech Storage Systems,113.57,2,0.2,-21.29
3657,US-2018-158036,9/8/2018,9/14/2018,Tarif normal,DB-13555,Dorothy Badders,Entreprise,États-Unis,Dublin,Ohio,USCA - Est,TEC-AC-10002558,Produits technologiques,Accessoires,Imation Swivel Flash Drive USB flash drive - 8 GB,9.1,1,0.2,1.71
3663,US-2018-129777,7/3/2018,7/9/2018,Tarif normal,FM-14290,Frank Merwin,Bureau à domicile,États-Unis,Quincy,Massachusetts,USCA - Est,TEC-AC-10003590,Produits technologiques,Accessoires,"TRENDnet 56K USB 2.0 Phone, Internet and Fax Modem",258.9,10,0,93.2
3664,US-2018-129777,7/3/2018,7/9/2018,Tarif normal,FM-14290,Frank Merwin,Bureau à domicile,États-Unis,Quincy,Massachusetts,USCA - Est,OFF-PA-10001970,Fournitures de bureau,Papier,Xerox 1881,24.56,2,0,11.54
3675,US-2018-154109,11/6/2018,11/11/2018,Tarif normal,ML-17410,Maris LaWare,Grand public,États-Unis,Philadelphia,Pennsylvanie,USCA - Est,FUR-CH-10003774,Mobilier,Chaises,"Global Wood Trimmed Manager's Task Chair, Khaki",127.37,2,0.3,-30.93
3676,US-2018-154109,11/6/2018,11/11/2018,Tarif normal,ML-17410,Maris LaWare,Grand public,États-Unis,Philadelphia,Pennsylvanie,USCA - Est,OFF-PA-10000157,Fournitures de bureau,Papier,Xerox 191,47.95,3,0.2,16.18
3689,US-2018-140760,6/2/2018,6/5/2018,J+2,DO-13435,Denny Ordway,Grand public,États-Unis,Mesa,Arizona,USCA - Ouest,OFF-PA-10002479,Fournitures de bureau,Papier,Xerox 4200 Series MultiUse Premium Copy Paper (20Lb. and 84 Bright),25.34,6,0.2,7.92
3690,US-2018-140760,6/2/2018,6/5/2018,J+2,DO-13435,Denny Ordway,Grand public,États-Unis,Mesa,Arizona,USCA - Ouest,OFF-EN-10001141,Fournitures de bureau,Enveloppes,"Manila Recycled Extra-Heavyweight Clasp Envelopes, 6"" x 9""",43.92,5,0.2,15.92
3700,US-2018-160416,11/13/2018,11/18/2018,J+2,AD-10180,Alan Dominguez,Bureau à domicile,États-Unis,Yonkers,New York,USCA - Est,TEC-AC-10004114,Produits technologiques,Accessoires,KeyTronic 6101 Series - Keyboard - Black,163.96,4,0,70.5
3701,US-2018-169411,12/24/2018,12/29/2018,Tarif normal,AC-10615,Ann Chong,Entreprise,États-Unis,Rochester,New York,USCA - Est,FUR-FU-10001602,Mobilier,Meubles,"Eldon Delta Triangular Chair Mat, 52"" x 58"", Clear",37.93,1,0,6.83
3707,US-2018-160087,3/18/2018,3/22/2018,Tarif normal,EN-13780,Edward Nazzal,Grand public,États-Unis,Dallas,Texas,USCA - Centre,OFF-AR-10001915,Fournitures de bureau,Art,Peel-Off China Markers,23.83,3,0.2,6.55
3711,US-2018-113670,10/15/2018,10/17/2018,Prioritaire,RS-19765,Roland Schwarz,Entreprise,États-Unis,Los Angeles,Californie,USCA - Ouest,FUR-TA-10001705,Mobilier,Tables,Bush Advantage Collection Round Conference Table,510.24,3,0.2,6.38
3712,US-2018-113670,10/15/2018,10/17/2018,Prioritaire,RS-19765,Roland Schwarz,Entreprise,États-Unis,Los Angeles,Californie,USCA - Ouest,OFF-PA-10000675,Fournitures de bureau,Papier,Xerox 1919,204.95,5,0,100.43
3713,US-2018-166198,4/21/2018,4/24/2018,Prioritaire,JW-15955,Joni Wasserman,Grand public,États-Unis,Seattle,Washington,USCA - Ouest,TEC-AC-10000521,Produits technologiques,Accessoires,"Verbatim Slim CD and DVD Storage Cases, 50/Pack",11.54,1,0,3.46
3714,US-2018-166198,4/21/2018,4/24/2018,Prioritaire,JW-15955,Joni Wasserman,Grand public,États-Unis,Seattle,Washington,USCA - Ouest,FUR-FU-10004622,Mobilier,Meubles,Eldon Advantage Foldable Chair Mats for Low Pile Carpets,162.6,3,0,34.15
3717,US-2018-144568,5/29/2018,6/2/2018,Tarif normal,JO-15550,Jesus Ocampo,Bureau à domicile,États-Unis,Omaha,Nebraska,USCA - Centre,OFF-FA-10004395,Fournitures de bureau,Éléments de fixation,Plymouth Boxed Rubber Bands by Plymouth,23.55,5,0,1.18
3723,US-2018-144036,11/22/2018,11/26/2018,Tarif normal,FO-14305,Frank Olsen,Grand public,États-Unis,Houston,Texas,USCA - Centre,OFF-AR-10000122,Fournitures de bureau,Art,Newell 314,35.71,8,0.2,2.23
3725,US-2018-127264,4/3/2018,4/5/2018,Prioritaire,SA-20830,Sue Ann Reed,Grand public,États-Unis,Chicago,Illinois,USCA - Centre,OFF-AR-10003045,Fournitures de bureau,Art,Prang Colored Pencils,7.06,3,0.2,2.21
3735,US-2018-168193,3/6/2018,3/11/2018,J+2,RM-19750,Roland Murray,Grand public,États-Unis,New York City,New York,USCA - Est,OFF-PA-10002254,Fournitures de bureau,Papier,Xerox 1883,26.38,1,0,12.13
3736,US-2018-168193,3/6/2018,3/11/2018,J+2,RM-19750,Roland Murray,Grand public,États-Unis,New York City,New York,USCA - Est,FUR-FU-10002554,Mobilier,Meubles,"Westinghouse Floor Lamp with Metal Mesh Shade, Black",71.97,3,0,16.55
3748,US-2018-161956,8/27/2018,8/29/2018,J+2,DR-12880,Dan Reichenbach,Entreprise,États-Unis,Inglewood,Californie,USCA - Ouest,FUR-FU-10002937,Mobilier,Meubles,"GE 48"" Fluorescent Tube, Cool White Energy Saver, 34 Watts, 30/Box",198.46,2,0,99.23
3749,US-2018-161956,8/27/2018,8/29/2018,J+2,DR-12880,Dan Reichenbach,Entreprise,États-Unis,Inglewood,Californie,USCA - Ouest,OFF-AP-10001242,Fournitures de bureau,Électroménager,APC 7 Outlet Network SurgeArrest Surge Protector,321.92,4,0,96.58
3750,US-2018-161956,8/27/2018,8/29/2018,J+2,DR-12880,Dan Reichenbach,Entreprise,États-Unis,Inglewood,Californie,USCA - Ouest,TEC-CO-10001571,Produits technologiques,Photocopieurs,Sharp 1540cs Digital Laser Copier,879.98,2,0.2,329.99
3751,US-2018-161956,8/27/2018,8/29/2018,J+2,DR-12880,Dan Reichenbach,Entreprise,États-Unis,Inglewood,Californie,USCA - Ouest,OFF-SU-10002503,Fournitures de bureau,Fournitures,Acme Preferred Stainless Steel Scissors,28.4,5,0,8.24
3752,US-2018-161956,8/27/2018,8/29/2018,J+2,DR-12880,Dan Reichenbach,Entreprise,États-Unis,Inglewood,Californie,USCA - Ouest,FUR-CH-10004886,Mobilier,Chaises,Bevis Steel Folding Chairs,230.28,3,0.2,23.03
3753,US-2018-161956,8/27/2018,8/29/2018,J+2,DR-12880,Dan Reichenbach,Entreprise,États-Unis,Inglewood,Californie,USCA - Ouest,OFF-PA-10001289,Fournitures de bureau,Papier,White Computer Printout Paper by Universal,116.28,3,0,56.98
3754,US-2018-161956,8/27/2018,8/29/2018,J+2,DR-12880,Dan Reichenbach,Entreprise,États-Unis,Inglewood,Californie,USCA - Ouest,OFF-BI-10003650,Fournitures de bureau,Classeurs,GBC DocuBind 300 Electric Binding Machine,841.57,2,0.2,294.55
3755,US-2018-161956,8/27/2018,8/29/2018,J+2,DR-12880,Dan Reichenbach,Entreprise,États-Unis,Inglewood,Californie,USCA - Ouest,OFF-ST-10001370,Fournitures de bureau,Stockage,Sensible Storage WireTech Storage Systems,354.9,5,0,17.75
3762,US-2018-104577,5/12/2018,5/17/2018,Tarif normal,CK-12205,Chloris Kastensmidt,Grand public,États-Unis,Everett,Massachusetts,USCA - Est,OFF-PA-10000659,Fournitures de bureau,Papier,"TOPS Carbonless Receipt Book, Four 2-3/4 x 7-1/4 Money Receipts per Page",87.6,5,0,42.05
3765,US-2018-125878,2/25/2018,3/2/2018,Tarif normal,MH-18025,Michelle Huthwaite,Grand public,États-Unis,Chicago,Illinois,USCA - Centre,OFF-BI-10002609,Fournitures de bureau,Classeurs,Avery Hidden Tab Dividers for Binding Systems,1.79,3,0.8,-3.04
3779,US-2018-148768,8/22/2018,8/29/2018,J+2,PN-18775,Parhena Norris,Bureau à domicile,États-Unis,Miami,Floride,USCA - Sud,TEC-PH-10002564,Produits technologiques,Téléphones,OtterBox Defender Series Case - Samsung Galaxy S4,71.98,3,0.2,9
3780,US-2018-118521,2/16/2018,2/20/2018,Tarif normal,LF-17185,Luke Foster,Grand public,États-Unis,New York City,New York,USCA - Est,OFF-PA-10003465,Fournitures de bureau,Papier,Xerox 1912,37.94,2,0,18.21
3783,US-2018-165204,11/13/2018,11/16/2018,J+2,MN-17935,Michael Nguyen,Grand public,États-Unis,Memphis,Tennessee,USCA - Sud,OFF-PA-10003424,Fournitures de bureau,Papier,"""While you Were Out"" Message Book, One Form per Page",8.9,3,0.2,3.34
3784,US-2018-165204,11/13/2018,11/16/2018,J+2,MN-17935,Michael Nguyen,Grand public,États-Unis,Memphis,Tennessee,USCA - Sud,OFF-ST-10003716,Fournitures de bureau,Stockage,Tennsco Double-Tier Lockers,720.06,4,0.2,-63.01
3785,US-2018-125752,4/22/2018,4/29/2018,Tarif normal,EH-14125,Eugene Hildebrand,Bureau à domicile,États-Unis,Fort Lauderdale,Floride,USCA - Sud,TEC-AC-10003590,Produits technologiques,Accessoires,"TRENDnet 56K USB 2.0 Phone, Internet and Fax Modem",41.42,2,0.2,8.28
3786,US-2018-112487,12/26/2018,1/2/2019,Tarif normal,TC-21535,Tracy Collins,Bureau à domicile,États-Unis,Columbus,Ohio,USCA - Est,OFF-BI-10000494,Fournitures de bureau,Classeurs,Acco Economy Flexible Poly Round Ring Binder,3.13,2,0.7,-2.61
3798,US-2018-121314,9/23/2018,9/26/2018,Prioritaire,BE-11410,Bobby Elias,Grand public,États-Unis,Miami,Floride,USCA - Sud,OFF-PA-10003395,Fournitures de bureau,Papier,Xerox 1941,251.64,3,0.2,88.07
3799,US-2018-147760,11/4/2018,11/5/2018,Prioritaire,KL-16555,Kelly Lampkin,Entreprise,États-Unis,Greensboro,Caroline du Nord,USCA - Sud,FUR-TA-10004575,Mobilier,Tables,Hon 5100 Series Wood Tables,523.76,3,0.4,-192.05
3800,US-2018-147760,11/4/2018,11/5/2018,Prioritaire,KL-16555,Kelly Lampkin,Entreprise,États-Unis,Greensboro,Caroline du Nord,USCA - Sud,TEC-PH-10002483,Produits technologiques,Téléphones,Motorola Moto X,1359.96,5,0.2,119
3813,US-2018-147753,3/5/2018,3/5/2018,Le même jour,PK-19075,Pete Kriz,Grand public,États-Unis,Milwaukee,Wisconsin,USCA - Centre,OFF-LA-10003537,Fournitures de bureau,Étiquettes,Avery 515,25.06,2,0,11.78
3820,US-2018-141873,10/9/2018,10/14/2018,Tarif normal,HG-14845,Harry Greene,Grand public,États-Unis,New York City,New York,USCA - Est,OFF-BI-10001031,Fournitures de bureau,Classeurs,Pressboard Data Binders by Wilson Jones,12.82,3,0.2,4.33
3821,US-2018-141873,10/9/2018,10/14/2018,Tarif normal,HG-14845,Harry Greene,Grand public,États-Unis,New York City,New York,USCA - Est,FUR-BO-10003034,Mobilier,Bibliothèques,"O'Sullivan Elevations Bookcase, Cherry Finish",314.35,3,0.2,-15.72
3822,US-2018-141873,10/9/2018,10/14/2018,Tarif normal,HG-14845,Harry Greene,Grand public,États-Unis,New York City,New York,USCA - Est,OFF-PA-10000069,Fournitures de bureau,Papier,"TOPS 4 x 6 Fluorescent Color Memo Sheets, 500 Sheets per Pack",18.98,2,0,8.92
3823,US-2018-141873,10/9/2018,10/14/2018,Tarif normal,HG-14845,Harry Greene,Grand public,États-Unis,New York City,New York,USCA - Est,OFF-BI-10003655,Fournitures de bureau,Classeurs,Durable Pressboard Binders,18.24,6,0.2,6.16
3828,US-2018-141733,5/7/2018,5/11/2018,Tarif normal,RW-19540,Rick Wilson,Entreprise,États-Unis,Detroit,Michigan,USCA - Centre,FUR-CH-10004086,Mobilier,Chaises,Hon 4070 Series Pagoda Armless Upholstered Stacking Chairs,1458.65,5,0,423.01
3829,US-2018-141733,5/7/2018,5/11/2018,Tarif normal,RW-19540,Rick Wilson,Entreprise,États-Unis,Detroit,Michigan,USCA - Centre,FUR-CH-10002017,Mobilier,Chaises,SAFCO Optional Arm Kit for Workspace Cribbage Stacking Chair,26.64,1,0,7.46
3830,US-2018-141733,5/7/2018,5/11/2018,Tarif normal,RW-19540,Rick Wilson,Entreprise,États-Unis,Detroit,Michigan,USCA - Centre,FUR-CH-10000595,Mobilier,Chaises,Safco Contoured Stacking Chairs,476.8,2,0,119.2
3831,US-2018-141733,5/7/2018,5/11/2018,Tarif normal,RW-19540,Rick Wilson,Entreprise,États-Unis,Detroit,Michigan,USCA - Centre,OFF-AP-10001563,Fournitures de bureau,Électroménager,Belkin Premiere Surge Master II 8-outlet surge protector,87.44,2,0.1,18.46
3848,US-2018-129000,11/25/2018,11/27/2018,J+2,SZ-20035,Sam Zeldin,Bureau à domicile,États-Unis,Canton,Michigan,USCA - Centre,OFF-ST-10001097,Fournitures de bureau,Stockage,Office Impressions Heavy Duty Welded Shelving & Multimedia Storage Drawers,501.81,3,0,0
3849,US-2018-161053,9/22/2018,9/23/2018,Prioritaire,JE-15745,Joel Eaton,Grand public,États-Unis,Fayetteville,Arkansas,USCA - Sud,OFF-BI-10004318,Fournitures de bureau,Classeurs,Ibico EB-19 Dual Function Manual Binding System,691.96,4,0,318.3
3850,US-2018-161053,9/22/2018,9/23/2018,Prioritaire,JE-15745,Joel Eaton,Grand public,États-Unis,Fayetteville,Arkansas,USCA - Sud,TEC-AC-10004633,Produits technologiques,Accessoires,"Verbatim 25 GB 6x Blu-ray Single Layer Recordable Disc, 3/Pack",34.95,5,0,15.38
3853,US-2018-130526,11/26/2018,11/29/2018,Prioritaire,GT-14755,Guy Thornton,Grand public,États-Unis,Rockford,Illinois,USCA - Centre,OFF-BI-10001524,Fournitures de bureau,Classeurs,GBC Premium Transparent Covers with Diagonal Lined Pattern,33.57,8,0.8,-53.71
3854,US-2018-131849,6/6/2018,6/10/2018,Tarif normal,GH-14410,Gary Hansen,Bureau à domicile,États-Unis,San Francisco,Californie,USCA - Ouest,FUR-FU-10004164,Mobilier,Meubles,"Eldon 300 Class Desk Accessories, Black",4.95,1,0,2.18
3855,US-2018-131849,6/6/2018,6/10/2018,Tarif normal,GH-14410,Gary Hansen,Bureau à domicile,États-Unis,San Francisco,Californie,USCA - Ouest,OFF-ST-10002957,Fournitures de bureau,Stockage,Sterilite Show Offs Storage Containers,26.4,5,0,0
3856,US-2018-105389,10/23/2018,10/28/2018,J+2,DM-13015,Darrin Martin,Grand public,États-Unis,San Antonio,Texas,USCA - Centre,OFF-BI-10004364,Fournitures de bureau,Classeurs,Storex Dura Pro Binders,3.56,3,0.8,-6.24
3857,US-2018-105389,10/23/2018,10/28/2018,J+2,DM-13015,Darrin Martin,Grand public,États-Unis,San Antonio,Texas,USCA - Centre,TEC-PH-10002824,Produits technologiques,Téléphones,Jabra SPEAK 410 Multidevice Speakerphone,823.96,5,0.2,51.5
3858,US-2018-105389,10/23/2018,10/28/2018,J+2,DM-13015,Darrin Martin,Grand public,États-Unis,San Antonio,Texas,USCA - Centre,OFF-AR-10000634,Fournitures de bureau,Art,Newell 320,10.27,3,0.2,0.9
3860,US-2018-154039,2/17/2018,2/22/2018,Tarif normal,JK-16120,Julie Kriz,Bureau à domicile,États-Unis,Chicago,Illinois,USCA - Centre,FUR-TA-10001932,Mobilier,Tables,"Chromcraft 48"" x 96"" Racetrack Double Pedestal Table",480.96,3,0.5,-269.34
3861,US-2018-154039,2/17/2018,2/22/2018,Tarif normal,JK-16120,Julie Kriz,Bureau à domicile,États-Unis,Chicago,Illinois,USCA - Centre,TEC-PH-10002789,Produits technologiques,Téléphones,LG Exalt,124.79,1,0.2,10.92
3864,US-2018-123246,10/17/2018,10/19/2018,J+2,AJ-10960,Astrea Jones,Grand public,États-Unis,San Diego,Californie,USCA - Ouest,OFF-AR-10001770,Fournitures de bureau,Art,Economy #2 Pencils,10.64,4,0,2.77
3867,US-2018-146360,4/23/2018,4/25/2018,J+2,SC-20305,Sean Christensen,Grand public,États-Unis,Lawrence,Indiana,USCA - Centre,TEC-AC-10003590,Produits technologiques,Accessoires,"TRENDnet 56K USB 2.0 Phone, Internet and Fax Modem",155.34,6,0,55.92
3886,US-2018-127341,1/29/2018,2/2/2018,Tarif normal,CK-12595,Clytie Kelty,Grand public,États-Unis,Chicago,Illinois,USCA - Centre,OFF-BI-10001072,Fournitures de bureau,Classeurs,"GBC Clear Cover, 8-1/2 x 11, unpunched, 25 covers per pack",12.13,4,0.8,-20.62
3896,US-2018-110212,5/1/2018,5/5/2018,Tarif normal,SJ-20125,Sanjit Jacobs,Bureau à domicile,États-Unis,Texarkana,Arkansas,USCA - Sud,TEC-AC-10002331,Produits technologiques,Accessoires,"Maxell 74 Minute CDR, 10/Pack",48.9,5,0,18.09
3897,US-2018-134285,12/7/2018,12/12/2018,Tarif normal,DS-13180,David Smith,Entreprise,États-Unis,San Antonio,Texas,USCA - Centre,OFF-FA-10000611,Fournitures de bureau,Éléments de fixation,Binder Clips by OIC,3.55,3,0.2,1.24
3898,US-2018-134285,12/7/2018,12/12/2018,Tarif normal,DS-13180,David Smith,Entreprise,États-Unis,San Antonio,Texas,USCA - Centre,OFF-PA-10000304,Fournitures de bureau,Papier,Xerox 1995,15.55,3,0.2,5.44
3899,US-2018-102267,8/22/2018,8/29/2018,Tarif normal,SC-20800,Stuart Calhoun,Grand public,États-Unis,Edinburg,Texas,USCA - Centre,OFF-FA-10000611,Fournitures de bureau,Éléments de fixation,Binder Clips by OIC,2.37,2,0.2,0.83
3900,US-2018-157980,12/7/2018,12/9/2018,Prioritaire,SH-20395,Shahid Hopkins,Grand public,États-Unis,Toledo,Ohio,USCA - Est,TEC-AC-10002567,Produits technologiques,Accessoires,Logitech G602 Wireless Gaming Mouse,127.98,2,0.2,25.6
3912,US-2018-126788,6/5/2018,6/6/2018,Prioritaire,AB-10105,Adrian Barton,Grand public,États-Unis,Pearland,Texas,USCA - Centre,TEC-PH-10001619,Produits technologiques,Téléphones,LG G3,470.38,3,0.2,52.92
3913,US-2018-148068,9/18/2018,9/25/2018,Tarif normal,MM-18280,Muhammed MacIntyre,Entreprise,États-Unis,New York City,New York,USCA - Est,OFF-PA-10001639,Fournitures de bureau,Papier,Xerox 203,19.44,3,0,9.33
3914,US-2018-148068,9/18/2018,9/25/2018,Tarif normal,MM-18280,Muhammed MacIntyre,Entreprise,États-Unis,New York City,New York,USCA - Est,FUR-FU-10002268,Mobilier,Meubles,Ultra Door Push Plate,9.82,2,0,3.24
3915,US-2018-142573,7/18/2018,7/23/2018,Tarif normal,ML-17410,Maris LaWare,Grand public,États-Unis,Phoenix,Arizona,USCA - Ouest,FUR-TA-10001932,Mobilier,Tables,"Chromcraft 48"" x 96"" Racetrack Double Pedestal Table",801.6,5,0.5,-448.9
3916,US-2018-142573,7/18/2018,7/23/2018,Tarif normal,ML-17410,Maris LaWare,Grand public,États-Unis,Phoenix,Arizona,USCA - Ouest,FUR-CH-10004218,Mobilier,Chaises,"Global Fabric Manager's Chair, Dark Gray",161.57,2,0.2,10.1
3917,US-2018-142573,7/18/2018,7/23/2018,Tarif normal,ML-17410,Maris LaWare,Grand public,États-Unis,Phoenix,Arizona,USCA - Ouest,OFF-PA-10000246,Fournitures de bureau,Papier,Riverleaf Stik-Withit Designer Note Cubes,16.1,2,0.2,5.23
3918,US-2018-142573,7/18/2018,7/23/2018,Tarif normal,ML-17410,Maris LaWare,Grand public,États-Unis,Phoenix,Arizona,USCA - Ouest,OFF-BI-10003350,Fournitures de bureau,Classeurs,Acco Expandable Hanging Binders,7.66,4,0.7,-6.12
3919,US-2018-142573,7/18/2018,7/23/2018,Tarif normal,ML-17410,Maris LaWare,Grand public,États-Unis,Phoenix,Arizona,USCA - Ouest,FUR-CH-10000513,Mobilier,Chaises,High-Back Leather Manager's Chair,311.98,3,0.2,-42.9
3923,US-2018-146920,8/28/2018,9/1/2018,Tarif normal,SC-20305,Sean Christensen,Grand public,États-Unis,Chicago,Illinois,USCA - Centre,OFF-PA-10002479,Fournitures de bureau,Papier,Xerox 4200 Series MultiUse Premium Copy Paper (20Lb. and 84 Bright),25.34,6,0.2,7.92
3924,US-2018-146920,8/28/2018,9/1/2018,Tarif normal,SC-20305,Sean Christensen,Grand public,États-Unis,Chicago,Illinois,USCA - Centre,OFF-PA-10001461,Fournitures de bureau,Papier,HP Office Paper (20Lb. and 87 Bright),26.72,5,0.2,9.35
3934,US-2018-123001,9/2/2018,9/8/2018,Tarif normal,AW-10840,Anthony Witt,Grand public,États-Unis,Bakersfield,Californie,USCA - Ouest,OFF-AR-10001919,Fournitures de bureau,Art,"OIC #2 Pencils, Medium Soft",9.4,5,0,2.73
3935,US-2018-123001,9/2/2018,9/8/2018,Tarif normal,AW-10840,Anthony Witt,Grand public,États-Unis,Bakersfield,Californie,USCA - Ouest,OFF-LA-10004544,Fournitures de bureau,Étiquettes,Avery 505,74,5,0,37
3936,US-2018-123001,9/2/2018,9/8/2018,Tarif normal,AW-10840,Anthony Witt,Grand public,États-Unis,Bakersfield,Californie,USCA - Ouest,TEC-PH-10003484,Produits technologiques,Téléphones,Ooma Telo VoIP Home Phone System,201.58,2,0.2,12.6
3941,US-2018-117863,5/18/2018,5/23/2018,Tarif normal,TS-21340,Toby Swindell,Grand public,États-Unis,New York City,New York,USCA - Est,FUR-FU-10002456,Mobilier,Meubles,"Master Caster Door Stop, Large Neon Orange",14.56,2,0,6.26
3942,US-2018-117863,5/18/2018,5/23/2018,Tarif normal,TS-21340,Toby Swindell,Grand public,États-Unis,New York City,New York,USCA - Est,OFF-BI-10000605,Fournitures de bureau,Classeurs,"Acco Pressboard Covers with Storage Hooks, 9 1/2"" x 11"", Executive Red",3.05,1,0.2,1.03
3943,US-2018-160458,5/27/2018,5/29/2018,J+2,EH-13945,Eric Hoffmann,Grand public,États-Unis,Memphis,Tennessee,USCA - Sud,OFF-PA-10001166,Fournitures de bureau,Papier,Xerox 2,25.92,5,0.2,9.07
3946,US-2018-167871,11/18/2018,11/23/2018,Tarif normal,AF-10870,Art Ferguson,Grand public,États-Unis,Homestead,Floride,USCA - Sud,OFF-PA-10001977,Fournitures de bureau,Papier,Xerox 194,44.38,1,0.2,15.53
3947,US-2018-167871,11/18/2018,11/23/2018,Tarif normal,AF-10870,Art Ferguson,Grand public,États-Unis,Homestead,Floride,USCA - Sud,OFF-SU-10001225,Fournitures de bureau,Fournitures,Staple remover,2.94,1,0.2,-0.66
3954,US-2018-152961,1/15/2018,1/19/2018,Tarif normal,SC-20095,Sanjit Chand,Grand public,États-Unis,Quincy,Massachusetts,USCA - Est,OFF-PA-10004675,Fournitures de bureau,Papier,"Telephone Message Books with Fax/Mobile Section, 5 1/2"" x 3 3/16""",12.7,2,0,5.84
3963,US-2018-134838,2/19/2018,2/20/2018,Prioritaire,ED-13885,Emily Ducich,Bureau à domicile,États-Unis,Los Angeles,Californie,USCA - Ouest,OFF-AR-10000634,Fournitures de bureau,Art,Newell 320,12.84,3,0,3.47
3964,US-2018-134838,2/19/2018,2/20/2018,Prioritaire,ED-13885,Emily Ducich,Bureau à domicile,États-Unis,Los Angeles,Californie,USCA - Ouest,FUR-FU-10004018,Mobilier,Meubles,Tensor Computer Mounted Lamp,44.67,3,0,12.06
3978,US-2018-101308,10/2/2018,10/7/2018,Tarif normal,FG-14260,Frank Gastineau,Bureau à domicile,États-Unis,Seattle,Washington,USCA - Ouest,OFF-FA-10002780,Fournitures de bureau,Éléments de fixation,Staples,8.94,3,0,4.11
3979,US-2018-101308,10/2/2018,10/7/2018,Tarif normal,FG-14260,Frank Gastineau,Bureau à domicile,États-Unis,Seattle,Washington,USCA - Ouest,TEC-PH-10003800,Produits technologiques,Téléphones,i.Sound Portable Power - 8000 mAh,84.78,2,0.2,-20.14
3982,US-2018-119564,12/15/2018,12/20/2018,Tarif normal,PL-18925,Paul Lucas,Bureau à domicile,États-Unis,Seattle,Washington,USCA - Ouest,FUR-FU-10003096,Mobilier,Meubles,"Master Giant Foot Doorstop, Safety Yellow",22.77,3,0,9.79
3987,US-2018-112333,4/8/2018,4/14/2018,Tarif normal,KF-16285,Karen Ferguson,Bureau à domicile,États-Unis,Plainfield,New Jersey,USCA - Est,OFF-ST-10001780,Fournitures de bureau,Stockage,Tennsco 16-Compartment Lockers with Coat Rack,2591.56,4,0,621.97
3988,US-2018-112333,4/8/2018,4/14/2018,Tarif normal,KF-16285,Karen Ferguson,Bureau à domicile,États-Unis,Plainfield,New Jersey,USCA - Est,OFF-AP-10001962,Fournitures de bureau,Électroménager,Black & Decker Filter for Double Action Dustbuster Cordless Vac BLDV7210,41.95,5,0,10.49
4010,US-2018-144463,1/1/2018,1/5/2018,Tarif normal,SC-20725,Steven Cartwright,Grand public,États-Unis,Los Angeles,Californie,USCA - Ouest,FUR-FU-10001215,Mobilier,Meubles,"Howard Miller 11-1/2"" Diameter Brentwood Wall Clock",474.43,11,0,199.26
4011,US-2018-100811,11/21/2018,11/24/2018,Prioritaire,CC-12475,Cindy Chapman,Grand public,États-Unis,Philadelphia,Pennsylvanie,USCA - Est,OFF-PA-10001204,Fournitures de bureau,Papier,Xerox 1972,8.45,2,0.2,2.64
4012,US-2018-100811,11/21/2018,11/24/2018,Prioritaire,CC-12475,Cindy Chapman,Grand public,États-Unis,Philadelphia,Pennsylvanie,USCA - Est,OFF-ST-10002444,Fournitures de bureau,Stockage,Recycled Eldon Regeneration Jumbo File,39.3,4,0.2,3.93
4024,US-2018-130764,10/27/2018,10/28/2018,Prioritaire,JO-15145,Jack O'Briant,Entreprise,États-Unis,San Francisco,Californie,USCA - Ouest,FUR-BO-10003034,Mobilier,Bibliothèques,"O'Sullivan Elevations Bookcase, Cherry Finish",556.67,5,0.2,6.55
4025,US-2018-130764,10/27/2018,10/28/2018,Prioritaire,JO-15145,Jack O'Briant,Entreprise,États-Unis,San Francisco,Californie,USCA - Ouest,TEC-PH-10003215,Produits technologiques,Téléphones,Jackery Bar Premium Fast-charging Portable Charger,95.84,4,0.2,34.74
4026,US-2018-139311,8/11/2018,8/13/2018,Prioritaire,SF-20965,Sylvia Foulston,Entreprise,États-Unis,Bedford,Texas,USCA - Centre,OFF-PA-10001776,Fournitures de bureau,Papier,"Wirebound Message Books, Four 2 3/4"" x 5"" Forms per Page, 600 Sets per Book",29.66,4,0.2,10.01
4027,US-2018-139311,8/11/2018,8/13/2018,Prioritaire,SF-20965,Sylvia Foulston,Entreprise,États-Unis,Bedford,Texas,USCA - Centre,OFF-AR-10004582,Fournitures de bureau,Art,BIC Brite Liner Grip Highlighters,9.18,7,0.2,2.87
4028,US-2018-139311,8/11/2018,8/13/2018,Prioritaire,SF-20965,Sylvia Foulston,Entreprise,États-Unis,Bedford,Texas,USCA - Centre,TEC-PH-10001557,Produits technologiques,Téléphones,Pyle PMP37LED,153.58,2,0.2,13.44
4029,US-2018-139311,8/11/2018,8/13/2018,Prioritaire,SF-20965,Sylvia Foulston,Entreprise,États-Unis,Bedford,Texas,USCA - Centre,OFF-BI-10004209,Fournitures de bureau,Classeurs,"Fellowes Twister Kit, Gray/Clear, 3/pkg",12.86,8,0.8,-22.51
4030,US-2018-124296,12/24/2018,12/28/2018,Tarif normal,CS-12355,Christine Sundaresam,Grand public,États-Unis,Lafayette,Louisiane,USCA - Sud,TEC-MA-10003183,Produits technologiques,Machines,DYMO CardScan Personal V9 Business Card Scanner,479.97,3,0,239.99
4031,US-2018-124296,12/24/2018,12/28/2018,Tarif normal,CS-12355,Christine Sundaresam,Grand public,États-Unis,Lafayette,Louisiane,USCA - Sud,FUR-CH-10002439,Mobilier,Chaises,"Iceberg Nesting Folding Chair, 19w x 6d x 43h",232.88,4,0,60.55
4047,US-2018-100356,10/21/2018,10/25/2018,Tarif normal,SP-20920,Susan Pistek,Grand public,États-Unis,Chicago,Illinois,USCA - Centre,OFF-AP-10002191,Fournitures de bureau,Électroménager,Belkin 8 Outlet SurgeMaster II Gold Surge Protector,23.99,2,0.8,-62.38
4050,US-2018-136350,6/24/2018,6/26/2018,J+2,GA-14515,George Ashbrook,Grand public,États-Unis,New York City,New York,USCA - Est,FUR-FU-10003601,Mobilier,Meubles,"Deflect-o RollaMat Studded, Beveled Mat for Medium Pile Carpeting",276.69,3,0,49.8
4051,US-2018-136350,6/24/2018,6/26/2018,J+2,GA-14515,George Ashbrook,Grand public,États-Unis,New York City,New York,USCA - Est,FUR-CH-10001891,Mobilier,Chaises,Global Deluxe Office Fabric Chairs,172.76,2,0.1,32.63
4075,US-2018-108112,11/15/2018,11/20/2018,Tarif normal,DK-12895,Dana Kaydos,Grand public,États-Unis,Miramar,Floride,USCA - Sud,FUR-FU-10003553,Mobilier,Meubles,"Howard Miller 13-1/2"" Diameter Rosebrook Wall Clock",220.06,4,0.2,55.02
4076,US-2018-108112,11/15/2018,11/20/2018,Tarif normal,DK-12895,Dana Kaydos,Grand public,États-Unis,Miramar,Floride,USCA - Sud,FUR-FU-10001488,Mobilier,Meubles,"Tenex 46"" x 60"" Computer Anti-Static Chairmat, Rectangular Shaped",339.14,4,0.2,0
4083,US-2018-151316,6/24/2018,7/1/2018,Tarif normal,MC-17635,Matthew Clasen,Entreprise,États-Unis,Decatur,Illinois,USCA - Centre,OFF-BI-10004632,Fournitures de bureau,Classeurs,Ibico Hi-Tech Manual Binding System,182.99,3,0.8,-320.24
4084,US-2018-151316,6/24/2018,7/1/2018,Tarif normal,MC-17635,Matthew Clasen,Entreprise,États-Unis,Decatur,Illinois,USCA - Centre,OFF-PA-10000327,Fournitures de bureau,Papier,Xerox 1971,10.27,3,0.2,3.21
4085,US-2018-163692,9/7/2018,9/9/2018,Prioritaire,Dp-13240,Dean percer,Bureau à domicile,États-Unis,Phoenix,Arizona,USCA - Ouest,OFF-BI-10003291,Fournitures de bureau,Classeurs,Wilson Jones Leather-Like Binders with DublLock Round Rings,7.86,3,0.7,-6.02
4093,US-2018-166576,5/16/2018,5/18/2018,Prioritaire,JM-15865,John Murray,Grand public,États-Unis,Akron,Ohio,USCA - Est,OFF-ST-10002574,Fournitures de bureau,Stockage,"SAFCO Commercial Wire Shelving, Black",221.02,2,0.2,-55.26
4101,US-2018-102288,6/19/2018,6/23/2018,Tarif normal,ZC-21910,Zuschuss Carroll,Grand public,États-Unis,Houston,Texas,USCA - Centre,OFF-AP-10004655,Fournitures de bureau,Électroménager,"Holmes Visible Mist Ultrasonic Humidifier with 2.3-Gallon Output per Day, Replacement Filter",2.26,1,0.8,-5.21
4102,US-2018-102288,6/19/2018,6/23/2018,Tarif normal,ZC-21910,Zuschuss Carroll,Grand public,États-Unis,Houston,Texas,USCA - Centre,OFF-AP-10002906,Fournitures de bureau,Électroménager,Hoover Replacement Belt for Commercial Guardsman Heavy-Duty Upright Vacuum,0.44,1,0.8,-1.11
4103,US-2018-102288,6/19/2018,6/23/2018,Tarif normal,ZC-21910,Zuschuss Carroll,Grand public,États-Unis,Houston,Texas,USCA - Centre,OFF-PA-10000740,Fournitures de bureau,Papier,Xerox 1982,146.18,8,0.2,47.51
4104,US-2018-137456,12/21/2018,12/21/2018,Le même jour,RB-19465,Rick Bensley,Bureau à domicile,États-Unis,Fremont,Nebraska,USCA - Centre,FUR-FU-10001940,Mobilier,Meubles,Staple-based wall hangings,15.92,2,0,7
4105,US-2018-155999,8/7/2018,8/13/2018,Tarif normal,JK-15370,Jay Kimmel,Grand public,États-Unis,San Diego,Californie,USCA - Ouest,TEC-PH-10000439,Produits technologiques,Téléphones,GE DSL Phone Line Filter,159.96,5,0.2,18
4106,US-2018-155999,8/7/2018,8/13/2018,Tarif normal,JK-15370,Jay Kimmel,Grand public,États-Unis,San Diego,Californie,USCA - Ouest,OFF-BI-10000404,Fournitures de bureau,Classeurs,Avery Printable Repositionable Plastic Tabs,13.76,2,0.2,4.64
4121,US-2018-117394,9/4/2018,9/10/2018,Tarif normal,MM-17920,Michael Moore,Grand public,États-Unis,Philadelphia,Pennsylvanie,USCA - Est,TEC-AC-10000199,Produits technologiques,Accessoires,Kingston Digital DataTraveler 8GB USB 2.0,19.04,4,0.2,-1.43
4122,US-2018-133823,5/11/2018,5/12/2018,Le même jour,LP-17080,Liz Pelletier,Grand public,États-Unis,Seattle,Washington,USCA - Ouest,OFF-PA-10002870,Fournitures de bureau,Papier,"Ampad Phone Message Book, Recycled, 400 Message Capacity, 5 ¾” x 11”",37.44,6,0,16.85
4123,US-2018-133823,5/11/2018,5/12/2018,Le même jour,LP-17080,Liz Pelletier,Grand public,États-Unis,Seattle,Washington,USCA - Ouest,OFF-LA-10004545,Fournitures de bureau,Étiquettes,Avery 50,37.59,3,0,17.67
4124,US-2018-133823,5/11/2018,5/12/2018,Le même jour,LP-17080,Liz Pelletier,Grand public,États-Unis,Seattle,Washington,USCA - Ouest,OFF-BI-10000962,Fournitures de bureau,Classeurs,"Acco Flexible ACCOHIDE Square Ring Data Binder, Dark Blue, 11 1/2"" X 14"" 7/8""",26.03,2,0.2,9.44
4126,US-2018-123239,7/27/2018,8/3/2018,J+2,MG-18145,Mike Gockenbach,Grand public,États-Unis,Jacksonville,Floride,USCA - Sud,FUR-FU-10001602,Mobilier,Meubles,"Eldon Delta Triangular Chair Mat, 52"" x 58"", Clear",91.03,3,0.2,-2.28
4127,US-2018-156769,5/6/2018,5/9/2018,Prioritaire,GZ-14470,Gary Zandusky,Grand public,États-Unis,Arlington,Virginie,USCA - Sud,OFF-AR-10003179,Fournitures de bureau,Art,Dixon Ticonderoga Core-Lock Colored Pencils,54.66,6,0,18.04
4136,US-2018-105914,10/2/2018,10/8/2018,Tarif normal,PV-18985,Paul Van Hugh,Bureau à domicile,États-Unis,Los Angeles,Californie,USCA - Ouest,OFF-BI-10002854,Fournitures de bureau,Classeurs,"Performers Binder/Pad Holder, Black",112.12,5,0.2,42.05
4137,US-2018-105914,10/2/2018,10/8/2018,Tarif normal,PV-18985,Paul Van Hugh,Bureau à domicile,États-Unis,Los Angeles,Californie,USCA - Ouest,OFF-ST-10003716,Fournitures de bureau,Stockage,Tennsco Double-Tier Lockers,1575.14,7,0,204.77
4138,US-2018-110926,11/19/2018,11/23/2018,Tarif normal,DD-13570,Dorothy Dickinson,Grand public,États-Unis,Alexandria,Virginie,USCA - Sud,OFF-FA-10000624,Fournitures de bureau,Éléments de fixation,OIC Binder Clips,25.06,7,0,12.53
4140,US-2018-127313,12/1/2018,12/4/2018,Prioritaire,RA-19285,Ralph Arnett,Grand public,États-Unis,Philadelphia,Pennsylvanie,USCA - Est,OFF-ST-10001228,Fournitures de bureau,Stockage,Personal File Boxes with Fold-Down Carry Handle,37.39,3,0.2,2.34
4141,US-2018-127313,12/1/2018,12/4/2018,Prioritaire,RA-19285,Ralph Arnett,Grand public,États-Unis,Philadelphia,Pennsylvanie,USCA - Est,FUR-FU-10003798,Mobilier,Meubles,"Ultra Door Kickplate, 8""H x 34""W",79.12,5,0.2,13.85
4144,US-2018-112725,10/22/2018,10/29/2018,Tarif normal,EH-14125,Eugene Hildebrand,Bureau à domicile,États-Unis,San Francisco,Californie,USCA - Ouest,OFF-AR-10003759,Fournitures de bureau,Art,"Crayola Anti Dust Chalk, 12/Pack",12.74,7,0,5.73
4145,US-2018-112725,10/22/2018,10/29/2018,Tarif normal,EH-14125,Eugene Hildebrand,Bureau à domicile,États-Unis,San Francisco,Californie,USCA - Ouest,OFF-AR-10001227,Fournitures de bureau,Art,Newell 338,8.82,3,0,2.38
4146,US-2018-112725,10/22/2018,10/29/2018,Tarif normal,EH-14125,Eugene Hildebrand,Bureau à domicile,États-Unis,San Francisco,Californie,USCA - Ouest,FUR-CH-10000863,Mobilier,Chaises,Novimex Swivel Fabric Task Chair,120.78,1,0.2,-13.59
4148,US-2018-106068,10/23/2018,10/28/2018,Tarif normal,RB-19330,Randy Bradley,Grand public,États-Unis,Austin,Texas,USCA - Centre,OFF-BI-10000962,Fournitures de bureau,Classeurs,"Acco Flexible ACCOHIDE Square Ring Data Binder, Dark Blue, 11 1/2"" X 14"" 7/8""",9.76,3,0.8,-15.13
4149,US-2018-106068,10/23/2018,10/28/2018,Tarif normal,RB-19330,Randy Bradley,Grand public,États-Unis,Austin,Texas,USCA - Centre,OFF-ST-10004507,Fournitures de bureau,Stockage,Advantus Rolling Storage Box,13.72,1,0.2,1.2
4150,US-2018-106068,10/23/2018,10/28/2018,Tarif normal,RB-19330,Randy Bradley,Grand public,États-Unis,Austin,Texas,USCA - Centre,TEC-AC-10002942,Produits technologiques,Accessoires,WD My Passport Ultra 1TB Portable External Hard Drive,55.2,1,0.2,-2.07
4151,US-2018-106068,10/23/2018,10/28/2018,Tarif normal,RB-19330,Randy Bradley,Grand public,États-Unis,Austin,Texas,USCA - Centre,OFF-ST-10002344,Fournitures de bureau,Stockage,"Carina 42""Hx23 3/4""W Media Storage Unit",259.14,4,0.2,-58.31
4152,US-2018-100160,9/7/2018,9/11/2018,Tarif normal,CB-12025,Cassandra Brandow,Grand public,États-Unis,Philadelphia,Pennsylvanie,USCA - Est,OFF-LA-10002475,Fournitures de bureau,Étiquettes,Avery 519,29.24,5,0.2,9.87
4153,US-2018-100160,9/7/2018,9/11/2018,Tarif normal,CB-12025,Cassandra Brandow,Grand public,États-Unis,Philadelphia,Pennsylvanie,USCA - Est,OFF-PA-10003072,Fournitures de bureau,Papier,"Eureka Recycled Copy Paper 8 1/2"" x 11"", Ream",15.55,3,0.2,5.44
4154,US-2018-100160,9/7/2018,9/11/2018,Tarif normal,CB-12025,Cassandra Brandow,Grand public,États-Unis,Philadelphia,Pennsylvanie,USCA - Est,OFF-EN-10001509,Fournitures de bureau,Enveloppes,Poly String Tie Envelopes,4.9,3,0.2,1.65
4161,US-2018-115546,5/14/2018,5/18/2018,Tarif normal,AH-10465,Amy Hunt,Grand public,États-Unis,New York City,New York,USCA - Est,TEC-PH-10002834,Produits technologiques,Téléphones,Google Nexus 5,539.97,3,0,134.99
4162,US-2018-115546,5/14/2018,5/18/2018,Tarif normal,AH-10465,Amy Hunt,Grand public,États-Unis,New York City,New York,USCA - Est,OFF-ST-10002214,Fournitures de bureau,Stockage,X-Rack File for Hanging Folders,22.58,2,0,5.87
4165,US-2018-106131,1/14/2018,1/16/2018,Prioritaire,TP-21565,Tracy Poddar,Entreprise,États-Unis,Aurora,Colorado,USCA - Ouest,TEC-AC-10003027,Produits technologiques,Accessoires,Imation 8GB Mini TravelDrive USB 2.0 Flash Drive,169.06,7,0.2,-14.79
4166,US-2018-106131,1/14/2018,1/16/2018,Prioritaire,TP-21565,Tracy Poddar,Entreprise,États-Unis,Aurora,Colorado,USCA - Ouest,OFF-ST-10003638,Fournitures de bureau,Stockage,Mobile Personal File Cube,168.62,9,0.2,14.75
4172,US-2018-100601,11/16/2018,11/20/2018,Tarif normal,JK-15370,Jay Kimmel,Grand public,États-Unis,Fresno,Californie,USCA - Ouest,OFF-ST-10002486,Fournitures de bureau,Stockage,Eldon Shelf Savers Cubes and Bins,48.86,7,0,0.98
4180,US-2018-119039,3/6/2018,3/10/2018,Tarif normal,BF-11170,Ben Ferrer,Bureau à domicile,États-Unis,San Francisco,Californie,USCA - Ouest,OFF-BI-10004182,Fournitures de bureau,Classeurs,Economy Binders,14.98,9,0.2,5.43
4181,US-2018-128426,10/7/2018,10/11/2018,Tarif normal,JK-15730,Joe Kamberova,Grand public,États-Unis,Houston,Texas,USCA - Centre,OFF-BI-10000756,Fournitures de bureau,Classeurs,Storex DuraTech Recycled Plastic Frosted Binders,4.24,5,0.8,-6.36
4182,US-2018-136868,10/6/2018,10/12/2018,Tarif normal,CR-12820,Cyra Reiten,Bureau à domicile,États-Unis,New York City,New York,USCA - Est,TEC-AC-10001539,Produits technologiques,Accessoires,Logitech G430 Surround Sound Gaming Headset with Dolby 7.1 Technology,319.96,4,0,115.19
4183,US-2018-136868,10/6/2018,10/12/2018,Tarif normal,CR-12820,Cyra Reiten,Bureau à domicile,États-Unis,New York City,New York,USCA - Est,OFF-PA-10002377,Fournitures de bureau,Papier,"Adams Telephone Message Book W/Dividers/Space For Phone Numbers, 5 1/4""X8 1/2"", 200/Messages",17.04,3,0,7.67
4184,US-2018-136868,10/6/2018,10/12/2018,Tarif normal,CR-12820,Cyra Reiten,Bureau à domicile,États-Unis,New York City,New York,USCA - Est,OFF-ST-10000991,Fournitures de bureau,Stockage,Space Solutions HD Industrial Steel Shelving.,344.91,3,0,10.35
4187,US-2018-112536,5/18/2018,5/23/2018,Tarif normal,SG-20890,Susan Gilcrest,Entreprise,États-Unis,Mcallen,Texas,USCA - Centre,OFF-BI-10003712,Fournitures de bureau,Classeurs,"Acco Pressboard Covers with Storage Hooks, 14 7/8"" x 11"", Light Blue",6.87,7,0.8,-10.65
4188,US-2018-112536,5/18/2018,5/23/2018,Tarif normal,SG-20890,Susan Gilcrest,Entreprise,États-Unis,Mcallen,Texas,USCA - Centre,OFF-BI-10002571,Fournitures de bureau,Classeurs,"Avery Framed View Binder, EZD Ring (Locking), Navy, 1 1/2""",2,1,0.8,-3.29
4189,US-2018-112536,5/18/2018,5/23/2018,Tarif normal,SG-20890,Susan Gilcrest,Entreprise,États-Unis,Mcallen,Texas,USCA - Centre,OFF-ST-10004835,Fournitures de bureau,Stockage,Plastic Stacking Crates & Casters,8.93,2,0.2,0.67
4191,US-2018-166709,11/17/2018,11/22/2018,Tarif normal,HL-15040,Hunter Lopez,Grand public,États-Unis,Newark,Delaware,USCA - Est,TEC-CO-10004722,Produits technologiques,Photocopieurs,Canon imageCLASS 2200 Advanced Copier,10499.97,3,0,5039.99
4211,US-2018-109715,12/9/2018,12/14/2018,Tarif normal,AH-10585,Angele Hood,Grand public,États-Unis,Chicago,Illinois,USCA - Centre,OFF-PA-10004965,Fournitures de bureau,Papier,Xerox 1921,15.98,2,0.2,5
4218,US-2018-149881,4/1/2018,4/3/2018,Prioritaire,NC-18535,Nick Crebassa,Entreprise,États-Unis,San Francisco,Californie,USCA - Ouest,FUR-BO-10003894,Mobilier,Bibliothèques,"Safco Value Mate Steel Bookcase, Baked Enamel Finish on Steel, Black",482.66,8,0.2,85.18
4219,US-2018-149881,4/1/2018,4/3/2018,Prioritaire,NC-18535,Nick Crebassa,Entreprise,États-Unis,San Francisco,Californie,USCA - Ouest,TEC-MA-10000418,Produits technologiques,Machines,Cubify CubeX 3D Printer Double Head Print,4799.98,2,0.2,360
4220,US-2018-134565,6/11/2018,6/13/2018,J+2,TB-21400,Tom Boeckenhauer,Grand public,États-Unis,Seattle,Washington,USCA - Ouest,OFF-PA-10004243,Fournitures de bureau,Papier,Xerox 1939,37.94,2,0,18.21
4221,US-2018-134565,6/11/2018,6/13/2018,J+2,TB-21400,Tom Boeckenhauer,Grand public,États-Unis,Seattle,Washington,USCA - Ouest,OFF-BI-10001759,Fournitures de bureau,Classeurs,"Acco Pressboard Covers with Storage Hooks, 14 7/8"" x 11"", Dark Blue",18.29,6,0.2,6.63
4222,US-2018-134565,6/11/2018,6/13/2018,J+2,TB-21400,Tom Boeckenhauer,Grand public,États-Unis,Seattle,Washington,USCA - Ouest,TEC-MA-10001570,Produits technologiques,Machines,Cisco Desktop Collaboration Experience DX650 IP Video Phone,385.8,5,0.2,130.21
4223,US-2018-134565,6/11/2018,6/13/2018,J+2,TB-21400,Tom Boeckenhauer,Grand public,États-Unis,Seattle,Washington,USCA - Ouest,OFF-ST-10004804,Fournitures de bureau,Stockage,"Belkin 19"" Vented Equipment Shelf, Black",102.96,2,0,1.03
4224,US-2018-134565,6/11/2018,6/13/2018,J+2,TB-21400,Tom Boeckenhauer,Grand public,États-Unis,Seattle,Washington,USCA - Ouest,FUR-BO-10001519,Mobilier,Bibliothèques,O'Sullivan 3-Shelf Heavy-Duty Bookcases,174.42,3,0,41.86
4227,US-2018-120327,11/11/2018,11/16/2018,Tarif normal,WB-21850,William Brown,Grand public,États-Unis,Urbandale,Iowa,USCA - Centre,OFF-FA-10004854,Fournitures de bureau,Éléments de fixation,"Vinyl Coated Wire Paper Clips in Organizer Box, 800/Box",45.92,4,0,21.58
4230,US-2018-100223,7/5/2018,7/10/2018,Tarif normal,LS-16945,Linda Southworth,Entreprise,États-Unis,Dallas,Texas,USCA - Centre,FUR-FU-10003601,Mobilier,Meubles,"Deflect-o RollaMat Studded, Beveled Mat for Medium Pile Carpeting",332.03,9,0.6,-348.63
4231,US-2018-100223,7/5/2018,7/10/2018,Tarif normal,LS-16945,Linda Southworth,Entreprise,États-Unis,Dallas,Texas,USCA - Centre,OFF-BI-10003429,Fournitures de bureau,Classeurs,"Cardinal HOLDit! Binder Insert Strips,Extra Strips",11.39,9,0.8,-17.66
4232,US-2018-100223,7/5/2018,7/10/2018,Tarif normal,LS-16945,Linda Southworth,Entreprise,États-Unis,Dallas,Texas,USCA - Centre,OFF-PA-10000232,Fournitures de bureau,Papier,Xerox 1975,15.55,3,0.2,5.64
4233,US-2018-100223,7/5/2018,7/10/2018,Tarif normal,LS-16945,Linda Southworth,Entreprise,États-Unis,Dallas,Texas,USCA - Centre,OFF-PA-10002195,Fournitures de bureau,Papier,Xerox 1966,31.1,6,0.2,11.28
4234,US-2018-100223,7/5/2018,7/10/2018,Tarif normal,LS-16945,Linda Southworth,Entreprise,États-Unis,Dallas,Texas,USCA - Centre,OFF-BI-10004492,Fournitures de bureau,Classeurs,Tuf-Vin Binders,6.32,1,0.8,-10.42
4238,US-2018-104024,8/29/2018,9/3/2018,J+2,MD-17860,Michael Dominguez,Entreprise,États-Unis,Philadelphia,Pennsylvanie,USCA - Est,OFF-AR-10001972,Fournitures de bureau,Art,Newell 323,9.41,7,0.2,0.71
4239,US-2018-147144,3/26/2018,3/28/2018,Prioritaire,MZ-17335,Maria Zettner,Bureau à domicile,États-Unis,Seattle,Washington,USCA - Ouest,OFF-AR-10004587,Fournitures de bureau,Art,"Boston 1827 Commercial Additional Cutter, Drive Gear & Gear Rack for 1606",19.83,1,0,5.95
4240,US-2018-158673,12/29/2018,1/4/2019,Tarif normal,KB-16600,Ken Brennan,Entreprise,États-Unis,Grand Rapids,Michigan,USCA - Centre,OFF-PA-10000994,Fournitures de bureau,Papier,Xerox 1915,209.7,2,0,100.66
4246,US-2018-117702,11/28/2018,12/4/2018,Tarif normal,LS-16975,Lindsay Shagiari,Bureau à domicile,États-Unis,Baltimore,Maryland,USCA - Est,OFF-AR-10004582,Fournitures de bureau,Art,BIC Brite Liner Grip Highlighters,1.64,1,0,0.74
4247,US-2018-117702,11/28/2018,12/4/2018,Tarif normal,LS-16975,Lindsay Shagiari,Bureau à domicile,États-Unis,Baltimore,Maryland,USCA - Est,FUR-FU-10000576,Mobilier,Meubles,Luxo Professional Fluorescent Magnifier Lamp with Clamp-Mount Base,1049.2,5,0,272.79
4248,US-2018-117702,11/28/2018,12/4/2018,Tarif normal,LS-16975,Lindsay Shagiari,Bureau à domicile,États-Unis,Baltimore,Maryland,USCA - Est,FUR-FU-10004270,Mobilier,Meubles,"Eldon Image Series Desk Accessories, Burgundy",20.9,5,0,7.52
4255,US-2018-163160,10/13/2018,10/16/2018,Prioritaire,TS-21610,Troy Staebel,Grand public,États-Unis,Freeport,Illinois,USCA - Centre,OFF-PA-10003127,Fournitures de bureau,Papier,Easy-staple paper,63.31,3,0.2,20.58
4256,US-2018-163160,10/13/2018,10/16/2018,Prioritaire,TS-21610,Troy Staebel,Grand public,États-Unis,Freeport,Illinois,USCA - Centre,OFF-BI-10000778,Fournitures de bureau,Classeurs,GBC VeloBinder Electric Binding Machine,96.78,4,0.8,-145.18
4257,US-2018-163160,10/13/2018,10/16/2018,Prioritaire,TS-21610,Troy Staebel,Grand public,États-Unis,Freeport,Illinois,USCA - Centre,FUR-FU-10001424,Mobilier,Meubles,Dax Clear Box Frame,10.48,3,0.6,-6.81
4260,US-2018-118367,10/28/2018,11/2/2018,J+2,LO-17170,Lori Olson,Entreprise,États-Unis,New York City,New York,USCA - Est,OFF-EN-10004386,Fournitures de bureau,Enveloppes,"Recycled Interoffice Envelopes with String and Button Closure, 10 x 13",47.98,2,0,23.99
4261,US-2018-164819,10/15/2018,10/19/2018,J+2,RS-19420,Ricardo Sperren,Entreprise,États-Unis,Fairfield,Connecticut,USCA - Est,OFF-LA-10001045,Fournitures de bureau,Étiquettes,Permanent Self-Adhesive File Folder Labels for Typewriters by Universal,13.05,5,0,6
4262,US-2018-158344,8/7/2018,8/11/2018,Tarif normal,CC-12475,Cindy Chapman,Grand public,États-Unis,Moorhead,Minnesota,USCA - Centre,TEC-AC-10002006,Produits technologiques,Accessoires,Memorex Micro Travel Drive 16 GB,63.96,4,0,19.83
4263,US-2018-123351,9/21/2018,9/25/2018,Tarif normal,KT-16480,Kean Thornton,Grand public,États-Unis,Columbus,Géorgie,USCA - Sud,OFF-AP-10001242,Fournitures de bureau,Électroménager,APC 7 Outlet Network SurgeArrest Surge Protector,80.48,1,0,24.14
4264,US-2018-110429,11/3/2018,11/8/2018,Tarif normal,DM-13015,Darrin Martin,Grand public,États-Unis,Philadelphia,Pennsylvanie,USCA - Est,OFF-BI-10000216,Fournitures de bureau,Classeurs,"Mead 1st Gear 2"" Zipper Binder, Asst. Colors",11.67,3,0.7,-7.78
4270,US-2018-124821,6/25/2018,6/29/2018,J+2,AM-10705,Anne McFarland,Grand public,États-Unis,Seattle,Washington,USCA - Ouest,FUR-TA-10000688,Mobilier,Tables,"Chromcraft Bull-Nose Wood Round Conference Table Top, Wood Base",871.4,4,0,148.14
4273,US-2018-158505,7/21/2018,7/21/2018,Le même jour,SF-20200,Sarah Foster,Grand public,États-Unis,Murray,Utah,USCA - Ouest,TEC-PH-10004071,Produits technologiques,Téléphones,PayAnywhere Card Reader,71.93,9,0.2,6.29
4274,US-2018-158505,7/21/2018,7/21/2018,Le même jour,SF-20200,Sarah Foster,Grand public,États-Unis,Murray,Utah,USCA - Ouest,OFF-AR-10001044,Fournitures de bureau,Art,"BOSTON Ranger #55 Pencil Sharpener, Black",25.99,1,0,7.54
4277,US-2018-151358,8/18/2018,8/22/2018,Tarif normal,NF-18595,Nicole Fjeld,Bureau à domicile,États-Unis,Seattle,Washington,USCA - Ouest,OFF-ST-10000046,Fournitures de bureau,Stockage,Fellowes Super Stor/Drawer Files,323.1,2,0,61.39
4288,US-2018-127516,12/28/2018,1/3/2019,Tarif normal,EH-14005,Erica Hernandez,Bureau à domicile,États-Unis,Nashville,Tennessee,USCA - Sud,OFF-ST-10000736,Fournitures de bureau,Stockage,Carina Double Wide Media Storage Towers in Natural & Black,64.78,1,0.2,-12.96
4291,US-2018-102407,12/9/2018,12/13/2018,J+2,AT-10435,Alyssa Tate,Bureau à domicile,États-Unis,Los Angeles,Californie,USCA - Ouest,OFF-AR-10000122,Fournitures de bureau,Art,Newell 314,11.16,2,0,2.79
4292,US-2018-102407,12/9/2018,12/13/2018,J+2,AT-10435,Alyssa Tate,Bureau à domicile,États-Unis,Los Angeles,Californie,USCA - Ouest,FUR-TA-10003748,Mobilier,Tables,Bevis 36 x 72 Conference Tables,896.33,9,0.2,22.41
4293,US-2018-102407,12/9/2018,12/13/2018,J+2,AT-10435,Alyssa Tate,Bureau à domicile,États-Unis,Los Angeles,Californie,USCA - Ouest,OFF-AP-10001394,Fournitures de bureau,Électroménager,Harmony Air Purifier,189,1,0,68.04
4294,US-2018-130967,3/10/2018,3/16/2018,Tarif normal,EB-13870,Emily Burns,Grand public,États-Unis,Philadelphia,Pennsylvanie,USCA - Est,TEC-PH-10004896,Produits technologiques,Téléphones,Nokia Lumia 521 (T-Mobile),53.98,3,0.4,-10.8
4295,US-2018-101581,10/22/2018,10/27/2018,Tarif normal,DW-13195,David Wiener,Entreprise,États-Unis,Redmond,Oregon,USCA - Ouest,FUR-TA-10002607,Mobilier,Tables,KI Conference Tables,177.23,5,0.5,-120.51
4296,US-2018-169124,7/3/2018,7/10/2018,Tarif normal,MB-17305,Maria Bertelson,Grand public,États-Unis,Citrus Heights,Californie,USCA - Ouest,FUR-FU-10001215,Mobilier,Meubles,"Howard Miller 11-1/2"" Diameter Brentwood Wall Clock",129.39,3,0,54.34
4297,US-2018-117261,9/4/2018,9/10/2018,Tarif normal,TH-21235,Tiffany House,Entreprise,États-Unis,Los Angeles,Californie,USCA - Ouest,OFF-ST-10000419,Fournitures de bureau,Stockage,"Rogers Jumbo File, Granite",54.32,4,0,0.54
4298,US-2018-129021,8/23/2018,8/26/2018,J+2,PO-18850,Patrick O'Brill,Grand public,États-Unis,Tallahassee,Floride,USCA - Sud,TEC-PH-10001459,Produits technologiques,Téléphones,Samsung Galaxy Mega 6.3,4367.9,13,0.2,327.59
4299,US-2018-129021,8/23/2018,8/26/2018,J+2,PO-18850,Patrick O'Brill,Grand public,États-Unis,Tallahassee,Floride,USCA - Sud,OFF-PA-10000241,Fournitures de bureau,Papier,"IBM Multi-Purpose Copy Paper, 8 1/2 x 11"", Case",49.57,2,0.2,15.49
4300,US-2018-129021,8/23/2018,8/26/2018,J+2,PO-18850,Patrick O'Brill,Grand public,États-Unis,Tallahassee,Floride,USCA - Sud,OFF-AP-10003040,Fournitures de bureau,Électroménager,Fellowes 8 Outlet Superior Workstation Surge Protector w/o Phone/Fax/Modem Protection,161.38,6,0.2,12.1
4301,US-2018-129021,8/23/2018,8/26/2018,J+2,PO-18850,Patrick O'Brill,Grand public,États-Unis,Tallahassee,Floride,USCA - Sud,FUR-FU-10001852,Mobilier,Meubles,"Eldon Regeneration Recycled Desk Accessories, Smoke",2.78,2,0.2,0.42
4302,US-2018-129021,8/23/2018,8/26/2018,J+2,PO-18850,Patrick O'Brill,Grand public,États-Unis,Tallahassee,Floride,USCA - Sud,OFF-PA-10000141,Fournitures de bureau,Papier,"Ampad Evidence Wirebond Steno Books, 6"" x 9""",8.72,5,0.2,2.94
4319,US-2018-136189,12/7/2018,12/11/2018,Tarif normal,DC-13285,Debra Catini,Grand public,États-Unis,Richmond,Virginie,USCA - Sud,FUR-FU-10000175,Mobilier,Meubles,DAX Wood Document Frame.,82.38,6,0,25.54
4329,US-2018-118360,4/1/2018,4/7/2018,Tarif normal,JC-15775,John Castell,Grand public,États-Unis,New York City,New York,USCA - Est,OFF-PA-10000791,Fournitures de bureau,Papier,"Wirebound Message Books, Four 2 3/4 x 5 Forms per Page, 200 Sets per Book",42.93,9,0,19.32
4330,US-2018-149853,10/3/2018,10/9/2018,Tarif normal,PO-18850,Patrick O'Brill,Grand public,États-Unis,Hialeah,Floride,USCA - Sud,OFF-PA-10000556,Fournitures de bureau,Papier,Xerox 208,15.55,3,0.2,5.44
4331,US-2018-149853,10/3/2018,10/9/2018,Tarif normal,PO-18850,Patrick O'Brill,Grand public,États-Unis,Hialeah,Floride,USCA - Sud,OFF-AP-10000804,Fournitures de bureau,Électroménager,Hoover Portapower Portable Vacuum,17.92,5,0.2,1.12
4332,US-2018-107909,9/1/2018,9/6/2018,Tarif normal,SS-20875,Sung Shariari,Grand public,États-Unis,Redmond,Washington,USCA - Ouest,TEC-AC-10001998,Produits technologiques,Accessoires,Logitech LS21 Speaker System - PC Multimedia - 2.1-CH - Wired,19.99,1,0,6.8
4333,US-2018-107909,9/1/2018,9/6/2018,Tarif normal,SS-20875,Sung Shariari,Grand public,États-Unis,Redmond,Washington,USCA - Ouest,OFF-BI-10003476,Fournitures de bureau,Classeurs,Avery Metallic Poly Binders,22.92,5,0.2,8.02
4340,US-2018-133501,8/27/2018,9/1/2018,Tarif normal,DK-12895,Dana Kaydos,Grand public,États-Unis,Franklin,Tennessee,USCA - Sud,OFF-PA-10004888,Fournitures de bureau,Papier,Xerox 217,5.18,1,0.2,1.81
4342,US-2018-130309,12/17/2018,12/21/2018,Tarif normal,GB-14575,Giulietta Baptist,Grand public,États-Unis,Arlington,Virginie,USCA - Sud,OFF-ST-10003208,Fournitures de bureau,Stockage,Adjustable Depth Letter/Legal Cart,544.38,3,0,157.87
4343,US-2018-105410,3/19/2018,3/22/2018,Prioritaire,ND-18370,Natalie DeCherney,Grand public,États-Unis,San Francisco,Californie,USCA - Ouest,OFF-BI-10004970,Fournitures de bureau,Classeurs,"ACCOHIDE 3-Ring Binder, Blue, 1""",19.82,6,0.2,6.69
4344,US-2018-105410,3/19/2018,3/22/2018,Prioritaire,ND-18370,Natalie DeCherney,Grand public,États-Unis,San Francisco,Californie,USCA - Ouest,TEC-PH-10000038,Produits technologiques,Téléphones,Jawbone MINI JAMBOX Wireless Bluetooth Speaker,657.5,6,0.2,-131.5
4345,US-2018-105410,3/19/2018,3/22/2018,Prioritaire,ND-18370,Natalie DeCherney,Grand public,États-Unis,San Francisco,Californie,USCA - Ouest,TEC-AC-10001552,Produits technologiques,Accessoires,Logitech K350 2.4Ghz Wireless Keyboard,99.54,2,0,10.95
4346,US-2018-105410,3/19/2018,3/22/2018,Prioritaire,ND-18370,Natalie DeCherney,Grand public,États-Unis,San Francisco,Californie,USCA - Ouest,TEC-AC-10002926,Produits technologiques,Accessoires,Logitech Wireless Marathon Mouse M705,199.96,4,0,85.98
4349,US-2018-169894,11/24/2018,11/29/2018,J+2,MV-17485,Mark Van Huff,Grand public,États-Unis,Mesa,Arizona,USCA - Ouest,OFF-BI-10004230,Fournitures de bureau,Classeurs,GBC Recycled Grain Textured Covers,20.72,2,0.7,-15.2
4350,US-2018-169894,11/24/2018,11/29/2018,J+2,MV-17485,Mark Van Huff,Grand public,États-Unis,Mesa,Arizona,USCA - Ouest,OFF-ST-10000060,Fournitures de bureau,Stockage,Fellowes Bankers Box Staxonsteel Drawer File/Stacking System,415.87,8,0.2,-41.59
4351,US-2018-100482,4/11/2018,4/15/2018,Tarif normal,JL-15130,Jack Lebron,Grand public,États-Unis,Lancaster,Ohio,USCA - Est,OFF-ST-10001325,Fournitures de bureau,Stockage,Sterilite Officeware Hinged File Box,16.77,2,0.2,1.47
4352,US-2018-100482,4/11/2018,4/15/2018,Tarif normal,JL-15130,Jack Lebron,Grand public,États-Unis,Lancaster,Ohio,USCA - Est,TEC-AC-10003441,Produits technologiques,Accessoires,Kingston Digital DataTraveler 32GB USB 2.0,27.12,2,0.2,-4.75
4353,US-2018-107748,12/10/2018,12/12/2018,J+2,AG-10330,Alex Grayson,Grand public,États-Unis,Stockton,Californie,USCA - Ouest,TEC-PH-10003215,Produits technologiques,Téléphones,Jackery Bar Premium Fast-charging Portable Charger,95.84,4,0.2,34.74
4354,US-2018-107748,12/10/2018,12/12/2018,J+2,AG-10330,Alex Grayson,Grand public,États-Unis,Stockton,Californie,USCA - Ouest,OFF-PA-10002005,Fournitures de bureau,Papier,Xerox 225,12.96,2,0,6.22
4355,US-2018-153654,11/24/2018,11/26/2018,J+2,MD-17860,Michael Dominguez,Entreprise,États-Unis,Asheville,Caroline du Nord,USCA - Sud,OFF-BI-10004465,Fournitures de bureau,Classeurs,Avery Durable Slant Ring Binders,19.01,8,0.7,-12.67
4358,US-2018-162565,12/11/2018,12/11/2018,Le même jour,RR-19315,Ralph Ritter,Grand public,États-Unis,Aurora,Illinois,USCA - Centre,OFF-PA-10001937,Fournitures de bureau,Papier,Xerox 21,10.37,2,0.2,3.63
4359,US-2018-162565,12/11/2018,12/11/2018,Le même jour,RR-19315,Ralph Ritter,Grand public,États-Unis,Aurora,Illinois,USCA - Centre,FUR-FU-10004306,Mobilier,Meubles,Electrix Halogen Magnifier Lamp,77.72,1,0.6,-66.06
4360,US-2018-162565,12/11/2018,12/11/2018,Le même jour,RR-19315,Ralph Ritter,Grand public,États-Unis,Aurora,Illinois,USCA - Centre,FUR-CH-10003973,Mobilier,Chaises,GuestStacker Chair with Chrome Finish Legs,520.46,2,0.3,-14.87
4362,US-2018-163195,2/17/2018,2/21/2018,J+2,LL-16840,Lauren Leatherbury,Grand public,États-Unis,Lafayette,Louisiane,USCA - Sud,TEC-PH-10003875,Produits technologiques,Téléphones,KLD Oscar II Style Snap-on Ultra Thin Side Flip Synthetic Leather Cover Case for HTC One HTC M7,29.16,3,0,8.46
4363,US-2018-111332,5/20/2018,5/22/2018,J+2,NC-18340,Nat Carroll,Grand public,États-Unis,Fargo,Dakota du Nord,USCA - Centre,OFF-AR-10001953,Fournitures de bureau,Art,Boston 1645 Deluxe Heavier-Duty Electric Pencil Sharpener,131.94,3,0,35.62
4364,US-2018-111332,5/20/2018,5/22/2018,J+2,NC-18340,Nat Carroll,Grand public,États-Unis,Fargo,Dakota du Nord,USCA - Centre,OFF-AR-10001374,Fournitures de bureau,Art,"BIC Brite Liner Highlighters, Chisel Tip",25.92,4,0,8.29
4365,US-2018-111332,5/20/2018,5/22/2018,J+2,NC-18340,Nat Carroll,Grand public,États-Unis,Fargo,Dakota du Nord,USCA - Centre,OFF-ST-10003816,Fournitures de bureau,Stockage,Fellowes High-Stak Drawer Files,704.76,4,0,162.09
4366,US-2018-111332,5/20/2018,5/22/2018,J+2,NC-18340,Nat Carroll,Grand public,États-Unis,Fargo,Dakota du Nord,USCA - Centre,OFF-FA-10001843,Fournitures de bureau,Éléments de fixation,Staples,7.41,3,0,3.48
4367,US-2018-111332,5/20/2018,5/22/2018,J+2,NC-18340,Nat Carroll,Grand public,États-Unis,Fargo,Dakota du Nord,USCA - Centre,OFF-AR-10000657,Fournitures de bureau,Art,"Binney & Smith inkTank Desk Highlighter, Chisel Tip, Yellow, 12/Box",21.5,10,0,7.1
4368,US-2018-117044,9/11/2018,9/13/2018,J+2,HA-14920,Helen Andreada,Grand public,États-Unis,Chicago,Illinois,USCA - Centre,OFF-FA-10000936,Fournitures de bureau,Éléments de fixation,Acco Hot Clips Clips to Go,10.53,4,0.2,3.29
4369,US-2018-117044,9/11/2018,9/13/2018,J+2,HA-14920,Helen Andreada,Grand public,États-Unis,Chicago,Illinois,USCA - Centre,OFF-PA-10003657,Fournitures de bureau,Papier,Xerox 1927,20.54,6,0.2,6.42
4373,US-2018-169320,7/23/2018,7/25/2018,J+2,LH-16900,Lena Hernandez,Grand public,États-Unis,Elkhart,Indiana,USCA - Centre,OFF-AR-10003602,Fournitures de bureau,Art,"Quartet Omega Colored Chalk, 12/Pack",11.68,2,0,5.49
4374,US-2018-169320,7/23/2018,7/25/2018,J+2,LH-16900,Lena Hernandez,Grand public,États-Unis,Elkhart,Indiana,USCA - Centre,TEC-AC-10002550,Produits technologiques,Accessoires,"Memorex 25GB 6X Branded Blu-Ray Recordable Disc, 30/Pack",159.75,5,0,11.18
4389,US-2018-111556,11/20/2018,11/22/2018,Prioritaire,CD-11920,Carlos Daly,Grand public,États-Unis,New York City,New York,USCA - Est,OFF-PA-10003651,Fournitures de bureau,Papier,Xerox 1968,46.76,7,0,22.44
4390,US-2018-111556,11/20/2018,11/22/2018,Prioritaire,CD-11920,Carlos Daly,Grand public,États-Unis,New York City,New York,USCA - Est,FUR-BO-10003159,Mobilier,Bibliothèques,"Sauder Camden County Collection Libraries, Planked Cherry Finish",183.97,2,0.2,-25.3
4391,US-2018-111556,11/20/2018,11/22/2018,Prioritaire,CD-11920,Carlos Daly,Grand public,États-Unis,New York City,New York,USCA - Est,TEC-PH-10001459,Produits technologiques,Téléphones,Samsung Galaxy Mega 6.3,1259.97,3,0,327.59
4392,US-2018-111556,11/20/2018,11/22/2018,Prioritaire,CD-11920,Carlos Daly,Grand public,États-Unis,New York City,New York,USCA - Est,OFF-AR-10004602,Fournitures de bureau,Art,Boston KS Multi-Size Manual Pencil Sharpener,68.97,3,0,19.31
4415,CA-2018-132339,8/19/2018,8/23/2018,Tarif normal,JB-15400,Jennifer Braxton,Entreprise,Canada,Montréal,Québec,USCA - Est,OFF-BI-10003925,Fournitures de bureau,Classeurs,Fellowes PB300 Plastic Comb Binding Machine,387.99,1,0,182.36
4418,US-2018-112900,4/9/2018,4/12/2018,J+2,KL-16645,Ken Lonsdale,Grand public,États-Unis,Detroit,Michigan,USCA - Centre,OFF-BI-10002867,Fournitures de bureau,Classeurs,GBC Recycled Regency Composition Covers,478.24,8,0,219.99
4423,US-2018-159464,5/18/2018,5/19/2018,Prioritaire,TB-21355,Todd Boyes,Entreprise,États-Unis,Sandy Springs,Géorgie,USCA - Sud,OFF-AP-10001492,Fournitures de bureau,Électroménager,"Acco Six-Outlet Power Strip, 4' Cord Length",17.24,2,0,4.48
4424,US-2018-159464,5/18/2018,5/19/2018,Prioritaire,TB-21355,Todd Boyes,Entreprise,États-Unis,Sandy Springs,Géorgie,USCA - Sud,FUR-BO-10003546,Mobilier,Bibliothèques,Hon 4-Shelf Metal Bookcases,302.94,3,0,75.74
4425,US-2018-159464,5/18/2018,5/19/2018,Prioritaire,TB-21355,Todd Boyes,Entreprise,États-Unis,Sandy Springs,Géorgie,USCA - Sud,TEC-PH-10002185,Produits technologiques,Téléphones,QVS USB Car Charger 2-Port 2.1Amp for iPod/iPhone/iPad/iPad 2/iPad 3,34.75,5,0,15.64
4426,US-2018-159464,5/18/2018,5/19/2018,Prioritaire,TB-21355,Todd Boyes,Entreprise,États-Unis,Sandy Springs,Géorgie,USCA - Sud,OFF-BI-10000315,Fournitures de bureau,Classeurs,Poly Designer Cover & Back,113.94,6,0,54.69
4427,US-2018-159464,5/18/2018,5/19/2018,Prioritaire,TB-21355,Todd Boyes,Entreprise,États-Unis,Sandy Springs,Géorgie,USCA - Sud,TEC-PH-10002350,Produits technologiques,Téléphones,Apple EarPods with Remote and Mic,55.98,2,0,15.67
4428,US-2018-103226,9/22/2018,9/28/2018,Tarif normal,DW-13195,David Wiener,Entreprise,États-Unis,Albuquerque,Nouveau-Mexique,USCA - Ouest,OFF-PA-10002666,Fournitures de bureau,Papier,Southworth 25% Cotton Linen-Finish Paper & Envelopes,27.18,3,0,12.23
4429,US-2018-119452,3/21/2018,3/27/2018,Tarif normal,CL-12565,Clay Ludtke,Grand public,États-Unis,Tulsa,Oklahoma,USCA - Centre,FUR-CH-10004495,Mobilier,Chaises,"Global Leather and Oak Executive Chair, Black",1805.88,6,0,523.71
4430,US-2018-147725,9/14/2018,9/14/2018,Le même jour,LT-17110,Liz Thompson,Grand public,États-Unis,Orange,New Jersey,USCA - Est,OFF-AR-10001725,Fournitures de bureau,Art,Boston Home & Office Model 2000 Electric Pencil Sharpeners,70.95,3,0,18.45
4458,US-2018-115175,8/7/2018,8/12/2018,Tarif normal,MC-17575,Matt Collins,Grand public,États-Unis,San Jose,Californie,USCA - Ouest,OFF-PA-10001878,Fournitures de bureau,Papier,Xerox 1891,244.55,5,0,114.94
4459,US-2018-105851,3/13/2018,3/20/2018,Tarif normal,SE-20110,Sanjit Engle,Grand public,États-Unis,Denver,Colorado,USCA - Ouest,OFF-SU-10002881,Fournitures de bureau,Fournitures,Martin Yale Chadless Opener Electric Letter Opener,1332.5,2,0.2,-299.81
4460,US-2018-125717,9/28/2018,10/1/2018,Prioritaire,DS-13030,Darrin Sayre,Bureau à domicile,États-Unis,Aurora,Colorado,USCA - Ouest,FUR-FU-10001979,Mobilier,Meubles,Dana Halogen Swing-Arm Architect Lamp,32.78,1,0.2,3.28
4461,US-2018-125717,9/28/2018,10/1/2018,Prioritaire,DS-13030,Darrin Sayre,Bureau à domicile,États-Unis,Aurora,Colorado,USCA - Ouest,OFF-ST-10001522,Fournitures de bureau,Stockage,"Gould Plastics 18-Pocket Panel Bin, 34w x 5-1/4d x 20-1/2h",147.18,2,0.2,-29.44
4462,US-2018-125717,9/28/2018,10/1/2018,Prioritaire,DS-13030,Darrin Sayre,Bureau à domicile,États-Unis,Aurora,Colorado,USCA - Ouest,TEC-AC-10003657,Produits technologiques,Accessoires,Lenovo 17-Key USB Numeric Keypad,54.38,2,0.2,1.36
4463,US-2018-125717,9/28/2018,10/1/2018,Prioritaire,DS-13030,Darrin Sayre,Bureau à domicile,États-Unis,Aurora,Colorado,USCA - Ouest,OFF-BI-10001718,Fournitures de bureau,Classeurs,GBC DocuBind P50 Personal Binding Machine,76.78,4,0.7,-58.86
4464,US-2018-125717,9/28/2018,10/1/2018,Prioritaire,DS-13030,Darrin Sayre,Bureau à domicile,États-Unis,Aurora,Colorado,USCA - Ouest,OFF-PA-10003022,Fournitures de bureau,Papier,Xerox 1992,14.35,3,0.2,5.2
4465,US-2018-125717,9/28/2018,10/1/2018,Prioritaire,DS-13030,Darrin Sayre,Bureau à domicile,États-Unis,Aurora,Colorado,USCA - Ouest,OFF-AP-10000891,Fournitures de bureau,Électroménager,Kensington 7 Outlet MasterPiece HOMEOFFICE Power Control Center,209.79,2,0.2,26.22
4467,US-2018-168641,11/24/2018,12/1/2018,Tarif normal,KA-16525,Kelly Andreada,Grand public,États-Unis,New York City,New York,USCA - Est,OFF-AR-10003759,Fournitures de bureau,Art,"Crayola Anti Dust Chalk, 12/Pack",16.38,9,0,7.37
4468,US-2018-168641,11/24/2018,12/1/2018,Tarif normal,KA-16525,Kelly Andreada,Grand public,États-Unis,New York City,New York,USCA - Est,OFF-EN-10003001,Fournitures de bureau,Enveloppes,Ames Color-File Green Diamond Border X-ray Mailers,167.96,2,0,78.94
4469,US-2018-168641,11/24/2018,12/1/2018,Tarif normal,KA-16525,Kelly Andreada,Grand public,États-Unis,New York City,New York,USCA - Est,FUR-BO-10000780,Mobilier,Bibliothèques,O'Sullivan Plantations 2-Door Library in Landvery Oak,321.57,2,0.2,-16.08
4470,US-2018-168641,11/24/2018,12/1/2018,Tarif normal,KA-16525,Kelly Andreada,Grand public,États-Unis,New York City,New York,USCA - Est,OFF-PA-10001972,Fournitures de bureau,Papier,Xerox 214,12.96,2,0,6.22
4471,US-2018-156895,5/8/2018,5/12/2018,Tarif normal,DJ-13510,Don Jones,Entreprise,États-Unis,Philadelphia,Pennsylvanie,USCA - Est,FUR-CH-10003535,Mobilier,Chaises,"Global Armless Task Chair, Royal Blue",128.06,3,0.3,-23.78
4472,US-2018-121300,9/29/2018,9/29/2018,Le même jour,MG-17680,Maureen Gastineau,Bureau à domicile,États-Unis,Mentor,Ohio,USCA - Est,FUR-CH-10003774,Mobilier,Chaises,"Global Wood Trimmed Manager's Task Chair, Khaki",63.69,1,0.3,-15.47
4473,US-2018-121300,9/29/2018,9/29/2018,Le même jour,MG-17680,Maureen Gastineau,Bureau à domicile,États-Unis,Mentor,Ohio,USCA - Est,TEC-AC-10004571,Produits technologiques,Accessoires,Logitech G700s Rechargeable Gaming Mouse,239.98,3,0.2,65.99
4474,US-2018-121300,9/29/2018,9/29/2018,Le même jour,MG-17680,Maureen Gastineau,Bureau à domicile,États-Unis,Mentor,Ohio,USCA - Est,FUR-TA-10004442,Mobilier,Tables,Riverside Furniture Stanwyck Manor Table Series,344.22,2,0.4,-189.32
4475,US-2018-121300,9/29/2018,9/29/2018,Le même jour,MG-17680,Maureen Gastineau,Bureau à domicile,États-Unis,Mentor,Ohio,USCA - Est,OFF-PA-10002787,Fournitures de bureau,Papier,Xerox 227,15.55,3,0.2,5.44
4476,US-2018-121300,9/29/2018,9/29/2018,Le même jour,MG-17680,Maureen Gastineau,Bureau à domicile,États-Unis,Mentor,Ohio,USCA - Est,FUR-FU-10004586,Mobilier,Meubles,G.E. Longer-Life Indoor Recessed Floodlight Bulbs,21.25,4,0.2,7.44
4477,US-2018-121300,9/29/2018,9/29/2018,Le même jour,MG-17680,Maureen Gastineau,Bureau à domicile,États-Unis,Mentor,Ohio,USCA - Est,OFF-PA-10002606,Fournitures de bureau,Papier,Xerox 1928,8.45,2,0.2,2.64
4478,US-2018-130211,10/22/2018,10/22/2018,Le même jour,BD-11620,Brian DeCherney,Grand public,États-Unis,Lawton,Oklahoma,USCA - Centre,OFF-ST-10000129,Fournitures de bureau,Stockage,Fellowes Recycled Storage Drawers,333.09,3,0,23.32
4479,US-2018-130211,10/22/2018,10/22/2018,Le même jour,BD-11620,Brian DeCherney,Grand public,États-Unis,Lawton,Oklahoma,USCA - Centre,FUR-TA-10003748,Mobilier,Tables,Bevis 36 x 72 Conference Tables,248.98,2,0,54.78
4491,US-2018-105921,8/14/2018,8/21/2018,Tarif normal,JM-15250,Janet Martin,Grand public,États-Unis,Los Angeles,Californie,USCA - Ouest,FUR-TA-10001095,Mobilier,Tables,Chromcraft Round Conference Tables,418.3,3,0.2,5.23
4496,US-2018-112753,6/18/2018,6/23/2018,Tarif normal,CC-12670,Craig Carreira,Grand public,États-Unis,Los Angeles,Californie,USCA - Ouest,FUR-BO-10004015,Mobilier,Bibliothèques,"Bush Andora Bookcase, Maple/Graphite Gray Finish",917.92,9,0.2,75.59
4497,US-2018-112753,6/18/2018,6/23/2018,Tarif normal,CC-12670,Craig Carreira,Grand public,États-Unis,Los Angeles,Californie,USCA - Ouest,OFF-PA-10002036,Fournitures de bureau,Papier,Xerox 1930,38.88,6,0,19.05
4498,US-2018-155075,12/2/2018,12/9/2018,Tarif normal,GW-14605,Giulietta Weimer,Grand public,États-Unis,Philadelphia,Pennsylvanie,USCA - Est,OFF-BI-10003650,Fournitures de bureau,Classeurs,GBC DocuBind 300 Electric Binding Machine,631.18,4,0.7,-462.86
4510,US-2018-167003,5/23/2018,5/29/2018,Tarif normal,VS-21820,Vivek Sundaresam,Grand public,États-Unis,Los Angeles,Californie,USCA - Ouest,FUR-TA-10001520,Mobilier,Tables,"Lesro Sheffield Collection Coffee Table, End Table, Center Table, Corner Table",171.29,3,0.2,-6.42
4516,US-2018-111920,10/22/2018,10/26/2018,Tarif normal,PS-18970,Paul Stevenson,Bureau à domicile,États-Unis,Tulsa,Oklahoma,USCA - Centre,OFF-AR-10003179,Fournitures de bureau,Art,Dixon Ticonderoga Core-Lock Colored Pencils,36.44,4,0,12.03
4520,US-2018-107167,6/10/2018,6/14/2018,Tarif normal,ND-18460,Neil Ducich,Entreprise,États-Unis,Jacksonville,Floride,USCA - Sud,OFF-ST-10003805,Fournitures de bureau,Stockage,"24 Capacity Maxi Data Binder Racks, Pearl",1347.52,8,0.2,84.22
4523,US-2018-105445,2/20/2018,2/25/2018,J+2,BP-11095,Bart Pistole,Entreprise,États-Unis,Louisville,Colorado,USCA - Ouest,OFF-FA-10001229,Fournitures de bureau,Éléments de fixation,Staples,9.43,3,0.2,3.07
4526,US-2018-105046,7/17/2018,7/23/2018,Tarif normal,BE-11335,Bill Eplett,Bureau à domicile,États-Unis,Rome,New York,USCA - Est,TEC-PH-10004536,Produits technologiques,Téléphones,Avaya 5420 Digital phone,269.98,2,0,67.5
4527,US-2018-105046,7/17/2018,7/23/2018,Tarif normal,BE-11335,Bill Eplett,Bureau à domicile,États-Unis,Rome,New York,USCA - Est,OFF-PA-10004353,Fournitures de bureau,Papier,Southworth 25% Cotton Premium Laser Paper and Envelopes,99.9,5,0,47.95
4528,US-2018-105046,7/17/2018,7/23/2018,Tarif normal,BE-11335,Bill Eplett,Bureau à domicile,États-Unis,Rome,New York,USCA - Est,FUR-FU-10004848,Mobilier,Meubles,DAX Solid Wood Frames,39.08,4,0,14.46
4529,US-2018-152856,9/8/2018,9/10/2018,J+2,RS-19765,Roland Schwarz,Entreprise,États-Unis,Marion,Ohio,USCA - Est,TEC-AC-10004864,Produits technologiques,Accessoires,Memorex Micro Travel Drive 32 GB,116.83,4,0.2,33.59
4536,US-2018-138464,7/8/2018,7/12/2018,Tarif normal,VF-21715,Vicky Freymann,Bureau à domicile,États-Unis,Seattle,Washington,USCA - Ouest,FUR-FU-10003142,Mobilier,Meubles,"Master Big Foot Doorstop, Beige",15.84,3,0,4.91
4537,US-2018-138464,7/8/2018,7/12/2018,Tarif normal,VF-21715,Vicky Freymann,Bureau à domicile,États-Unis,Seattle,Washington,USCA - Ouest,OFF-BI-10001543,Fournitures de bureau,Classeurs,GBC VeloBinder Manual Binding System,86.38,3,0.2,30.23
4538,US-2018-138464,7/8/2018,7/12/2018,Tarif normal,VF-21715,Vicky Freymann,Bureau à domicile,États-Unis,Seattle,Washington,USCA - Ouest,OFF-AR-10003560,Fournitures de bureau,Art,Zebra Zazzle Fluorescent Highlighters,18.24,3,0,6.2
4539,US-2018-138464,7/8/2018,7/12/2018,Tarif normal,VF-21715,Vicky Freymann,Bureau à domicile,États-Unis,Seattle,Washington,USCA - Ouest,OFF-AR-10004757,Fournitures de bureau,Art,Crayola Colored Pencils,13.12,4,0,4.33
4542,US-2018-132206,6/16/2018,6/21/2018,Tarif normal,MK-17905,Michael Kennedy,Entreprise,États-Unis,Chicago,Illinois,USCA - Centre,OFF-BI-10000756,Fournitures de bureau,Classeurs,Storex DuraTech Recycled Plastic Frosted Binders,5.94,7,0.8,-8.9
4543,US-2018-113474,12/20/2018,12/27/2018,Prioritaire,TM-21490,Tony Molinari,Grand public,États-Unis,Oklahoma City,Oklahoma,USCA - Centre,OFF-EN-10004206,Fournitures de bureau,Enveloppes,Multimedia Mailers,325.86,2,0,149.9
4551,US-2018-107636,1/20/2018,1/27/2018,Prioritaire,NM-18520,Neoma Murray,Grand public,États-Unis,Manchester,Connecticut,USCA - Est,OFF-LA-10003388,Fournitures de bureau,Étiquettes,Avery 5,5.76,2,0,2.82
4558,US-2018-117331,10/21/2018,10/28/2018,Tarif normal,ND-18370,Natalie DeCherney,Grand public,États-Unis,Glendale,Arizona,USCA - Ouest,OFF-BI-10003984,Fournitures de bureau,Classeurs,Lock-Up Easel 'Spel-Binder',8.56,1,0.7,-6.56
4564,US-2018-129490,9/26/2018,10/3/2018,Tarif normal,SJ-20125,Sanjit Jacobs,Bureau à domicile,États-Unis,Miramar,Floride,USCA - Sud,FUR-CH-10003298,Mobilier,Chaises,"Office Star - Contemporary Task Swivel chair with Loop Arms, Charcoal",419.14,4,0.2,-57.63
4566,US-2018-149510,12/3/2018,12/10/2018,Tarif normal,MC-17575,Matt Collins,Grand public,États-Unis,Fayetteville,Caroline du Nord,USCA - Sud,OFF-AP-10002350,Fournitures de bureau,Électroménager,Belkin F9H710-06 7 Outlet SurgeMaster Surge Protector,45.22,3,0.2,4.52
4567,US-2018-149510,12/3/2018,12/10/2018,Tarif normal,MC-17575,Matt Collins,Grand public,États-Unis,Fayetteville,Caroline du Nord,USCA - Sud,OFF-BI-10004233,Fournitures de bureau,Classeurs,"GBC Pre-Punched Binding Paper, Plastic, White, 8-1/2"" x 11""",28.78,6,0.7,-21.11
4568,US-2018-149510,12/3/2018,12/10/2018,Tarif normal,MC-17575,Matt Collins,Grand public,États-Unis,Fayetteville,Caroline du Nord,USCA - Sud,OFF-PA-10001892,Fournitures de bureau,Papier,"Rediform Wirebound ""Phone Memo"" Message Book, 11 x 5-3/4",24.45,4,0.2,8.86
4573,US-2018-126662,7/17/2018,7/21/2018,Tarif normal,AB-10255,Alejandro Ballentine,Bureau à domicile,États-Unis,Los Angeles,Californie,USCA - Ouest,TEC-CO-10004202,Produits technologiques,Photocopieurs,Brother DCP1000 Digital 3 in 1 Multifunction Machine,479.98,2,0.2,90
4585,US-2018-163790,11/2/2018,11/4/2018,J+2,NL-18310,Nancy Lomonaco,Bureau à domicile,États-Unis,Danville,Californie,USCA - Ouest,OFF-EN-10001335,Fournitures de bureau,Enveloppes,"White Business Envelopes with Contemporary Seam, Recycled White Business Envelopes",76.58,7,0,38.29
4586,US-2018-163790,11/2/2018,11/4/2018,J+2,NL-18310,Nancy Lomonaco,Bureau à domicile,États-Unis,Danville,Californie,USCA - Ouest,OFF-AR-10003469,Fournitures de bureau,Art,Nontoxic Chalk,8.8,5,0,4.22
4587,US-2018-163790,11/2/2018,11/4/2018,J+2,NL-18310,Nancy Lomonaco,Bureau à domicile,États-Unis,Danville,Californie,USCA - Ouest,OFF-BI-10003718,Fournitures de bureau,Classeurs,GBC Therma-A-Bind 250T Electric Binding System,590.35,6,0.2,206.62
4588,US-2018-163790,11/2/2018,11/4/2018,J+2,NL-18310,Nancy Lomonaco,Bureau à domicile,États-Unis,Danville,Californie,USCA - Ouest,OFF-FA-10004838,Fournitures de bureau,Éléments de fixation,"Super Bands, 12/Pack",5.58,3,0,0.17
4589,US-2018-163790,11/2/2018,11/4/2018,J+2,NL-18310,Nancy Lomonaco,Bureau à domicile,États-Unis,Danville,Californie,USCA - Ouest,FUR-FU-10002508,Mobilier,Meubles,Document Clip Frames,25.02,3,0,10.51
4590,US-2018-163790,11/2/2018,11/4/2018,J+2,NL-18310,Nancy Lomonaco,Bureau à domicile,États-Unis,Danville,Californie,USCA - Ouest,OFF-ST-10001511,Fournitures de bureau,Stockage,Space Solutions Commercial Steel Shelving,452.55,7,0,22.63
4598,US-2018-169502,8/28/2018,9/1/2018,Tarif normal,MG-17650,Matthew Grinstein,Bureau à domicile,États-Unis,Milwaukee,Wisconsin,USCA - Centre,OFF-SU-10004115,Fournitures de bureau,Fournitures,Acme Stainless Steel Office Snips,21.81,3,0,5.89
4599,US-2018-169502,8/28/2018,9/1/2018,Tarif normal,MG-17650,Matthew Grinstein,Bureau à domicile,États-Unis,Milwaukee,Wisconsin,USCA - Centre,OFF-AP-10001947,Fournitures de bureau,Électroménager,Acco 6 Outlet Guardian Premium Plus Surge Suppressor,91.6,5,0,26.56
4611,US-2018-141852,11/9/2018,11/14/2018,Tarif normal,JE-15745,Joel Eaton,Grand public,États-Unis,Oceanside,Californie,USCA - Ouest,FUR-FU-10000023,Mobilier,Meubles,Eldon Wave Desk Accessories,47.12,8,0,20.73
4620,US-2018-145219,12/24/2018,12/25/2018,Prioritaire,RM-19675,Robert Marley,Bureau à domicile,États-Unis,Los Angeles,Californie,USCA - Ouest,TEC-CO-10001449,Produits technologiques,Photocopieurs,Hewlett Packard LaserJet 3310 Copier,2879.95,6,0.2,1007.98
4621,US-2018-145219,12/24/2018,12/25/2018,Prioritaire,RM-19675,Robert Marley,Bureau à domicile,États-Unis,Los Angeles,Californie,USCA - Ouest,OFF-BI-10001670,Fournitures de bureau,Classeurs,Vinyl Sectional Post Binders,90.48,3,0.2,33.93
4623,US-2018-147228,9/9/2018,9/14/2018,Tarif normal,SO-20335,Sean O'Donnell,Grand public,États-Unis,Columbia,Tennessee,USCA - Sud,OFF-SU-10001225,Fournitures de bureau,Fournitures,Staple remover,8.83,3,0.2,-1.99
4624,US-2018-147228,9/9/2018,9/14/2018,Tarif normal,SO-20335,Sean O'Donnell,Grand public,États-Unis,Columbia,Tennessee,USCA - Sud,OFF-PA-10000357,Fournitures de bureau,Papier,Xerox 1888,177.54,4,0.2,62.14
4625,US-2018-147228,9/9/2018,9/14/2018,Tarif normal,SO-20335,Sean O'Donnell,Grand public,États-Unis,Columbia,Tennessee,USCA - Sud,OFF-ST-10000046,Fournitures de bureau,Stockage,Fellowes Super Stor/Drawer Files,258.48,2,0.2,-3.23
4626,US-2018-147228,9/9/2018,9/14/2018,Tarif normal,SO-20335,Sean O'Donnell,Grand public,États-Unis,Columbia,Tennessee,USCA - Sud,FUR-FU-10000023,Mobilier,Meubles,Eldon Wave Desk Accessories,14.14,3,0.2,4.24
4632,US-2018-168396,8/3/2018,8/8/2018,J+2,BD-11725,Bruce Degenhardt,Grand public,États-Unis,San Francisco,Californie,USCA - Ouest,OFF-LA-10001297,Fournitures de bureau,Étiquettes,Avery 473,51.75,5,0,24.84
4633,US-2018-168396,8/3/2018,8/8/2018,J+2,BD-11725,Bruce Degenhardt,Grand public,États-Unis,San Francisco,Californie,USCA - Ouest,FUR-FU-10000723,Mobilier,Meubles,"Deflect-o EconoMat Studded, No Bevel Mat for Low Pile Carpeting",123.96,3,0,11.16
4636,US-2018-116288,3/12/2018,3/17/2018,Tarif normal,BS-11380,Bill Stewart,Entreprise,États-Unis,San Francisco,Californie,USCA - Ouest,OFF-ST-10000736,Fournitures de bureau,Stockage,Carina Double Wide Media Storage Towers in Natural & Black,242.94,3,0,9.72
4637,US-2018-168228,4/27/2018,4/29/2018,Prioritaire,AP-10915,Arthur Prichep,Grand public,États-Unis,Los Angeles,Californie,USCA - Ouest,OFF-AR-10003373,Fournitures de bureau,Art,"Boston School Pro Electric Pencil Sharpener, 1670",123.92,4,0,33.46
4638,US-2018-168228,4/27/2018,4/29/2018,Prioritaire,AP-10915,Arthur Prichep,Grand public,États-Unis,Los Angeles,Californie,USCA - Ouest,OFF-AR-10000390,Fournitures de bureau,Art,Newell Chalk Holder,12.39,3,0,5.7
4639,US-2018-168228,4/27/2018,4/29/2018,Prioritaire,AP-10915,Arthur Prichep,Grand public,États-Unis,Los Angeles,Californie,USCA - Ouest,OFF-AR-10001725,Fournitures de bureau,Art,Boston Home & Office Model 2000 Electric Pencil Sharpeners,47.3,2,0,12.3
4642,US-2018-130141,10/22/2018,10/24/2018,J+2,HA-14905,Helen Abelman,Grand public,États-Unis,Fort Collins,Colorado,USCA - Ouest,OFF-BI-10000831,Fournitures de bureau,Classeurs,Storex Flexible Poly Binders with Double Pockets,3.17,4,0.7,-2.53
4643,US-2018-130141,10/22/2018,10/24/2018,J+2,HA-14905,Helen Abelman,Grand public,États-Unis,Fort Collins,Colorado,USCA - Ouest,FUR-CH-10000749,Mobilier,Chaises,Office Star - Ergonomic Mid Back Chair with 2-Way Adjustable Arms,579.14,4,0.2,-28.96
4649,US-2018-129357,5/14/2018,5/19/2018,Tarif normal,KB-16585,Ken Black,Entreprise,États-Unis,Seattle,Washington,USCA - Ouest,OFF-PA-10003228,Fournitures de bureau,Papier,Xerox 1917,440.19,9,0,206.89
4650,US-2018-129357,5/14/2018,5/19/2018,Tarif normal,KB-16585,Ken Black,Entreprise,États-Unis,Seattle,Washington,USCA - Ouest,OFF-SU-10004498,Fournitures de bureau,Fournitures,Martin-Yale Premier Letter Opener,64.4,5,0,1.93
4651,US-2018-150987,4/8/2018,4/12/2018,Tarif normal,AH-10120,Adrian Hane,Bureau à domicile,États-Unis,San Francisco,Californie,USCA - Ouest,OFF-PA-10001878,Fournitures de bureau,Papier,Xerox 1891,244.55,5,0,114.94
4652,US-2018-150987,4/8/2018,4/12/2018,Tarif normal,AH-10120,Adrian Hane,Bureau à domicile,États-Unis,San Francisco,Californie,USCA - Ouest,OFF-PA-10002923,Fournitures de bureau,Papier,Xerox 1942,195.76,4,0,97.88
4653,US-2018-132647,2/17/2018,2/23/2018,Tarif normal,GH-14410,Gary Hansen,Bureau à domicile,États-Unis,Perth Amboy,New Jersey,USCA - Est,OFF-PA-10001838,Fournitures de bureau,Papier,"Adams Telephone Message Book W/Dividers/Space For Phone Numbers, 5 1/4""X8 1/2"", 300/Messages",11.76,2,0,5.76
4654,US-2018-132647,2/17/2018,2/23/2018,Tarif normal,GH-14410,Gary Hansen,Bureau à domicile,États-Unis,Perth Amboy,New Jersey,USCA - Est,OFF-ST-10003123,Fournitures de bureau,Stockage,Fellowes Bases and Tops For Staxonsteel/High-Stak Systems,166.45,5,0,39.95
4655,US-2018-159107,6/24/2018,6/26/2018,J+2,KT-16480,Kean Thornton,Grand public,États-Unis,San Francisco,Californie,USCA - Ouest,OFF-FA-10001332,Fournitures de bureau,Éléments de fixation,"Acco Banker's Clasps, 5 3/4""-Long",2.88,1,0,1.35
4669,US-2018-133200,5/6/2018,5/11/2018,Tarif normal,DB-13555,Dorothy Badders,Entreprise,États-Unis,Fort Worth,Texas,USCA - Centre,OFF-BI-10002827,Fournitures de bureau,Classeurs,Avery Durable Poly Binders,11.06,10,0.8,-18.8
4670,US-2018-133200,5/6/2018,5/11/2018,Tarif normal,DB-13555,Dorothy Badders,Entreprise,États-Unis,Fort Worth,Texas,USCA - Centre,FUR-BO-10001601,Mobilier,Bibliothèques,"Sauder Mission Library with Doors, Fruitwood Finish",623.46,7,0.3,-119.19
4671,US-2018-133200,5/6/2018,5/11/2018,Tarif normal,DB-13555,Dorothy Badders,Entreprise,États-Unis,Fort Worth,Texas,USCA - Centre,OFF-ST-10001932,Fournitures de bureau,Stockage,Fellowes Staxonsteel Drawer Files,772.68,5,0.2,-57.95
4676,US-2018-139416,3/27/2018,3/29/2018,J+2,AG-10270,Alejandro Grove,Grand public,États-Unis,Philadelphia,Pennsylvanie,USCA - Est,FUR-FU-10003832,Mobilier,Meubles,"Eldon Expressions Punched Metal & Wood Desk Accessories, Black & Cherry",15.01,2,0.2,1.5
4689,US-2018-154851,12/20/2018,12/27/2018,Tarif normal,BP-11155,Becky Pak,Grand public,États-Unis,Lancaster,Pennsylvanie,USCA - Est,OFF-BI-10001525,Fournitures de bureau,Classeurs,"Acco Pressboard Covers with Storage Hooks, 14 7/8"" x 11"", Executive Red",5.72,5,0.7,-4.76
4700,US-2018-140298,5/11/2018,5/17/2018,Tarif normal,JK-16120,Julie Kriz,Bureau à domicile,États-Unis,Austin,Texas,USCA - Centre,OFF-AR-10003481,Fournitures de bureau,Art,Newell 348,5.25,2,0.2,0.59
4701,US-2018-140298,5/11/2018,5/17/2018,Tarif normal,JK-16120,Julie Kriz,Bureau à domicile,États-Unis,Austin,Texas,USCA - Centre,OFF-ST-10004180,Fournitures de bureau,Stockage,Safco Commercial Shelving,74.42,2,0.2,-14.88
4702,US-2018-140298,5/11/2018,5/17/2018,Tarif normal,JK-16120,Julie Kriz,Bureau à domicile,États-Unis,Austin,Texas,USCA - Centre,OFF-PA-10003657,Fournitures de bureau,Papier,Xerox 1927,6.85,2,0.2,2.14
4703,US-2018-140298,5/11/2018,5/17/2018,Tarif normal,JK-16120,Julie Kriz,Bureau à domicile,États-Unis,Austin,Texas,USCA - Centre,FUR-FU-10001967,Mobilier,Meubles,Telescoping Adjustable Floor Lamp,8,1,0.6,-7
4708,US-2018-138149,6/29/2018,7/6/2018,Prioritaire,WB-21850,William Brown,Grand public,États-Unis,Los Angeles,Californie,USCA - Ouest,OFF-BI-10003091,Fournitures de bureau,Classeurs,GBC DocuBind TL200 Manual Binding Machine,895.92,5,0.2,302.37
4709,US-2018-138149,6/29/2018,7/6/2018,Prioritaire,WB-21850,William Brown,Grand public,États-Unis,Los Angeles,Californie,USCA - Ouest,OFF-ST-10002974,Fournitures de bureau,Stockage,"Trav-L-File Heavy-Duty Shuttle II, Black",130.71,3,0,39.21
4710,US-2018-138149,6/29/2018,7/6/2018,Prioritaire,WB-21850,William Brown,Grand public,États-Unis,Los Angeles,Californie,USCA - Ouest,OFF-AR-10000255,Fournitures de bureau,Art,Newell 328,11.68,2,0,3.04
4711,US-2018-138149,6/29/2018,7/6/2018,Prioritaire,WB-21850,William Brown,Grand public,États-Unis,Los Angeles,Californie,USCA - Ouest,TEC-AC-10001284,Produits technologiques,Accessoires,Enermax Briskie RF Wireless Keyboard and Mouse Combo,62.31,3,0,22.43
4715,US-2018-121643,5/18/2018,5/20/2018,Prioritaire,AB-10105,Adrian Barton,Grand public,États-Unis,Portland,Oregon,USCA - Ouest,TEC-PH-10002200,Produits technologiques,Téléphones,Aastra 6757i CT Wireless VoIP phone,344.7,2,0.2,38.78
4717,US-2018-143126,12/3/2018,12/7/2018,J+2,CM-12655,Corinna Mitchell,Bureau à domicile,États-Unis,Seattle,Washington,USCA - Ouest,FUR-TA-10002958,Mobilier,Tables,"Bevis Oval Conference Table, Walnut",521.96,2,0,88.73
4723,US-2018-135230,9/1/2018,9/7/2018,Tarif normal,CK-12325,Christine Kargatis,Bureau à domicile,États-Unis,Seattle,Washington,USCA - Ouest,OFF-AR-10001166,Fournitures de bureau,Art,Staples in misc. colors,7.58,1,0,2.96
4741,US-2018-164364,11/12/2018,11/16/2018,Tarif normal,CS-12355,Christine Sundaresam,Grand public,États-Unis,Seattle,Washington,USCA - Ouest,OFF-LA-10004853,Fournitures de bureau,Étiquettes,Avery 483,9.96,2,0,4.58
4742,US-2018-164364,11/12/2018,11/16/2018,Tarif normal,CS-12355,Christine Sundaresam,Grand public,États-Unis,Seattle,Washington,USCA - Ouest,OFF-AR-10000315,Fournitures de bureau,Art,"Dixon Ticonderoga Maple Cedar Pencil, #2",9.21,3,0,2.3
4743,US-2018-164364,11/12/2018,11/16/2018,Tarif normal,CS-12355,Christine Sundaresam,Grand public,États-Unis,Seattle,Washington,USCA - Ouest,OFF-SU-10000381,Fournitures de bureau,Fournitures,Acme Forged Steel Scissors with Black Enamel Handles,27.93,3,0,8.1
4744,US-2018-168123,3/5/2018,3/5/2018,Le même jour,JD-16060,Julia Dunbar,Grand public,États-Unis,Rochester,Minnesota,USCA - Centre,OFF-FA-10002763,Fournitures de bureau,Éléments de fixation,Advantus Map Pennant Flags and Round Head Tacks,7.9,2,0,2.53
4745,US-2018-168123,3/5/2018,3/5/2018,Le même jour,JD-16060,Julia Dunbar,Grand public,États-Unis,Rochester,Minnesota,USCA - Centre,OFF-ST-10000877,Fournitures de bureau,Stockage,Recycled Steel Personal File for Standard File Folders,221.16,4,0,57.5
4746,US-2018-168123,3/5/2018,3/5/2018,Le même jour,JD-16060,Julia Dunbar,Grand public,États-Unis,Rochester,Minnesota,USCA - Centre,OFF-BI-10001071,Fournitures de bureau,Classeurs,GBC ProClick Punch Binding System,127.96,2,0,62.7
4747,US-2018-168123,3/5/2018,3/5/2018,Le même jour,JD-16060,Julia Dunbar,Grand public,États-Unis,Rochester,Minnesota,USCA - Centre,OFF-BI-10001097,Fournitures de bureau,Classeurs,Avery Hole Reinforcements,18.69,3,0,9.16
4753,US-2018-103499,11/20/2018,11/24/2018,Tarif normal,ES-14020,Erica Smith,Grand public,États-Unis,Jackson,Tennessee,USCA - Sud,FUR-CH-10001482,Mobilier,Chaises,Office Star - Mesh Screen back chair with Vinyl seat,209.57,2,0.2,-23.58
4755,US-2018-126354,2/3/2018,2/8/2018,Tarif normal,SC-20380,Shahid Collister,Grand public,États-Unis,Pembroke Pines,Floride,USCA - Sud,OFF-BI-10000301,Fournitures de bureau,Classeurs,GBC Instant Report Kit,3.88,2,0.7,-2.59
4756,US-2018-126354,2/3/2018,2/8/2018,Tarif normal,SC-20380,Shahid Collister,Grand public,États-Unis,Pembroke Pines,Floride,USCA - Sud,OFF-PA-10004381,Fournitures de bureau,Papier,14-7/8 x 11 Blue Bar Computer Printout Paper,115.3,3,0.2,40.35
4757,US-2018-169817,9/21/2018,9/25/2018,Tarif normal,EB-13870,Emily Burns,Grand public,États-Unis,Philadelphia,Pennsylvanie,USCA - Est,OFF-BI-10004141,Fournitures de bureau,Classeurs,Insertable Tab Indexes For Data Binders,1.91,2,0.7,-1.53
4758,US-2018-144582,1/20/2018,1/27/2018,Tarif normal,TC-21475,Tony Chapman,Bureau à domicile,États-Unis,Danville,Illinois,USCA - Centre,OFF-BI-10001575,Fournitures de bureau,Classeurs,GBC Linen Binding Covers,43.37,7,0.8,-69.4
4765,US-2018-123701,11/24/2018,11/27/2018,Prioritaire,PG-18820,Patrick Gardner,Grand public,États-Unis,San Francisco,Californie,USCA - Ouest,OFF-AR-10001860,Fournitures de bureau,Art,BIC Liqua Brite Liner,27.76,4,0,9.99
4769,US-2018-158883,6/2/2018,6/3/2018,Le même jour,CS-11860,Cari Schnelling,Grand public,États-Unis,Jacksonville,Caroline du Nord,USCA - Sud,OFF-PA-10004733,Fournitures de bureau,Papier,Things To Do Today Spiral Book,25.34,4,0.2,9.19
4773,US-2018-119746,11/23/2018,11/27/2018,Tarif normal,CM-12385,Christopher Martinez,Grand public,États-Unis,Chicago,Illinois,USCA - Centre,FUR-FU-10004909,Mobilier,Meubles,Contemporary Wood/Metal Frame,6.46,1,0.6,-4.04
4774,US-2018-119746,11/23/2018,11/27/2018,Tarif normal,CM-12385,Christopher Martinez,Grand public,États-Unis,Chicago,Illinois,USCA - Centre,OFF-LA-10001613,Fournitures de bureau,Étiquettes,Avery File Folder Labels,11.52,5,0.2,4.18
4775,US-2018-119746,11/23/2018,11/27/2018,Tarif normal,CM-12385,Christopher Martinez,Grand public,États-Unis,Chicago,Illinois,USCA - Centre,TEC-PH-10004447,Produits technologiques,Téléphones,Toshiba IPT2010-SD IP Telephone,222.38,2,0.2,16.68
4776,US-2018-108091,11/16/2018,11/21/2018,Tarif normal,EK-13795,Eileen Kiefer,Bureau à domicile,États-Unis,Escondido,Californie,USCA - Ouest,OFF-AR-10000255,Fournitures de bureau,Art,Newell 328,23.36,4,0,6.07
4779,US-2018-132346,11/7/2018,11/11/2018,Tarif normal,PK-19075,Pete Kriz,Grand public,États-Unis,Newark,Delaware,USCA - Est,OFF-AP-10000696,Fournitures de bureau,Électroménager,Holmes Odor Grabber,100.94,7,0,33.31
4784,US-2018-147984,1/28/2018,2/1/2018,Tarif normal,GB-14575,Giulietta Baptist,Grand public,États-Unis,Wichita,Kansas,USCA - Centre,OFF-PA-10000806,Fournitures de bureau,Papier,Xerox 1934,279.9,5,0,137.15
4804,US-2018-136364,7/13/2018,7/17/2018,J+2,MH-17455,Mark Hamilton,Grand public,États-Unis,Philadelphia,Pennsylvanie,USCA - Est,TEC-PH-10003885,Produits technologiques,Téléphones,Cisco SPA508G,39.59,1,0.4,-7.26
4805,US-2018-136364,7/13/2018,7/17/2018,J+2,MH-17455,Mark Hamilton,Grand public,États-Unis,Philadelphia,Pennsylvanie,USCA - Est,FUR-FU-10002501,Mobilier,Meubles,Nu-Dell Executive Frame,91.01,9,0.2,19.34
4820,US-2018-117436,6/8/2018,6/14/2018,Tarif normal,LW-17125,Liz Willingham,Grand public,États-Unis,Norwich,Connecticut,USCA - Est,OFF-BI-10004040,Fournitures de bureau,Classeurs,Wilson Jones Impact Binders,10.36,2,0,5.08
4827,US-2018-136707,11/12/2018,11/15/2018,Prioritaire,JE-15610,Jim Epp,Entreprise,États-Unis,Los Angeles,Californie,USCA - Ouest,OFF-BI-10003460,Fournitures de bureau,Classeurs,Acco 3-Hole Punch,14.02,4,0.2,4.91
4835,US-2018-167661,10/5/2018,10/10/2018,Tarif normal,MP-18175,Mike Pelletier,Bureau à domicile,États-Unis,San Francisco,Californie,USCA - Ouest,OFF-BI-10002571,Fournitures de bureau,Classeurs,"Avery Framed View Binder, EZD Ring (Locking), Navy, 1 1/2""",39.92,5,0.2,13.47
4836,US-2018-167661,10/5/2018,10/10/2018,Tarif normal,MP-18175,Mike Pelletier,Bureau à domicile,États-Unis,San Francisco,Californie,USCA - Ouest,OFF-PA-10002581,Fournitures de bureau,Papier,Xerox 1951,61.96,2,0,27.88
4837,US-2018-167661,10/5/2018,10/10/2018,Tarif normal,MP-18175,Mike Pelletier,Bureau à domicile,États-Unis,San Francisco,Californie,USCA - Ouest,OFF-BI-10001097,Fournitures de bureau,Classeurs,Avery Hole Reinforcements,19.94,4,0.2,7.23
4838,US-2018-106831,6/1/2018,6/3/2018,Prioritaire,FH-14350,Fred Harton,Grand public,États-Unis,Dublin,Ohio,USCA - Est,OFF-BI-10003429,Fournitures de bureau,Classeurs,"Cardinal HOLDit! Binder Insert Strips,Extra Strips",3.8,2,0.7,-2.66
4839,US-2018-106831,6/1/2018,6/3/2018,Prioritaire,FH-14350,Fred Harton,Grand public,États-Unis,Dublin,Ohio,USCA - Est,OFF-PA-10000682,Fournitures de bureau,Papier,Xerox 1924,27.74,6,0.2,10.06
4840,US-2018-106831,6/1/2018,6/3/2018,Prioritaire,FH-14350,Fred Harton,Grand public,États-Unis,Dublin,Ohio,USCA - Est,TEC-PH-10001700,Produits technologiques,Téléphones,Panasonic KX-TG6844B Expandable Digital Cordless Telephone,158.38,4,0.4,-34.31
4841,US-2018-154123,11/20/2018,11/25/2018,Tarif normal,SC-20050,Sample Company A,Bureau à domicile,États-Unis,Henderson,Kentucky,USCA - Sud,FUR-FU-10000629,Mobilier,Meubles,9-3/4 Diameter Round Wall Clock,27.58,2,0,11.58
4843,US-2018-118402,9/29/2018,10/4/2018,Tarif normal,JO-15280,Jas O'Carroll,Grand public,États-Unis,Memphis,Tennessee,USCA - Sud,OFF-ST-10001418,Fournitures de bureau,Stockage,Carina Media Storage Towers in Natural & Black,243.92,5,0.2,-54.88
4860,US-2018-136063,12/15/2018,12/19/2018,Tarif normal,SS-20140,Saphhira Shifley,Entreprise,États-Unis,Oak Park,Illinois,USCA - Centre,OFF-AR-10000823,Fournitures de bureau,Art,Newell 307,10.19,7,0.2,1.02
4865,US-2018-163531,6/26/2018,7/3/2018,Tarif normal,SC-20725,Steven Cartwright,Grand public,États-Unis,New York City,New York,USCA - Est,TEC-PH-10001425,Produits technologiques,Téléphones,Mophie Juice Pack Helium for iPhone,239.97,3,0,67.19
4866,US-2018-122490,11/13/2018,11/18/2018,Tarif normal,TT-21070,Ted Trevino,Grand public,États-Unis,Seattle,Washington,USCA - Ouest,FUR-CH-10001215,Mobilier,Chaises,Global Troy Executive Leather Low-Back Tilter,2404.7,6,0.2,150.29
4867,US-2018-122490,11/13/2018,11/18/2018,Tarif normal,TT-21070,Ted Trevino,Grand public,États-Unis,Seattle,Washington,USCA - Ouest,OFF-BI-10001718,Fournitures de bureau,Classeurs,GBC DocuBind P50 Personal Binding Machine,563.02,11,0.2,190.02
4868,US-2018-122490,11/13/2018,11/18/2018,Tarif normal,TT-21070,Ted Trevino,Grand public,États-Unis,Seattle,Washington,USCA - Ouest,OFF-ST-10000991,Fournitures de bureau,Stockage,Space Solutions HD Industrial Steel Shelving.,344.91,3,0,10.35
4869,US-2018-122490,11/13/2018,11/18/2018,Tarif normal,TT-21070,Ted Trevino,Grand public,États-Unis,Seattle,Washington,USCA - Ouest,OFF-LA-10001613,Fournitures de bureau,Étiquettes,Avery File Folder Labels,8.64,3,0,4.23
4870,US-2018-131366,11/24/2018,11/29/2018,Tarif normal,SC-20440,Shaun Chance,Entreprise,États-Unis,Lancaster,Pennsylvanie,USCA - Est,TEC-PH-10003437,Produits technologiques,Téléphones,Blue Parrot B250XT Professional Grade Wireless Bluetooth Headset with,89.99,2,0.4,-15
4871,US-2018-131366,11/24/2018,11/29/2018,Tarif normal,SC-20440,Shaun Chance,Entreprise,États-Unis,Lancaster,Pennsylvanie,USCA - Est,OFF-PA-10000675,Fournitures de bureau,Papier,Xerox 1919,229.54,7,0.2,83.21
4872,US-2018-164042,5/23/2018,5/27/2018,Tarif normal,KL-16645,Ken Lonsdale,Grand public,États-Unis,Houston,Texas,USCA - Centre,OFF-FA-10000840,Fournitures de bureau,Éléments de fixation,OIC Thumb-Tacks,1.82,2,0.2,0.62
4873,US-2018-164042,5/23/2018,5/27/2018,Tarif normal,KL-16645,Ken Lonsdale,Grand public,États-Unis,Houston,Texas,USCA - Centre,OFF-AP-10001947,Fournitures de bureau,Électroménager,Acco 6 Outlet Guardian Premium Plus Surge Suppressor,18.32,5,0.8,-46.72
4874,US-2018-164042,5/23/2018,5/27/2018,Tarif normal,KL-16645,Ken Lonsdale,Grand public,États-Unis,Houston,Texas,USCA - Centre,OFF-ST-10002301,Fournitures de bureau,Stockage,Tennsco Commercial Shelving,48.82,3,0.2,-11.59
4875,US-2018-164042,5/23/2018,5/27/2018,Tarif normal,KL-16645,Ken Lonsdale,Grand public,États-Unis,Houston,Texas,USCA - Centre,OFF-BI-10001922,Fournitures de bureau,Classeurs,Storex Dura Pro Binders,1.19,1,0.8,-1.96
4880,US-2018-143567,11/2/2018,11/5/2018,J+2,TB-21175,Thomas Boland,Entreprise,États-Unis,Henderson,Kentucky,USCA - Sud,OFF-EN-10004846,Fournitures de bureau,Enveloppes,Letter or Legal Size Expandable Poly String Tie Envelopes,5.32,2,0,2.61
4881,US-2018-143567,11/2/2018,11/5/2018,J+2,TB-21175,Thomas Boland,Entreprise,États-Unis,Henderson,Kentucky,USCA - Sud,FUR-CH-10000454,Mobilier,Chaises,"Hon Deluxe Fabric Upholstered Stacking Chairs, Rounded Back",975.92,4,0,292.78
4882,US-2018-143567,11/2/2018,11/5/2018,J+2,TB-21175,Thomas Boland,Entreprise,États-Unis,Henderson,Kentucky,USCA - Sud,TEC-AC-10004145,Produits technologiques,Accessoires,Logitech diNovo Edge Keyboard,2249.91,9,0,517.48
4883,US-2018-143567,11/2/2018,11/5/2018,J+2,TB-21175,Thomas Boland,Entreprise,États-Unis,Henderson,Kentucky,USCA - Sud,OFF-ST-10001580,Fournitures de bureau,Stockage,Super Decoflex Portable Personal File,59.92,4,0,16.78
4884,US-2018-104080,3/8/2018,3/15/2018,Tarif normal,AH-10210,Alan Hwang,Grand public,États-Unis,Anaheim,Californie,USCA - Ouest,OFF-BI-10003876,Fournitures de bureau,Classeurs,"Green Canvas Binder for 8-1/2"" x 14"" Sheets",171.2,5,0.2,64.2
4885,US-2018-104080,3/8/2018,3/15/2018,Tarif normal,AH-10210,Alan Hwang,Grand public,États-Unis,Anaheim,Californie,USCA - Ouest,OFF-AR-10001972,Fournitures de bureau,Art,Newell 323,3.36,2,0,0.87
4901,US-2018-120936,12/17/2018,12/21/2018,Tarif normal,CA-12310,Christine Abelman,Entreprise,États-Unis,Anaheim,Californie,USCA - Ouest,OFF-ST-10001526,Fournitures de bureau,Stockage,Iceberg Mobile Mega Data/Printer Cart,481.32,4,0,125.14
4902,US-2018-120936,12/17/2018,12/21/2018,Tarif normal,CA-12310,Christine Abelman,Entreprise,États-Unis,Anaheim,Californie,USCA - Ouest,OFF-SU-10002557,Fournitures de bureau,Fournitures,Fiskars Spring-Action Scissors,13.98,1,0,3.63
4903,US-2018-110884,3/7/2018,3/12/2018,Tarif normal,SH-20395,Shahid Hopkins,Grand public,États-Unis,New York City,New York,USCA - Est,OFF-BI-10003669,Fournitures de bureau,Classeurs,3M Organizer Strips,25.92,6,0.2,9.07
4904,US-2018-110884,3/7/2018,3/12/2018,Tarif normal,SH-20395,Shahid Hopkins,Grand public,États-Unis,New York City,New York,USCA - Est,OFF-LA-10003510,Fournitures de bureau,Étiquettes,"Avery 4027 File Folder Labels for Dot Matrix Printers, 5000 Labels per Box, White",91.59,3,0,42.13
4910,US-2018-127306,1/14/2018,1/18/2018,Tarif normal,BH-11710,Brosina Hoffman,Grand public,États-Unis,Johnson City,Tennessee,USCA - Sud,OFF-EN-10001219,Fournitures de bureau,Enveloppes,"#10- 4 1/8"" x 9 1/2"" Security-Tint Envelopes",18.34,3,0.2,6.65
4911,US-2018-127306,1/14/2018,1/18/2018,Tarif normal,BH-11710,Brosina Hoffman,Grand public,États-Unis,Johnson City,Tennessee,USCA - Sud,OFF-PA-10000019,Fournitures de bureau,Papier,Xerox 1931,36.29,7,0.2,12.7
4912,US-2018-127306,1/14/2018,1/18/2018,Tarif normal,BH-11710,Brosina Hoffman,Grand public,États-Unis,Johnson City,Tennessee,USCA - Sud,TEC-PH-10001924,Produits technologiques,Téléphones,iHome FM Clock Radio with Lightning Dock,111.98,2,0.2,7
4913,US-2018-127306,1/14/2018,1/18/2018,Tarif normal,BH-11710,Brosina Hoffman,Grand public,États-Unis,Johnson City,Tennessee,USCA - Sud,OFF-BI-10002003,Fournitures de bureau,Classeurs,Ibico Presentation Index for Binding Systems,5.97,5,0.7,-4.58
4914,US-2018-127306,1/14/2018,1/18/2018,Tarif normal,BH-11710,Brosina Hoffman,Grand public,États-Unis,Johnson City,Tennessee,USCA - Sud,OFF-BI-10003727,Fournitures de bureau,Classeurs,Avery Durable Slant Ring Binders With Label Holder,2.51,2,0.7,-1.84
4917,US-2018-163125,10/9/2018,10/11/2018,J+2,MB-17305,Maria Bertelson,Grand public,États-Unis,League City,Texas,USCA - Centre,OFF-AR-10004344,Fournitures de bureau,Art,Bulldog Vacuum Base Pencil Sharpener,67.14,7,0.2,5.88
4918,US-2018-163125,10/9/2018,10/11/2018,J+2,MB-17305,Maria Bertelson,Grand public,États-Unis,League City,Texas,USCA - Centre,FUR-CH-10001802,Mobilier,Chaises,Hon Every-Day Chair Series Swivel Task Chairs,254.06,3,0.3,-32.66
4921,US-2018-101728,8/19/2018,8/23/2018,Tarif normal,SC-20575,Sonia Cooley,Grand public,États-Unis,Chicago,Illinois,USCA - Centre,OFF-BI-10002393,Fournitures de bureau,Classeurs,Binder Posts,2.3,2,0.8,-3.9
4922,US-2018-114055,12/25/2018,12/29/2018,J+2,MH-18115,Mick Hernandez,Bureau à domicile,États-Unis,Huntsville,Alabama,USCA - Sud,OFF-PA-10004381,Fournitures de bureau,Papier,14-7/8 x 11 Blue Bar Computer Printout Paper,96.08,2,0,46.12
4923,US-2018-114055,12/25/2018,12/29/2018,J+2,MH-18115,Mick Hernandez,Bureau à domicile,États-Unis,Huntsville,Alabama,USCA - Sud,OFF-FA-10003059,Fournitures de bureau,Éléments de fixation,Assorted Color Push Pins,3.62,2,0,1.19
4924,US-2018-114055,12/25/2018,12/29/2018,J+2,MH-18115,Mick Hernandez,Bureau à domicile,États-Unis,Huntsville,Alabama,USCA - Sud,OFF-PA-10000994,Fournitures de bureau,Papier,Xerox 1915,629.1,6,0,301.97
4925,US-2018-114055,12/25/2018,12/29/2018,J+2,MH-18115,Mick Hernandez,Bureau à domicile,États-Unis,Huntsville,Alabama,USCA - Sud,TEC-PH-10002890,Produits technologiques,Téléphones,AT&T 17929 Lendline Telephone,90.48,2,0,23.52
4926,CA-2018-126438,9/10/2018,9/13/2018,Prioritaire,AR-10345,Alex Russell,Entreprise,Canada,Montréal,Québec,USCA - Est,OFF-AR-10003338,Fournitures de bureau,Art,"Eberhard Faber 3 1/2"" Golf Pencils",14.88,2,0,3.72
4927,US-2018-117653,10/19/2018,10/23/2018,Tarif normal,MO-17500,Mary O'Rourke,Grand public,États-Unis,Chicago,Illinois,USCA - Centre,FUR-TA-10003008,Mobilier,Tables,"Lesro Round Back Collection Coffee Table, End Table",91.28,1,0.5,-67.54
4928,US-2018-143245,12/1/2018,12/6/2018,Tarif normal,AD-10180,Alan Dominguez,Bureau à domicile,États-Unis,Fairfield,Connecticut,USCA - Est,OFF-PA-10001972,Fournitures de bureau,Papier,Xerox 214,19.44,3,0,9.33
4929,US-2018-143245,12/1/2018,12/6/2018,Tarif normal,AD-10180,Alan Dominguez,Bureau à domicile,États-Unis,Fairfield,Connecticut,USCA - Est,FUR-CH-10000155,Mobilier,Chaises,Global Comet Stacking Armless Chair,897.15,3,0,251.2
4932,US-2018-143651,3/25/2018,3/28/2018,Tarif normal,FM-14215,Filia McAdams,Entreprise,États-Unis,Seattle,Washington,USCA - Ouest,OFF-AR-10001446,Fournitures de bureau,Art,Newell 309,23.1,2,0,6.93
4937,US-2018-150931,1/6/2018,1/13/2018,Tarif normal,DP-13390,Dennis Pardue,Bureau à domicile,États-Unis,Tuscaloosa,Alabama,USCA - Sud,OFF-BI-10004728,Fournitures de bureau,Classeurs,Wilson Jones Turn Tabs Binder Tool for Ring Binders,33.74,7,0,15.52
4944,US-2018-106782,12/21/2018,12/27/2018,Tarif normal,LP-17095,Liz Preis,Grand public,États-Unis,Lafayette,Indiana,USCA - Centre,OFF-ST-10004459,Fournitures de bureau,Stockage,Tennsco Single-Tier Lockers,375.34,1,0,18.77
4949,US-2018-107125,11/27/2018,12/2/2018,Tarif normal,BD-11320,Bill Donatelli,Grand public,États-Unis,Los Angeles,Californie,USCA - Ouest,OFF-BI-10001989,Fournitures de bureau,Classeurs,Premium Transparent Presentation Covers by GBC,117.49,7,0.2,41.12
4950,US-2018-107125,11/27/2018,12/2/2018,Tarif normal,BD-11320,Bill Donatelli,Grand public,États-Unis,Los Angeles,Californie,USCA - Ouest,FUR-FU-10000732,Mobilier,Meubles,Eldon 200 Class Desk Accessories,18.84,3,0,6.03
4953,US-2018-117926,12/8/2018,12/12/2018,J+2,AS-10225,Alan Schoenberger,Entreprise,États-Unis,San Francisco,Californie,USCA - Ouest,OFF-AP-10002670,Fournitures de bureau,Électroménager,Belkin 8-Outlet Premiere SurgeMaster II Surge Protectors,69.48,1,0,20.84
4990,US-2018-107321,5/23/2018,5/26/2018,Tarif normal,AW-10930,Arthur Wiediger,Bureau à domicile,États-Unis,San Francisco,Californie,USCA - Ouest,OFF-BI-10004022,Fournitures de bureau,Classeurs,Acco Suede Grain Vinyl Round Ring Binder,6.67,3,0.2,2.17
4991,US-2018-107321,5/23/2018,5/26/2018,Tarif normal,AW-10930,Arthur Wiediger,Bureau à domicile,États-Unis,San Francisco,Californie,USCA - Ouest,TEC-PH-10002200,Produits technologiques,Téléphones,Aastra 6757i CT Wireless VoIP phone,689.41,4,0.2,77.56
4992,US-2018-122714,12/7/2018,12/13/2018,Tarif normal,HG-14965,Henry Goldwyn,Entreprise,États-Unis,Chicago,Illinois,USCA - Centre,OFF-BI-10001120,Fournitures de bureau,Classeurs,Ibico EPK-21 Electric Binding System,1889.99,5,0.8,-2929.48
4997,US-2018-155824,3/10/2018,3/15/2018,Tarif normal,KS-16300,Karen Seio,Entreprise,États-Unis,Raleigh,Caroline du Nord,USCA - Sud,OFF-AP-10000390,Fournitures de bureau,Électroménager,Euro Pro Shark Stick Mini Vacuum,48.78,1,0.2,3.66
4998,US-2018-155824,3/10/2018,3/15/2018,Tarif normal,KS-16300,Karen Seio,Entreprise,États-Unis,Raleigh,Caroline du Nord,USCA - Sud,OFF-BI-10000014,Fournitures de bureau,Classeurs,Heavy-Duty E-Z-D Binders,13.09,4,0.7,-10.04
5001,US-2018-159688,5/7/2018,5/12/2018,Tarif normal,AB-10060,Adam Bellavance,Bureau à domicile,États-Unis,Los Angeles,Californie,USCA - Ouest,TEC-AC-10000736,Produits technologiques,Accessoires,Logitech G600 MMO Gaming Mouse,79.99,1,0,28.8
5012,US-2018-139647,5/11/2018,5/13/2018,Prioritaire,TS-21370,Todd Sumrall,Entreprise,États-Unis,Phoenix,Arizona,USCA - Ouest,FUR-BO-10004467,Mobilier,Bibliothèques,Bestar Classic Bookcase,209.98,7,0.7,-356.96
5013,US-2018-160465,7/21/2018,7/26/2018,Tarif normal,SW-20350,Sean Wendt,Bureau à domicile,États-Unis,Cleveland,Ohio,USCA - Est,OFF-BI-10001670,Fournitures de bureau,Classeurs,Vinyl Sectional Post Binders,33.93,3,0.7,-22.62
5014,US-2018-160465,7/21/2018,7/26/2018,Tarif normal,SW-20350,Sean Wendt,Bureau à domicile,États-Unis,Cleveland,Ohio,USCA - Est,OFF-ST-10000136,Fournitures de bureau,Stockage,Letter Size File,222.32,7,0.2,25.01
5015,US-2018-160465,7/21/2018,7/26/2018,Tarif normal,SW-20350,Sean Wendt,Bureau à domicile,États-Unis,Cleveland,Ohio,USCA - Est,TEC-PH-10004522,Produits technologiques,Téléphones,Dexim XPower Skin Super-Thin Power Case for iPhone 5 - Black,210.56,6,0.4,-52.64
5021,US-2018-136511,3/23/2018,3/25/2018,J+2,MZ-17515,Mary Zewe,Entreprise,États-Unis,New York City,New York,USCA - Est,OFF-SU-10003505,Fournitures de bureau,Fournitures,Premier Electric Letter Opener,347.58,3,0,17.38
5025,US-2018-130953,7/29/2018,8/3/2018,Tarif normal,RF-19735,Roland Fjeld,Grand public,États-Unis,Oklahoma City,Oklahoma,USCA - Centre,OFF-BI-10004828,Fournitures de bureau,Classeurs,GBC Poly Designer Binding Covers,33.48,2,0,16.41
5026,US-2018-130953,7/29/2018,8/3/2018,Tarif normal,RF-19735,Roland Fjeld,Grand public,États-Unis,Oklahoma City,Oklahoma,USCA - Centre,TEC-PH-10003012,Produits technologiques,Téléphones,Nortel Meridian M3904 Professional Digital phone,461.97,3,0,133.97
5027,US-2018-130953,7/29/2018,8/3/2018,Tarif normal,RF-19735,Roland Fjeld,Grand public,États-Unis,Oklahoma City,Oklahoma,USCA - Centre,OFF-AP-10002311,Fournitures de bureau,Électroménager,"Holmes Replacement Filter for HEPA Air Cleaner, Very Large Room, HEPA Filter",137.62,2,0,60.55
5028,US-2018-130953,7/29/2018,8/3/2018,Tarif normal,RF-19735,Roland Fjeld,Grand public,États-Unis,Oklahoma City,Oklahoma,USCA - Centre,FUR-CH-10004626,Mobilier,Chaises,Office Star Flex Back Scooter Chair with Aluminum Finish Frame,302.67,3,0,72.64
5030,US-2018-139304,1/29/2018,2/2/2018,Tarif normal,VG-21790,Vivek Gonzalez,Grand public,États-Unis,San Francisco,Californie,USCA - Ouest,OFF-AR-10001216,Fournitures de bureau,Art,Newell 339,8.34,3,0,2.17
5031,US-2018-139304,1/29/2018,2/2/2018,Tarif normal,VG-21790,Vivek Gonzalez,Grand public,États-Unis,San Francisco,Californie,USCA - Ouest,OFF-SU-10001664,Fournitures de bureau,Fournitures,Acme Office Executive Series Stainless Steel Trimmers,8.57,1,0,2.23
5032,US-2018-139304,1/29/2018,2/2/2018,Tarif normal,VG-21790,Vivek Gonzalez,Grand public,États-Unis,San Francisco,Californie,USCA - Ouest,OFF-BI-10002498,Fournitures de bureau,Classeurs,Clear Mylar Reinforcing Strips,119.62,8,0.2,40.37
5038,US-2018-141719,11/17/2018,11/21/2018,J+2,EG-13900,Emily Grady,Grand public,États-Unis,Naperville,Illinois,USCA - Centre,TEC-AC-10003610,Produits technologiques,Accessoires,Logitech Illuminated - Keyboard,239.96,5,0.2,83.99
5053,US-2018-120607,5/19/2018,5/19/2018,Le même jour,JC-15775,John Castell,Grand public,États-Unis,Atlanta,Géorgie,USCA - Sud,OFF-PA-10003129,Fournitures de bureau,Papier,Tops White Computer Printout Paper,195.64,4,0,91.95
5065,US-2018-122196,9/22/2018,9/24/2018,Prioritaire,CA-12265,Christina Anderson,Grand public,États-Unis,Wilmington,Delaware,USCA - Est,TEC-PH-10004977,Produits technologiques,Téléphones,GE 30524EE4,391.98,2,0,113.67
5066,US-2018-142090,8/22/2018,8/25/2018,Tarif normal,SC-20380,Shahid Collister,Grand public,États-Unis,Burlington,Caroline du Nord,USCA - Sud,TEC-AC-10002001,Produits technologiques,Accessoires,Logitech Wireless Gaming Headset G930,383.98,3,0.2,81.59
5067,US-2018-142090,8/22/2018,8/25/2018,Tarif normal,SC-20380,Shahid Collister,Grand public,États-Unis,Burlington,Caroline du Nord,USCA - Sud,FUR-TA-10001889,Mobilier,Tables,Bush Advantage Collection Racetrack Conference Table,1781.68,7,0.4,-653.28
5068,US-2018-160934,1/15/2018,1/19/2018,Tarif normal,TT-21460,Tonja Turnell,Bureau à domicile,États-Unis,Los Angeles,Californie,USCA - Ouest,OFF-AR-10003504,Fournitures de bureau,Art,Newell 347,21.4,5,0,6.21
5075,US-2018-151071,4/25/2018,4/29/2018,J+2,MB-18085,Mick Brown,Grand public,États-Unis,Los Angeles,Californie,USCA - Ouest,OFF-BI-10002103,Fournitures de bureau,Classeurs,"Cardinal Slant-D Ring Binder, Heavy Gauge Vinyl",13.9,2,0.2,4.52
5079,US-2018-143217,11/11/2018,11/17/2018,Tarif normal,CG-12040,Catherine Glotzbach,Bureau à domicile,États-Unis,Milwaukee,Wisconsin,USCA - Centre,OFF-BI-10002949,Fournitures de bureau,Classeurs,Prestige Round Ring Binders,18.24,3,0,8.57
5080,US-2018-133312,11/25/2018,11/29/2018,Tarif normal,BD-11500,Bradley Drucker,Grand public,États-Unis,San Francisco,Californie,USCA - Ouest,FUR-BO-10002213,Mobilier,Bibliothèques,"Sauder Forest Hills Library, Woodland Oak Finish",359.5,3,0.2,-29.61
5081,US-2018-133312,11/25/2018,11/29/2018,Tarif normal,BD-11500,Bradley Drucker,Grand public,États-Unis,San Francisco,Californie,USCA - Ouest,OFF-ST-10001325,Fournitures de bureau,Stockage,Sterilite Officeware Hinged File Box,10.48,1,0,2.83
5090,US-2018-132738,8/4/2018,8/7/2018,Prioritaire,HM-14860,Harry Marie,Entreprise,États-Unis,Loveland,Colorado,USCA - Ouest,OFF-PA-10001752,Fournitures de bureau,Papier,Hammermill CopyPlus Copy Paper (20Lb. and 84 Bright),7.97,2,0.2,2.89
5091,US-2018-132738,8/4/2018,8/7/2018,Prioritaire,HM-14860,Harry Marie,Entreprise,États-Unis,Loveland,Colorado,USCA - Ouest,OFF-EN-10001141,Fournitures de bureau,Enveloppes,"Manila Recycled Extra-Heavyweight Clasp Envelopes, 6"" x 9""",8.78,1,0.2,3.18
5092,US-2018-156720,9/21/2018,9/24/2018,Tarif normal,JM-15580,Jill Matthias,Grand public,États-Unis,Loveland,Colorado,USCA - Ouest,OFF-FA-10003472,Fournitures de bureau,Éléments de fixation,Bagged Rubber Bands,3.02,3,0.2,-0.6
5108,US-2018-132213,4/25/2018,4/26/2018,Prioritaire,PN-18775,Parhena Norris,Bureau à domicile,États-Unis,Nashville,Tennessee,USCA - Sud,OFF-AR-10004078,Fournitures de bureau,Art,Newell 312,42.05,9,0.2,5.26
5109,US-2018-132213,4/25/2018,4/26/2018,Prioritaire,PN-18775,Parhena Norris,Bureau à domicile,États-Unis,Nashville,Tennessee,USCA - Sud,OFF-AR-10001958,Fournitures de bureau,Art,Stanley Bostitch Contemporary Electric Pencil Sharpeners,67.92,5,0.2,6.79
5116,US-2018-125640,7/25/2018,7/29/2018,Tarif normal,DD-13570,Dorothy Dickinson,Grand public,États-Unis,Philadelphia,Pennsylvanie,USCA - Est,OFF-LA-10004178,Fournitures de bureau,Étiquettes,Avery 491,3.3,1,0.2,1.07
5117,US-2018-154137,11/11/2018,11/17/2018,Tarif normal,MT-17815,Meg Tillman,Grand public,États-Unis,New York City,New York,USCA - Est,OFF-ST-10003324,Fournitures de bureau,Stockage,Belkin OmniView SE Rackmount Kit,35.48,1,0,0
5132,US-2018-146626,12/29/2018,1/5/2019,Tarif normal,BP-11185,Ben Peterman,Entreprise,États-Unis,Anaheim,Californie,USCA - Ouest,FUR-FU-10002501,Mobilier,Meubles,Nu-Dell Executive Frame,101.12,8,0,37.41
5134,US-2018-155607,11/26/2018,11/29/2018,Tarif normal,FG-14260,Frank Gastineau,Bureau à domicile,États-Unis,New York City,New York,USCA - Est,OFF-AP-10001962,Fournitures de bureau,Électroménager,Black & Decker Filter for Double Action Dustbuster Cordless Vac BLDV7210,58.73,7,0,14.68
5135,US-2018-155607,11/26/2018,11/29/2018,Tarif normal,FG-14260,Frank Gastineau,Bureau à domicile,États-Unis,New York City,New York,USCA - Est,OFF-BI-10003364,Fournitures de bureau,Classeurs,Binding Machine Supplies,93.34,4,0.2,32.67
5139,US-2018-128335,9/29/2018,10/5/2018,Tarif normal,JA-15970,Joseph Airdo,Grand public,États-Unis,Mount Vernon,New York,USCA - Est,OFF-EN-10001539,Fournitures de bureau,Enveloppes,Staple envelope,23.34,3,0,10.97
5140,US-2018-128335,9/29/2018,10/5/2018,Tarif normal,JA-15970,Joseph Airdo,Grand public,États-Unis,Mount Vernon,New York,USCA - Est,OFF-PA-10004996,Fournitures de bureau,Papier,"Speediset Carbonless Redi-Letter 7"" x 8 1/2""",51.55,5,0,24.23
5145,US-2018-161333,2/2/2018,2/7/2018,Tarif normal,JL-15835,John Lee,Grand public,États-Unis,Los Angeles,Californie,USCA - Ouest,FUR-FU-10003039,Mobilier,Meubles,"Howard Miller 11-1/2"" Diameter Grantwood Wall Clock",86.26,2,0,29.33
5146,US-2018-161333,2/2/2018,2/7/2018,Tarif normal,JL-15835,John Lee,Grand public,États-Unis,Los Angeles,Californie,USCA - Ouest,OFF-ST-10000464,Fournitures de bureau,Stockage,"Multi-Use Personal File Cart and Caster Set, Three Stacking Bins",139.04,4,0,38.93
5147,US-2018-161333,2/2/2018,2/7/2018,Tarif normal,JL-15835,John Lee,Grand public,États-Unis,Los Angeles,Californie,USCA - Ouest,OFF-AP-10000252,Fournitures de bureau,Électroménager,Harmony HEPA Quiet Air Purifiers,46.8,4,0,16.38
5148,US-2018-128734,12/24/2018,12/27/2018,Tarif normal,JL-15175,James Lanier,Bureau à domicile,États-Unis,Chandler,Arizona,USCA - Ouest,FUR-FU-10001731,Mobilier,Meubles,Acrylic Self-Standing Desk Frames,8.54,4,0.2,1.92
5149,US-2018-128734,12/24/2018,12/27/2018,Tarif normal,JL-15175,James Lanier,Bureau à domicile,États-Unis,Chandler,Arizona,USCA - Ouest,FUR-CH-10001394,Mobilier,Chaises,Global Leather Executive Chair,842.38,3,0.2,105.3
5151,US-2018-125101,3/6/2018,3/10/2018,J+2,SH-19975,Sally Hughsby,Entreprise,États-Unis,San Francisco,Californie,USCA - Ouest,OFF-ST-10000675,Fournitures de bureau,Stockage,"File Shuttle II and Handi-File, Black",67.78,2,0,16.95
5152,US-2018-169929,9/25/2018,9/28/2018,Prioritaire,LS-17200,Luke Schmidt,Entreprise,États-Unis,Helena,Montana,USCA - Ouest,OFF-ST-10002352,Fournitures de bureau,Stockage,Iris Project Case,39.9,5,0,10.37
5157,US-2018-163006,3/22/2018,3/25/2018,J+2,GH-14410,Gary Hansen,Bureau à domicile,États-Unis,Chicago,Illinois,USCA - Centre,TEC-PH-10002584,Produits technologiques,Téléphones,Samsung Galaxy S4,1001.58,2,0.2,125.2
5158,US-2018-163006,3/22/2018,3/25/2018,J+2,GH-14410,Gary Hansen,Bureau à domicile,États-Unis,Chicago,Illinois,USCA - Centre,FUR-CH-10000229,Mobilier,Chaises,Global Enterprise Series Seating High-Back Swivel/Tilt Chairs,569.06,3,0.3,-178.85
5159,US-2018-163006,3/22/2018,3/25/2018,J+2,GH-14410,Gary Hansen,Bureau à domicile,États-Unis,Chicago,Illinois,USCA - Centre,FUR-FU-10003799,Mobilier,Meubles,"Seth Thomas 13 1/2"" Wall Clock",14.22,2,0.6,-10.31
5175,US-2018-106432,10/19/2018,10/24/2018,Tarif normal,CA-12265,Christina Anderson,Grand public,États-Unis,Waco,Texas,USCA - Centre,OFF-BI-10002799,Fournitures de bureau,Classeurs,"SlimView Poly Binder, 3/8""",2.07,2,0.8,-3.52
5176,US-2018-106432,10/19/2018,10/24/2018,Tarif normal,CA-12265,Christina Anderson,Grand public,États-Unis,Waco,Texas,USCA - Centre,FUR-BO-10004360,Mobilier,Bibliothèques,Rush Hierlooms Collection Rich Wood Bookcases,328.4,3,0.3,-91.76
5182,US-2018-108749,9/12/2018,9/15/2018,Prioritaire,DJ-13510,Don Jones,Entreprise,États-Unis,Woonsocket,Rhode Island,USCA - Est,OFF-PA-10003797,Fournitures de bureau,Papier,Xerox 209,45.36,7,0,21.77
5183,US-2018-108749,9/12/2018,9/15/2018,Prioritaire,DJ-13510,Don Jones,Entreprise,États-Unis,Woonsocket,Rhode Island,USCA - Est,OFF-BI-10003707,Fournitures de bureau,Classeurs,Aluminum Screw Posts,45.78,3,0,22.89
5184,US-2018-163335,9/24/2018,9/27/2018,Prioritaire,AG-10675,Anna Gayman,Grand public,États-Unis,Columbus,Géorgie,USCA - Sud,OFF-ST-10000885,Fournitures de bureau,Stockage,Fellowes Desktop Hanging File Manager,40.29,3,0,10.07
5185,US-2018-163335,9/24/2018,9/27/2018,Prioritaire,AG-10675,Anna Gayman,Grand public,États-Unis,Columbus,Géorgie,USCA - Sud,OFF-BI-10002827,Fournitures de bureau,Classeurs,Avery Durable Poly Binders,38.71,7,0,17.81
5190,US-2018-136679,11/14/2018,11/18/2018,Tarif normal,XP-21865,Xylona Preis,Grand public,États-Unis,Pasadena,Texas,USCA - Centre,TEC-AC-10004855,Produits technologiques,Accessoires,V7 USB Numeric Keypad,167.95,6,0.2,-27.29
5191,US-2018-136679,11/14/2018,11/18/2018,Tarif normal,XP-21865,Xylona Preis,Grand public,États-Unis,Pasadena,Texas,USCA - Centre,OFF-AR-10003582,Fournitures de bureau,Art,"Boston Electric Pencil Sharpener, Model 1818, Charcoal Black",45.04,2,0.2,4.5
5192,US-2018-141943,5/5/2018,5/9/2018,Tarif normal,DK-12985,Darren Koutras,Grand public,États-Unis,San Francisco,Californie,USCA - Ouest,OFF-EN-10003448,Fournitures de bureau,Enveloppes,"Peel & Seel Recycled Catalog Envelopes, Brown",23.16,2,0,11.58
5217,US-2018-159562,9/9/2018,9/15/2018,Tarif normal,JB-16000,Joy Bell-,Grand public,États-Unis,Roseville,Michigan,USCA - Centre,OFF-EN-10000461,Fournitures de bureau,Enveloppes,"#10- 4 1/8"" x 9 1/2"" Recycled Envelopes",17.48,2,0,8.22
5218,US-2018-134635,4/15/2018,4/17/2018,J+2,NS-18640,Noel Staavos,Entreprise,États-Unis,Los Angeles,Californie,USCA - Ouest,OFF-PA-10002254,Fournitures de bureau,Papier,Xerox 1883,79.14,3,0,36.4
5219,US-2018-167080,6/10/2018,6/14/2018,Tarif normal,LC-16930,Linda Cazamias,Entreprise,États-Unis,New York City,New York,USCA - Est,OFF-AR-10001868,Fournitures de bureau,Art,Prang Dustless Chalk Sticks,8.4,5,0,4.2
5220,US-2018-145653,9/1/2018,9/1/2018,Le même jour,CA-12775,Cynthia Arntzen,Grand public,États-Unis,Detroit,Michigan,USCA - Centre,FUR-CH-10004875,Mobilier,Chaises,Harbour Creations 67200 Series Stacking Chairs,498.26,7,0,134.53
5222,US-2018-117401,5/18/2018,5/22/2018,J+2,PP-18955,Paul Prost,Bureau à domicile,États-Unis,Springfield,Missouri,USCA - Centre,OFF-AP-10000938,Fournitures de bureau,Électroménager,Avanti 1.7 Cu. Ft. Refrigerator,706.86,7,0,197.92
5223,US-2018-117401,5/18/2018,5/22/2018,J+2,PP-18955,Paul Prost,Bureau à domicile,États-Unis,Springfield,Missouri,USCA - Centre,TEC-PH-10003555,Produits technologiques,Téléphones,Motorola HK250 Universal Bluetooth Headset,114.95,5,0,2.3
5224,US-2018-117401,5/18/2018,5/22/2018,J+2,PP-18955,Paul Prost,Bureau à domicile,États-Unis,Springfield,Missouri,USCA - Centre,OFF-BI-10001267,Fournitures de bureau,Classeurs,"Universal Recycled Hanging Pressboard Report Binders, Letter Size",43.19,7,0,20.73
5225,US-2018-109582,9/12/2018,9/17/2018,J+2,JM-15865,John Murray,Grand public,États-Unis,Los Angeles,Californie,USCA - Ouest,OFF-PA-10004071,Fournitures de bureau,Papier,"Eaton Premium Continuous-Feed Paper, 25% Cotton, Letter Size, White, 1000 Shts/Box",166.44,3,0,79.89
5230,US-2018-124436,3/19/2018,3/22/2018,J+2,SA-20830,Sue Ann Reed,Grand public,États-Unis,Fresno,Californie,USCA - Ouest,OFF-BI-10001553,Fournitures de bureau,Classeurs,SpineVue Locking Slant-D Ring Binders by Cardinal,14.62,2,0.2,5.12
5231,US-2018-124436,3/19/2018,3/22/2018,J+2,SA-20830,Sue Ann Reed,Grand public,États-Unis,Fresno,Californie,USCA - Ouest,FUR-TA-10001095,Mobilier,Tables,Chromcraft Round Conference Tables,697.16,5,0.2,8.71
5232,US-2018-124436,3/19/2018,3/22/2018,J+2,SA-20830,Sue Ann Reed,Grand public,États-Unis,Fresno,Californie,USCA - Ouest,FUR-FU-10001185,Mobilier,Meubles,"Advantus Employee of the Month Certificate Frame, 11 x 13-1/2",30.93,1,0,12.68
5233,US-2018-124436,3/19/2018,3/22/2018,J+2,SA-20830,Sue Ann Reed,Grand public,États-Unis,Fresno,Californie,USCA - Ouest,OFF-BI-10000343,Fournitures de bureau,Classeurs,"Pressboard Covers with Storage Hooks, 9 1/2"" x 11"", Light Blue",27.5,7,0.2,9.28
5235,US-2018-131037,8/22/2018,8/23/2018,Prioritaire,TM-21490,Tony Molinari,Grand public,États-Unis,San Francisco,Californie,USCA - Ouest,FUR-TA-10001768,Mobilier,Tables,Hon Racetrack Conference Tables,210.01,1,0.2,2.63
5243,US-2018-146367,8/4/2018,8/8/2018,Tarif normal,HM-14860,Harry Marie,Entreprise,États-Unis,Carrollton,Texas,USCA - Centre,OFF-BI-10002827,Fournitures de bureau,Classeurs,Avery Durable Poly Binders,3.32,3,0.8,-5.64
5249,US-2018-110989,11/3/2018,11/5/2018,J+2,EJ-14155,Eva Jacobs,Grand public,États-Unis,Seattle,Washington,USCA - Ouest,TEC-AC-10002345,Produits technologiques,Accessoires,HP Standard 104 key PS/2 Keyboard,43.5,3,0,10.88
5258,US-2018-114034,1/3/2018,1/8/2018,Tarif normal,DL-13315,Delfina Latchford,Grand public,États-Unis,Rancho Cucamonga,Californie,USCA - Ouest,OFF-PA-10004735,Fournitures de bureau,Papier,Xerox 1905,38.88,6,0,18.66
5259,US-2018-115595,10/9/2018,10/11/2018,Prioritaire,XP-21865,Xylona Preis,Grand public,États-Unis,Los Angeles,Californie,USCA - Ouest,OFF-PA-10001745,Fournitures de bureau,Papier,"Wirebound Message Books, 2 7/8"" x 5"", 3 Forms per Page",35.2,5,0,16.54
5260,US-2018-158722,10/20/2018,10/26/2018,Tarif normal,MA-17560,Matt Abelman,Bureau à domicile,États-Unis,Philadelphia,Pennsylvanie,USCA - Est,OFF-PA-10000176,Fournitures de bureau,Papier,Xerox 1887,45.53,3,0.2,15.93
5266,US-2018-147452,6/22/2018,6/25/2018,Prioritaire,CS-11845,Cari Sayre,Entreprise,États-Unis,Seattle,Washington,USCA - Ouest,OFF-PA-10001838,Fournitures de bureau,Papier,"Adams Telephone Message Book W/Dividers/Space For Phone Numbers, 5 1/4""X8 1/2"", 300/Messages",11.76,2,0,5.76
5267,US-2018-147452,6/22/2018,6/25/2018,Prioritaire,CS-11845,Cari Sayre,Entreprise,États-Unis,Seattle,Washington,USCA - Ouest,OFF-PA-10004039,Fournitures de bureau,Papier,Xerox 1882,167.94,3,0,82.29
5268,US-2018-147452,6/22/2018,6/25/2018,Prioritaire,CS-11845,Cari Sayre,Entreprise,États-Unis,Seattle,Washington,USCA - Ouest,OFF-AP-10001626,Fournitures de bureau,Électroménager,"Commercial WindTunnel Clean Air Upright Vacuum, Replacement Belts, Filtration Bags",3.89,1,0,1.01
5269,US-2018-114657,11/16/2018,11/21/2018,Tarif normal,MH-18115,Mick Hernandez,Bureau à domicile,États-Unis,Yonkers,New York,USCA - Est,TEC-MA-10003173,Produits technologiques,Machines,Hewlett-Packard 300S Scientific Calculator,52.44,4,0,24.12
5270,US-2018-144484,9/11/2018,9/11/2018,Le même jour,CB-12025,Cassandra Brandow,Grand public,États-Unis,San Francisco,Californie,USCA - Ouest,FUR-FU-10000260,Mobilier,Meubles,"6"" Cubicle Wall Clock, Black",32.36,4,0,11.65
5271,US-2018-144484,9/11/2018,9/11/2018,Le même jour,CB-12025,Cassandra Brandow,Grand public,États-Unis,San Francisco,Californie,USCA - Ouest,OFF-AP-10004487,Fournitures de bureau,Électroménager,Kensington 4 Outlet MasterPiece Compact Power Control Center,406.6,5,0,113.85
5272,US-2018-125913,1/16/2018,1/16/2018,Le même jour,JO-15145,Jack O'Briant,Entreprise,États-Unis,Los Angeles,Californie,USCA - Ouest,FUR-FU-10001487,Mobilier,Meubles,"Eldon Expressions Wood and Plastic Desk Accessories, Cherry Wood",27.92,4,0,8.1
5273,US-2018-125913,1/16/2018,1/16/2018,Le même jour,JO-15145,Jack O'Briant,Entreprise,États-Unis,Los Angeles,Californie,USCA - Ouest,FUR-TA-10001520,Mobilier,Tables,"Lesro Sheffield Collection Coffee Table, End Table, Center Table, Corner Table",399.67,7,0.2,-14.99
5276,US-2018-147333,12/14/2018,12/20/2018,Tarif normal,KL-16555,Kelly Lampkin,Entreprise,États-Unis,Fayetteville,Arkansas,USCA - Sud,TEC-AC-10004469,Produits technologiques,Accessoires,Microsoft Sculpt Comfort Mouse,159.8,4,0,70.31
5277,US-2018-147333,12/14/2018,12/20/2018,Tarif normal,KL-16555,Kelly Lampkin,Entreprise,États-Unis,Fayetteville,Arkansas,USCA - Sud,TEC-AC-10003038,Produits technologiques,Accessoires,Kingston Digital DataTraveler 16GB USB 2.0,44.75,5,0,8.5
5280,US-2018-104094,9/7/2018,9/11/2018,Tarif normal,AG-10675,Anna Gayman,Grand public,États-Unis,Milwaukee,Wisconsin,USCA - Centre,TEC-AC-10002134,Produits technologiques,Accessoires,Rosewill 107 Normal Keys USB Wired Standard Keyboard,13.48,1,0,1.89
5281,US-2018-152709,10/7/2018,10/12/2018,Tarif normal,DB-13210,Dean Braden,Grand public,États-Unis,Detroit,Michigan,USCA - Centre,OFF-ST-10001837,Fournitures de bureau,Stockage,"SAFCO Mobile Desk Side File, Wire Frame",85.52,2,0,22.24
5286,US-2018-105991,5/5/2018,5/6/2018,Prioritaire,LH-17020,Lisa Hazard,Grand public,États-Unis,Louisville,Colorado,USCA - Ouest,OFF-EN-10002600,Fournitures de bureau,Enveloppes,"Redi-Strip #10 Envelopes, 4 1/8 x 9 1/2",21.24,9,0.2,7.43
5287,US-2018-105991,5/5/2018,5/6/2018,Prioritaire,LH-17020,Lisa Hazard,Grand public,États-Unis,Louisville,Colorado,USCA - Ouest,OFF-BI-10003274,Fournitures de bureau,Classeurs,"Avery Durable Slant Ring Binders, No Labels",9.55,8,0.7,-7.32
5288,US-2018-105991,5/5/2018,5/6/2018,Prioritaire,LH-17020,Lisa Hazard,Grand public,États-Unis,Louisville,Colorado,USCA - Ouest,FUR-BO-10004467,Mobilier,Bibliothèques,Bestar Classic Bookcase,89.99,3,0.7,-152.98
5289,US-2018-136784,1/20/2018,1/23/2018,Tarif normal,AD-10180,Alan Dominguez,Bureau à domicile,États-Unis,San Francisco,Californie,USCA - Ouest,OFF-PA-10000675,Fournitures de bureau,Papier,Xerox 1919,163.96,4,0,80.34
5293,US-2018-151218,6/20/2018,6/23/2018,Prioritaire,PJ-19015,Pauline Johnson,Grand public,États-Unis,Miami,Floride,USCA - Sud,OFF-ST-10004835,Fournitures de bureau,Stockage,Plastic Stacking Crates & Casters,4.46,1,0.2,0.33
5295,US-2018-144883,8/15/2018,8/19/2018,Tarif normal,BO-11350,Bill Overfelt,Entreprise,États-Unis,Roseville,Minnesota,USCA - Centre,OFF-LA-10000305,Fournitures de bureau,Étiquettes,Avery 495,50.4,8,0,23.18
5296,US-2018-142174,3/4/2018,3/9/2018,Tarif normal,DP-13000,Darren Powers,Grand public,États-Unis,Houston,Texas,USCA - Centre,OFF-PA-10000806,Fournitures de bureau,Papier,Xerox 1934,89.57,2,0.2,32.47
5297,US-2018-108791,7/27/2018,7/30/2018,Tarif normal,TM-21490,Tony Molinari,Grand public,États-Unis,Yonkers,New York,USCA - Est,FUR-FU-10004018,Mobilier,Meubles,Tensor Computer Mounted Lamp,14.89,1,0,4.02
5298,US-2018-108791,7/27/2018,7/30/2018,Tarif normal,TM-21490,Tony Molinari,Grand public,États-Unis,Yonkers,New York,USCA - Est,TEC-PH-10002660,Produits technologiques,Téléphones,Nortel Networks T7316 E Nt8 B27,543.92,8,0,135.98
5309,US-2018-131254,11/19/2018,11/21/2018,Prioritaire,NC-18415,Nathan Cano,Grand public,États-Unis,Houston,Texas,USCA - Centre,FUR-CH-10003774,Mobilier,Chaises,"Global Wood Trimmed Manager's Task Chair, Khaki",191.06,3,0.3,-46.4
5310,US-2018-131254,11/19/2018,11/21/2018,Prioritaire,NC-18415,Nathan Cano,Grand public,États-Unis,Houston,Texas,USCA - Centre,OFF-AR-10003876,Fournitures de bureau,Art,"Avery Hi-Liter GlideStik Fluorescent Highlighter, Yellow Ink",13.04,5,0.2,3.91
5311,US-2018-131254,11/19/2018,11/21/2018,Prioritaire,NC-18415,Nathan Cano,Grand public,États-Unis,Houston,Texas,USCA - Centre,OFF-BI-10003527,Fournitures de bureau,Classeurs,Fellowes PB500 Electric Punch Plastic Comb Binding Machine with Manual Bind,1525.19,6,0.8,-2287.78
5314,US-2018-137876,1/20/2018,1/23/2018,Tarif normal,DJ-13510,Don Jones,Entreprise,États-Unis,San Francisco,Californie,USCA - Ouest,FUR-FU-10000222,Mobilier,Meubles,"Seth Thomas 16"" Steel Case Clock",64.96,2,0,21.44
5315,US-2018-137876,1/20/2018,1/23/2018,Tarif normal,DJ-13510,Don Jones,Entreprise,États-Unis,San Francisco,Californie,USCA - Ouest,OFF-EN-10001219,Fournitures de bureau,Enveloppes,"#10- 4 1/8"" x 9 1/2"" Security-Tint Envelopes",30.56,4,0,14.97
5317,US-2018-162558,10/2/2018,10/5/2018,Prioritaire,Dp-13240,Dean percer,Bureau à domicile,États-Unis,Knoxville,Tennessee,USCA - Sud,FUR-FU-10002364,Mobilier,Meubles,"Eldon Expressions Wood Desk Accessories, Oak",11.81,2,0.2,1.33
5318,US-2018-162558,10/2/2018,10/5/2018,Prioritaire,Dp-13240,Dean percer,Bureau à domicile,États-Unis,Knoxville,Tennessee,USCA - Sud,FUR-FU-10004864,Mobilier,Meubles,Eldon 500 Class Desk Accessories,9.66,1,0.2,1.57
5319,US-2018-162558,10/2/2018,10/5/2018,Prioritaire,Dp-13240,Dean percer,Bureau à domicile,États-Unis,Knoxville,Tennessee,USCA - Sud,OFF-PA-10003172,Fournitures de bureau,Papier,Xerox 1996,20.74,4,0.2,7.26
5320,US-2018-162558,10/2/2018,10/5/2018,Prioritaire,Dp-13240,Dean percer,Bureau à domicile,États-Unis,Knoxville,Tennessee,USCA - Sud,OFF-BI-10000977,Fournitures de bureau,Classeurs,Ibico Plastic Spiral Binding Combs,27.36,3,0.7,-21.89
5321,US-2018-162558,10/2/2018,10/5/2018,Prioritaire,Dp-13240,Dean percer,Bureau à domicile,États-Unis,Knoxville,Tennessee,USCA - Sud,FUR-TA-10000198,Mobilier,Tables,Chromcraft Bull-Nose Wood Oval Conference Tables & Bases,2314.12,7,0.4,-1002.78
5322,US-2018-162558,10/2/2018,10/5/2018,Prioritaire,Dp-13240,Dean percer,Bureau à domicile,États-Unis,Knoxville,Tennessee,USCA - Sud,OFF-BI-10003984,Fournitures de bureau,Classeurs,Lock-Up Easel 'Spel-Binder',34.24,4,0.7,-26.25
5323,US-2018-162558,10/2/2018,10/5/2018,Prioritaire,Dp-13240,Dean percer,Bureau à domicile,États-Unis,Knoxville,Tennessee,USCA - Sud,FUR-FU-10003691,Mobilier,Meubles,"Eldon Image Series Desk Accessories, Ebony",19.76,2,0.2,5.93
5324,US-2018-134439,9/18/2018,9/23/2018,J+2,TM-21010,Tamara Manning,Grand public,États-Unis,Grand Island,Nebraska,USCA - Centre,OFF-PA-10004082,Fournitures de bureau,Papier,"Adams Telephone Message Book w/Frequently-Called Numbers Space, 400 Messages per Book",15.96,2,0,7.98
5338,US-2018-111577,10/16/2018,10/21/2018,Tarif normal,AJ-10780,Anthony Jacobs,Entreprise,États-Unis,Scottsdale,Arizona,USCA - Ouest,OFF-PA-10000062,Fournitures de bureau,Papier,Green Bar Computer Printout Paper,307.78,7,0.2,111.57
5346,US-2018-108539,3/21/2018,3/23/2018,J+2,SC-20725,Steven Cartwright,Grand public,États-Unis,Los Angeles,Californie,USCA - Ouest,OFF-ST-10003208,Fournitures de bureau,Stockage,Adjustable Depth Letter/Legal Cart,725.84,4,0,210.49
5347,US-2018-108539,3/21/2018,3/23/2018,J+2,SC-20725,Steven Cartwright,Grand public,États-Unis,Los Angeles,Californie,USCA - Ouest,OFF-BI-10003981,Fournitures de bureau,Classeurs,"Avery Durable Plastic 1"" Binders",10.9,3,0.2,3.95
5348,US-2018-108539,3/21/2018,3/23/2018,J+2,SC-20725,Steven Cartwright,Grand public,États-Unis,Los Angeles,Californie,USCA - Ouest,OFF-BI-10001031,Fournitures de bureau,Classeurs,Pressboard Data Binders by Wilson Jones,8.54,2,0.2,2.88
5351,US-2018-103814,12/9/2018,12/16/2018,Tarif normal,LH-16900,Lena Hernandez,Grand public,États-Unis,Park Ridge,Illinois,USCA - Centre,OFF-PA-10001019,Fournitures de bureau,Papier,Xerox 1884,143.86,9,0.2,48.55
5361,US-2018-126060,4/14/2018,4/18/2018,Tarif normal,DW-13585,Dorothy Wardle,Entreprise,États-Unis,Fayetteville,Caroline du Nord,USCA - Sud,FUR-BO-10003433,Mobilier,Bibliothèques,Sauder Cornerstone Collection Library,198.27,8,0.2,-32.22
5362,US-2018-100951,6/9/2018,6/10/2018,Prioritaire,NC-18625,Noah Childs,Entreprise,États-Unis,Dallas,Texas,USCA - Centre,OFF-ST-10001496,Fournitures de bureau,Stockage,Standard Rollaway File with Lock,720.76,5,0.2,54.06
5367,US-2018-158071,6/10/2018,6/15/2018,Tarif normal,BD-11320,Bill Donatelli,Grand public,États-Unis,Seattle,Washington,USCA - Ouest,TEC-PH-10002923,Produits technologiques,Téléphones,"Logitech B530 USB Headset - headset - Full size, Binaural",88.78,3,0.2,7.77
5368,US-2018-158071,6/10/2018,6/15/2018,Tarif normal,BD-11320,Bill Donatelli,Grand public,États-Unis,Seattle,Washington,USCA - Ouest,OFF-LA-10004689,Fournitures de bureau,Étiquettes,Avery 512,11.56,4,0,5.43
5369,US-2018-158071,6/10/2018,6/15/2018,Tarif normal,BD-11320,Bill Donatelli,Grand public,États-Unis,Seattle,Washington,USCA - Ouest,OFF-ST-10001228,Fournitures de bureau,Stockage,Personal File Boxes with Fold-Down Carry Handle,15.58,1,0,3.9
5370,US-2018-147403,9/10/2018,9/13/2018,Prioritaire,KH-16630,Ken Heidel,Entreprise,États-Unis,Akron,Ohio,USCA - Est,OFF-PA-10003302,Fournitures de bureau,Papier,Xerox 1906,85.06,3,0.2,28.71
5371,US-2018-136721,4/8/2018,4/12/2018,Tarif normal,NH-18610,Nicole Hansen,Entreprise,États-Unis,Oak Park,Michigan,USCA - Centre,FUR-FU-10004665,Mobilier,Meubles,"3M Polarizing Task Lamp with Clamp Arm, Light Gray",273.96,2,0,71.23
5372,US-2018-136721,4/8/2018,4/12/2018,Tarif normal,NH-18610,Nicole Hansen,Entreprise,États-Unis,Oak Park,Michigan,USCA - Centre,FUR-FU-10004188,Mobilier,Meubles,Luxo Professional Combination Clamp-On Lamps,306.9,3,0,79.79
5376,US-2018-134152,5/27/2018,5/30/2018,Tarif normal,RP-19855,Roy Phan,Entreprise,États-Unis,Seattle,Washington,USCA - Ouest,TEC-AC-10004510,Produits technologiques,Accessoires,Logitech Desktop MK120 Mouse and keyboard Combo,98.16,6,0,9.82
5377,US-2018-134152,5/27/2018,5/30/2018,Tarif normal,RP-19855,Roy Phan,Entreprise,États-Unis,Seattle,Washington,USCA - Ouest,OFF-AR-10004062,Fournitures de bureau,Art,Staples in misc. colors,31.44,3,0,7.86
5385,US-2018-161410,6/26/2018,7/3/2018,Tarif normal,CC-12220,Chris Cortes,Grand public,États-Unis,Philadelphia,Pennsylvanie,USCA - Est,TEC-PH-10001760,Produits technologiques,Téléphones,Bose SoundLink Bluetooth Speaker,358.2,3,0.4,41.79
5386,US-2018-161410,6/26/2018,7/3/2018,Tarif normal,CC-12220,Chris Cortes,Grand public,États-Unis,Philadelphia,Pennsylvanie,USCA - Est,TEC-PH-10000673,Produits technologiques,Téléphones,Plantronics Voyager Pro HD - Bluetooth Headset,545.92,14,0.4,72.79
5387,US-2018-152786,3/12/2018,3/17/2018,Tarif normal,GA-14725,Guy Armstrong,Grand public,États-Unis,Rogers,Arkansas,USCA - Sud,OFF-BI-10000829,Fournitures de bureau,Classeurs,Avery Non-Stick Binders,40.41,9,0,18.59
5388,US-2018-164707,2/18/2018,2/21/2018,J+2,CV-12805,Cynthia Voltz,Entreprise,États-Unis,Los Angeles,Californie,USCA - Ouest,TEC-PH-10001924,Produits technologiques,Téléphones,iHome FM Clock Radio with Lightning Dock,167.98,3,0.2,10.5
5389,US-2018-164707,2/18/2018,2/21/2018,J+2,CV-12805,Cynthia Voltz,Entreprise,États-Unis,Los Angeles,Californie,USCA - Ouest,TEC-AC-10004864,Produits technologiques,Accessoires,Memorex Micro Travel Drive 32 GB,109.53,3,0,47.1
5390,US-2018-164707,2/18/2018,2/21/2018,J+2,CV-12805,Cynthia Voltz,Entreprise,États-Unis,Los Angeles,Californie,USCA - Ouest,OFF-LA-10004345,Fournitures de bureau,Étiquettes,Avery 493,9.82,2,0,4.81
5391,US-2018-163874,11/10/2018,11/12/2018,J+2,NC-18535,Nick Crebassa,Entreprise,États-Unis,Seattle,Washington,USCA - Ouest,OFF-BI-10000088,Fournitures de bureau,Classeurs,GBC Imprintable Covers,26.35,3,0.2,9.55
5401,US-2018-132262,9/21/2018,9/23/2018,Prioritaire,ML-18265,Muhammed Lee,Grand public,États-Unis,Seattle,Washington,USCA - Ouest,TEC-AC-10000158,Produits technologiques,Accessoires,Sony 64GB Class 10 Micro SDHC R40 Memory Card,71.98,2,0,15.12
5402,US-2018-132262,9/21/2018,9/23/2018,Prioritaire,ML-18265,Muhammed Lee,Grand public,États-Unis,Seattle,Washington,USCA - Ouest,TEC-AC-10000303,Produits technologiques,Accessoires,Logitech M510 Wireless Mouse,79.98,2,0,26.39
5403,US-2018-123043,8/24/2018,8/29/2018,Tarif normal,AH-10195,Alan Haines,Entreprise,États-Unis,New York City,New York,USCA - Est,OFF-BI-10003910,Fournitures de bureau,Classeurs,DXL Angle-View Binders with Locking Rings by Samsill,24.67,4,0.2,7.71
5404,US-2018-123043,8/24/2018,8/29/2018,Tarif normal,AH-10195,Alan Haines,Entreprise,États-Unis,New York City,New York,USCA - Est,OFF-BI-10000138,Fournitures de bureau,Classeurs,Acco Translucent Poly Ring Binders,3.74,1,0.2,1.31
5408,US-2018-108854,12/8/2018,12/14/2018,Tarif normal,DM-13345,Denise Monton,Entreprise,États-Unis,San Francisco,Californie,USCA - Ouest,OFF-PA-10003022,Fournitures de bureau,Papier,Standard Line “While You Were Out” Hardbound Telephone Message Book,87.92,4,0,40.44
5409,US-2018-108854,12/8/2018,12/14/2018,Tarif normal,DM-13345,Denise Monton,Entreprise,États-Unis,San Francisco,Californie,USCA - Ouest,OFF-BI-10002854,Fournitures de bureau,Classeurs,"Performers Binder/Pad Holder, Black",22.42,1,0.2,8.41
5410,US-2018-108854,12/8/2018,12/14/2018,Tarif normal,DM-13345,Denise Monton,Entreprise,États-Unis,San Francisco,Californie,USCA - Ouest,OFF-BI-10001670,Fournitures de bureau,Classeurs,Vinyl Sectional Post Binders,90.48,3,0.2,33.93
5411,US-2018-108854,12/8/2018,12/14/2018,Tarif normal,DM-13345,Denise Monton,Entreprise,États-Unis,San Francisco,Californie,USCA - Ouest,OFF-ST-10001837,Fournitures de bureau,Stockage,"SAFCO Mobile Desk Side File, Wire Frame",42.76,1,0,11.12
5412,US-2018-166856,9/18/2018,9/22/2018,Tarif normal,TS-21505,Tony Sayre,Grand public,États-Unis,Clovis,Nouveau-Mexique,USCA - Ouest,OFF-BI-10002012,Fournitures de bureau,Classeurs,Wilson Jones Easy Flow II Sheet Lifters,10.08,7,0.2,3.53
5413,US-2018-166856,9/18/2018,9/22/2018,Tarif normal,TS-21505,Tony Sayre,Grand public,États-Unis,Clovis,Nouveau-Mexique,USCA - Ouest,TEC-AC-10004992,Produits technologiques,Accessoires,Kingston Digital DataTraveler 64GB USB 2.0,101.34,3,0,8.11
5415,US-2018-125647,9/23/2018,9/28/2018,Tarif normal,LC-16870,Lena Cacioppo,Grand public,États-Unis,Chicago,Illinois,USCA - Centre,OFF-AP-10000390,Fournitures de bureau,Électroménager,Euro Pro Shark Stick Mini Vacuum,73.18,6,0.8,-197.58
5416,US-2018-125647,9/23/2018,9/28/2018,Tarif normal,LC-16870,Lena Cacioppo,Grand public,États-Unis,Chicago,Illinois,USCA - Centre,OFF-PA-10004888,Fournitures de bureau,Papier,Xerox 217,20.74,4,0.2,7.26
5417,US-2018-125647,9/23/2018,9/28/2018,Tarif normal,LC-16870,Lena Cacioppo,Grand public,États-Unis,Chicago,Illinois,USCA - Centre,TEC-PH-10004188,Produits technologiques,Téléphones,OtterBox Commuter Series Case - Samsung Galaxy S4,39.98,2,0.2,-9
5424,US-2018-103009,11/3/2018,11/5/2018,J+2,PJ-18835,Patrick Jones,Entreprise,États-Unis,Richmond,Kentucky,USCA - Sud,OFF-PA-10001215,Fournitures de bureau,Papier,Xerox 1963,26.4,5,0,11.88
5425,US-2018-120649,1/20/2018,1/26/2018,Tarif normal,JF-15490,Jeremy Farry,Grand public,États-Unis,Waterbury,Connecticut,USCA - Est,OFF-AR-10001545,Fournitures de bureau,Art,Newell 326,3.52,2,0,1.02
5431,US-2018-117422,10/21/2018,10/25/2018,Tarif normal,FC-14245,Frank Carlisle,Bureau à domicile,États-Unis,Lakewood,Ohio,USCA - Est,OFF-AP-10000938,Fournitures de bureau,Électroménager,Avanti 1.7 Cu. Ft. Refrigerator,161.57,2,0.2,16.16
5432,US-2018-117422,10/21/2018,10/25/2018,Tarif normal,FC-14245,Frank Carlisle,Bureau à domicile,États-Unis,Lakewood,Ohio,USCA - Est,OFF-PA-10002195,Fournitures de bureau,Papier,"RSVP Cards & Envelopes, Blank White, 8-1/2"" X 11"", 24 Cards/25 Envelopes/Set",4.06,1,0.2,1.37
5433,US-2018-117422,10/21/2018,10/25/2018,Tarif normal,FC-14245,Frank Carlisle,Bureau à domicile,États-Unis,Lakewood,Ohio,USCA - Est,OFF-BI-10002799,Fournitures de bureau,Classeurs,"SlimView Poly Binder, 3/8""",6.22,4,0.7,-4.97
5434,US-2018-129707,4/25/2018,4/29/2018,Tarif normal,LH-16750,Larry Hughes,Grand public,États-Unis,Chandler,Arizona,USCA - Ouest,OFF-AR-10000246,Fournitures de bureau,Art,Newell 318,8.9,4,0.2,0.67
5441,US-2018-153633,11/13/2018,11/18/2018,J+2,TC-21295,Toby Carlisle,Grand public,États-Unis,Jupiter,Floride,USCA - Sud,OFF-AR-10002335,Fournitures de bureau,Art,DIXON Oriole Pencils,2.06,1,0.2,0.15
5442,US-2018-155929,9/9/2018,9/13/2018,Tarif normal,AI-10855,Arianne Irving,Grand public,États-Unis,Glendale,Arizona,USCA - Ouest,OFF-PA-10000859,Fournitures de bureau,Papier,Unpadded Memo Slips,6.37,2,0.2,2.39
5454,US-2018-108700,5/19/2018,5/23/2018,Tarif normal,PJ-18835,Patrick Jones,Entreprise,États-Unis,Rockford,Illinois,USCA - Centre,OFF-PA-10004733,Fournitures de bureau,Papier,Things To Do Today Spiral Book,38.02,6,0.2,13.78
5455,US-2018-160962,4/28/2018,5/2/2018,Tarif normal,MC-17605,Matt Connell,Entreprise,États-Unis,Philadelphia,Pennsylvanie,USCA - Est,OFF-ST-10001325,Fournitures de bureau,Stockage,Sterilite Officeware Hinged File Box,8.38,1,0.2,0.73
5456,US-2018-160962,4/28/2018,5/2/2018,Tarif normal,MC-17605,Matt Connell,Entreprise,États-Unis,Philadelphia,Pennsylvanie,USCA - Est,OFF-AR-10003056,Fournitures de bureau,Art,Newell 341,6.85,2,0.2,0.77
5457,US-2018-130631,12/29/2018,1/2/2019,Tarif normal,BS-11755,Bruce Stewart,Grand public,États-Unis,Edmonds,Washington,USCA - Ouest,OFF-FA-10000089,Fournitures de bureau,Éléments de fixation,Acco Glide Clips,19.6,5,0,9.6
5458,US-2018-130631,12/29/2018,1/2/2019,Tarif normal,BS-11755,Bruce Stewart,Grand public,États-Unis,Edmonds,Washington,USCA - Ouest,FUR-FU-10004093,Mobilier,Meubles,Hand-Finished Solid Wood Document Frame,68.46,2,0,20.54
5459,US-2018-116680,9/4/2018,9/6/2018,J+2,PK-19075,Pete Kriz,Grand public,États-Unis,San Francisco,Californie,USCA - Ouest,OFF-BI-10004022,Fournitures de bureau,Classeurs,Acco Suede Grain Vinyl Round Ring Binder,13.34,6,0.2,4.34
5460,US-2018-116680,9/4/2018,9/6/2018,J+2,PK-19075,Pete Kriz,Grand public,États-Unis,San Francisco,Californie,USCA - Ouest,FUR-TA-10001771,Mobilier,Tables,"Bush Cubix Conference Tables, Fully Assembled",1478.27,8,0.2,92.39
5462,US-2018-101574,9/28/2018,10/4/2018,Tarif normal,BD-11725,Bruce Degenhardt,Grand public,États-Unis,Los Angeles,Californie,USCA - Ouest,FUR-FU-10001706,Mobilier,Meubles,Longer-Life Soft White Bulbs,9.24,3,0,4.44
5472,US-2018-116946,12/19/2018,12/23/2018,Tarif normal,TS-21505,Tony Sayre,Grand public,États-Unis,Parker,Colorado,USCA - Ouest,FUR-FU-10000320,Mobilier,Meubles,OIC Stacking Trays,13.36,5,0.2,4.01
5473,US-2018-116946,12/19/2018,12/23/2018,Tarif normal,TS-21505,Tony Sayre,Grand public,États-Unis,Parker,Colorado,USCA - Ouest,OFF-ST-10002554,Fournitures de bureau,Stockage,Tennsco Industrial Shelving,78.26,2,0.2,-17.61
5474,US-2018-116946,12/19/2018,12/23/2018,Tarif normal,TS-21505,Tony Sayre,Grand public,États-Unis,Parker,Colorado,USCA - Ouest,FUR-BO-10000468,Mobilier,Bibliothèques,O'Sullivan 2-Shelf Heavy-Duty Bookcases,102.02,7,0.7,-183.63
5475,US-2018-121741,12/26/2018,12/26/2018,Le même jour,YC-21895,Yoseph Carroll,Entreprise,États-Unis,Fremont,Nebraska,USCA - Centre,OFF-ST-10004459,Fournitures de bureau,Stockage,Tennsco Single-Tier Lockers,750.68,2,0,37.53
5476,US-2018-169691,6/15/2018,6/18/2018,Prioritaire,Dp-13240,Dean percer,Bureau à domicile,États-Unis,Maple Grove,Minnesota,USCA - Centre,OFF-LA-10002312,Fournitures de bureau,Étiquettes,Avery 490,44.4,3,0,22.2
5477,US-2018-169691,6/15/2018,6/18/2018,Prioritaire,Dp-13240,Dean percer,Bureau à domicile,États-Unis,Maple Grove,Minnesota,USCA - Centre,OFF-ST-10001291,Fournitures de bureau,Stockage,"Tenex Personal Self-Stacking Standard File Box, Black/Gray",84.55,5,0,22.83
5478,US-2018-169691,6/15/2018,6/18/2018,Prioritaire,Dp-13240,Dean percer,Bureau à domicile,États-Unis,Maple Grove,Minnesota,USCA - Centre,OFF-PA-10003022,Fournitures de bureau,Papier,Xerox 1992,17.94,3,0,8.79
5481,US-2018-105487,10/8/2018,10/14/2018,Tarif normal,CS-12250,Chris Selesnick,Entreprise,États-Unis,San Diego,Californie,USCA - Ouest,TEC-PH-10001336,Produits technologiques,Téléphones,Digium D40 VoIP phone,103.19,1,0.2,11.61
5482,US-2018-105487,10/8/2018,10/14/2018,Tarif normal,CS-12250,Chris Selesnick,Entreprise,États-Unis,San Diego,Californie,USCA - Ouest,TEC-AC-10002305,Produits technologiques,Accessoires,KeyTronic E03601U1 - Keyboard - Beige,36,2,0,6.48
5483,US-2018-105487,10/8/2018,10/14/2018,Tarif normal,CS-12250,Chris Selesnick,Entreprise,États-Unis,San Diego,Californie,USCA - Ouest,TEC-AC-10003610,Produits technologiques,Accessoires,Logitech Illuminated - Keyboard,239.96,4,0,115.18
5484,US-2018-105487,10/8/2018,10/14/2018,Tarif normal,CS-12250,Chris Selesnick,Entreprise,États-Unis,San Diego,Californie,USCA - Ouest,OFF-ST-10002301,Fournitures de bureau,Stockage,Tennsco Commercial Shelving,40.68,2,0,0.41
5485,US-2018-148999,10/22/2018,10/25/2018,Tarif normal,EB-13870,Emily Burns,Grand public,États-Unis,Miami,Floride,USCA - Sud,FUR-CH-10002044,Mobilier,Chaises,"Office Star - Contemporary Task Swivel chair with 2-way adjustable arms, Plum",419.14,4,0.2,-68.11
5488,US-2018-134495,4/1/2018,4/4/2018,J+2,BF-11020,Barry Französisch,Entreprise,États-Unis,Jacksonville,Floride,USCA - Sud,TEC-PH-10004897,Produits technologiques,Téléphones,Mediabridge Sport Armband iPhone 5s,23.98,3,0.2,-5.69
5489,US-2018-134495,4/1/2018,4/4/2018,J+2,BF-11020,Barry Französisch,Entreprise,États-Unis,Jacksonville,Floride,USCA - Sud,OFF-LA-10000262,Fournitures de bureau,Étiquettes,Avery 494,6.26,3,0.2,2.04
5490,US-2018-134495,4/1/2018,4/4/2018,J+2,BF-11020,Barry Französisch,Entreprise,États-Unis,Jacksonville,Floride,USCA - Sud,OFF-AP-10002222,Fournitures de bureau,Électroménager,Staple holder,20.81,3,0.2,1.82
5491,US-2018-134495,4/1/2018,4/4/2018,J+2,BF-11020,Barry Französisch,Entreprise,États-Unis,Jacksonville,Floride,USCA - Sud,FUR-CH-10003774,Mobilier,Chaises,"Global Wood Trimmed Manager's Task Chair, Khaki",218.35,3,0.2,-19.11
5492,US-2018-164098,1/26/2018,1/27/2018,Prioritaire,CG-12520,Claire Gute,Grand public,États-Unis,Houston,Texas,USCA - Centre,OFF-ST-10000615,Fournitures de bureau,Stockage,"SimpliFile Personal File, Black Granite, 15w x 6-15/16d x 11-1/4h",18.16,2,0.2,1.82
5497,US-2018-117821,6/12/2018,6/16/2018,Tarif normal,HG-15025,Hunter Glantz,Grand public,États-Unis,Marion,Ohio,USCA - Est,TEC-AC-10004469,Produits technologiques,Accessoires,Microsoft Sculpt Comfort Mouse,63.92,2,0.2,19.18
5498,US-2018-164378,7/15/2018,7/18/2018,J+2,MM-18055,Michelle Moray,Grand public,États-Unis,New York City,New York,USCA - Est,OFF-AR-10001177,Fournitures de bureau,Art,Newell 349,6.56,2,0,1.9
5499,US-2018-164378,7/15/2018,7/18/2018,J+2,MM-18055,Michelle Moray,Grand public,États-Unis,New York City,New York,USCA - Est,OFF-LA-10000634,Fournitures de bureau,Étiquettes,Avery 509,7.83,3,0,3.6
5500,US-2018-164378,7/15/2018,7/18/2018,J+2,MM-18055,Michelle Moray,Grand public,États-Unis,New York City,New York,USCA - Est,TEC-AC-10004708,Produits technologiques,Accessoires,Sony 32GB Class 10 Micro SDHC R40 Memory Card,41.9,2,0,8.8
5501,US-2018-164378,7/15/2018,7/18/2018,J+2,MM-18055,Michelle Moray,Grand public,États-Unis,New York City,New York,USCA - Est,FUR-CH-10002084,Mobilier,Chaises,Hon Mobius Operator's Chair,664.15,6,0.1,88.55
5502,US-2018-164378,7/15/2018,7/18/2018,J+2,MM-18055,Michelle Moray,Grand public,États-Unis,New York City,New York,USCA - Est,OFF-PA-10004519,Fournitures de bureau,Papier,Spiral Phone Message Books with Labels by Adams,8.96,2,0,4.39
5503,US-2018-127782,11/2/2018,11/6/2018,Tarif normal,TH-21115,Thea Hudgings,Entreprise,États-Unis,Philadelphia,Pennsylvanie,USCA - Est,FUR-FU-10001847,Mobilier,Meubles,Eldon Image Series Black Desk Accessories,3.31,1,0.2,0.66
5504,US-2018-127782,11/2/2018,11/6/2018,Tarif normal,TH-21115,Thea Hudgings,Entreprise,États-Unis,Philadelphia,Pennsylvanie,USCA - Est,OFF-AP-10001962,Fournitures de bureau,Électroménager,Black & Decker Filter for Double Action Dustbuster Cordless Vac BLDV7210,20.14,3,0.2,1.26
5505,US-2018-127782,11/2/2018,11/6/2018,Tarif normal,TH-21115,Thea Hudgings,Entreprise,États-Unis,Philadelphia,Pennsylvanie,USCA - Est,OFF-EN-10003845,Fournitures de bureau,Enveloppes,Colored Envelopes,8.86,3,0.2,2.88
5506,US-2018-127782,11/2/2018,11/6/2018,Tarif normal,TH-21115,Thea Hudgings,Entreprise,États-Unis,Philadelphia,Pennsylvanie,USCA - Est,TEC-PH-10001817,Produits technologiques,Téléphones,Wilson Electronics DB Pro Signal Booster,859.2,4,0.4,-186.16
5510,US-2018-152569,5/15/2018,5/20/2018,Tarif normal,JD-16015,Joy Daniels,Grand public,États-Unis,Chicago,Illinois,USCA - Centre,OFF-PA-10001736,Fournitures de bureau,Papier,Xerox 1880,56.7,2,0.2,19.14
5511,US-2018-152569,5/15/2018,5/20/2018,Tarif normal,JD-16015,Joy Daniels,Grand public,États-Unis,Chicago,Illinois,USCA - Centre,TEC-PH-10002185,Produits technologiques,Téléphones,QVS USB Car Charger 2-Port 2.1Amp for iPod/iPhone/iPad/iPad 2/iPad 3,11.12,2,0.2,3.48
5518,US-2018-117667,12/4/2018,12/9/2018,Tarif normal,MS-17980,Michael Stewart,Entreprise,États-Unis,Philadelphia,Pennsylvanie,USCA - Est,FUR-CH-10004540,Mobilier,Chaises,Global Chrome Stack Chair,239.96,10,0.3,-10.28
5519,US-2018-117667,12/4/2018,12/9/2018,Tarif normal,MS-17980,Michael Stewart,Entreprise,États-Unis,Philadelphia,Pennsylvanie,USCA - Est,FUR-FU-10004093,Mobilier,Meubles,Hand-Finished Solid Wood Document Frame,54.77,2,0.2,6.85
5520,US-2018-117667,12/4/2018,12/9/2018,Tarif normal,MS-17980,Michael Stewart,Entreprise,États-Unis,Philadelphia,Pennsylvanie,USCA - Est,OFF-AR-10000716,Fournitures de bureau,Art,DIXON Ticonderoga Erasable Checking Pencils,13.39,3,0.2,3.18
5521,US-2018-117667,12/4/2018,12/9/2018,Tarif normal,MS-17980,Michael Stewart,Entreprise,États-Unis,Philadelphia,Pennsylvanie,USCA - Est,OFF-PA-10002709,Fournitures de bureau,Papier,Xerox 1956,23.92,5,0.2,8.67
5522,US-2018-117667,12/4/2018,12/9/2018,Tarif normal,MS-17980,Michael Stewart,Entreprise,États-Unis,Philadelphia,Pennsylvanie,USCA - Est,TEC-AC-10000580,Produits technologiques,Accessoires,Logitech G13 Programmable Gameboard with LCD Display,255.97,4,0.2,-28.8
5526,US-2018-154501,1/20/2018,1/23/2018,Tarif normal,EA-14035,Erin Ashbrook,Entreprise,États-Unis,Los Angeles,Californie,USCA - Ouest,OFF-AR-10002804,Fournitures de bureau,Art,Faber Castell Col-Erase Pencils,9.78,2,0,4.01
5527,US-2018-166933,4/24/2018,4/28/2018,Tarif normal,MG-17890,Michael Granlund,Bureau à domicile,États-Unis,Santa Barbara,Californie,USCA - Ouest,OFF-FA-10002676,Fournitures de bureau,Éléments de fixation,Colored Push Pins,1.81,1,0,0.65
5530,US-2018-136609,8/6/2018,8/11/2018,Tarif normal,TB-21355,Todd Boyes,Entreprise,États-Unis,Cedar Hill,Texas,USCA - Centre,OFF-PA-10004381,Fournitures de bureau,Papier,14-7/8 x 11 Blue Bar Computer Printout Paper,115.3,3,0.2,40.35
5531,US-2018-160885,12/2/2018,12/6/2018,Tarif normal,JK-16090,Juliana Krohn,Grand public,États-Unis,Omaha,Nebraska,USCA - Centre,TEC-PH-10001795,Produits technologiques,Téléphones,ClearOne CHATAttach 160 - speaker phone,2479.96,4,0,743.99
5540,US-2018-150595,5/22/2018,5/26/2018,Tarif normal,LE-16810,Laurel Elliston,Grand public,États-Unis,Chicago,Illinois,USCA - Centre,FUR-CH-10000513,Mobilier,Chaises,High-Back Leather Manager's Chair,181.99,2,0.3,-54.6
5541,US-2018-150595,5/22/2018,5/26/2018,Tarif normal,LE-16810,Laurel Elliston,Grand public,États-Unis,Chicago,Illinois,USCA - Centre,OFF-BI-10003274,Fournitures de bureau,Classeurs,"Avery Durable Slant Ring Binders, No Labels",1.59,2,0.8,-2.63
5542,US-2018-150595,5/22/2018,5/26/2018,Tarif normal,LE-16810,Laurel Elliston,Grand public,États-Unis,Chicago,Illinois,USCA - Centre,OFF-SU-10000381,Fournitures de bureau,Fournitures,Acme Forged Steel Scissors with Black Enamel Handles,22.34,3,0.2,2.51
5546,US-2018-102967,9/22/2018,9/26/2018,Tarif normal,MG-17890,Michael Granlund,Bureau à domicile,États-Unis,Concord,New Hampshire,USCA - Est,OFF-ST-10001590,Fournitures de bureau,Stockage,"Tenex Personal Project File with Scoop Front Design, Black",67.4,5,0,17.52
5547,US-2018-151008,9/7/2018,9/8/2018,Prioritaire,JM-16195,Justin MacKendrick,Grand public,États-Unis,Draper,Utah,USCA - Ouest,FUR-FU-10002396,Mobilier,Meubles,"DAX Copper Panel Document Frame, 5 x 7 Size",25.16,2,0,10.57
5548,US-2018-151008,9/7/2018,9/8/2018,Prioritaire,JM-16195,Justin MacKendrick,Grand public,États-Unis,Draper,Utah,USCA - Ouest,TEC-PH-10002807,Produits technologiques,Téléphones,Motorla HX550 Universal Bluetooth Headset,126.56,4,0.2,47.46
5556,US-2018-116113,10/2/2018,10/6/2018,J+2,JW-15220,Jane Waco,Entreprise,États-Unis,Montgomery,Alabama,USCA - Sud,FUR-FU-10002963,Mobilier,Meubles,"Master Caster Door Stop, Gray",10.16,2,0,3.45
5562,US-2018-133263,12/21/2018,12/24/2018,J+2,JE-15610,Jim Epp,Entreprise,États-Unis,Atlanta,Géorgie,USCA - Sud,OFF-BI-10001153,Fournitures de bureau,Classeurs,Ibico Recycled Grain-Textured Covers,34.54,1,0,17.27
5563,US-2018-133263,12/21/2018,12/24/2018,J+2,JE-15610,Jim Epp,Entreprise,États-Unis,Atlanta,Géorgie,USCA - Sud,TEC-CO-10001449,Produits technologiques,Photocopieurs,Hewlett Packard LaserJet 3310 Copier,2999.95,5,0,1439.98
5564,US-2018-133263,12/21/2018,12/24/2018,J+2,JE-15610,Jim Epp,Entreprise,États-Unis,Atlanta,Géorgie,USCA - Sud,OFF-BI-10000474,Fournitures de bureau,Classeurs,Avery Recycled Flexi-View Covers for Binding Systems,64.12,4,0,30.78
5565,US-2018-157966,3/13/2018,3/13/2018,Le même jour,SU-20665,Stephanie Ulpright,Bureau à domicile,États-Unis,Chicago,Illinois,USCA - Centre,OFF-AR-10000799,Fournitures de bureau,Art,Col-Erase Pencils with Erasers,19.46,4,0.2,2.19
5566,US-2018-157966,3/13/2018,3/13/2018,Le même jour,SU-20665,Stephanie Ulpright,Bureau à domicile,États-Unis,Chicago,Illinois,USCA - Centre,TEC-MA-10002109,Produits technologiques,Machines,"HP Officejet Pro 8600 e-All-In-One Printer, Copier, Scanner, Fax",209.99,2,0.3,9
5567,US-2018-157966,3/13/2018,3/13/2018,Le même jour,SU-20665,Stephanie Ulpright,Bureau à domicile,États-Unis,Chicago,Illinois,USCA - Centre,OFF-AR-10003338,Fournitures de bureau,Art,"Eberhard Faber 3 1/2"" Golf Pencils",29.76,5,0.2,1.86
5568,US-2018-157966,3/13/2018,3/13/2018,Le même jour,SU-20665,Stephanie Ulpright,Bureau à domicile,États-Unis,Chicago,Illinois,USCA - Centre,FUR-CH-10003606,Mobilier,Chaises,SAFCO Folding Chair Trolley,89.77,1,0.3,-2.56
5569,US-2018-157966,3/13/2018,3/13/2018,Le même jour,SU-20665,Stephanie Ulpright,Bureau à domicile,États-Unis,Chicago,Illinois,USCA - Centre,TEC-CO-10001449,Produits technologiques,Photocopieurs,Hewlett Packard LaserJet 3310 Copier,959.98,2,0.2,335.99
5570,US-2018-157966,3/13/2018,3/13/2018,Le même jour,SU-20665,Stephanie Ulpright,Bureau à domicile,États-Unis,Chicago,Illinois,USCA - Centre,OFF-PA-10001934,Fournitures de bureau,Papier,Xerox 1993,15.55,3,0.2,5.64
5571,US-2018-157966,3/13/2018,3/13/2018,Le même jour,SU-20665,Stephanie Ulpright,Bureau à domicile,États-Unis,Chicago,Illinois,USCA - Centre,TEC-PH-10001527,Produits technologiques,Téléphones,Plantronics MX500i Earset,34.36,1,0.2,-7.3
5579,US-2018-137498,9/9/2018,9/14/2018,J+2,LC-17050,Liz Carlisle,Grand public,États-Unis,Los Angeles,Californie,USCA - Ouest,OFF-AR-10003829,Fournitures de bureau,Art,Newell 35,6.56,2,0,1.9
5580,US-2018-137498,9/9/2018,9/14/2018,J+2,LC-17050,Liz Carlisle,Grand public,États-Unis,Los Angeles,Californie,USCA - Ouest,FUR-CH-10003833,Mobilier,Chaises,Novimex Fabric Task Chair,243.92,5,0.2,-15.25
5581,US-2018-137498,9/9/2018,9/14/2018,J+2,LC-17050,Liz Carlisle,Grand public,États-Unis,Los Angeles,Californie,USCA - Ouest,OFF-PA-10000143,Fournitures de bureau,Papier,Astroparche Fine Business Paper,47.52,9,0,22.81
5582,US-2018-163818,10/4/2018,10/8/2018,Tarif normal,PS-18970,Paul Stevenson,Bureau à domicile,États-Unis,Clinton,Maryland,USCA - Est,FUR-FU-10000076,Mobilier,Meubles,24-Hour Round Wall Clock,19.98,1,0,8.59
5585,US-2018-105333,8/22/2018,8/25/2018,Tarif normal,VP-21730,Victor Preis,Bureau à domicile,États-Unis,New York City,New York,USCA - Est,OFF-ST-10002182,Fournitures de bureau,Stockage,"Iris 3-Drawer Stacking Bin, Black",83.56,4,0,1.67
5586,US-2018-105333,8/22/2018,8/25/2018,Tarif normal,VP-21730,Victor Preis,Bureau à domicile,États-Unis,New York City,New York,USCA - Est,TEC-PH-10001468,Produits technologiques,Téléphones,Panasonic Business Telephones KX-T7736,546.06,3,0,163.82
5587,US-2018-105333,8/22/2018,8/25/2018,Tarif normal,VP-21730,Victor Preis,Bureau à domicile,États-Unis,New York City,New York,USCA - Est,OFF-ST-10001809,Fournitures de bureau,Stockage,Fellowes Officeware Wire Shelving,269.49,3,0,5.39
5594,US-2018-108014,11/19/2018,11/25/2018,Tarif normal,JH-15430,Jennifer Halladay,Grand public,États-Unis,Cleveland,Ohio,USCA - Est,OFF-BI-10003984,Fournitures de bureau,Classeurs,Lock-Up Easel 'Spel-Binder',59.91,7,0.7,-45.93
5595,CA-2018-160325,9/24/2018,9/24/2018,Le même jour,BP-11095,Bart Pistole,Entreprise,Canada,Montréal,Québec,USCA - Est,TEC-PH-10000984,Produits technologiques,Téléphones,Panasonic KX-TG9471B,391.98,2,0,109.75
5596,CA-2018-160325,9/24/2018,9/24/2018,Le même jour,BP-11095,Bart Pistole,Entreprise,Canada,Montréal,Québec,USCA - Est,TEC-PH-10001944,Produits technologiques,Téléphones,Wi-Ex zBoost YX540 Cellular Phone Signal Booster,437.85,3,0,131.36
5598,US-2018-151176,2/13/2018,2/20/2018,Tarif normal,SV-20785,Stewart Visinsky,Grand public,États-Unis,Baltimore,Maryland,USCA - Est,OFF-SU-10001165,Fournitures de bureau,Fournitures,Acme Elite Stainless Steel Scissors,25.02,3,0,6.51
5599,US-2018-151176,2/13/2018,2/20/2018,Tarif normal,SV-20785,Stewart Visinsky,Grand public,États-Unis,Baltimore,Maryland,USCA - Est,OFF-AR-10000614,Fournitures de bureau,Art,Barrel Sharpener,10.71,3,0,2.78
5608,US-2018-105193,3/25/2018,3/28/2018,Tarif normal,JL-15835,John Lee,Grand public,États-Unis,New York City,New York,USCA - Est,OFF-AR-10001547,Fournitures de bureau,Art,Newell 311,11.05,5,0,2.98
5610,US-2018-117198,5/23/2018,5/26/2018,Tarif normal,BG-11035,Barry Gonzalez,Grand public,États-Unis,Monroe,Louisiane,USCA - Sud,TEC-AC-10003033,Produits technologiques,Accessoires,Plantronics CS510 - Over-the-Head monaural Wireless Headset System,659.9,2,0,217.77
5612,US-2018-121027,8/18/2018,8/22/2018,Tarif normal,HW-14935,Helen Wasserman,Entreprise,États-Unis,Seattle,Washington,USCA - Ouest,TEC-AC-10002049,Produits technologiques,Accessoires,Plantronics Savi W720 Multi-Device Wireless Headset System,843.9,2,0,371.32
5613,US-2018-121027,8/18/2018,8/22/2018,Tarif normal,HW-14935,Helen Wasserman,Entreprise,États-Unis,Seattle,Washington,USCA - Ouest,TEC-AC-10002253,Produits technologiques,Accessoires,Imation Bio 8GB USB Flash Drive Imation Corp,1496.16,9,0,224.42
5618,US-2018-125745,3/22/2018,3/25/2018,Tarif normal,DV-13045,Darrin Van Huff,Entreprise,États-Unis,Memphis,Tennessee,USCA - Sud,FUR-FU-10001591,Mobilier,Meubles,Advantus Panel Wall Certificate Holder - 8.5x11,19.52,2,0.2,5.37
5628,US-2018-148810,6/26/2018,7/1/2018,Tarif normal,DR-12880,Dan Reichenbach,Entreprise,États-Unis,Miami,Floride,USCA - Sud,OFF-LA-10004689,Fournitures de bureau,Étiquettes,Avery 512,13.87,6,0.2,4.68
5629,US-2018-148810,6/26/2018,7/1/2018,Tarif normal,DR-12880,Dan Reichenbach,Entreprise,États-Unis,Miami,Floride,USCA - Sud,FUR-CH-10001545,Mobilier,Chaises,Hon Comfortask Task/Swivel Chairs,273.55,3,0.2,-13.68
5636,US-2018-123022,9/3/2018,9/8/2018,Tarif normal,SC-20050,Sample Company A,Bureau à domicile,États-Unis,La Mesa,Californie,USCA - Ouest,OFF-BI-10002225,Fournitures de bureau,Classeurs,"Square Ring Data Binders, Rigid 75 Pt. Covers, 11"" x 14-7/8""",82.56,5,0.2,28.9
5637,US-2018-123022,9/3/2018,9/8/2018,Tarif normal,SC-20050,Sample Company A,Bureau à domicile,États-Unis,La Mesa,Californie,USCA - Ouest,TEC-AC-10000474,Produits technologiques,Accessoires,Kensington Expert Mouse Optical USB Trackball for PC or Mac,284.97,3,0,85.49
5638,US-2018-113208,3/26/2018,4/2/2018,Tarif normal,ML-18040,Michelle Lonsdale,Entreprise,États-Unis,Dearborn,Michigan,USCA - Centre,FUR-FU-10004245,Mobilier,Meubles,"Career Cubicle Clock, 8 1/4"", Black",60.84,3,0,23.12
5642,US-2018-106355,4/2/2018,4/5/2018,Prioritaire,AT-10435,Alyssa Tate,Bureau à domicile,États-Unis,Meriden,Connecticut,USCA - Est,OFF-AR-10000246,Fournitures de bureau,Art,Newell 318,11.12,4,0,2.89
5645,US-2018-120719,3/23/2018,3/26/2018,Prioritaire,SJ-20125,Sanjit Jacobs,Bureau à domicile,États-Unis,Seattle,Washington,USCA - Ouest,OFF-BI-10002103,Fournitures de bureau,Classeurs,"Cardinal Slant-D Ring Binder, Heavy Gauge Vinyl",34.76,5,0.2,11.3
5646,US-2018-127117,4/14/2018,4/19/2018,Tarif normal,HM-14860,Harry Marie,Entreprise,États-Unis,Morristown,New Jersey,USCA - Est,FUR-FU-10004018,Mobilier,Meubles,Tensor Computer Mounted Lamp,74.45,5,0,20.1
5648,US-2018-168179,11/2/2018,11/7/2018,Tarif normal,JB-16000,Joy Bell-,Grand public,États-Unis,Salt Lake City,Utah,USCA - Ouest,OFF-PA-10001800,Fournitures de bureau,Papier,Xerox 220,19.44,3,0,9.33
5649,US-2018-142342,7/17/2018,7/19/2018,J+2,AJ-10795,Anthony Johnson,Entreprise,États-Unis,Apple Valley,Californie,USCA - Ouest,OFF-PA-10004609,Fournitures de bureau,Papier,Xerox 221,32.4,5,0,15.55
5650,US-2018-142342,7/17/2018,7/19/2018,J+2,AJ-10795,Anthony Johnson,Entreprise,États-Unis,Apple Valley,Californie,USCA - Ouest,OFF-EN-10002592,Fournitures de bureau,Enveloppes,"Peel & Seel Recycled Catalog Envelopes, Brown",57.9,5,0,28.95
5651,US-2018-142342,7/17/2018,7/19/2018,J+2,AJ-10795,Anthony Johnson,Entreprise,États-Unis,Apple Valley,Californie,USCA - Ouest,OFF-ST-10002957,Fournitures de bureau,Stockage,Sterilite Show Offs Storage Containers,10.56,2,0,0
5652,US-2018-142342,7/17/2018,7/19/2018,J+2,AJ-10795,Anthony Johnson,Entreprise,États-Unis,Apple Valley,Californie,USCA - Ouest,FUR-BO-10002613,Mobilier,Bibliothèques,"Atlantic Metals Mobile 4-Shelf Bookcases, Custom Colors",1194.17,5,0.2,210.74
5653,US-2018-109099,10/6/2018,10/11/2018,Tarif normal,MM-18280,Muhammed MacIntyre,Entreprise,États-Unis,New York City,New York,USCA - Est,OFF-PA-10001033,Fournitures de bureau,Papier,Xerox 1893,40.99,1,0,20.09
5673,US-2018-127922,10/27/2018,11/3/2018,Tarif normal,SH-19975,Sally Hughsby,Entreprise,États-Unis,Dallas,Texas,USCA - Centre,OFF-EN-10003068,Fournitures de bureau,Enveloppes,#6 3/4 Gummed Flap White Envelopes,15.84,2,0.2,5.54
5674,US-2018-127922,10/27/2018,11/3/2018,Tarif normal,SH-19975,Sally Hughsby,Entreprise,États-Unis,Dallas,Texas,USCA - Centre,OFF-PA-10001204,Fournitures de bureau,Papier,Xerox 1972,8.45,2,0.2,2.64
5697,US-2018-126123,10/14/2018,10/18/2018,Tarif normal,AG-10765,Anthony Garverick,Bureau à domicile,États-Unis,Chicago,Illinois,USCA - Centre,OFF-BI-10000309,Fournitures de bureau,Classeurs,"GBC Twin Loop Wire Binding Elements, 9/16"" Spine, Black",27.4,9,0.8,-42.46
5698,US-2018-126123,10/14/2018,10/18/2018,Tarif normal,AG-10765,Anthony Garverick,Bureau à domicile,États-Unis,Chicago,Illinois,USCA - Centre,OFF-BI-10004224,Fournitures de bureau,Classeurs,Catalog Binders with Expanding Posts,13.46,1,0.8,-23.55
5700,US-2018-148320,11/3/2018,11/8/2018,Tarif normal,PG-18895,Paul Gonzalez,Grand public,États-Unis,San Francisco,Californie,USCA - Ouest,OFF-PA-10003022,Fournitures de bureau,Papier,Xerox 1992,35.88,6,0,17.58
5707,US-2018-136000,9/22/2018,9/25/2018,J+2,SC-20440,Shaun Chance,Entreprise,États-Unis,New York City,New York,USCA - Est,OFF-BI-10004828,Fournitures de bureau,Classeurs,GBC Poly Designer Binding Covers,40.18,3,0.2,14.56
5713,US-2018-115805,4/22/2018,4/22/2018,Le même jour,KW-16435,Katrina Willman,Grand public,États-Unis,Chicago,Illinois,USCA - Centre,TEC-PH-10003092,Produits technologiques,Téléphones,Motorola L804,36.79,1,0.2,4.14
5715,US-2018-116939,9/25/2018,9/29/2018,Tarif normal,AG-10900,Arthur Gainer,Grand public,États-Unis,Richmond,Virginie,USCA - Sud,OFF-ST-10001476,Fournitures de bureau,Stockage,Steel Personal Filing/Posting Tote,177.55,5,0,47.94
5720,US-2018-126550,3/29/2018,4/2/2018,J+2,RD-19720,Roger Demir,Grand public,États-Unis,Lafayette,Indiana,USCA - Centre,OFF-ST-10001031,Fournitures de bureau,Stockage,Adjustable Personal File Tote,81.4,5,0,21.16
5728,US-2018-117324,12/8/2018,12/13/2018,Tarif normal,JP-15520,Jeremy Pistek,Grand public,États-Unis,Madison,Wisconsin,USCA - Centre,TEC-AC-10003023,Produits technologiques,Accessoires,Logitech G105 Gaming Keyboard,178.11,3,0,32.06
5729,US-2018-117324,12/8/2018,12/13/2018,Tarif normal,JP-15520,Jeremy Pistek,Grand public,États-Unis,Madison,Wisconsin,USCA - Centre,OFF-AP-10003590,Fournitures de bureau,Électroménager,Hoover WindTunnel Plus Canister Vacuum,1089.75,3,0,305.13
5730,US-2018-117324,12/8/2018,12/13/2018,Tarif normal,JP-15520,Jeremy Pistek,Grand public,États-Unis,Madison,Wisconsin,USCA - Centre,OFF-LA-10003510,Fournitures de bureau,Étiquettes,"Avery 4027 File Folder Labels for Dot Matrix Printers, 5000 Labels per Box, White",61.06,2,0,28.09
5731,US-2018-117324,12/8/2018,12/13/2018,Tarif normal,JP-15520,Jeremy Pistek,Grand public,États-Unis,Madison,Wisconsin,USCA - Centre,FUR-BO-10003159,Mobilier,Bibliothèques,"Sauder Camden County Collection Libraries, Planked Cherry Finish",459.92,4,0,41.39
5732,US-2018-117324,12/8/2018,12/13/2018,Tarif normal,JP-15520,Jeremy Pistek,Grand public,États-Unis,Madison,Wisconsin,USCA - Centre,OFF-PA-10002713,Fournitures de bureau,Papier,"Adams Phone Message Book, 200 Message Capacity, 8 1/16” x 11”",27.52,4,0,12.66
5733,US-2018-143574,6/29/2018,7/2/2018,Prioritaire,DR-12880,Dan Reichenbach,Entreprise,États-Unis,Milford,Connecticut,USCA - Est,FUR-BO-10002598,Mobilier,Bibliothèques,"Hon Metal Bookcases, Putty",638.82,9,0,185.26
5734,US-2018-143574,6/29/2018,7/2/2018,Prioritaire,DR-12880,Dan Reichenbach,Entreprise,États-Unis,Milford,Connecticut,USCA - Est,OFF-SU-10002537,Fournitures de bureau,Fournitures,Acme Box Cutter Scissors,30.69,3,0,7.98
5735,US-2018-143574,6/29/2018,7/2/2018,Prioritaire,DR-12880,Dan Reichenbach,Entreprise,États-Unis,Milford,Connecticut,USCA - Est,FUR-FU-10003976,Mobilier,Meubles,"DAX Executive Solid Wood Document Frame, Desktop or Hang, Mahogany, 5 x 7",25.16,2,0,8.55
5740,US-2018-147886,3/28/2018,3/31/2018,Prioritaire,DH-13075,Dave Hallsten,Entreprise,États-Unis,Fairfield,Californie,USCA - Ouest,OFF-PA-10000232,Fournitures de bureau,Papier,Xerox 1975,12.96,2,0,6.35
5741,US-2018-147886,3/28/2018,3/31/2018,Prioritaire,DH-13075,Dave Hallsten,Entreprise,États-Unis,Fairfield,Californie,USCA - Ouest,FUR-FU-10001095,Mobilier,Meubles,DAX Black Cherry Wood-Tone Poster Frame,26.48,1,0,10.06
5742,US-2018-147886,3/28/2018,3/31/2018,Prioritaire,DH-13075,Dave Hallsten,Entreprise,États-Unis,Fairfield,Californie,USCA - Ouest,TEC-MA-10004679,Produits technologiques,Machines,StarTech.com 10/100 VDSL2 Ethernet Extender Kit,532.72,2,0.2,53.27
5743,US-2018-147886,3/28/2018,3/31/2018,Prioritaire,DH-13075,Dave Hallsten,Entreprise,États-Unis,Fairfield,Californie,USCA - Ouest,OFF-PA-10003651,Fournitures de bureau,Papier,Xerox 1968,26.72,4,0,12.83
5744,US-2018-147886,3/28/2018,3/31/2018,Prioritaire,DH-13075,Dave Hallsten,Entreprise,États-Unis,Fairfield,Californie,USCA - Ouest,OFF-PA-10000743,Fournitures de bureau,Papier,Xerox 1977,20.04,3,0,9.62
5745,US-2018-147886,3/28/2018,3/31/2018,Prioritaire,DH-13075,Dave Hallsten,Entreprise,États-Unis,Fairfield,Californie,USCA - Ouest,OFF-ST-10002743,Fournitures de bureau,Stockage,SAFCO Boltless Steel Shelving,795.48,7,0,7.95
5746,US-2018-147886,3/28/2018,3/31/2018,Prioritaire,DH-13075,Dave Hallsten,Entreprise,États-Unis,Fairfield,Californie,USCA - Ouest,FUR-FU-10003829,Mobilier,Meubles,Stackable Trays,21.56,7,0,6.9
5750,US-2018-104913,11/18/2018,11/22/2018,Tarif normal,DK-13090,Dave Kipp,Grand public,États-Unis,Long Beach,New York,USCA - Est,TEC-PH-10000923,Produits technologiques,Téléphones,"Belkin SportFit Armband For iPhone 5s/5c, Fuchsia",74.95,5,0,36.73
5762,US-2018-158169,8/12/2018,8/15/2018,Prioritaire,JM-16195,Justin MacKendrick,Grand public,États-Unis,Lake Forest,Californie,USCA - Ouest,OFF-AP-10000828,Fournitures de bureau,Électroménager,Avanti 4.4 Cu. Ft. Refrigerator,542.94,3,0,152.02
5763,US-2018-158169,8/12/2018,8/15/2018,Prioritaire,JM-16195,Justin MacKendrick,Grand public,États-Unis,Lake Forest,Californie,USCA - Ouest,FUR-FU-10001473,Mobilier,Meubles,DAX Wood Document Frame,54.92,4,0,19.77
5768,US-2018-126396,9/8/2018,9/12/2018,J+2,AR-10345,Alex Russell,Entreprise,États-Unis,Houston,Texas,USCA - Centre,TEC-AC-10003116,Produits technologiques,Accessoires,Memorex Froggy Flash Drive 8 GB,85.2,6,0.2,20.24
5785,US-2018-141117,10/2/2018,10/8/2018,Tarif normal,JK-16090,Juliana Krohn,Grand public,États-Unis,Springfield,Oregon,USCA - Ouest,FUR-BO-10001972,Mobilier,Bibliothèques,O'Sullivan 4-Shelf Bookcase in Odessa Pine,217.76,6,0.7,-384.72
5786,US-2018-141117,10/2/2018,10/8/2018,Tarif normal,JK-16090,Juliana Krohn,Grand public,États-Unis,Springfield,Oregon,USCA - Ouest,OFF-SU-10004664,Fournitures de bureau,Fournitures,Acme Softgrip Scissors,39.07,6,0.2,4.4
5787,US-2018-141117,10/2/2018,10/8/2018,Tarif normal,JK-16090,Juliana Krohn,Grand public,États-Unis,Springfield,Oregon,USCA - Ouest,OFF-BI-10003676,Fournitures de bureau,Classeurs,"GBC Standard Recycled Report Covers, Clear Plastic Sheets",22.64,7,0.7,-16.6
5788,US-2018-141117,10/2/2018,10/8/2018,Tarif normal,JK-16090,Juliana Krohn,Grand public,États-Unis,Springfield,Oregon,USCA - Ouest,OFF-AR-10003727,Fournitures de bureau,Art,Berol Giant Pencil Sharpener,95.14,7,0.2,10.7
5789,US-2018-115070,4/10/2018,4/14/2018,J+2,MG-18205,Mitch Gastineau,Entreprise,États-Unis,Jacksonville,Floride,USCA - Sud,FUR-FU-10003829,Mobilier,Meubles,Stackable Trays,12.32,5,0.2,1.85
5790,US-2018-115070,4/10/2018,4/14/2018,J+2,MG-18205,Mitch Gastineau,Entreprise,États-Unis,Jacksonville,Floride,USCA - Sud,OFF-BI-10003712,Fournitures de bureau,Classeurs,"Acco Pressboard Covers with Storage Hooks, 14 7/8"" x 11"", Light Blue",4.42,3,0.7,-3.09
5791,US-2018-140186,9/29/2018,10/2/2018,Prioritaire,PG-18820,Patrick Gardner,Grand public,États-Unis,Bakersfield,Californie,USCA - Ouest,OFF-FA-10002280,Fournitures de bureau,Éléments de fixation,Advantus Plastic Paper Clips,35,7,0,16.8
5792,US-2018-140186,9/29/2018,10/2/2018,Prioritaire,PG-18820,Patrick Gardner,Grand public,États-Unis,Bakersfield,Californie,USCA - Ouest,FUR-CH-10002961,Mobilier,Chaises,"Leather Task Chair, Black",72.78,1,0.2,0
5793,US-2018-140186,9/29/2018,10/2/2018,Prioritaire,PG-18820,Patrick Gardner,Grand public,États-Unis,Bakersfield,Californie,USCA - Ouest,OFF-AP-10002578,Fournitures de bureau,Électroménager,"Fellowes Premier Superior Surge Suppressor, 10-Outlet, With Phone and Remote",97.84,2,0,25.44
5794,US-2018-140186,9/29/2018,10/2/2018,Prioritaire,PG-18820,Patrick Gardner,Grand public,États-Unis,Bakersfield,Californie,USCA - Ouest,FUR-FU-10004848,Mobilier,Meubles,"Howard Miller 13-3/4"" Diameter Brushed Chrome Round Wall Clock",51.75,1,0,15.53
5795,US-2018-140186,9/29/2018,10/2/2018,Prioritaire,PG-18820,Patrick Gardner,Grand public,États-Unis,Bakersfield,Californie,USCA - Ouest,OFF-BI-10003364,Fournitures de bureau,Classeurs,Binding Machine Supplies,46.67,2,0.2,16.34
5804,US-2018-106796,5/12/2018,5/19/2018,Tarif normal,JP-16135,Julie Prescott,Bureau à domicile,États-Unis,Springfield,Ohio,USCA - Est,OFF-AR-10003504,Fournitures de bureau,Art,Newell 347,10.27,3,0.2,1.16
5805,US-2018-113873,11/13/2018,11/19/2018,Tarif normal,KE-16420,Katrina Edelman,Entreprise,États-Unis,Dallas,Texas,USCA - Centre,OFF-ST-10000943,Fournitures de bureau,Stockage,Eldon ProFile File 'N Store Portable File Tub Letter/Legal Size Black,61.79,4,0.2,6.18
5806,US-2018-113873,11/13/2018,11/19/2018,Tarif normal,KE-16420,Katrina Edelman,Entreprise,États-Unis,Dallas,Texas,USCA - Centre,FUR-BO-10003441,Mobilier,Bibliothèques,"Bush Westfield Collection Bookcases, Fully Assembled",206,3,0.3,-27.26
5821,US-2018-117632,5/12/2018,5/18/2018,Tarif normal,CS-12175,Charles Sheldon,Entreprise,États-Unis,San Francisco,Californie,USCA - Ouest,OFF-SU-10000157,Fournitures de bureau,Fournitures,Compact Automatic Electric Letter Opener,238.62,2,0,4.77
5822,US-2018-117632,5/12/2018,5/18/2018,Tarif normal,CS-12175,Charles Sheldon,Entreprise,États-Unis,San Francisco,Californie,USCA - Ouest,OFF-AP-10004868,Fournitures de bureau,Électroménager,Hoover Commercial Soft Guard Upright Vacuum And Disposable Filtration Bags,7.77,1,0,2.1
5823,US-2018-117632,5/12/2018,5/18/2018,Tarif normal,CS-12175,Charles Sheldon,Entreprise,États-Unis,San Francisco,Californie,USCA - Ouest,FUR-TA-10001520,Mobilier,Tables,"Lesro Sheffield Collection Coffee Table, End Table, Center Table, Corner Table",285.48,5,0.2,-10.71
5824,US-2018-117632,5/12/2018,5/18/2018,Tarif normal,CS-12175,Charles Sheldon,Entreprise,États-Unis,San Francisco,Californie,USCA - Ouest,OFF-BI-10001900,Fournitures de bureau,Classeurs,"DXL Angle-View Binders with Locking Rings, Black",19.17,4,0.2,6.47
5826,US-2018-161067,9/3/2018,9/6/2018,J+2,KB-16405,Katrina Bavinger,Bureau à domicile,États-Unis,New York City,New York,USCA - Est,OFF-PA-10000418,Fournitures de bureau,Papier,Xerox 189,419.4,4,0,201.31
5827,US-2018-161067,9/3/2018,9/6/2018,J+2,KB-16405,Katrina Bavinger,Bureau à domicile,États-Unis,New York City,New York,USCA - Est,FUR-CH-10004626,Mobilier,Chaises,Office Star Flex Back Scooter Chair with Aluminum Finish Frame,90.8,1,0.1,14.12
5828,US-2018-161067,9/3/2018,9/6/2018,J+2,KB-16405,Katrina Bavinger,Bureau à domicile,États-Unis,New York City,New York,USCA - Est,FUR-CH-10004860,Mobilier,Chaises,Global Low Back Tilter Chair,181.76,2,0.1,-8.08
5829,US-2018-161067,9/3/2018,9/6/2018,J+2,KB-16405,Katrina Bavinger,Bureau à domicile,États-Unis,New York City,New York,USCA - Est,OFF-AR-10003251,Fournitures de bureau,Art,Prang Drawing Pencil Set,5.56,2,0,2.22
5838,US-2018-133207,11/27/2018,12/3/2018,Tarif normal,DO-13645,Doug O'Connell,Grand public,États-Unis,Los Angeles,Californie,USCA - Ouest,TEC-PH-10004100,Produits technologiques,Téléphones,Griffin GC17055 Auxiliary Audio Cable,57.57,4,0.2,5.76
5859,US-2018-153255,9/3/2018,9/7/2018,J+2,JK-15730,Joe Kamberova,Grand public,États-Unis,Concord,Californie,USCA - Ouest,FUR-BO-10004218,Mobilier,Bibliothèques,"Bush Heritage Pine Collection 5-Shelf Bookcase, Albany Pine Finish, *Special Order",239.67,2,0.2,14.1
5873,US-2018-129910,12/20/2018,12/23/2018,Tarif normal,ME-17320,Maria Etezadi,Bureau à domicile,États-Unis,Columbus,Géorgie,USCA - Sud,OFF-ST-10003282,Fournitures de bureau,Stockage,"Advantus 10-Drawer Portable Organizer, Chrome Metal Frame, Smoke Drawers",59.76,1,0,16.73
5874,US-2018-133095,6/4/2018,6/4/2018,Le même jour,EH-14005,Erica Hernandez,Bureau à domicile,États-Unis,Jonesboro,Arkansas,USCA - Sud,OFF-BI-10002353,Fournitures de bureau,Classeurs,GBC VeloBind Cover Sets,108.08,7,0,54.04
5875,US-2018-133095,6/4/2018,6/4/2018,Le même jour,EH-14005,Erica Hernandez,Bureau à domicile,États-Unis,Jonesboro,Arkansas,USCA - Sud,OFF-BI-10004141,Fournitures de bureau,Classeurs,Insertable Tab Indexes For Data Binders,9.54,3,0,4.39
5888,US-2018-151596,10/8/2018,10/11/2018,Prioritaire,BP-11050,Barry Pond,Entreprise,États-Unis,Cranston,Rhode Island,USCA - Est,OFF-ST-10001837,Fournitures de bureau,Stockage,"SAFCO Mobile Desk Side File, Wire Frame",42.76,1,0,11.12
5894,US-2018-159954,9/10/2018,9/14/2018,Tarif normal,SS-20410,Shahid Shariari,Grand public,États-Unis,Atlanta,Géorgie,USCA - Sud,OFF-BI-10004876,Fournitures de bureau,Classeurs,Wilson Jones Suede Grain Vinyl Binders,2.78,1,0,1.36
5895,US-2018-100825,9/9/2018,9/14/2018,Tarif normal,KD-16495,Keith Dawkins,Entreprise,États-Unis,Los Angeles,Californie,USCA - Ouest,OFF-ST-10003123,Fournitures de bureau,Stockage,Fellowes Bases and Tops For Staxonsteel/High-Stak Systems,99.87,3,0,23.97
5900,US-2018-108000,1/12/2018,1/16/2018,Tarif normal,LS-16945,Linda Southworth,Entreprise,États-Unis,San Francisco,Californie,USCA - Ouest,OFF-EN-10002621,Fournitures de bureau,Enveloppes,Staple envelope,9.78,1,0,4.89
5903,US-2018-153948,11/6/2018,11/6/2018,Le même jour,FM-14290,Frank Merwin,Bureau à domicile,États-Unis,San Francisco,Californie,USCA - Ouest,OFF-PA-10000157,Fournitures de bureau,Papier,Xerox 191,59.94,3,0,28.17
5904,US-2018-153948,11/6/2018,11/6/2018,Le même jour,FM-14290,Frank Merwin,Bureau à domicile,États-Unis,San Francisco,Californie,USCA - Ouest,OFF-PA-10002764,Fournitures de bureau,Papier,Easy-staple paper,45.36,4,0,22.23
5905,US-2018-153948,11/6/2018,11/6/2018,Le même jour,FM-14290,Frank Merwin,Bureau à domicile,États-Unis,San Francisco,Californie,USCA - Ouest,OFF-PA-10000143,Fournitures de bureau,Papier,Astroparche Fine Business Paper,26.4,5,0,12.67
5906,US-2018-153948,11/6/2018,11/6/2018,Le même jour,FM-14290,Frank Merwin,Bureau à domicile,États-Unis,San Francisco,Californie,USCA - Ouest,OFF-LA-10000414,Fournitures de bureau,Étiquettes,Avery 503,41.4,4,0,19.87
5907,US-2018-153948,11/6/2018,11/6/2018,Le même jour,FM-14290,Frank Merwin,Bureau à domicile,États-Unis,San Francisco,Californie,USCA - Ouest,TEC-AC-10003441,Produits technologiques,Accessoires,Kingston Digital DataTraveler 32GB USB 2.0,16.95,1,0,1.02
5925,US-2018-146458,11/19/2018,11/22/2018,J+2,RB-19435,Richard Bierner,Grand public,États-Unis,Springfield,Virginie,USCA - Sud,OFF-AR-10001177,Fournitures de bureau,Art,Newell 349,22.96,7,0,6.66
5926,US-2018-150420,6/3/2018,6/8/2018,Tarif normal,GD-14590,Giulietta Dortch,Entreprise,États-Unis,Bellingham,Washington,USCA - Ouest,TEC-AC-10004975,Produits technologiques,Accessoires,Plantronics Audio 995 Wireless Stereo Headset,1099.5,10,0,362.84
5930,US-2018-169551,7/7/2018,7/9/2018,Prioritaire,RL-19615,Rob Lucas,Grand public,États-Unis,Philadelphia,Pennsylvanie,USCA - Est,FUR-BO-10001519,Mobilier,Bibliothèques,O'Sullivan 3-Shelf Heavy-Duty Bookcases,87.21,3,0.5,-45.35
5931,US-2018-169551,7/7/2018,7/9/2018,Prioritaire,RL-19615,Rob Lucas,Grand public,États-Unis,Philadelphia,Pennsylvanie,USCA - Est,OFF-PA-10004100,Fournitures de bureau,Papier,Xerox 216,15.55,3,0.2,5.44
5932,US-2018-169551,7/7/2018,7/9/2018,Prioritaire,RL-19615,Rob Lucas,Grand public,États-Unis,Philadelphia,Pennsylvanie,USCA - Est,TEC-PH-10001363,Produits technologiques,Téléphones,Apple iPhone 5S,683.99,2,0.4,-114
5933,US-2018-169551,7/7/2018,7/9/2018,Prioritaire,RL-19615,Rob Lucas,Grand public,États-Unis,Philadelphia,Pennsylvanie,USCA - Est,OFF-ST-10004835,Fournitures de bureau,Stockage,Plastic Stacking Crates & Casters,13.39,3,0.2,1
5934,US-2018-169551,7/7/2018,7/9/2018,Prioritaire,RL-19615,Rob Lucas,Grand public,États-Unis,Philadelphia,Pennsylvanie,USCA - Est,TEC-AC-10002018,Produits technologiques,Accessoires,AmazonBasics 3-Button USB Wired Mouse,16.78,3,0.2,4.82
5935,US-2018-169551,7/7/2018,7/9/2018,Prioritaire,RL-19615,Rob Lucas,Grand public,États-Unis,Philadelphia,Pennsylvanie,USCA - Est,TEC-AC-10003033,Produits technologiques,Accessoires,Plantronics CS510 - Over-the-Head monaural Wireless Headset System,527.92,2,0.2,85.79
5939,US-2018-122077,5/19/2018,5/25/2018,Tarif normal,JF-15295,Jason Fortune-,Grand public,États-Unis,Plano,Texas,USCA - Centre,TEC-PH-10003811,Produits technologiques,Téléphones,Jabra Supreme Plus Driver Edition Headset,95.99,1,0.2,9.6
5940,US-2018-122077,5/19/2018,5/25/2018,Tarif normal,JF-15295,Jason Fortune-,Grand public,États-Unis,Plano,Texas,USCA - Centre,OFF-LA-10004178,Fournitures de bureau,Étiquettes,Avery 491,13.22,4,0.2,4.3
5941,US-2018-112431,10/12/2018,10/14/2018,J+2,RW-19690,Robert Waldorf,Grand public,États-Unis,Los Angeles,Californie,USCA - Ouest,TEC-AC-10001465,Produits technologiques,Accessoires,SanDisk Cruzer 64 GB USB Flash Drive,435.84,12,0,130.75
5942,US-2018-112431,10/12/2018,10/14/2018,J+2,RW-19690,Robert Waldorf,Grand public,États-Unis,Los Angeles,Californie,USCA - Ouest,OFF-AR-10000940,Fournitures de bureau,Art,Newell 343,5.88,2,0,1.59
5949,US-2018-161046,3/5/2018,3/5/2018,Le même jour,CB-12535,Claudia Bergmann,Entreprise,États-Unis,Southaven,Mississippi,USCA - Sud,OFF-EN-10003862,Fournitures de bureau,Enveloppes,Laser & Ink Jet Business Envelopes,42.68,4,0,19.63
5950,US-2018-161046,3/5/2018,3/5/2018,Le même jour,CB-12535,Claudia Bergmann,Entreprise,États-Unis,Southaven,Mississippi,USCA - Sud,TEC-AC-10004571,Produits technologiques,Accessoires,Logitech G700s Rechargeable Gaming Mouse,299.97,3,0,125.99
5951,US-2018-161046,3/5/2018,3/5/2018,Le même jour,CB-12535,Claudia Bergmann,Entreprise,États-Unis,Southaven,Mississippi,USCA - Sud,OFF-AP-10000891,Fournitures de bureau,Électroménager,Kensington 7 Outlet MasterPiece HOMEOFFICE Power Control Center,262.24,2,0,78.67
5952,US-2018-161046,3/5/2018,3/5/2018,Le même jour,CB-12535,Claudia Bergmann,Entreprise,États-Unis,Southaven,Mississippi,USCA - Sud,OFF-BI-10002026,Fournitures de bureau,Classeurs,Ibico Recycled Linen-Style Covers,234.36,6,0,112.49
5953,US-2018-141698,4/15/2018,4/21/2018,Tarif normal,SD-20485,Shirley Daniels,Bureau à domicile,États-Unis,Houston,Texas,USCA - Centre,OFF-PA-10001826,Fournitures de bureau,Papier,Xerox 207,20.74,4,0.2,7.26
5961,US-2018-150602,2/9/2018,2/14/2018,J+2,ML-17395,Marina Lichtenstein,Entreprise,États-Unis,Los Angeles,Californie,USCA - Ouest,FUR-FU-10003142,Mobilier,Meubles,"Master Big Foot Doorstop, Beige",21.12,4,0,6.55
5965,US-2018-119011,8/20/2018,8/25/2018,Tarif normal,LR-17035,Lisa Ryan,Entreprise,États-Unis,San Francisco,Californie,USCA - Ouest,OFF-SU-10004768,Fournitures de bureau,Fournitures,Acme Kleencut Forged Steel Scissors,17.22,3,0,5.17
5966,US-2018-119011,8/20/2018,8/25/2018,Tarif normal,LR-17035,Lisa Ryan,Entreprise,États-Unis,San Francisco,Californie,USCA - Ouest,OFF-ST-10000777,Fournitures de bureau,Stockage,"Companion Letter/Legal File, Black",226.56,6,0,63.44
5967,US-2018-119011,8/20/2018,8/25/2018,Tarif normal,LR-17035,Lisa Ryan,Entreprise,États-Unis,San Francisco,Californie,USCA - Ouest,TEC-PH-10003171,Produits technologiques,Téléphones,Plantronics Encore H101 Dual Earpieces Headset,107.88,3,0.2,10.79
5973,US-2018-115105,2/6/2018,2/11/2018,Tarif normal,BD-11770,Bryan Davis,Grand public,États-Unis,New York City,New York,USCA - Est,FUR-BO-10001811,Mobilier,Bibliothèques,"Atlantic Metals Mobile 5-Shelf Bookcases, Custom Colors",240.78,1,0.2,30.1
5976,US-2018-102155,7/13/2018,7/17/2018,Tarif normal,RR-19525,Rick Reed,Entreprise,États-Unis,Overland Park,Kansas,USCA - Centre,OFF-ST-10001496,Fournitures de bureau,Stockage,Standard Rollaway File with Lock,360.38,2,0,93.7
5977,US-2018-102155,7/13/2018,7/17/2018,Tarif normal,RR-19525,Rick Reed,Entreprise,États-Unis,Overland Park,Kansas,USCA - Centre,OFF-PA-10003673,Fournitures de bureau,Papier,Strathmore Photo Mount Cards,13.56,2,0,6.24
5978,US-2018-116953,4/24/2018,4/25/2018,Prioritaire,SV-20935,Susan Vittorini,Grand public,États-Unis,Mesa,Arizona,USCA - Ouest,TEC-PH-10004614,Produits technologiques,Téléphones,AT&T 841000 Phone,552,10,0.2,34.5
5984,US-2018-112984,9/16/2018,9/18/2018,J+2,EH-14185,Evan Henry,Grand public,États-Unis,Philadelphia,Pennsylvanie,USCA - Est,OFF-PA-10003657,Fournitures de bureau,Papier,Xerox 1927,20.54,6,0.2,6.42
5991,US-2018-163300,9/15/2018,9/21/2018,Tarif normal,ES-14020,Erica Smith,Grand public,États-Unis,Los Angeles,Californie,USCA - Ouest,OFF-BI-10004390,Fournitures de bureau,Classeurs,GBC DocuBind 200 Manual Binding Machine,2357.49,7,0.2,884.06
5992,US-2018-163300,9/15/2018,9/21/2018,Tarif normal,ES-14020,Erica Smith,Grand public,États-Unis,Los Angeles,Californie,USCA - Ouest,TEC-PH-10001700,Produits technologiques,Téléphones,Panasonic KX-TG6844B Expandable Digital Cordless Telephone,369.54,7,0.2,32.34
5993,US-2018-163300,9/15/2018,9/21/2018,Tarif normal,ES-14020,Erica Smith,Grand public,États-Unis,Los Angeles,Californie,USCA - Ouest,FUR-CH-10003396,Mobilier,Chaises,Global Deluxe Steno Chair,184.75,3,0.2,-20.78
6004,US-2018-146878,9/21/2018,9/27/2018,Tarif normal,DL-12865,Dan Lawera,Grand public,États-Unis,Miami,Floride,USCA - Sud,OFF-BI-10002794,Fournitures de bureau,Classeurs,"Avery Trapezoid Ring Binder, 3"" Capacity, Black, 1040 sheets",12.29,1,0.7,-8.61
6005,US-2018-107244,9/7/2018,9/11/2018,Tarif normal,AG-10390,Allen Goldenen,Grand public,États-Unis,Los Angeles,Californie,USCA - Ouest,FUR-FU-10002597,Mobilier,Meubles,"C-Line Magnetic Cubicle Keepers, Clear Polypropylene",19.76,4,0,8.3
6007,US-2018-129581,12/11/2018,12/18/2018,Tarif normal,KN-16390,Katherine Nockton,Entreprise,États-Unis,New Bedford,Massachusetts,USCA - Est,TEC-PH-10001527,Produits technologiques,Téléphones,Plantronics MX500i Earset,128.85,3,0,3.87
6008,US-2018-129028,4/1/2018,4/3/2018,Prioritaire,GB-14530,George Bell,Entreprise,États-Unis,Florence,Caroline du Sud,USCA - Sud,FUR-FU-10004006,Mobilier,Meubles,"Deflect-o DuraMat Lighweight, Studded, Beveled Mat for Low Pile Carpeting",127.95,3,0,21.75
6024,US-2018-128832,4/24/2018,4/27/2018,Prioritaire,LS-16945,Linda Southworth,Entreprise,États-Unis,Providence,Rhode Island,USCA - Est,TEC-AC-10004855,Produits technologiques,Accessoires,V7 USB Numeric Keypad,69.98,2,0,4.9
6025,US-2018-139717,8/24/2018,8/26/2018,J+2,DM-13015,Darrin Martin,Grand public,États-Unis,Lancaster,Ohio,USCA - Est,OFF-AP-10000938,Fournitures de bureau,Électroménager,Avanti 1.7 Cu. Ft. Refrigerator,646.27,8,0.2,64.63
6026,US-2018-139717,8/24/2018,8/26/2018,J+2,DM-13015,Darrin Martin,Grand public,États-Unis,Lancaster,Ohio,USCA - Est,OFF-PA-10002195,Fournitures de bureau,Papier,Xerox 1966,10.37,2,0.2,3.76
6027,US-2018-136007,2/23/2018,3/2/2018,Tarif normal,AC-10615,Ann Chong,Entreprise,États-Unis,Seattle,Washington,USCA - Ouest,OFF-FA-10002701,Fournitures de bureau,Éléments de fixation,Alliance Rubber Bands,8.4,5,0,0.34
6028,US-2018-136007,2/23/2018,3/2/2018,Tarif normal,AC-10615,Ann Chong,Entreprise,États-Unis,Seattle,Washington,USCA - Ouest,TEC-PH-10003589,Produits technologiques,Téléphones,invisibleSHIELD by ZAGG Smudge-Free Screen Protector,71.96,5,0.2,25.19
6031,US-2018-152492,7/6/2018,7/6/2018,Le même jour,AH-10585,Angele Hood,Grand public,États-Unis,Miami,Floride,USCA - Sud,FUR-CH-10000155,Mobilier,Chaises,Global Comet Stacking Armless Chair,239.24,1,0.2,23.92
6033,US-2018-104010,4/23/2018,4/25/2018,Prioritaire,TD-20995,Tamara Dahlen,Grand public,États-Unis,New York City,New York,USCA - Est,OFF-SU-10001218,Fournitures de bureau,Fournitures,Fiskars Softgrip Scissors,54.9,5,0,15.37
6041,US-2018-122364,9/24/2018,9/29/2018,Tarif normal,FA-14230,Frank Atkinson,Entreprise,États-Unis,Los Angeles,Californie,USCA - Ouest,TEC-PH-10001817,Produits technologiques,Téléphones,Wilson Electronics DB Pro Signal Booster,859.2,3,0.2,75.18
6042,US-2018-122364,9/24/2018,9/29/2018,Tarif normal,FA-14230,Frank Atkinson,Entreprise,États-Unis,Los Angeles,Californie,USCA - Ouest,TEC-MA-10001031,Produits technologiques,Machines,Socket Bluetooth Cordless Hand Scanner (CHS),506.28,3,0.2,177.2
6044,US-2018-145702,5/19/2018,5/24/2018,J+2,AH-10075,Adam Hart,Entreprise,États-Unis,Knoxville,Tennessee,USCA - Sud,FUR-CH-10001482,Mobilier,Chaises,Office Star - Mesh Screen back chair with Vinyl seat,314.35,3,0.2,-35.36
6045,US-2018-145702,5/19/2018,5/24/2018,J+2,AH-10075,Adam Hart,Entreprise,États-Unis,Knoxville,Tennessee,USCA - Sud,OFF-PA-10001526,Fournitures de bureau,Papier,Xerox 1949,27.89,7,0.2,10.11
6068,CA-2018-166695,5/20/2018,5/24/2018,Tarif normal,CC-12430,Chuck Clark,Bureau à domicile,Canada,Vancouver,Colombie-Britannique,USCA - Ouest,FUR-CH-10000225,Mobilier,Chaises,"Global Geo Office Task Chair, Gray",518.27,8,0.2,-97.18
6069,CA-2018-166695,5/20/2018,5/24/2018,Tarif normal,CC-12430,Chuck Clark,Bureau à domicile,Canada,Vancouver,Colombie-Britannique,USCA - Ouest,FUR-FU-10002191,Mobilier,Meubles,G.E. Halogen Desk Lamp Bulbs,6.98,1,0,3.35
6070,CA-2018-166695,5/20/2018,5/24/2018,Tarif normal,CC-12430,Chuck Clark,Bureau à domicile,Canada,Vancouver,Colombie-Britannique,USCA - Ouest,TEC-MA-10003176,Produits technologiques,Machines,Okidata B400 Printer,343.2,1,0.2,38.61
6071,US-2018-167542,8/13/2018,8/20/2018,Tarif normal,KD-16495,Keith Dawkins,Entreprise,États-Unis,Philadelphia,Pennsylvanie,USCA - Est,OFF-LA-10004093,Fournitures de bureau,Étiquettes,Avery 486,17.54,3,0.2,5.92
6075,US-2018-121398,12/25/2018,12/29/2018,Tarif normal,FH-14365,Fred Hopkins,Entreprise,États-Unis,Los Angeles,Californie,USCA - Ouest,OFF-BI-10001718,Fournitures de bureau,Classeurs,GBC DocuBind P50 Personal Binding Machine,153.55,3,0.2,51.82
6076,US-2018-121398,12/25/2018,12/29/2018,Tarif normal,FH-14365,Fred Hopkins,Entreprise,États-Unis,Los Angeles,Californie,USCA - Ouest,OFF-ST-10002756,Fournitures de bureau,Stockage,"Tennsco Stur-D-Stor Boltless Shelving, 5 Shelves, 24"" Deep, Sand",270.62,2,0,2.71
6081,US-2018-154676,8/5/2018,8/8/2018,Prioritaire,NZ-18565,Nick Zandusky,Bureau à domicile,États-Unis,Houston,Texas,USCA - Centre,OFF-ST-10001172,Fournitures de bureau,Stockage,"Tennsco Lockers, Sand",151.06,9,0.2,7.55
6090,US-2018-162068,12/28/2018,12/31/2018,J+2,PC-18745,Pamela Coakley,Entreprise,États-Unis,Loveland,Colorado,USCA - Ouest,OFF-BI-10002813,Fournitures de bureau,Classeurs,Avery Reinforcements for Hole-Punch Pages,1.19,2,0.7,-0.99
6091,US-2018-100111,9/20/2018,9/26/2018,Tarif normal,SV-20365,Seth Vernon,Grand public,États-Unis,New York City,New York,USCA - Est,FUR-CH-10003846,Mobilier,Chaises,Hon Valutask Swivel Chairs,272.65,3,0.1,18.18
6092,US-2018-100111,9/20/2018,9/26/2018,Tarif normal,SV-20365,Seth Vernon,Grand public,États-Unis,New York City,New York,USCA - Est,TEC-AC-10002647,Produits technologiques,Accessoires,"Logitech Wireless Boombox Speaker - portable - wireless, wired",212.8,2,0,95.76
6093,US-2018-100111,9/20/2018,9/26/2018,Tarif normal,SV-20365,Seth Vernon,Grand public,États-Unis,New York City,New York,USCA - Est,OFF-PA-10000807,Fournitures de bureau,Papier,"TOPS ""Important Message"" Pads, Canary, 4-1/4 x 5-1/2, 50 Sheets per Pad",38.52,9,0,18.1
6094,US-2018-100111,9/20/2018,9/26/2018,Tarif normal,SV-20365,Seth Vernon,Grand public,États-Unis,New York City,New York,USCA - Est,TEC-AC-10001465,Produits technologiques,Accessoires,SanDisk Cruzer 64 GB USB Flash Drive,72.64,2,0,21.79
6095,US-2018-100111,9/20/2018,9/26/2018,Tarif normal,SV-20365,Seth Vernon,Grand public,États-Unis,New York City,New York,USCA - Est,OFF-ST-10000615,Fournitures de bureau,Stockage,"SimpliFile Personal File, Black Granite, 15w x 6-15/16d x 11-1/4h",45.4,4,0,12.71
6096,US-2018-100111,9/20/2018,9/26/2018,Tarif normal,SV-20365,Seth Vernon,Grand public,États-Unis,New York City,New York,USCA - Est,OFF-PA-10002713,Fournitures de bureau,Papier,"Adams Phone Message Book, 200 Message Capacity, 8 1/16” x 11”",13.76,2,0,6.33
6097,US-2018-100111,9/20/2018,9/26/2018,Tarif normal,SV-20365,Seth Vernon,Grand public,États-Unis,New York City,New York,USCA - Est,FUR-CH-10003061,Mobilier,Chaises,"Global Leather Task Chair, Black",80.99,1,0.1,8.1
6098,US-2018-100111,9/20/2018,9/26/2018,Tarif normal,SV-20365,Seth Vernon,Grand public,États-Unis,New York City,New York,USCA - Est,OFF-BI-10000343,Fournitures de bureau,Classeurs,"Pressboard Covers with Storage Hooks, 9 1/2"" x 11"", Light Blue",11.78,3,0.2,3.98
6099,US-2018-100111,9/20/2018,9/26/2018,Tarif normal,SV-20365,Seth Vernon,Grand public,États-Unis,New York City,New York,USCA - Est,OFF-FA-10000304,Fournitures de bureau,Éléments de fixation,Advantus Push Pins,4.36,2,0,1.79
6100,US-2018-100111,9/20/2018,9/26/2018,Tarif normal,SV-20365,Seth Vernon,Grand public,États-Unis,New York City,New York,USCA - Est,FUR-CH-10004086,Mobilier,Chaises,Hon 4070 Series Pagoda Armless Upholstered Stacking Chairs,2888.13,11,0.1,609.72
6101,US-2018-100111,9/20/2018,9/26/2018,Tarif normal,SV-20365,Seth Vernon,Grand public,États-Unis,New York City,New York,USCA - Est,TEC-PH-10002885,Produits technologiques,Téléphones,Apple iPhone 5,1299.66,2,0,350.91
6102,US-2018-100111,9/20/2018,9/26/2018,Tarif normal,SV-20365,Seth Vernon,Grand public,États-Unis,New York City,New York,USCA - Est,FUR-CH-10001215,Mobilier,Chaises,Global Troy Executive Leather Low-Back Tilter,2254.41,5,0.1,375.74
6103,US-2018-100111,9/20/2018,9/26/2018,Tarif normal,SV-20365,Seth Vernon,Grand public,États-Unis,New York City,New York,USCA - Est,TEC-PH-10000215,Produits technologiques,Téléphones,Plantronics Cordless Phone Headset with In-line Volume - M214C,104.85,3,0,28.31
6104,US-2018-100111,9/20/2018,9/26/2018,Tarif normal,SV-20365,Seth Vernon,Grand public,États-Unis,New York City,New York,USCA - Est,TEC-AC-10001998,Produits technologiques,Accessoires,Logitech LS21 Speaker System - PC Multimedia - 2.1-CH - Wired,59.97,3,0,20.39
6105,US-2018-132381,8/22/2018,8/24/2018,Prioritaire,Dp-13240,Dean percer,Bureau à domicile,États-Unis,Philadelphia,Pennsylvanie,USCA - Est,FUR-TA-10002356,Mobilier,Tables,Bevis Boat-Shaped Conference Table,314.53,2,0.4,-83.88
6119,US-2018-143378,9/19/2018,9/25/2018,Tarif normal,JR-16210,Justin Ritter,Entreprise,États-Unis,Springfield,Oregon,USCA - Ouest,TEC-PH-10001425,Produits technologiques,Téléphones,Mophie Juice Pack Helium for iPhone,191.98,3,0.2,19.2
6120,US-2018-143378,9/19/2018,9/25/2018,Tarif normal,JR-16210,Justin Ritter,Entreprise,États-Unis,Springfield,Oregon,USCA - Ouest,OFF-AR-10001915,Fournitures de bureau,Art,Peel-Off China Markers,23.83,3,0.2,6.55
6121,US-2018-143378,9/19/2018,9/25/2018,Tarif normal,JR-16210,Justin Ritter,Entreprise,États-Unis,Springfield,Oregon,USCA - Ouest,FUR-FU-10004864,Mobilier,Meubles,"Howard Miller 14-1/2"" Diameter Chrome Round Wall Clock",409.22,8,0.2,61.38
6122,US-2018-143378,9/19/2018,9/25/2018,Tarif normal,JR-16210,Justin Ritter,Entreprise,États-Unis,Springfield,Oregon,USCA - Ouest,FUR-BO-10001972,Mobilier,Bibliothèques,O'Sullivan 4-Shelf Bookcase in Odessa Pine,72.59,2,0.7,-128.24
6123,US-2018-152660,12/4/2018,12/9/2018,Tarif normal,CB-12415,Christy Brittain,Grand public,États-Unis,Chicago,Illinois,USCA - Centre,OFF-ST-10000532,Fournitures de bureau,Stockage,Advantus Rolling Drawer Organizers,61.57,2,0.2,4.62
6125,US-2018-145772,6/3/2018,6/7/2018,Tarif normal,SS-20140,Saphhira Shifley,Entreprise,États-Unis,Los Angeles,Californie,USCA - Ouest,TEC-AC-10003038,Produits technologiques,Accessoires,Kingston Digital DataTraveler 16GB USB 2.0,44.75,5,0,8.5
6126,US-2018-145772,6/3/2018,6/7/2018,Tarif normal,SS-20140,Saphhira Shifley,Entreprise,États-Unis,Los Angeles,Californie,USCA - Ouest,OFF-PA-10001593,Fournitures de bureau,Papier,Xerox 1947,11.96,2,0,5.38
6127,US-2018-145772,6/3/2018,6/7/2018,Tarif normal,SS-20140,Saphhira Shifley,Entreprise,États-Unis,Los Angeles,Californie,USCA - Ouest,OFF-BI-10002049,Fournitures de bureau,Classeurs,UniKeep View Case Binders,3.91,1,0.2,1.27
6130,US-2018-162033,3/26/2018,4/2/2018,Tarif normal,EM-14200,Evan Minnotte,Bureau à domicile,États-Unis,Virginia Beach,Virginie,USCA - Sud,TEC-AC-10003116,Produits technologiques,Accessoires,Memorex Froggy Flash Drive 8 GB,53.25,3,0,20.77
6131,US-2018-162033,3/26/2018,4/2/2018,Tarif normal,EM-14200,Evan Minnotte,Bureau à domicile,États-Unis,Virginia Beach,Virginie,USCA - Sud,OFF-FA-10003021,Fournitures de bureau,Éléments de fixation,Staples,3.76,2,0,1.32
6133,US-2018-145737,9/15/2018,9/20/2018,Tarif normal,AB-10165,Alan Barnes,Grand public,États-Unis,Lebanon,Tennessee,USCA - Sud,OFF-PA-10001033,Fournitures de bureau,Papier,Xerox 1893,163.96,5,0.2,59.44
6141,US-2018-121083,7/9/2018,7/15/2018,Tarif normal,JF-15190,Jamie Frazer,Grand public,États-Unis,Manchester,Connecticut,USCA - Est,OFF-PA-10001497,Fournitures de bureau,Papier,Xerox 1914,274.8,5,0,134.65
6142,US-2018-121083,7/9/2018,7/15/2018,Tarif normal,JF-15190,Jamie Frazer,Grand public,États-Unis,Manchester,Connecticut,USCA - Est,OFF-ST-10002554,Fournitures de bureau,Stockage,Tennsco Industrial Shelving,195.64,4,0,3.91
6143,US-2018-121083,7/9/2018,7/15/2018,Tarif normal,JF-15190,Jamie Frazer,Grand public,États-Unis,Manchester,Connecticut,USCA - Est,TEC-PH-10001336,Produits technologiques,Téléphones,Digium D40 VoIP phone,257.98,2,0,74.81
6144,US-2018-121083,7/9/2018,7/15/2018,Tarif normal,JF-15190,Jamie Frazer,Grand public,États-Unis,Manchester,Connecticut,USCA - Est,OFF-AR-10002987,Fournitures de bureau,Art,Prismacolor Color Pencil Set,119.04,6,0,48.81
6145,US-2018-151190,6/27/2018,7/1/2018,Tarif normal,GT-14710,Greg Tran,Grand public,États-Unis,Omaha,Nebraska,USCA - Centre,OFF-PA-10000575,Fournitures de bureau,Papier,"Wirebound Message Books, Four 2 3/4 x 5 White Forms per Page",20.07,3,0,9.23
6147,US-2018-105130,11/21/2018,11/25/2018,Tarif normal,PJ-18835,Patrick Jones,Entreprise,États-Unis,San Francisco,Californie,USCA - Ouest,OFF-AR-10003394,Fournitures de bureau,Art,Newell 332,11.76,4,0,3.18
6148,US-2018-105130,11/21/2018,11/25/2018,Tarif normal,PJ-18835,Patrick Jones,Entreprise,États-Unis,San Francisco,Californie,USCA - Ouest,OFF-BI-10001191,Fournitures de bureau,Classeurs,Canvas Sectional Post Binders,40.74,2,0.2,14.77
6150,US-2018-101322,12/28/2018,12/31/2018,Prioritaire,JG-15310,Jason Gross,Entreprise,États-Unis,Long Beach,Californie,USCA - Ouest,FUR-CH-10003968,Mobilier,Chaises,Novimex Turbo Task Chair,340.7,6,0.2,-34.07
6153,US-2018-139437,7/3/2018,7/8/2018,Tarif normal,RD-19585,Rob Dowd,Grand public,États-Unis,Los Angeles,Californie,USCA - Ouest,OFF-ST-10002485,Fournitures de bureau,Stockage,Rogers Deluxe File Chest,87.92,4,0,0.88
6154,US-2018-151484,4/20/2018,4/23/2018,Prioritaire,CV-12805,Cynthia Voltz,Entreprise,États-Unis,Philadelphia,Pennsylvanie,USCA - Est,FUR-FU-10001876,Mobilier,Meubles,"Computer Room Manger, 14""",51.97,2,0.2,10.39
6155,US-2018-151484,4/20/2018,4/23/2018,Prioritaire,CV-12805,Cynthia Voltz,Entreprise,États-Unis,Philadelphia,Pennsylvanie,USCA - Est,OFF-ST-10002370,Fournitures de bureau,Stockage,"Sortfiler Multipurpose Personal File Organizer, Black",51.34,3,0.2,5.78
6156,US-2018-151484,4/20/2018,4/23/2018,Prioritaire,CV-12805,Cynthia Voltz,Entreprise,États-Unis,Philadelphia,Pennsylvanie,USCA - Est,OFF-ST-10000142,Fournitures de bureau,Stockage,Deluxe Rollaway Locking File with Drawer,332.7,1,0.2,33.27
6157,US-2018-151484,4/20/2018,4/23/2018,Prioritaire,CV-12805,Cynthia Voltz,Entreprise,États-Unis,Philadelphia,Pennsylvanie,USCA - Est,FUR-FU-10004671,Mobilier,Meubles,"Executive Impressions 12"" Wall Clock",42.41,3,0.2,9.54
6190,US-2018-157903,4/4/2018,4/8/2018,Tarif normal,AM-10705,Anne McFarland,Grand public,États-Unis,Des Plaines,Illinois,USCA - Centre,TEC-PH-10004345,Produits technologiques,Téléphones,Cisco SPA 502G IP Phone,383.84,4,0.2,47.98
6192,US-2018-107986,12/13/2018,12/13/2018,Le même jour,MW-18220,Mitch Webber,Grand public,États-Unis,Seattle,Washington,USCA - Ouest,OFF-ST-10001325,Fournitures de bureau,Stockage,Sterilite Officeware Hinged File Box,31.44,3,0,8.49
6193,US-2018-104927,12/22/2018,12/26/2018,Tarif normal,AG-10330,Alex Grayson,Grand public,États-Unis,Houston,Texas,USCA - Centre,OFF-PA-10000019,Fournitures de bureau,Papier,Xerox 1931,25.92,5,0.2,9.07
6194,US-2018-104927,12/22/2018,12/26/2018,Tarif normal,AG-10330,Alex Grayson,Grand public,États-Unis,Houston,Texas,USCA - Centre,OFF-BI-10003429,Fournitures de bureau,Classeurs,"Cardinal HOLDit! Binder Insert Strips,Extra Strips",6.33,5,0.8,-9.81
6195,US-2018-104927,12/22/2018,12/26/2018,Tarif normal,AG-10330,Alex Grayson,Grand public,États-Unis,Houston,Texas,USCA - Centre,OFF-PA-10000176,Fournitures de bureau,Papier,Xerox 1887,75.88,5,0.2,26.56
6196,US-2018-113453,10/21/2018,10/28/2018,Tarif normal,CM-12160,Charles McCrossin,Grand public,États-Unis,Philadelphia,Pennsylvanie,USCA - Est,TEC-PH-10004165,Produits technologiques,Téléphones,Mitel MiVoice 5330e IP Phone,329.99,2,0.4,-77
6197,US-2018-113453,10/21/2018,10/28/2018,Tarif normal,CM-12160,Charles McCrossin,Grand public,États-Unis,Philadelphia,Pennsylvanie,USCA - Est,OFF-ST-10000352,Fournitures de bureau,Stockage,Acco Perma 2700 Stacking Storage Drawers,71.38,3,0.2,-4.46
6205,US-2018-145660,12/1/2018,12/3/2018,Prioritaire,MG-17650,Matthew Grinstein,Bureau à domicile,États-Unis,Marion,Ohio,USCA - Est,FUR-FU-10002885,Mobilier,Meubles,Magna Visual Magnetic Picture Hangers,7.71,2,0.2,1.74
6209,US-2018-148138,9/29/2018,10/3/2018,Tarif normal,ME-18010,Michelle Ellison,Entreprise,États-Unis,Marion,Ohio,USCA - Est,OFF-ST-10000563,Fournitures de bureau,Stockage,Fellowes Bankers Box Stor/Drawer Steel Plus,51.17,2,0.2,-6.4
6210,US-2018-119809,8/18/2018,8/25/2018,Tarif normal,YS-21880,Yana Sorensen,Entreprise,États-Unis,Seattle,Washington,USCA - Ouest,OFF-BI-10003925,Fournitures de bureau,Classeurs,Fellowes PB300 Plastic Comb Binding Machine,2793.53,9,0.2,942.82
6211,US-2018-119809,8/18/2018,8/25/2018,Tarif normal,YS-21880,Yana Sorensen,Entreprise,États-Unis,Seattle,Washington,USCA - Ouest,OFF-ST-10003306,Fournitures de bureau,Stockage,Letter Size Cart,1000.02,7,0,290.01
6212,US-2018-119809,8/18/2018,8/25/2018,Tarif normal,YS-21880,Yana Sorensen,Entreprise,États-Unis,Seattle,Washington,USCA - Ouest,FUR-FU-10001475,Mobilier,Meubles,"Contract Clock, 14"", Brown",65.94,3,0,22.42
6213,US-2018-149944,11/12/2018,11/16/2018,J+2,MB-17305,Maria Bertelson,Grand public,États-Unis,Longview,Washington,USCA - Ouest,OFF-FA-10003495,Fournitures de bureau,Éléments de fixation,Staples,18.24,3,0,9.12
6214,US-2018-149944,11/12/2018,11/16/2018,J+2,MB-17305,Maria Bertelson,Grand public,États-Unis,Longview,Washington,USCA - Ouest,OFF-AP-10004708,Fournitures de bureau,Électroménager,Fellowes Superior 10 Outlet Split Surge Protector,76.12,2,0,22.07
6222,US-2018-157224,9/14/2018,9/18/2018,J+2,JB-16000,Joy Bell-,Grand public,États-Unis,Los Angeles,Californie,USCA - Ouest,OFF-LA-10000121,Fournitures de bureau,Étiquettes,Avery 48,56.7,9,0,26.08
6223,US-2018-140627,12/23/2018,12/27/2018,Tarif normal,DK-12985,Darren Koutras,Grand public,États-Unis,Hendersonville,Tennessee,USCA - Sud,FUR-FU-10000087,Mobilier,Meubles,"Executive Impressions 14"" Two-Color Numerals Wall Clock",72.7,4,0.2,19.08
6224,US-2018-140627,12/23/2018,12/27/2018,Tarif normal,DK-12985,Darren Koutras,Grand public,États-Unis,Hendersonville,Tennessee,USCA - Sud,OFF-AR-10000422,Fournitures de bureau,Art,Pencil and Crayon Sharpener,12.26,7,0.2,1.07
6225,US-2018-140627,12/23/2018,12/27/2018,Tarif normal,DK-12985,Darren Koutras,Grand public,États-Unis,Hendersonville,Tennessee,USCA - Sud,OFF-ST-10004123,Fournitures de bureau,Stockage,Safco Industrial Wire Shelving System,218.35,3,0.2,-54.59
6231,US-2018-127656,7/11/2018,7/17/2018,Tarif normal,NW-18400,Natalie Webber,Grand public,États-Unis,Waterloo,Iowa,USCA - Centre,OFF-AR-10001166,Fournitures de bureau,Art,Staples in misc. colors,30.32,4,0,11.82
6232,US-2018-142188,9/11/2018,9/11/2018,Le même jour,JF-15415,Jennifer Ferguson,Grand public,États-Unis,Seattle,Washington,USCA - Ouest,FUR-CH-10003199,Mobilier,Chaises,Office Star - Contemporary Task Swivel Chair,177.57,2,0.2,8.88
6233,US-2018-142188,9/11/2018,9/11/2018,Le même jour,JF-15415,Jennifer Ferguson,Grand public,États-Unis,Seattle,Washington,USCA - Ouest,OFF-PA-10002005,Fournitures de bureau,Papier,Xerox 225,19.44,3,0,9.33
6234,US-2018-142188,9/11/2018,9/11/2018,Le même jour,JF-15415,Jennifer Ferguson,Grand public,États-Unis,Seattle,Washington,USCA - Ouest,OFF-PA-10004101,Fournitures de bureau,Papier,Xerox 1894,71.28,11,0,34.21
6235,US-2018-142188,9/11/2018,9/11/2018,Le même jour,JF-15415,Jennifer Ferguson,Grand public,États-Unis,Seattle,Washington,USCA - Ouest,OFF-BI-10004600,Fournitures de bureau,Classeurs,Ibico Ibimaster 300 Manual Binding System,1471.96,5,0.2,459.99
6236,US-2018-142188,9/11/2018,9/11/2018,Le même jour,JF-15415,Jennifer Ferguson,Grand public,États-Unis,Seattle,Washington,USCA - Ouest,TEC-PH-10000127,Produits technologiques,Téléphones,iOttie XL Car Mount,79.96,5,0.2,-17.99
6242,US-2018-141572,5/28/2018,5/31/2018,J+2,LO-17170,Lori Olson,Entreprise,États-Unis,Concord,New Hampshire,USCA - Est,FUR-FU-10001185,Mobilier,Meubles,"Advantus Employee of the Month Certificate Frame, 11 x 13-1/2",247.44,8,0,101.45
6248,US-2018-121580,5/29/2018,6/4/2018,Tarif normal,ML-17410,Maris LaWare,Grand public,États-Unis,Columbus,Indiana,USCA - Centre,OFF-BI-10000632,Fournitures de bureau,Classeurs,Satellite Sectional Post Binders,43.41,1,0,19.97
6249,US-2018-121580,5/29/2018,6/4/2018,Tarif normal,ML-17410,Maris LaWare,Grand public,États-Unis,Columbus,Indiana,USCA - Centre,FUR-FU-10003981,Mobilier,Meubles,Eldon Wave Desk Accessories,6.24,3,0,2.62
6250,US-2018-121580,5/29/2018,6/4/2018,Tarif normal,ML-17410,Maris LaWare,Grand public,États-Unis,Columbus,Indiana,USCA - Centre,OFF-AP-10001564,Fournitures de bureau,Électroménager,Hoover Commercial Lightweight Upright Vacuum with E-Z Empty Dirt Cup,465.16,2,0,120.94
6251,US-2018-121580,5/29/2018,6/4/2018,Tarif normal,ML-17410,Maris LaWare,Grand public,États-Unis,Columbus,Indiana,USCA - Centre,OFF-PA-10004082,Fournitures de bureau,Papier,"Adams Telephone Message Book w/Frequently-Called Numbers Space, 400 Messages per Book",7.98,1,0,3.99
6256,US-2018-139444,9/9/2018,9/15/2018,Tarif normal,GK-14620,Grace Kelly,Entreprise,États-Unis,Plano,Texas,USCA - Centre,OFF-LA-10000134,Fournitures de bureau,Étiquettes,Avery 511,9.86,4,0.2,3.45
6258,US-2018-141425,11/2/2018,11/6/2018,J+2,AR-10825,Anthony Rawles,Entreprise,États-Unis,Columbus,Ohio,USCA - Est,OFF-SU-10000646,Fournitures de bureau,Fournitures,Premier Automatic Letter Opener,384.59,2,0.2,-81.73
6262,US-2018-103506,7/23/2018,7/27/2018,Tarif normal,LR-17035,Lisa Ryan,Entreprise,États-Unis,Long Beach,New York,USCA - Est,OFF-LA-10001158,Fournitures de bureau,Étiquettes,"Avery Address/Shipping Labels for Typewriters, 4"" x 2""",41.4,4,0,19.87
6264,US-2018-160724,5/5/2018,5/10/2018,Tarif normal,YS-21880,Yana Sorensen,Entreprise,États-Unis,Columbus,Géorgie,USCA - Sud,OFF-BI-10004965,Fournitures de bureau,Classeurs,Ibico Covers for Plastic or Wire Binding Elements,34.5,3,0,15.53
6270,US-2018-102379,12/2/2018,12/6/2018,Tarif normal,BB-11545,Brenda Bowman,Entreprise,États-Unis,Oakland,Californie,USCA - Ouest,TEC-PH-10001448,Produits technologiques,Téléphones,Anker Astro 15000mAh USB Portable Charger,39.99,1,0.2,-8
6271,US-2018-102379,12/2/2018,12/6/2018,Tarif normal,BB-11545,Brenda Bowman,Entreprise,États-Unis,Oakland,Californie,USCA - Ouest,FUR-CH-10004983,Mobilier,Chaises,Office Star - Mid Back Dual function Ergonomic High Back Chair with 2-Way Adjustable Arms,1159.06,9,0.2,43.46
6272,US-2018-102379,12/2/2018,12/6/2018,Tarif normal,BB-11545,Brenda Bowman,Entreprise,États-Unis,Oakland,Californie,USCA - Ouest,OFF-AR-10004022,Fournitures de bureau,Art,Panasonic KP-380BK Classic Electric Pencil Sharpener,179.9,5,0,44.98
6273,US-2018-149706,12/11/2018,12/12/2018,Prioritaire,AS-10285,Alejandro Savely,Entreprise,États-Unis,Palatine,Illinois,USCA - Centre,TEC-AC-10001284,Produits technologiques,Accessoires,Enermax Briskie RF Wireless Keyboard and Mouse Combo,116.31,7,0.2,23.26
6281,US-2018-152226,5/12/2018,5/16/2018,Tarif normal,JH-15910,Jonathan Howell,Grand public,États-Unis,Cincinnati,Ohio,USCA - Est,OFF-LA-10000443,Fournitures de bureau,Étiquettes,Avery 501,5.9,2,0.2,1.99
6292,US-2018-143756,12/2/2018,12/5/2018,Prioritaire,ME-17725,Max Engle,Grand public,États-Unis,Salem,Virginie,USCA - Sud,FUR-CH-10001854,Mobilier,Chaises,Office Star - Professional Matrix Back Chair with 2-to-1 Synchro Tilt and Mesh Fabric Seat,701.96,2,0,168.47
6300,US-2018-107314,8/22/2018,8/25/2018,Prioritaire,MZ-17335,Maria Zettner,Bureau à domicile,États-Unis,San Francisco,Californie,USCA - Ouest,FUR-FU-10003489,Mobilier,Meubles,Contemporary Borderless Frame,25.83,3,0,9.56
6303,US-2018-166919,11/23/2018,11/27/2018,Tarif normal,AH-10210,Alan Hwang,Grand public,États-Unis,Dallas,Texas,USCA - Centre,TEC-PH-10001305,Produits technologiques,Téléphones,Panasonic KX TS208W Corded phone,195.96,5,0.2,19.6
6304,US-2018-162712,6/18/2018,6/20/2018,J+2,NK-18490,Neil Knudson,Bureau à domicile,États-Unis,Corpus Christi,Texas,USCA - Centre,OFF-PA-10000167,Fournitures de bureau,Papier,Xerox 1925,74.35,3,0.2,23.24
6305,US-2018-107552,5/5/2018,5/5/2018,Le même jour,AI-10855,Arianne Irving,Grand public,États-Unis,New York City,New York,USCA - Est,OFF-PA-10002947,Fournitures de bureau,Papier,Xerox 1923,6.68,1,0,3.21
6313,US-2018-120019,2/16/2018,2/21/2018,Tarif normal,NG-18355,Nat Gilpin,Entreprise,États-Unis,Fairfield,Connecticut,USCA - Est,OFF-ST-10001932,Fournitures de bureau,Stockage,Fellowes Staxonsteel Drawer Files,579.51,3,0,81.13
6314,US-2018-120019,2/16/2018,2/21/2018,Tarif normal,NG-18355,Nat Gilpin,Entreprise,États-Unis,Fairfield,Connecticut,USCA - Est,TEC-PH-10000923,Produits technologiques,Téléphones,"Belkin SportFit Armband For iPhone 5s/5c, Fuchsia",14.99,1,0,7.35
6319,US-2018-161459,11/25/2018,11/29/2018,J+2,EB-13750,Edward Becker,Entreprise,États-Unis,Laguna Niguel,Californie,USCA - Ouest,TEC-PH-10004071,Produits technologiques,Téléphones,PayAnywhere Card Reader,39.96,5,0.2,3.5
6320,US-2018-161459,11/25/2018,11/29/2018,J+2,EB-13750,Edward Becker,Entreprise,États-Unis,Laguna Niguel,Californie,USCA - Ouest,OFF-PA-10002377,Fournitures de bureau,Papier,"Adams Telephone Message Book W/Dividers/Space For Phone Numbers, 5 1/4""X8 1/2"", 200/Messages",34.08,6,0,15.34
6321,US-2018-160017,9/28/2018,10/2/2018,Tarif normal,SP-20860,Sung Pak,Entreprise,États-Unis,Jacksonville,Floride,USCA - Sud,OFF-PA-10001800,Fournitures de bureau,Papier,Xerox 220,10.37,2,0.2,3.63
6339,US-2018-143112,10/5/2018,10/9/2018,Tarif normal,TS-21370,Todd Sumrall,Entreprise,États-Unis,New York City,New York,USCA - Est,TEC-PH-10003095,Produits technologiques,Téléphones,Samsung HM1900 Bluetooth Headset,87.8,4,0,43.9
6340,US-2018-143112,10/5/2018,10/9/2018,Tarif normal,TS-21370,Todd Sumrall,Entreprise,États-Unis,New York City,New York,USCA - Est,FUR-CH-10002880,Mobilier,Chaises,"Global High-Back Leather Tilter, Burgundy",221.38,2,0.1,2.46
6341,US-2018-143112,10/5/2018,10/9/2018,Tarif normal,TS-21370,Todd Sumrall,Entreprise,États-Unis,New York City,New York,USCA - Est,TEC-MA-10001047,Produits technologiques,Machines,"3D Systems Cube Printer, 2nd Generation, Magenta",5199.96,4,0,1351.99
6347,US-2018-104822,10/20/2018,10/20/2018,Le même jour,RB-19465,Rick Bensley,Bureau à domicile,États-Unis,New York City,New York,USCA - Est,OFF-LA-10002034,Fournitures de bureau,Étiquettes,Avery 478,24.55,5,0,12.03
6351,US-2018-161557,9/3/2018,9/8/2018,Tarif normal,AG-10900,Arthur Gainer,Grand public,États-Unis,Dallas,Texas,USCA - Centre,FUR-FU-10004622,Mobilier,Meubles,Eldon Advantage Foldable Chair Mats for Low Pile Carpets,108.4,5,0.6,-105.69
6352,US-2018-161130,11/3/2018,11/8/2018,Tarif normal,BF-11275,Beth Fritzler,Entreprise,États-Unis,Miami,Floride,USCA - Sud,TEC-PH-10002549,Produits technologiques,Téléphones,Polycom SoundPoint IP 450 VoIP phone,361.38,2,0.2,27.1
6357,US-2018-139080,1/23/2018,1/28/2018,Tarif normal,CS-12250,Chris Selesnick,Entreprise,États-Unis,Seattle,Washington,USCA - Ouest,OFF-BI-10001757,Fournitures de bureau,Classeurs,Pressboard Hanging Data Binders for Unburst Sheets,19.68,5,0.2,6.89
6358,US-2018-139080,1/23/2018,1/28/2018,Tarif normal,CS-12250,Chris Selesnick,Entreprise,États-Unis,Seattle,Washington,USCA - Ouest,OFF-PA-10004621,Fournitures de bureau,Papier,Xerox 212,25.92,4,0,12.44
6359,US-2018-139080,1/23/2018,1/28/2018,Tarif normal,CS-12250,Chris Selesnick,Entreprise,États-Unis,Seattle,Washington,USCA - Ouest,OFF-PA-10002262,Fournitures de bureau,Papier,Xerox 192,6.48,1,0,3.11
6360,US-2018-139080,1/23/2018,1/28/2018,Tarif normal,CS-12250,Chris Selesnick,Entreprise,États-Unis,Seattle,Washington,USCA - Ouest,TEC-PH-10004100,Produits technologiques,Téléphones,Griffin GC17055 Auxiliary Audio Cable,86.35,6,0.2,8.64
6363,US-2018-110443,11/21/2018,11/25/2018,Tarif normal,CK-12205,Chloris Kastensmidt,Grand public,États-Unis,Renton,Washington,USCA - Ouest,OFF-BI-10001670,Fournitures de bureau,Classeurs,Vinyl Sectional Post Binders,150.8,5,0.2,56.55
6364,US-2018-110443,11/21/2018,11/25/2018,Tarif normal,CK-12205,Chloris Kastensmidt,Grand public,États-Unis,Renton,Washington,USCA - Ouest,TEC-MA-10002073,Produits technologiques,Machines,"3D Systems Cube Printer, 2nd Generation, White",1039.99,1,0.2,104
6365,US-2018-110443,11/21/2018,11/25/2018,Tarif normal,CK-12205,Chloris Kastensmidt,Grand public,États-Unis,Renton,Washington,USCA - Ouest,OFF-PA-10003797,Fournitures de bureau,Papier,Xerox 209,51.84,8,0,24.88
6366,US-2018-144848,4/4/2018,4/5/2018,Prioritaire,DS-13030,Darrin Sayre,Bureau à domicile,États-Unis,New York City,New York,USCA - Est,TEC-PH-10004006,Produits technologiques,Téléphones,Panasonic KX - TS880B Telephone,41.22,1,0,11.13
6367,US-2018-144848,4/4/2018,4/5/2018,Prioritaire,DS-13030,Darrin Sayre,Bureau à domicile,États-Unis,New York City,New York,USCA - Est,OFF-SU-10000646,Fournitures de bureau,Fournitures,Premier Automatic Letter Opener,240.37,1,0,7.21
6368,US-2018-144848,4/4/2018,4/5/2018,Prioritaire,DS-13030,Darrin Sayre,Bureau à domicile,États-Unis,New York City,New York,USCA - Est,TEC-PH-10002262,Produits technologiques,Téléphones,LG Electronics Tone+ HBS-730 Bluetooth Headset,119.02,2,0,33.33
6369,US-2018-147998,5/19/2018,5/24/2018,Tarif normal,SA-20830,Sue Ann Reed,Grand public,États-Unis,San Jose,Californie,USCA - Ouest,OFF-BI-10002082,Fournitures de bureau,Classeurs,GBC Twin Loop Wire Binding Elements,133.12,5,0.2,49.92
6372,US-2018-143035,10/3/2018,10/5/2018,J+2,CC-12430,Chuck Clark,Bureau à domicile,États-Unis,New York City,New York,USCA - Est,FUR-FU-10001934,Mobilier,Meubles,Magnifier Swing Arm Lamp,83.92,4,0,21.82
6373,US-2018-143035,10/3/2018,10/5/2018,J+2,CC-12430,Chuck Clark,Bureau à domicile,États-Unis,New York City,New York,USCA - Est,OFF-AR-10001130,Fournitures de bureau,Art,"Quartet Alpha White Chalk, 12/Pack",6.63,3,0,3.12
6374,US-2018-143035,10/3/2018,10/5/2018,J+2,CC-12430,Chuck Clark,Bureau à domicile,États-Unis,New York City,New York,USCA - Est,TEC-AC-10002049,Produits technologiques,Accessoires,Logitech G19 Programmable Gaming Keyboard,371.97,3,0,66.95
6379,US-2018-150623,4/10/2018,4/14/2018,Tarif normal,DB-13360,Dennis Bolton,Bureau à domicile,États-Unis,Waterbury,Connecticut,USCA - Est,TEC-AC-10004571,Produits technologiques,Accessoires,Logitech G700s Rechargeable Gaming Mouse,99.99,1,0,42
6380,US-2018-150623,4/10/2018,4/14/2018,Tarif normal,DB-13360,Dennis Bolton,Bureau à domicile,États-Unis,Waterbury,Connecticut,USCA - Est,OFF-ST-10003692,Fournitures de bureau,Stockage,Recycled Steel Personal File for Hanging File Folders,286.15,5,0,71.54
6384,US-2018-104661,1/15/2018,1/18/2018,Prioritaire,TB-21250,Tim Brockman,Grand public,États-Unis,Austin,Texas,USCA - Centre,OFF-BI-10001597,Fournitures de bureau,Classeurs,"Wilson Jones Ledger-Size, Piano-Hinge Binder, 2"", Blue",32.78,4,0.8,-52.45
6385,US-2018-104661,1/15/2018,1/18/2018,Prioritaire,TB-21250,Tim Brockman,Grand public,États-Unis,Austin,Texas,USCA - Centre,TEC-AC-10003628,Produits technologiques,Accessoires,Logitech 910-002974 M325 Wireless Mouse for Web Scrolling,47.98,2,0.2,14.4
6386,US-2018-104661,1/15/2018,1/18/2018,Prioritaire,TB-21250,Tim Brockman,Grand public,États-Unis,Austin,Texas,USCA - Centre,TEC-AC-10002331,Produits technologiques,Accessoires,"Maxell 74 Minute CDR, 10/Pack",62.59,8,0.2,13.3
6387,US-2018-104661,1/15/2018,1/18/2018,Prioritaire,TB-21250,Tim Brockman,Grand public,États-Unis,Austin,Texas,USCA - Centre,OFF-BI-10001098,Fournitures de bureau,Classeurs,Acco D-Ring Binder w/DublLock,4.28,1,0.8,-6.63
6398,US-2018-131632,7/23/2018,7/26/2018,Tarif normal,AH-10120,Adrian Hane,Bureau à domicile,États-Unis,Dallas,Texas,USCA - Centre,OFF-AR-10003651,Fournitures de bureau,Art,Newell 350,5.25,2,0.2,0.59
6399,US-2018-151981,8/6/2018,8/12/2018,Tarif normal,GM-14455,Gary Mitchum,Bureau à domicile,États-Unis,Concord,New Hampshire,USCA - Est,TEC-PH-10003601,Produits technologiques,Téléphones,"Ativa D5772 2-Line 5.8GHz Digital Expandable Corded/Cordless Phone System with Answering & Caller ID/Call Waiting, Black/Silver",824.95,5,0,247.49
6400,US-2018-151981,8/6/2018,8/12/2018,Tarif normal,GM-14455,Gary Mitchum,Bureau à domicile,États-Unis,Concord,New Hampshire,USCA - Est,OFF-LA-10002195,Fournitures de bureau,Étiquettes,Avery 481,24.64,8,0,11.83
6401,US-2018-151981,8/6/2018,8/12/2018,Tarif normal,GM-14455,Gary Mitchum,Bureau à domicile,États-Unis,Concord,New Hampshire,USCA - Est,OFF-AR-10000380,Fournitures de bureau,Art,"Hunt PowerHouse Electric Pencil Sharpener, Blue",227.88,6,0,68.36
6402,US-2018-125472,2/19/2018,2/20/2018,Prioritaire,BD-11725,Bruce Degenhardt,Grand public,États-Unis,Lafayette,Louisiane,USCA - Sud,FUR-BO-10000330,Mobilier,Bibliothèques,"Sauder Camden County Barrister Bookcase, Planked Cherry Finish",241.96,2,0,33.87
6403,US-2018-125472,2/19/2018,2/20/2018,Prioritaire,BD-11725,Bruce Degenhardt,Grand public,États-Unis,Lafayette,Louisiane,USCA - Sud,OFF-BI-10000591,Fournitures de bureau,Classeurs,Avery Binder Labels,3.89,1,0,1.87
6404,US-2018-125472,2/19/2018,2/20/2018,Prioritaire,BD-11725,Bruce Degenhardt,Grand public,États-Unis,Lafayette,Louisiane,USCA - Sud,FUR-FU-10001731,Mobilier,Meubles,Acrylic Self-Standing Desk Frames,8.01,3,0,3.04
6406,US-2018-154074,5/23/2018,5/26/2018,J+2,BW-11110,Bart Watters,Entreprise,États-Unis,Spokane,Washington,USCA - Ouest,FUR-CH-10002331,Mobilier,Chaises,Hon 4700 Series Mobuis Mid-Back Task Chairs with Adjustable Arms,569.57,2,0.2,7.12
6407,US-2018-154074,5/23/2018,5/26/2018,J+2,BW-11110,Bart Watters,Entreprise,États-Unis,Spokane,Washington,USCA - Ouest,OFF-ST-10002370,Fournitures de bureau,Stockage,"Sortfiler Multipurpose Personal File Organizer, Black",149.73,7,0,43.42
6408,US-2018-161774,5/14/2018,5/15/2018,Prioritaire,GT-14710,Greg Tran,Grand public,États-Unis,Houston,Texas,USCA - Centre,FUR-CH-10003981,Mobilier,Chaises,Global Commerce Series Low-Back Swivel/Tilt Chairs,899.43,5,0.3,-12.85
6409,US-2018-161774,5/14/2018,5/15/2018,Prioritaire,GT-14710,Greg Tran,Grand public,États-Unis,Houston,Texas,USCA - Centre,OFF-AR-10001446,Fournitures de bureau,Art,Newell 309,46.2,5,0.2,5.78
6410,US-2018-161774,5/14/2018,5/15/2018,Prioritaire,GT-14710,Greg Tran,Grand public,États-Unis,Houston,Texas,USCA - Centre,OFF-PA-10000300,Fournitures de bureau,Papier,Xerox 1936,47.95,3,0.2,16.18
6411,US-2018-161774,5/14/2018,5/15/2018,Prioritaire,GT-14710,Greg Tran,Grand public,États-Unis,Houston,Texas,USCA - Centre,TEC-PH-10004071,Produits technologiques,Téléphones,PayAnywhere Card Reader,7.99,1,0.2,0.7
6412,US-2018-161774,5/14/2018,5/15/2018,Prioritaire,GT-14710,Greg Tran,Grand public,États-Unis,Houston,Texas,USCA - Centre,OFF-PA-10003134,Fournitures de bureau,Papier,Xerox 1937,76.86,2,0.2,26.9
6413,US-2018-151211,8/17/2018,8/23/2018,Tarif normal,AH-10120,Adrian Hane,Bureau à domicile,États-Unis,Louisville,Kentucky,USCA - Sud,OFF-BI-10002735,Fournitures de bureau,Classeurs,GBC Prestige Therm-A-Bind Covers,102.93,3,0,48.38
6414,US-2018-151211,8/17/2018,8/23/2018,Tarif normal,AH-10120,Adrian Hane,Bureau à domicile,États-Unis,Louisville,Kentucky,USCA - Sud,TEC-AC-10004510,Produits technologiques,Accessoires,Logitech Desktop MK120 Mouse and keyboard Combo,98.16,6,0,9.82
6415,US-2018-142671,11/10/2018,11/14/2018,J+2,DR-12940,Daniel Raglin,Bureau à domicile,États-Unis,Hollywood,Floride,USCA - Sud,OFF-BI-10004099,Fournitures de bureau,Classeurs,GBC VeloBinder Strips,11.52,5,0.7,-7.68
6416,US-2018-144750,8/21/2018,8/21/2018,Le même jour,DL-13495,Dionis Lloyd,Entreprise,États-Unis,Chandler,Arizona,USCA - Ouest,OFF-PA-10003395,Fournitures de bureau,Papier,Xerox 1941,83.88,1,0.2,29.36
6425,CA-2018-115777,8/19/2018,8/24/2018,Tarif normal,DO-13645,Doug O'Connell,Grand public,Canada,Montréal,Québec,USCA - Est,OFF-PA-10000552,Fournitures de bureau,Papier,Xerox 200,19.44,3,0,9.33
6436,US-2018-116897,5/27/2018,5/29/2018,Prioritaire,JG-15160,James Galang,Grand public,États-Unis,Pocatello,Idaho,USCA - Ouest,FUR-FU-10004963,Mobilier,Meubles,"Eldon 400 Class Desk Accessories, Black Carbon",35,4,0,14.7
6437,US-2018-116897,5/27/2018,5/29/2018,Prioritaire,JG-15160,James Galang,Grand public,États-Unis,Pocatello,Idaho,USCA - Ouest,OFF-ST-10000025,Fournitures de bureau,Stockage,Fellowes Stor/Drawer Steel Plus Storage Drawers,477.15,5,0,28.63
6438,US-2018-116897,5/27/2018,5/29/2018,Prioritaire,JG-15160,James Galang,Grand public,États-Unis,Pocatello,Idaho,USCA - Ouest,TEC-PH-10004389,Produits technologiques,Téléphones,Nokia Lumia 925,302.38,3,0.2,22.68
6439,US-2018-113992,12/14/2018,12/19/2018,Tarif normal,LC-16885,Lena Creighton,Grand public,États-Unis,Plano,Texas,USCA - Centre,FUR-TA-10000577,Mobilier,Tables,Bretford CR4500 Series Slim Rectangular Table,974.99,4,0.3,-97.5
6447,US-2018-119816,3/4/2018,3/6/2018,J+2,TT-21460,Tonja Turnell,Bureau à domicile,États-Unis,Houston,Texas,USCA - Centre,FUR-FU-10004848,Mobilier,Meubles,"Howard Miller 13-3/4"" Diameter Brushed Chrome Round Wall Clock",103.5,5,0.6,-77.63
6448,US-2018-119816,3/4/2018,3/6/2018,J+2,TT-21460,Tonja Turnell,Bureau à domicile,États-Unis,Houston,Texas,USCA - Centre,OFF-LA-10002381,Fournitures de bureau,Étiquettes,Avery 497,2.46,1,0.2,0.86
6449,US-2018-119816,3/4/2018,3/6/2018,J+2,TT-21460,Tonja Turnell,Bureau à domicile,États-Unis,Houston,Texas,USCA - Centre,OFF-ST-10000918,Fournitures de bureau,Stockage,Crate-A-Files,8.72,1,0.2,0.65
6455,US-2018-161102,4/22/2018,4/25/2018,Prioritaire,EC-14050,Erin Creighton,Grand public,États-Unis,San Francisco,Californie,USCA - Ouest,OFF-ST-10003442,Fournitures de bureau,Stockage,Eldon Portable Mobile Manager,56.56,2,0,15.27
6456,US-2018-161102,4/22/2018,4/25/2018,Prioritaire,EC-14050,Erin Creighton,Grand public,États-Unis,San Francisco,Californie,USCA - Ouest,FUR-FU-10003142,Mobilier,Meubles,"Master Big Foot Doorstop, Beige",36.96,7,0,11.46
6459,US-2018-133361,5/14/2018,5/17/2018,Prioritaire,AJ-10780,Anthony Jacobs,Entreprise,États-Unis,Baltimore,Maryland,USCA - Est,OFF-AR-10001919,Fournitures de bureau,Art,"OIC #2 Pencils, Medium Soft",3.76,2,0,1.09
6460,US-2018-133361,5/14/2018,5/17/2018,Prioritaire,AJ-10780,Anthony Jacobs,Entreprise,États-Unis,Baltimore,Maryland,USCA - Est,OFF-AR-10003045,Fournitures de bureau,Art,Prang Colored Pencils,14.7,5,0,6.62
6461,US-2018-133361,5/14/2018,5/17/2018,Prioritaire,AJ-10780,Anthony Jacobs,Entreprise,États-Unis,Baltimore,Maryland,USCA - Est,OFF-AR-10003338,Fournitures de bureau,Art,"Eberhard Faber 3 1/2"" Golf Pencils",37.2,5,0,9.3
6462,US-2018-133361,5/14/2018,5/17/2018,Prioritaire,AJ-10780,Anthony Jacobs,Entreprise,États-Unis,Baltimore,Maryland,USCA - Est,TEC-AC-10003280,Produits technologiques,Accessoires,Belkin F8E887 USB Wired Ergonomic Keyboard,89.97,3,0,18.89
6463,US-2018-133361,5/14/2018,5/17/2018,Prioritaire,AJ-10780,Anthony Jacobs,Entreprise,États-Unis,Baltimore,Maryland,USCA - Est,FUR-CH-10003298,Mobilier,Chaises,"Office Star - Contemporary Task Swivel chair with Loop Arms, Charcoal",261.96,2,0,23.58
6464,US-2018-133361,5/14/2018,5/17/2018,Prioritaire,AJ-10780,Anthony Jacobs,Entreprise,États-Unis,Baltimore,Maryland,USCA - Est,OFF-LA-10004544,Fournitures de bureau,Étiquettes,Avery 505,74,5,0,37
6467,US-2018-153080,5/22/2018,5/25/2018,J+2,EH-13945,Eric Hoffmann,Grand public,États-Unis,Los Angeles,Californie,USCA - Ouest,TEC-AC-10002331,Produits technologiques,Accessoires,"Maxell 74 Minute CDR, 10/Pack",68.46,7,0,25.33
6476,US-2018-140872,6/3/2018,6/10/2018,Tarif normal,NR-18550,Nick Radford,Grand public,États-Unis,Pembroke Pines,Floride,USCA - Sud,OFF-BI-10002432,Fournitures de bureau,Classeurs,Wilson Jones Standard D-Ring Binders,4.55,3,0.7,-3.49
6477,US-2018-140872,6/3/2018,6/10/2018,Tarif normal,NR-18550,Nick Radford,Grand public,États-Unis,Pembroke Pines,Floride,USCA - Sud,OFF-AP-10003622,Fournitures de bureau,Électroménager,"Bravo II Megaboss 12-Amp Hard Body Upright, Replacement Belts, 2 Belts per Pack",5.2,2,0.2,0.59
6478,US-2018-140872,6/3/2018,6/10/2018,Tarif normal,NR-18550,Nick Radford,Grand public,États-Unis,Pembroke Pines,Floride,USCA - Sud,TEC-AC-10003832,Produits technologiques,Accessoires,Logitech P710e Mobile Speakerphone,205.99,1,0.2,-2.57
6479,US-2018-140872,6/3/2018,6/10/2018,Tarif normal,NR-18550,Nick Radford,Grand public,États-Unis,Pembroke Pines,Floride,USCA - Sud,OFF-PA-10000809,Fournitures de bureau,Papier,Xerox 206,15.55,3,0.2,5.44
6480,US-2018-140872,6/3/2018,6/10/2018,Tarif normal,NR-18550,Nick Radford,Grand public,États-Unis,Pembroke Pines,Floride,USCA - Sud,TEC-PH-10000441,Produits technologiques,Téléphones,VTech DS6151,503.96,5,0.2,50.4
6481,US-2018-140872,6/3/2018,6/10/2018,Tarif normal,NR-18550,Nick Radford,Grand public,États-Unis,Pembroke Pines,Floride,USCA - Sud,OFF-AP-10002287,Fournitures de bureau,Électroménager,"Eureka Sanitaire  Multi-Pro Heavy-Duty Upright, Disposable Bags",24.47,7,0.2,1.84
6482,US-2018-140872,6/3/2018,6/10/2018,Tarif normal,NR-18550,Nick Radford,Grand public,États-Unis,Pembroke Pines,Floride,USCA - Sud,FUR-BO-10002824,Mobilier,Bibliothèques,Bush Mission Pointe Library,241.57,2,0.2,0
6483,US-2018-140872,6/3/2018,6/10/2018,Tarif normal,NR-18550,Nick Radford,Grand public,États-Unis,Pembroke Pines,Floride,USCA - Sud,TEC-AC-10002942,Produits technologiques,Accessoires,WD My Passport Ultra 1TB Portable External Hard Drive,110.4,2,0.2,-4.14
6484,US-2018-113908,6/3/2018,6/9/2018,Tarif normal,KN-16390,Katherine Nockton,Entreprise,États-Unis,New York City,New York,USCA - Est,FUR-TA-10001932,Mobilier,Tables,"Chromcraft 48"" x 96"" Racetrack Double Pedestal Table",384.77,2,0.4,-115.43
6485,US-2018-113908,6/3/2018,6/9/2018,Tarif normal,KN-16390,Katherine Nockton,Entreprise,États-Unis,New York City,New York,USCA - Est,TEC-MA-10003173,Produits technologiques,Machines,Hewlett-Packard 300S Scientific Calculator,78.66,6,0,36.18
6486,US-2018-113908,6/3/2018,6/9/2018,Tarif normal,KN-16390,Katherine Nockton,Entreprise,États-Unis,New York City,New York,USCA - Est,OFF-PA-10004156,Fournitures de bureau,Papier,Xerox 188,45.36,4,0,22.23
6490,US-2018-148866,9/19/2018,9/24/2018,Tarif normal,JM-15535,Jessica Myrick,Grand public,États-Unis,New York City,New York,USCA - Est,OFF-PA-10004782,Fournitures de bureau,Papier,Xerox 228,32.4,5,0,15.55
6495,US-2018-111262,10/28/2018,11/1/2018,J+2,KH-16510,Keith Herrera,Grand public,États-Unis,Houston,Texas,USCA - Centre,TEC-AC-10002167,Produits technologiques,Accessoires,Imation 8gb Micro Traveldrive Usb 2.0 Flash Drive,24,2,0.2,-2.7
6496,US-2018-111262,10/28/2018,11/1/2018,J+2,KH-16510,Keith Herrera,Grand public,États-Unis,Houston,Texas,USCA - Centre,OFF-PA-10001937,Fournitures de bureau,Papier,Xerox 21,15.55,3,0.2,5.44
6497,US-2018-111262,10/28/2018,11/1/2018,J+2,KH-16510,Keith Herrera,Grand public,États-Unis,Houston,Texas,USCA - Centre,TEC-AC-10004510,Produits technologiques,Accessoires,Logitech Desktop MK120 Mouse and keyboard Combo,26.18,2,0.2,-3.27
6505,US-2018-128265,11/17/2018,11/22/2018,J+2,VW-21775,Victoria Wilson,Entreprise,États-Unis,New York City,New York,USCA - Est,OFF-ST-10000142,Fournitures de bureau,Stockage,Deluxe Rollaway Locking File with Drawer,1247.64,3,0,349.34
6509,US-2018-102197,12/20/2018,12/26/2018,Tarif normal,DK-13150,David Kendrick,Entreprise,États-Unis,New York City,New York,USCA - Est,OFF-PA-10001970,Fournitures de bureau,Papier,Xerox 1908,279.9,5,0,137.15
6510,US-2018-102197,12/20/2018,12/26/2018,Tarif normal,DK-13150,David Kendrick,Entreprise,États-Unis,New York City,New York,USCA - Est,OFF-BI-10001524,Fournitures de bureau,Classeurs,GBC Premium Transparent Covers with Diagonal Lined Pattern,50.35,3,0.2,17.62
6511,US-2018-102197,12/20/2018,12/26/2018,Tarif normal,DK-13150,David Kendrick,Entreprise,États-Unis,New York City,New York,USCA - Est,OFF-PA-10004156,Fournitures de bureau,Papier,Xerox 188,34.02,3,0,16.67
6512,US-2018-167640,3/6/2018,3/10/2018,Tarif normal,FC-14245,Frank Carlisle,Bureau à domicile,États-Unis,San Francisco,Californie,USCA - Ouest,OFF-AR-10003158,Fournitures de bureau,Art,Fluorescent Highlighters by Dixon,23.88,6,0,8.12
6513,US-2018-167640,3/6/2018,3/10/2018,Tarif normal,FC-14245,Frank Carlisle,Bureau à domicile,États-Unis,San Francisco,Californie,USCA - Ouest,OFF-LA-10004559,Fournitures de bureau,Étiquettes,Avery 49,11.52,4,0,5.64
6514,US-2018-167640,3/6/2018,3/10/2018,Tarif normal,FC-14245,Frank Carlisle,Bureau à domicile,États-Unis,San Francisco,Californie,USCA - Ouest,OFF-PA-10001033,Fournitures de bureau,Papier,Xerox 1893,286.93,7,0,140.6
6515,US-2018-167640,3/6/2018,3/10/2018,Tarif normal,FC-14245,Frank Carlisle,Bureau à domicile,États-Unis,San Francisco,Californie,USCA - Ouest,TEC-PH-10001336,Produits technologiques,Téléphones,Digium D40 VoIP phone,206.38,2,0.2,23.22
6516,US-2018-116652,9/15/2018,9/19/2018,Tarif normal,RD-19480,Rick Duston,Grand public,États-Unis,San Francisco,Californie,USCA - Ouest,FUR-CH-10002961,Mobilier,Chaises,"Leather Task Chair, Black",218.35,3,0.2,0
6517,US-2018-116652,9/15/2018,9/19/2018,Tarif normal,RD-19480,Rick Duston,Grand public,États-Unis,San Francisco,Californie,USCA - Ouest,FUR-FU-10001488,Mobilier,Meubles,"Tenex 46"" x 60"" Computer Anti-Static Chairmat, Rectangular Shaped",529.9,5,0,105.98
6518,US-2018-116652,9/15/2018,9/19/2018,Tarif normal,RD-19480,Rick Duston,Grand public,États-Unis,San Francisco,Californie,USCA - Ouest,OFF-AR-10001915,Fournitures de bureau,Art,Peel-Off China Markers,99.3,10,0,41.71
6519,US-2018-116652,9/15/2018,9/19/2018,Tarif normal,RD-19480,Rick Duston,Grand public,États-Unis,San Francisco,Californie,USCA - Ouest,OFF-AP-10001205,Fournitures de bureau,Électroménager,Belkin 5 Outlet SurgeMaster Power Centers,108.96,2,0,30.51
6520,US-2018-116652,9/15/2018,9/19/2018,Tarif normal,RD-19480,Rick Duston,Grand public,États-Unis,San Francisco,Californie,USCA - Ouest,OFF-BI-10004528,Fournitures de bureau,Classeurs,Cardinal Poly Pocket Divider Pockets for Ring Binders,2.69,1,0.2,0.84
6521,US-2018-138289,1/16/2018,1/18/2018,J+2,AR-10540,Andy Reiter,Grand public,États-Unis,Jackson,Michigan,USCA - Centre,OFF-BI-10004995,Fournitures de bureau,Classeurs,GBC DocuBind P400 Electric Binding System,5443.96,4,0,2504.22
6522,US-2018-138289,1/16/2018,1/18/2018,J+2,AR-10540,Andy Reiter,Grand public,États-Unis,Jackson,Michigan,USCA - Centre,FUR-CH-10004626,Mobilier,Chaises,Office Star Flex Back Scooter Chair with Aluminum Finish Frame,302.67,3,0,72.64
6523,US-2018-138289,1/16/2018,1/18/2018,J+2,AR-10540,Andy Reiter,Grand public,États-Unis,Jackson,Michigan,USCA - Centre,OFF-PA-10001260,Fournitures de bureau,Papier,"TOPS Money Receipt Book, Consecutively Numbered in Red,",56.07,7,0,25.23
6532,US-2018-107384,12/4/2018,12/8/2018,Tarif normal,TP-21130,Theone Pippenger,Grand public,États-Unis,Rochester,Minnesota,USCA - Centre,OFF-AR-10001315,Fournitures de bureau,Art,Newell 310,8.8,5,0,2.55
6533,US-2018-107384,12/4/2018,12/8/2018,Tarif normal,TP-21130,Theone Pippenger,Grand public,États-Unis,Rochester,Minnesota,USCA - Centre,TEC-AC-10004595,Produits technologiques,Accessoires,First Data TMFD35 PIN Pad,142.8,1,0,29.99
6534,US-2018-107384,12/4/2018,12/8/2018,Tarif normal,TP-21130,Theone Pippenger,Grand public,États-Unis,Rochester,Minnesota,USCA - Centre,TEC-AC-10001539,Produits technologiques,Accessoires,Logitech G430 Surround Sound Gaming Headset with Dolby 7.1 Technology,399.95,5,0,143.98
6541,US-2018-107888,11/16/2018,11/19/2018,Prioritaire,CC-12220,Chris Cortes,Grand public,États-Unis,Seattle,Washington,USCA - Ouest,OFF-PA-10001363,Fournitures de bureau,Papier,Xerox 1933,73.68,6,0,34.63
6542,US-2018-107888,11/16/2018,11/19/2018,Prioritaire,CC-12220,Chris Cortes,Grand public,États-Unis,Seattle,Washington,USCA - Ouest,FUR-FU-10003394,Mobilier,Meubles,"Tenex ""The Solids"" Textured Chair Mats",139.92,2,0,23.79
6543,US-2018-107888,11/16/2018,11/19/2018,Prioritaire,CC-12220,Chris Cortes,Grand public,États-Unis,Seattle,Washington,USCA - Ouest,TEC-PH-10003171,Produits technologiques,Téléphones,Plantronics Encore H101 Dual Earpieces Headset,107.88,3,0.2,10.79
6544,US-2018-107888,11/16/2018,11/19/2018,Prioritaire,CC-12220,Chris Cortes,Grand public,États-Unis,Seattle,Washington,USCA - Ouest,OFF-ST-10003123,Fournitures de bureau,Stockage,Fellowes Bases and Tops For Staxonsteel/High-Stak Systems,33.29,1,0,7.99
6545,US-2018-154872,5/14/2018,5/18/2018,Tarif normal,DP-13000,Darren Powers,Grand public,États-Unis,Cleveland,Ohio,USCA - Est,OFF-BI-10003007,Fournitures de bureau,Classeurs,"Premium Transparent Presentation Covers, No Pattern/Clear, 8 1/2"" x 11""",58.17,5,0.7,-46.54
6546,US-2018-154872,5/14/2018,5/18/2018,Tarif normal,DP-13000,Darren Powers,Grand public,États-Unis,Cleveland,Ohio,USCA - Est,OFF-LA-10000973,Fournitures de bureau,Étiquettes,Avery 502,5.04,2,0.2,1.76
6547,US-2018-154872,5/14/2018,5/18/2018,Tarif normal,DP-13000,Darren Powers,Grand public,États-Unis,Cleveland,Ohio,USCA - Est,OFF-PA-10000483,Fournitures de bureau,Papier,Xerox 19,24.78,1,0.2,7.75
6552,US-2018-161578,12/16/2018,12/21/2018,J+2,RB-19465,Rick Bensley,Bureau à domicile,États-Unis,Los Angeles,Californie,USCA - Ouest,OFF-PA-10002986,Fournitures de bureau,Papier,Xerox 1898,13.36,2,0,6.41
6553,US-2018-161578,12/16/2018,12/21/2018,J+2,RB-19465,Rick Bensley,Bureau à domicile,États-Unis,Los Angeles,Californie,USCA - Ouest,OFF-ST-10002289,Fournitures de bureau,Stockage,"Safco Wire Cube Shelving System, For Use as 4 or 5 14"" Cubes, Black",158.9,5,0,7.94
6562,US-2018-144680,12/21/2018,12/24/2018,Prioritaire,SC-20260,Scott Cohen,Entreprise,États-Unis,Arlington,Texas,USCA - Centre,OFF-AP-10003040,Fournitures de bureau,Électroménager,Fellowes 8 Outlet Superior Workstation Surge Protector w/o Phone/Fax/Modem Protection,33.62,5,0.8,-90.77
6567,US-2018-131282,2/5/2018,2/8/2018,J+2,CB-12025,Cassandra Brandow,Grand public,États-Unis,Waco,Texas,USCA - Centre,OFF-BI-10004632,Fournitures de bureau,Classeurs,Ibico Hi-Tech Manual Binding System,243.99,4,0.8,-426.99
6568,US-2018-131282,2/5/2018,2/8/2018,J+2,CB-12025,Cassandra Brandow,Grand public,États-Unis,Waco,Texas,USCA - Centre,OFF-AR-10003087,Fournitures de bureau,Art,Staples in misc. colors,7.12,5,0.2,0.71
6576,US-2018-123085,3/3/2018,3/8/2018,Tarif normal,EJ-13720,Ed Jacobs,Grand public,États-Unis,Los Angeles,Californie,USCA - Ouest,TEC-AC-10000990,Produits technologiques,Accessoires,Imation Bio 2GB USB Flash Drive Imation Corp,1049.44,8,0,440.76
6577,US-2018-123085,3/3/2018,3/8/2018,Tarif normal,EJ-13720,Ed Jacobs,Grand public,États-Unis,Los Angeles,Californie,USCA - Ouest,FUR-CH-10003968,Mobilier,Chaises,Novimex Turbo Task Chair,170.35,3,0.2,-17.04
6584,US-2018-104731,7/21/2018,7/27/2018,Tarif normal,AM-10705,Anne McFarland,Grand public,États-Unis,Salem,Virginie,USCA - Sud,OFF-AR-10003727,Fournitures de bureau,Art,Berol Giant Pencil Sharpener,101.94,6,0,29.56
6585,US-2018-104731,7/21/2018,7/27/2018,Tarif normal,AM-10705,Anne McFarland,Grand public,États-Unis,Salem,Virginie,USCA - Sud,TEC-PH-10002660,Produits technologiques,Téléphones,Nortel Networks T7316 E Nt8 B27,271.96,4,0,67.99
6586,US-2018-104731,7/21/2018,7/27/2018,Tarif normal,AM-10705,Anne McFarland,Grand public,États-Unis,Salem,Virginie,USCA - Sud,FUR-FU-10003274,Mobilier,Meubles,Regeneration Desk Collection,8.8,5,0,3.87
6587,US-2018-104731,7/21/2018,7/27/2018,Tarif normal,AM-10705,Anne McFarland,Grand public,États-Unis,Salem,Virginie,USCA - Sud,OFF-AR-10003829,Fournitures de bureau,Art,Newell 35,19.68,6,0,5.71
6588,US-2018-104731,7/21/2018,7/27/2018,Tarif normal,AM-10705,Anne McFarland,Grand public,États-Unis,Salem,Virginie,USCA - Sud,FUR-BO-10003441,Mobilier,Bibliothèques,"Bush Westfield Collection Bookcases, Fully Assembled",302.94,3,0,69.68
6589,US-2018-104731,7/21/2018,7/27/2018,Tarif normal,AM-10705,Anne McFarland,Grand public,États-Unis,Salem,Virginie,USCA - Sud,OFF-BI-10003355,Fournitures de bureau,Classeurs,Cardinal Holdit Business Card Pockets,14.94,3,0,7.17
6590,US-2018-104731,7/21/2018,7/27/2018,Tarif normal,AM-10705,Anne McFarland,Grand public,États-Unis,Salem,Virginie,USCA - Sud,OFF-SU-10003505,Fournitures de bureau,Fournitures,Premier Electric Letter Opener,231.72,2,0,11.59
6596,US-2018-157112,4/23/2018,4/26/2018,Prioritaire,GG-14650,Greg Guthrie,Entreprise,États-Unis,Columbus,Ohio,USCA - Est,OFF-BI-10000285,Fournitures de bureau,Classeurs,XtraLife ClearVue Slant-D Ring Binders by Cardinal,11.76,5,0.7,-7.84
6597,US-2018-157112,4/23/2018,4/26/2018,Prioritaire,GG-14650,Greg Guthrie,Entreprise,États-Unis,Columbus,Ohio,USCA - Est,OFF-PA-10001804,Fournitures de bureau,Papier,Xerox 195,5.34,1,0.2,1.87
6604,US-2018-146346,6/17/2018,6/20/2018,Prioritaire,RA-19945,Ryan Akin,Grand public,États-Unis,Commerce City,Colorado,USCA - Ouest,OFF-ST-10001418,Fournitures de bureau,Stockage,Carina Media Storage Towers in Natural & Black,146.35,3,0.2,-32.93
6619,US-2018-167402,1/13/2018,1/18/2018,J+2,CP-12085,Cathy Prescott,Entreprise,États-Unis,Springfield,Missouri,USCA - Centre,OFF-PA-10004983,Fournitures de bureau,Papier,Xerox 23,32.4,5,0,15.55
6620,US-2018-167402,1/13/2018,1/18/2018,J+2,CP-12085,Cathy Prescott,Entreprise,États-Unis,Springfield,Missouri,USCA - Centre,OFF-AR-10004010,Fournitures de bureau,Art,Hunt Boston Vacuum Mount KS Pencil Sharpener,209.94,6,0,54.58
6621,US-2018-167402,1/13/2018,1/18/2018,J+2,CP-12085,Cathy Prescott,Entreprise,États-Unis,Springfield,Missouri,USCA - Centre,OFF-SU-10002881,Fournitures de bureau,Fournitures,Martin Yale Chadless Opener Electric Letter Opener,4164.05,5,0,83.28
6622,US-2018-167402,1/13/2018,1/18/2018,J+2,CP-12085,Cathy Prescott,Entreprise,États-Unis,Springfield,Missouri,USCA - Centre,FUR-BO-10001608,Mobilier,Bibliothèques,"Hon Metal Bookcases, Black",212.94,3,0,53.24
6635,US-2018-144498,5/6/2018,5/6/2018,Le même jour,MB-18085,Mick Brown,Grand public,États-Unis,Charlotte,Caroline du Nord,USCA - Sud,OFF-BI-10003982,Fournitures de bureau,Classeurs,Wilson Jones Century Plastic Molded Ring Binders,68.54,11,0.7,-52.55
6636,US-2018-144498,5/6/2018,5/6/2018,Le même jour,MB-18085,Mick Brown,Grand public,États-Unis,Charlotte,Caroline du Nord,USCA - Sud,TEC-PH-10004977,Produits technologiques,Téléphones,GE 30524EE4,627.17,4,0.2,70.56
6637,US-2018-144498,5/6/2018,5/6/2018,Le même jour,MB-18085,Mick Brown,Grand public,États-Unis,Charlotte,Caroline du Nord,USCA - Sud,OFF-LA-10003510,Fournitures de bureau,Étiquettes,"Avery 4027 File Folder Labels for Dot Matrix Printers, 5000 Labels per Box, White",122.12,5,0.2,39.69
6638,US-2018-103352,11/27/2018,11/30/2018,J+2,RP-19390,Resi Pölking,Grand public,États-Unis,New York City,New York,USCA - Est,OFF-AR-10001573,Fournitures de bureau,Art,American Pencil,6.99,3,0,2.03
6639,US-2018-103352,11/27/2018,11/30/2018,J+2,RP-19390,Resi Pölking,Grand public,États-Unis,New York City,New York,USCA - Est,OFF-BI-10001196,Fournitures de bureau,Classeurs,"Avery Flip-Chart Easel Binder, Black",107.42,6,0.2,36.26
6641,US-2018-128328,8/5/2018,8/9/2018,Tarif normal,PO-18865,Patrick O'Donnell,Grand public,États-Unis,Indianapolis,Indiana,USCA - Centre,OFF-BI-10001989,Fournitures de bureau,Classeurs,Premium Transparent Presentation Covers by GBC,125.88,6,0,60.42
6642,US-2018-128328,8/5/2018,8/9/2018,Tarif normal,PO-18865,Patrick O'Donnell,Grand public,États-Unis,Indianapolis,Indiana,USCA - Centre,TEC-AC-10001714,Produits technologiques,Accessoires,Logitech MX Performance Wireless Mouse,79.78,2,0,29.52
6643,US-2018-128328,8/5/2018,8/9/2018,Tarif normal,PO-18865,Patrick O'Donnell,Grand public,États-Unis,Indianapolis,Indiana,USCA - Centre,OFF-LA-10003498,Fournitures de bureau,Étiquettes,Avery 475,133.2,9,0,66.6
6649,US-2018-124779,9/8/2018,9/11/2018,Prioritaire,BF-11020,Barry Französisch,Entreprise,États-Unis,Arlington,Texas,USCA - Centre,OFF-BI-10002429,Fournitures de bureau,Classeurs,"Premier Elliptical Ring Binder, Black",42.62,7,0.8,-68.19
6650,US-2018-124779,9/8/2018,9/11/2018,Prioritaire,BF-11020,Barry Französisch,Entreprise,États-Unis,Arlington,Texas,USCA - Centre,TEC-CO-10001943,Produits technologiques,Photocopieurs,Canon PC-428 Personal Copier,319.98,2,0.2,107.99
6651,US-2018-124779,9/8/2018,9/11/2018,Prioritaire,BF-11020,Barry Französisch,Entreprise,États-Unis,Arlington,Texas,USCA - Centre,OFF-FA-10004854,Fournitures de bureau,Éléments de fixation,"Vinyl Coated Wire Paper Clips in Organizer Box, 800/Box",45.92,5,0.2,15.5
6652,US-2018-124779,9/8/2018,9/11/2018,Prioritaire,BF-11020,Barry Französisch,Entreprise,États-Unis,Arlington,Texas,USCA - Centre,FUR-FU-10001095,Mobilier,Meubles,DAX Black Cherry Wood-Tone Poster Frame,21.18,2,0.6,-11.65
6653,US-2018-124779,9/8/2018,9/11/2018,Prioritaire,BF-11020,Barry Französisch,Entreprise,États-Unis,Arlington,Texas,USCA - Centre,OFF-PA-10000061,Fournitures de bureau,Papier,Xerox 205,20.74,4,0.2,7.26
6654,US-2018-124779,9/8/2018,9/11/2018,Prioritaire,BF-11020,Barry Französisch,Entreprise,États-Unis,Arlington,Texas,USCA - Centre,FUR-CH-10003535,Mobilier,Chaises,"Global Armless Task Chair, Royal Blue",213.43,5,0.3,-39.64
6655,US-2018-135937,2/20/2018,2/27/2018,Tarif normal,KM-16375,Katherine Murray,Bureau à domicile,États-Unis,Gilbert,Arizona,USCA - Ouest,TEC-PH-10004447,Produits technologiques,Téléphones,Toshiba IPT2010-SD IP Telephone,333.58,3,0.2,25.02
6656,US-2018-135937,2/20/2018,2/27/2018,Tarif normal,KM-16375,Katherine Murray,Bureau à domicile,États-Unis,Gilbert,Arizona,USCA - Ouest,TEC-AC-10001114,Produits technologiques,Accessoires,Microsoft Wireless Mobile Mouse 4000,31.99,1,0.2,4.8
6657,US-2018-135937,2/20/2018,2/27/2018,Tarif normal,KM-16375,Katherine Murray,Bureau à domicile,États-Unis,Gilbert,Arizona,USCA - Ouest,OFF-ST-10000563,Fournitures de bureau,Stockage,Fellowes Bankers Box Stor/Drawer Steel Plus,51.17,2,0.2,-6.4
6658,US-2018-135937,2/20/2018,2/27/2018,Tarif normal,KM-16375,Katherine Murray,Bureau à domicile,États-Unis,Gilbert,Arizona,USCA - Ouest,OFF-EN-10004846,Fournitures de bureau,Enveloppes,Letter or Legal Size Expandable Poly String Tie Envelopes,10.64,5,0.2,3.86
6659,US-2018-135937,2/20/2018,2/27/2018,Tarif normal,KM-16375,Katherine Murray,Bureau à domicile,États-Unis,Gilbert,Arizona,USCA - Ouest,FUR-FU-10002253,Mobilier,Meubles,"Howard Miller 13"" Diameter Pewter Finish Round Wall Clock",68.7,2,0.2,16.32
6660,US-2018-135937,2/20/2018,2/27/2018,Tarif normal,KM-16375,Katherine Murray,Bureau à domicile,États-Unis,Gilbert,Arizona,USCA - Ouest,FUR-TA-10001039,Mobilier,Tables,KI Adjustable-Height Table,386.91,9,0.5,-185.72
6664,US-2018-162173,10/26/2018,11/1/2018,Tarif normal,OT-18730,Olvera Toch,Grand public,États-Unis,Virginia Beach,Virginie,USCA - Sud,FUR-TA-10001520,Mobilier,Tables,"Lesro Sheffield Collection Coffee Table, End Table, Center Table, Corner Table",356.85,5,0,60.66
6665,US-2018-162173,10/26/2018,11/1/2018,Tarif normal,OT-18730,Olvera Toch,Grand public,États-Unis,Virginia Beach,Virginie,USCA - Sud,OFF-EN-10002831,Fournitures de bureau,Enveloppes,"Tyvek  Top-Opening Peel & Seel  Envelopes, Gray",251.58,7,0,113.21
6667,US-2018-122175,5/12/2018,5/14/2018,J+2,CA-12775,Cynthia Arntzen,Grand public,États-Unis,Vineland,New Jersey,USCA - Est,FUR-FU-10000719,Mobilier,Meubles,"DAX Cubicle Frames, 8-1/2 x 11",42.85,5,0,15.43
6668,US-2018-122175,5/12/2018,5/14/2018,J+2,CA-12775,Cynthia Arntzen,Grand public,États-Unis,Vineland,New Jersey,USCA - Est,OFF-LA-10002271,Fournitures de bureau,Étiquettes,Smead Alpha-Z Color-Coded Second Alphabetical Labels and Starter Set,6.16,2,0,2.96
6669,US-2018-122175,5/12/2018,5/14/2018,J+2,CA-12775,Cynthia Arntzen,Grand public,États-Unis,Vineland,New Jersey,USCA - Est,OFF-SU-10004661,Fournitures de bureau,Fournitures,Acme Titanium Bonded Scissors,17,2,0,4.42
6670,US-2018-122175,5/12/2018,5/14/2018,J+2,CA-12775,Cynthia Arntzen,Grand public,États-Unis,Vineland,New Jersey,USCA - Est,TEC-AC-10004859,Produits technologiques,Accessoires,"Maxell Pro 80 Minute CD-R, 10/Pack",87.4,5,0,34.96
6671,US-2018-161088,5/25/2018,5/29/2018,Tarif normal,MH-18115,Mick Hernandez,Bureau à domicile,États-Unis,Columbus,Géorgie,USCA - Sud,OFF-BI-10002824,Fournitures de bureau,Classeurs,Recycled Easel Ring Binders,29.84,2,0,13.43
6680,US-2018-145037,9/2/2018,9/7/2018,J+2,TB-21055,Ted Butterfield,Grand public,États-Unis,Meriden,Connecticut,USCA - Est,OFF-ST-10000918,Fournitures de bureau,Stockage,Crate-A-Files,10.9,1,0,2.83
6681,US-2018-145037,9/2/2018,9/7/2018,J+2,TB-21055,Ted Butterfield,Grand public,États-Unis,Meriden,Connecticut,USCA - Est,OFF-PA-10000157,Fournitures de bureau,Papier,Xerox 191,79.92,4,0,37.56
6682,US-2018-145037,9/2/2018,9/7/2018,J+2,TB-21055,Ted Butterfield,Grand public,États-Unis,Meriden,Connecticut,USCA - Est,OFF-PA-10002499,Fournitures de bureau,Papier,Xerox 1890,146.82,3,0,73.41
6683,US-2018-154466,1/1/2018,1/2/2018,Prioritaire,DP-13390,Dennis Pardue,Bureau à domicile,États-Unis,Franklin,Wisconsin,USCA - Centre,OFF-BI-10002012,Fournitures de bureau,Classeurs,Wilson Jones Easy Flow II Sheet Lifters,3.6,2,0,1.73
6689,US-2018-140494,3/10/2018,3/15/2018,J+2,CM-11815,Candace McMahon,Entreprise,États-Unis,San Francisco,Californie,USCA - Ouest,TEC-AC-10004568,Produits technologiques,Accessoires,Maxell LTO Ultrium - 800 GB,111.96,4,0,21.27
6690,US-2018-104108,12/2/2018,12/9/2018,Tarif normal,RP-19855,Roy Phan,Entreprise,États-Unis,Houston,Texas,USCA - Centre,OFF-AR-10000817,Fournitures de bureau,Art,Manco Dry-Lighter Erasable Highlighter,12.16,5,0.2,2.13
6691,US-2018-165869,4/22/2018,4/25/2018,Tarif normal,LS-17200,Luke Schmidt,Entreprise,États-Unis,Milwaukee,Wisconsin,USCA - Centre,OFF-BI-10003460,Fournitures de bureau,Classeurs,Acco 3-Hole Punch,17.52,4,0,8.41
6692,US-2018-165869,4/22/2018,4/25/2018,Tarif normal,LS-17200,Luke Schmidt,Entreprise,États-Unis,Milwaukee,Wisconsin,USCA - Centre,OFF-AP-10002472,Fournitures de bureau,Électroménager,3M Office Air Cleaner,155.88,6,0,54.56
6693,US-2018-160899,8/11/2018,8/13/2018,J+2,DR-12940,Daniel Raglin,Bureau à domicile,États-Unis,Lake Charles,Louisiane,USCA - Sud,OFF-BI-10000632,Fournitures de bureau,Classeurs,Satellite Sectional Post Binders,477.51,11,0,219.65
6694,US-2018-144225,6/22/2018,6/25/2018,J+2,CC-12475,Cindy Chapman,Grand public,États-Unis,Baltimore,Maryland,USCA - Est,OFF-PA-10000062,Fournitures de bureau,Papier,Green Bar Computer Printout Paper,164.88,3,0,80.79
6699,US-2018-145429,7/21/2018,7/25/2018,Tarif normal,SW-20455,Shaun Weien,Grand public,États-Unis,San Diego,Californie,USCA - Ouest,OFF-PA-10003205,Fournitures de bureau,Papier,"Wirebound Message Forms, Four 2 3/4 x 5 Forms per Page, Pink Paper",16.34,2,0,7.68
6700,US-2018-145429,7/21/2018,7/25/2018,Tarif normal,SW-20455,Shaun Weien,Grand public,États-Unis,San Diego,Californie,USCA - Ouest,FUR-CH-10000988,Mobilier,Chaises,Hon Olson Stacker Stools,225.3,2,0.2,22.53
6701,US-2018-145429,7/21/2018,7/25/2018,Tarif normal,SW-20455,Shaun Weien,Grand public,États-Unis,San Diego,Californie,USCA - Ouest,OFF-BI-10001524,Fournitures de bureau,Classeurs,GBC Premium Transparent Covers with Diagonal Lined Pattern,50.35,3,0.2,17.62
6712,US-2018-163069,8/18/2018,8/21/2018,J+2,PJ-19015,Pauline Johnson,Grand public,États-Unis,Columbus,Ohio,USCA - Est,OFF-AR-10001419,Fournitures de bureau,Art,Newell 325,9.91,3,0.2,1.24
6713,US-2018-107629,12/14/2018,12/14/2018,Le même jour,DB-13060,Dave Brooks,Grand public,États-Unis,Skokie,Illinois,USCA - Centre,FUR-FU-10002298,Mobilier,Meubles,"Rubbermaid ClusterMat Chairmats, Mat Size- 66"" x 60"", Lip 20"" x 11"" -90 Degree Angle",266.35,6,0.6,-292.99
6714,US-2018-107629,12/14/2018,12/14/2018,Le même jour,DB-13060,Dave Brooks,Grand public,États-Unis,Skokie,Illinois,USCA - Centre,FUR-FU-10004091,Mobilier,Meubles,"Howard Miller 13"" Diameter Goldtone Round Wall Clock",56.33,3,0.6,-26.76
6715,US-2018-107629,12/14/2018,12/14/2018,Le même jour,DB-13060,Dave Brooks,Grand public,États-Unis,Skokie,Illinois,USCA - Centre,TEC-AC-10004510,Produits technologiques,Accessoires,Logitech Desktop MK120 Mouse and keyboard Combo,39.26,3,0.2,-4.91
6716,US-2018-107629,12/14/2018,12/14/2018,Le même jour,DB-13060,Dave Brooks,Grand public,États-Unis,Skokie,Illinois,USCA - Centre,OFF-AR-10002987,Fournitures de bureau,Art,Prismacolor Color Pencil Set,95.23,6,0.2,25
6721,US-2018-102974,9/19/2018,9/24/2018,Tarif normal,DP-13105,Dave Poirier,Entreprise,États-Unis,Los Angeles,Californie,USCA - Ouest,TEC-AC-10000057,Produits technologiques,Accessoires,Microsoft Natural Ergonomic Keyboard 4000,149.95,5,0,31.49
6722,US-2018-102974,9/19/2018,9/24/2018,Tarif normal,DP-13105,Dave Poirier,Entreprise,États-Unis,Los Angeles,Californie,USCA - Ouest,OFF-AR-10000914,Fournitures de bureau,Art,Boston 16765 Mini Stand Up Battery Pencil Sharpener,23.32,2,0,6.06
6723,US-2018-102974,9/19/2018,9/24/2018,Tarif normal,DP-13105,Dave Poirier,Entreprise,États-Unis,Los Angeles,Californie,USCA - Ouest,OFF-AR-10004956,Fournitures de bureau,Art,Newell 33,16.74,3,0,4.85
6724,US-2018-166394,9/4/2018,9/6/2018,J+2,VM-21835,Vivian Mathis,Grand public,États-Unis,Nashua,New Hampshire,USCA - Est,OFF-FA-10001843,Fournitures de bureau,Éléments de fixation,Staples,14.82,6,0,6.97
6728,US-2018-145443,8/10/2018,8/15/2018,J+2,SC-20695,Steve Chapman,Entreprise,États-Unis,Richmond,Indiana,USCA - Centre,OFF-PA-10003302,Fournitures de bureau,Papier,Xerox 1906,177.2,5,0,83.28
6743,US-2018-101784,7/6/2018,7/11/2018,Tarif normal,PO-18850,Patrick O'Brill,Grand public,États-Unis,Los Angeles,Californie,USCA - Ouest,FUR-CH-10001146,Mobilier,Chaises,"Global Task Chair, Black",122.14,3,0.2,-13.74
6745,US-2018-111269,6/16/2018,6/18/2018,J+2,CS-12355,Christine Sundaresam,Grand public,États-Unis,Dublin,Ohio,USCA - Est,TEC-AC-10001606,Produits technologiques,Accessoires,Logitech Wireless Performance Mouse MX for PC and Mac,479.95,6,0.2,107.99
6746,US-2018-111269,6/16/2018,6/18/2018,J+2,CS-12355,Christine Sundaresam,Grand public,États-Unis,Dublin,Ohio,USCA - Est,OFF-AR-10001427,Fournitures de bureau,Art,Newell 330,23.92,5,0.2,1.79
6747,US-2018-159156,11/13/2018,11/16/2018,Prioritaire,KB-16600,Ken Brennan,Entreprise,États-Unis,New York City,New York,USCA - Est,TEC-PH-10004389,Produits technologiques,Téléphones,Nokia Lumia 925,629.95,5,0,163.79
6748,US-2018-100230,12/11/2018,12/15/2018,Tarif normal,AA-10375,Allen Armold,Grand public,États-Unis,New York City,New York,USCA - Est,OFF-BI-10002498,Fournitures de bureau,Classeurs,Clear Mylar Reinforcing Strips,14.95,1,0.2,5.05
6749,US-2018-100230,12/11/2018,12/15/2018,Tarif normal,AA-10375,Allen Armold,Grand public,États-Unis,New York City,New York,USCA - Est,OFF-PA-10002245,Fournitures de bureau,Papier,Xerox 1895,17.94,3,0,8.07
6750,US-2018-100230,12/11/2018,12/15/2018,Tarif normal,AA-10375,Allen Armold,Grand public,États-Unis,New York City,New York,USCA - Est,TEC-PH-10004522,Produits technologiques,Téléphones,Dexim XPower Skin Super-Thin Power Case for iPhone 5 - Black,116.98,2,0,29.25
6756,US-2018-124205,9/15/2018,9/19/2018,Tarif normal,TC-21145,Theresa Coyne,Entreprise,États-Unis,Lakewood,New Jersey,USCA - Est,FUR-FU-10002445,Mobilier,Meubles,"DAX Two-Tone Rosewood/Black Document Frame, Desktop, 5 x 7",47.4,5,0,18.96
6757,US-2018-124205,9/15/2018,9/19/2018,Tarif normal,TC-21145,Theresa Coyne,Entreprise,États-Unis,Lakewood,New Jersey,USCA - Est,FUR-CH-10003606,Mobilier,Chaises,SAFCO Folding Chair Trolley,512.96,4,0,143.63
6758,US-2018-124205,9/15/2018,9/19/2018,Tarif normal,TC-21145,Theresa Coyne,Entreprise,États-Unis,Lakewood,New Jersey,USCA - Est,TEC-PH-10002115,Produits technologiques,Téléphones,Plantronics 81402,395.94,6,0,102.94
6759,US-2018-124205,9/15/2018,9/19/2018,Tarif normal,TC-21145,Theresa Coyne,Entreprise,États-Unis,Lakewood,New Jersey,USCA - Est,OFF-ST-10000934,Fournitures de bureau,Stockage,"Contico 72""H Heavy-Duty Storage System",81.96,2,0,0
6760,US-2018-165715,12/2/2018,12/8/2018,Tarif normal,BG-11035,Barry Gonzalez,Grand public,États-Unis,Greensboro,Caroline du Nord,USCA - Sud,OFF-AR-10003903,Fournitures de bureau,Art,Sanford 52201 APSCO Electric Pencil Sharpener,32.78,1,0.2,2.46
6761,US-2018-100636,6/26/2018,6/29/2018,Tarif normal,DO-13435,Denny Ordway,Grand public,États-Unis,New York City,New York,USCA - Est,OFF-ST-10004123,Fournitures de bureau,Stockage,Safco Industrial Wire Shelving System,272.94,3,0,0
6766,US-2018-100615,4/20/2018,4/24/2018,Tarif normal,SJ-20215,Sarah Jordon,Grand public,États-Unis,Chicago,Illinois,USCA - Centre,FUR-CH-10002602,Mobilier,Chaises,DMI Arturo Collection Mission-style Design Wood Chair,317.06,3,0.3,-18.12
6767,US-2018-100615,4/20/2018,4/24/2018,Tarif normal,SJ-20215,Sarah Jordon,Grand public,États-Unis,Chicago,Illinois,USCA - Centre,OFF-AR-10001683,Fournitures de bureau,Art,Lumber Crayons,15.76,2,0.2,3.55
6768,US-2018-100615,4/20/2018,4/24/2018,Tarif normal,SJ-20215,Sarah Jordon,Grand public,États-Unis,Chicago,Illinois,USCA - Centre,FUR-FU-10002456,Mobilier,Meubles,"Master Caster Door Stop, Large Neon Orange",14.56,5,0.6,-6.19
6770,US-2018-139787,9/19/2018,9/23/2018,Tarif normal,JP-16135,Julie Prescott,Bureau à domicile,États-Unis,Columbus,Géorgie,USCA - Sud,OFF-AR-10002445,Fournitures de bureau,Art,SANFORD Major Accent Highlighters,35.4,5,0,13.45
6771,US-2018-139402,12/9/2018,12/13/2018,Tarif normal,NC-18535,Nick Crebassa,Entreprise,États-Unis,Phoenix,Arizona,USCA - Ouest,OFF-PA-10004359,Fournitures de bureau,Papier,Multicolor Computer Printout Paper,419.4,5,0.2,146.79
6772,US-2018-139402,12/9/2018,12/13/2018,Tarif normal,NC-18535,Nick Crebassa,Entreprise,États-Unis,Phoenix,Arizona,USCA - Ouest,OFF-BI-10000279,Fournitures de bureau,Classeurs,"Acco Recycled 2"" Capacity Laser Printer Hanging Data Binders",13.01,3,0.7,-9.97
6778,US-2018-166037,1/28/2018,2/1/2018,Tarif normal,CL-12700,Craig Leslie,Bureau à domicile,États-Unis,New York City,New York,USCA - Est,TEC-AC-10002800,Produits technologiques,Accessoires,Plantronics Audio 478 Stereo USB Headset,449.91,9,0,157.47
6783,US-2018-121293,7/25/2018,7/28/2018,J+2,JC-15775,John Castell,Grand public,États-Unis,Philadelphia,Pennsylvanie,USCA - Est,FUR-FU-10000732,Mobilier,Meubles,Eldon 200 Class Desk Accessories,20.1,4,0.2,3.01
6784,US-2018-121293,7/25/2018,7/28/2018,J+2,JC-15775,John Castell,Grand public,États-Unis,Philadelphia,Pennsylvanie,USCA - Est,OFF-SU-10004884,Fournitures de bureau,Fournitures,Acme Galleria Hot Forged Steel Scissors with Colored Handles,37.75,3,0.2,4.25
6785,US-2018-121293,7/25/2018,7/28/2018,J+2,JC-15775,John Castell,Grand public,États-Unis,Philadelphia,Pennsylvanie,USCA - Est,FUR-TA-10001771,Mobilier,Tables,"Bush Cubix Conference Tables, Fully Assembled",138.59,1,0.4,-34.65
6786,US-2018-121293,7/25/2018,7/28/2018,J+2,JC-15775,John Castell,Grand public,États-Unis,Philadelphia,Pennsylvanie,USCA - Est,OFF-ST-10000060,Fournitures de bureau,Stockage,Fellowes Bankers Box Staxonsteel Drawer File/Stacking System,259.92,5,0.2,-25.99
6787,US-2018-121293,7/25/2018,7/28/2018,J+2,JC-15775,John Castell,Grand public,États-Unis,Philadelphia,Pennsylvanie,USCA - Est,OFF-PA-10004100,Fournitures de bureau,Papier,Xerox 216,20.74,4,0.2,7.26
6807,US-2018-162880,12/25/2018,12/29/2018,Tarif normal,GD-14590,Giulietta Dortch,Entreprise,États-Unis,Everett,Washington,USCA - Ouest,OFF-BI-10003314,Fournitures de bureau,Classeurs,Tuff Stuff Recycled Round Ring Binders,3.86,1,0.2,1.4
6810,US-2018-156237,9/14/2018,9/15/2018,Prioritaire,PS-18760,Pamela Stobb,Grand public,États-Unis,Philadelphia,Pennsylvanie,USCA - Est,OFF-BI-10000301,Fournitures de bureau,Classeurs,GBC Instant Report Kit,3.88,2,0.7,-2.59
6811,US-2018-156237,9/14/2018,9/15/2018,Prioritaire,PS-18760,Pamela Stobb,Grand public,États-Unis,Philadelphia,Pennsylvanie,USCA - Est,TEC-MA-10002930,Produits technologiques,Machines,Ricoh - Ink Collector Unit for GX3000 Series Printers,12.59,1,0.7,-18.04
6812,US-2018-156237,9/14/2018,9/15/2018,Prioritaire,PS-18760,Pamela Stobb,Grand public,États-Unis,Philadelphia,Pennsylvanie,USCA - Est,FUR-CH-10002372,Mobilier,Chaises,Office Star - Ergonomically Designed Knee Chair,113.37,2,0.3,-29.15
6813,US-2018-156237,9/14/2018,9/15/2018,Prioritaire,PS-18760,Pamela Stobb,Grand public,États-Unis,Philadelphia,Pennsylvanie,USCA - Est,OFF-BI-10003707,Fournitures de bureau,Classeurs,Aluminum Screw Posts,18.31,4,0.7,-12.21
6814,US-2018-156237,9/14/2018,9/15/2018,Prioritaire,PS-18760,Pamela Stobb,Grand public,États-Unis,Philadelphia,Pennsylvanie,USCA - Est,FUR-FU-10001057,Mobilier,Meubles,Tensor Track Tree Floor Lamp,127.94,8,0.2,4.8
6815,US-2018-156237,9/14/2018,9/15/2018,Prioritaire,PS-18760,Pamela Stobb,Grand public,États-Unis,Philadelphia,Pennsylvanie,USCA - Est,TEC-MA-10001681,Produits technologiques,Machines,Lexmark MarkNet N8150 Wireless Print Server,241.17,2,0.7,-168.82
6819,US-2018-163860,12/28/2018,1/1/2019,Tarif normal,LO-17170,Lori Olson,Entreprise,États-Unis,Peoria,Illinois,USCA - Centre,OFF-BI-10003784,Fournitures de bureau,Classeurs,Computer Printout Index Tabs,1.68,5,0.8,-2.69
6820,US-2018-163860,12/28/2018,1/1/2019,Tarif normal,LO-17170,Lori Olson,Entreprise,États-Unis,Peoria,Illinois,USCA - Centre,FUR-FU-10004586,Mobilier,Meubles,G.E. Longer-Life Indoor Recessed Floodlight Bulbs,7.97,3,0.6,-2.39
6821,US-2018-163860,12/28/2018,1/1/2019,Tarif normal,LO-17170,Lori Olson,Entreprise,États-Unis,Peoria,Illinois,USCA - Centre,FUR-CH-10004698,Mobilier,Chaises,"Padded Folding Chairs, Black, 4/Carton",113.37,2,0.3,-3.24
6822,US-2018-163860,12/28/2018,1/1/2019,Tarif normal,LO-17170,Lori Olson,Entreprise,États-Unis,Peoria,Illinois,USCA - Centre,FUR-FU-10001935,Mobilier,Meubles,3M Hangers With Command Adhesive,2.96,2,0.6,-1.41
6823,US-2018-115609,11/2/2018,11/7/2018,Tarif normal,CS-12505,Cindy Stewart,Grand public,États-Unis,Los Angeles,Californie,USCA - Ouest,OFF-AP-10003040,Fournitures de bureau,Électroménager,Fellowes 8 Outlet Superior Workstation Surge Protector w/o Phone/Fax/Modem Protection,168.1,5,0,43.71
6832,US-2018-123204,7/21/2018,7/27/2018,Tarif normal,CS-11860,Cari Schnelling,Grand public,États-Unis,New York City,New York,USCA - Est,OFF-AP-10002287,Fournitures de bureau,Électroménager,"Eureka Sanitaire  Multi-Pro Heavy-Duty Upright, Disposable Bags",17.48,4,0,4.54
6836,US-2018-142643,10/15/2018,10/20/2018,Tarif normal,DL-13495,Dionis Lloyd,Entreprise,États-Unis,Thousand Oaks,Californie,USCA - Ouest,OFF-LA-10003510,Fournitures de bureau,Étiquettes,"Avery 4027 File Folder Labels for Dot Matrix Printers, 5000 Labels per Box, White",152.65,5,0,70.22
6837,US-2018-142643,10/15/2018,10/20/2018,Tarif normal,DL-13495,Dionis Lloyd,Entreprise,États-Unis,Thousand Oaks,Californie,USCA - Ouest,FUR-FU-10000087,Mobilier,Meubles,"Executive Impressions 14"" Two-Color Numerals Wall Clock",22.72,1,0,9.32
6839,US-2018-107517,2/5/2018,2/9/2018,Tarif normal,FC-14335,Fred Chung,Entreprise,États-Unis,Torrance,Californie,USCA - Ouest,OFF-AP-10000275,Fournitures de bureau,Électroménager,"Sanyo Counter Height Refrigerator with Crisper, 3.6 Cubic Foot, Stainless Steel/Black",1640.7,5,0,459.4
6840,US-2018-107517,2/5/2018,2/9/2018,Tarif normal,FC-14335,Fred Chung,Entreprise,États-Unis,Torrance,Californie,USCA - Ouest,TEC-PH-10003505,Produits technologiques,Téléphones,Geemarc AmpliPOWER60,371.2,5,0.2,41.76
6853,US-2018-162670,12/23/2018,12/28/2018,J+2,MF-18250,Monica Federle,Entreprise,États-Unis,Little Rock,Arkansas,USCA - Sud,OFF-ST-10001328,Fournitures de bureau,Stockage,"Personal Filing Tote with Lid, Black/Gray",62.04,4,0,17.37
6854,US-2018-162670,12/23/2018,12/28/2018,J+2,MF-18250,Monica Federle,Entreprise,États-Unis,Little Rock,Arkansas,USCA - Sud,TEC-PH-10003601,Produits technologiques,Téléphones,"Ativa D5772 2-Line 5.8GHz Digital Expandable Corded/Cordless Phone System with Answering & Caller ID/Call Waiting, Black/Silver",494.97,3,0,148.49
6855,US-2018-162670,12/23/2018,12/28/2018,J+2,MF-18250,Monica Federle,Entreprise,États-Unis,Little Rock,Arkansas,USCA - Sud,OFF-ST-10001522,Fournitures de bureau,Stockage,"Gould Plastics 18-Pocket Panel Bin, 34w x 5-1/4d x 20-1/2h",367.96,4,0,14.72
6856,US-2018-162670,12/23/2018,12/28/2018,J+2,MF-18250,Monica Federle,Entreprise,États-Unis,Little Rock,Arkansas,USCA - Sud,OFF-PA-10001994,Fournitures de bureau,Papier,"Ink Jet Note and Greeting Cards, 8-1/2"" x 5-1/2"" Card Size",44.96,2,0,20.68
6857,US-2018-162670,12/23/2018,12/28/2018,J+2,MF-18250,Monica Federle,Entreprise,États-Unis,Little Rock,Arkansas,USCA - Sud,OFF-EN-10001453,Fournitures de bureau,Enveloppes,"Tyvek Interoffice Envelopes, 9 1/2"" x 12 1/2"", 100/Box",182.94,3,0,85.98
6858,US-2018-128965,4/17/2018,4/22/2018,Tarif normal,PS-18760,Pamela Stobb,Grand public,États-Unis,Los Angeles,Californie,USCA - Ouest,OFF-PA-10004911,Fournitures de bureau,Papier,"Rediform S.O.S. 1-Up Phone Message Bk, 4-1/4x3-1/16 Bk, 1 Form/Pg, 40 Messages/Bk, 3/Pk",28.14,3,0,13.51
6859,US-2018-128965,4/17/2018,4/22/2018,Tarif normal,PS-18760,Pamela Stobb,Grand public,États-Unis,Los Angeles,Californie,USCA - Ouest,OFF-LA-10001404,Fournitures de bureau,Étiquettes,Avery 517,7.38,2,0,3.47
6860,US-2018-128965,4/17/2018,4/22/2018,Tarif normal,PS-18760,Pamela Stobb,Grand public,États-Unis,Los Angeles,Californie,USCA - Ouest,OFF-FA-10001561,Fournitures de bureau,Éléments de fixation,Stockwell Push Pins,10.9,5,0,3.6
6861,US-2018-128965,4/17/2018,4/22/2018,Tarif normal,PS-18760,Pamela Stobb,Grand public,États-Unis,Los Angeles,Californie,USCA - Ouest,TEC-AC-10001383,Produits technologiques,Accessoires,Logitech Wireless Touch Keyboard K400,274.89,11,0,46.73
6862,US-2018-128965,4/17/2018,4/22/2018,Tarif normal,PS-18760,Pamela Stobb,Grand public,États-Unis,Los Angeles,Californie,USCA - Ouest,OFF-LA-10003190,Fournitures de bureau,Étiquettes,Avery 474,23.04,8,0,11.29
6863,US-2018-128965,4/17/2018,4/22/2018,Tarif normal,PS-18760,Pamela Stobb,Grand public,États-Unis,Los Angeles,Californie,USCA - Ouest,FUR-CH-10003774,Mobilier,Chaises,"Global Wood Trimmed Manager's Task Chair, Khaki",218.35,3,0.2,-19.11
6864,US-2018-138618,12/1/2018,12/8/2018,Tarif normal,MY-17380,Maribeth Yedwab,Entreprise,États-Unis,San Antonio,Texas,USCA - Centre,OFF-PA-10000520,Fournitures de bureau,Papier,Xerox 201,10.37,2,0.2,3.63
6886,US-2018-123036,9/10/2018,9/17/2018,Tarif normal,HA-14905,Helen Abelman,Grand public,États-Unis,Springfield,Ohio,USCA - Est,TEC-AC-10003499,Produits technologiques,Accessoires,Memorex Mini Travel Drive 8 GB USB 2.0 Flash Drive,37.06,4,0.2,8.8
6887,US-2018-123036,9/10/2018,9/17/2018,Tarif normal,HA-14905,Helen Abelman,Grand public,États-Unis,Springfield,Ohio,USCA - Est,TEC-PH-10003580,Produits technologiques,Téléphones,Cisco IP Phone 7961G-GE VoIP phone,259.9,2,0.4,-56.31
6888,US-2018-120222,4/25/2018,5/2/2018,Tarif normal,LL-16840,Lauren Leatherbury,Grand public,États-Unis,Los Angeles,Californie,USCA - Ouest,OFF-PA-10004675,Fournitures de bureau,Papier,"Telephone Message Books with Fax/Mobile Section, 5 1/2"" x 3 3/16""",19.05,3,0,8.76
6889,US-2018-120222,4/25/2018,5/2/2018,Tarif normal,LL-16840,Lauren Leatherbury,Grand public,États-Unis,Los Angeles,Californie,USCA - Ouest,OFF-BI-10000666,Fournitures de bureau,Classeurs,Surelock Post Binders,73.34,3,0.2,27.5
6890,US-2018-164756,9/18/2018,9/22/2018,Tarif normal,SS-20140,Saphhira Shifley,Entreprise,États-Unis,Columbus,Géorgie,USCA - Sud,TEC-PH-10001552,Produits technologiques,Téléphones,I Need's 3d Hello Kitty Hybrid Silicone Case Cover for HTC One X 4g with 3d Hello Kitty Stylus Pen Green/pink,95.68,8,0,26.79
6891,US-2018-164756,9/18/2018,9/22/2018,Tarif normal,SS-20140,Saphhira Shifley,Entreprise,États-Unis,Columbus,Géorgie,USCA - Sud,OFF-PA-10000673,Fournitures de bureau,Papier,"Post-it “Important Message” Note Pad, Neon Colors, 50 Sheets/Pad",50.96,7,0,24.46
6892,US-2018-164756,9/18/2018,9/22/2018,Tarif normal,SS-20140,Saphhira Shifley,Entreprise,États-Unis,Columbus,Géorgie,USCA - Sud,OFF-AR-10000380,Fournitures de bureau,Art,"Hunt PowerHouse Electric Pencil Sharpener, Blue",113.94,3,0,34.18
6893,US-2018-164756,9/18/2018,9/22/2018,Tarif normal,SS-20140,Saphhira Shifley,Entreprise,États-Unis,Columbus,Géorgie,USCA - Sud,OFF-PA-10003848,Fournitures de bureau,Papier,Xerox 1997,25.92,4,0,12.44
6894,US-2018-164756,9/18/2018,9/22/2018,Tarif normal,SS-20140,Saphhira Shifley,Entreprise,États-Unis,Columbus,Géorgie,USCA - Sud,FUR-FU-10002963,Mobilier,Meubles,"Master Caster Door Stop, Gray",20.32,4,0,6.91
6895,US-2018-164756,9/18/2018,9/22/2018,Tarif normal,SS-20140,Saphhira Shifley,Entreprise,États-Unis,Columbus,Géorgie,USCA - Sud,TEC-PH-10002447,Produits technologiques,Téléphones,AT&T CL83451 4-Handset Telephone,411.98,2,0,119.47
6896,US-2018-164756,9/18/2018,9/22/2018,Tarif normal,SS-20140,Saphhira Shifley,Entreprise,États-Unis,Columbus,Géorgie,USCA - Sud,OFF-SU-10004261,Fournitures de bureau,Fournitures,"Fiskars 8"" Scissors, 2/Pack",34.48,2,0,10
6897,US-2018-164756,9/18/2018,9/22/2018,Tarif normal,SS-20140,Saphhira Shifley,Entreprise,États-Unis,Columbus,Géorgie,USCA - Sud,OFF-PA-10003228,Fournitures de bureau,Papier,Xerox 1917,244.55,5,0,114.94
6898,US-2018-122028,8/18/2018,8/25/2018,Tarif normal,CK-12205,Chloris Kastensmidt,Grand public,États-Unis,Lakewood,Ohio,USCA - Est,OFF-BI-10004817,Fournitures de bureau,Classeurs,GBC Personal VeloBind Strips,10.78,3,0.7,-7.91
6902,US-2018-135013,7/24/2018,7/24/2018,Le même jour,HR-14830,Harold Ryan,Entreprise,États-Unis,Huntington Beach,Californie,USCA - Ouest,TEC-CO-10001449,Produits technologiques,Photocopieurs,Hewlett Packard LaserJet 3310 Copier,2399.96,5,0.2,839.99
6903,US-2018-111220,9/2/2018,9/8/2018,Tarif normal,JS-15595,Jill Stevenson,Entreprise,États-Unis,Chicago,Illinois,USCA - Centre,OFF-FA-10002280,Fournitures de bureau,Éléments de fixation,Advantus Plastic Paper Clips,16,4,0.2,5.6
6904,US-2018-111220,9/2/2018,9/8/2018,Tarif normal,JS-15595,Jill Stevenson,Entreprise,États-Unis,Chicago,Illinois,USCA - Centre,OFF-AP-10003278,Fournitures de bureau,Électroménager,Belkin 7-Outlet SurgeMaster Home Series,5.59,2,0.8,-15.09
6905,US-2018-111220,9/2/2018,9/8/2018,Tarif normal,JS-15595,Jill Stevenson,Entreprise,États-Unis,Chicago,Illinois,USCA - Centre,OFF-ST-10003994,Fournitures de bureau,Stockage,"Belkin 19"" Center-Weighted Shelf, Gray",235.92,5,0.2,-44.24
6906,US-2018-149006,12/6/2018,12/8/2018,J+2,BN-11470,Brad Norvell,Entreprise,États-Unis,Brentwood,Californie,USCA - Ouest,OFF-ST-10003221,Fournitures de bureau,Stockage,Staple magnet,10.68,1,0,2.88
6907,US-2018-149468,5/20/2018,5/20/2018,Le même jour,AR-10405,Allen Rosenblatt,Entreprise,États-Unis,Trenton,Michigan,USCA - Centre,OFF-BI-10002225,Fournitures de bureau,Classeurs,"Square Ring Data Binders, Rigid 75 Pt. Covers, 11"" x 14-7/8""",41.28,2,0,19.81
6909,US-2018-135503,12/10/2018,12/15/2018,Tarif normal,JE-16165,Justin Ellison,Entreprise,États-Unis,North Charleston,Caroline du Sud,USCA - Sud,FUR-FU-10002364,Mobilier,Meubles,"Eldon Expressions Wood Desk Accessories, Oak",14.76,2,0,4.28
6911,US-2018-115301,7/29/2018,8/2/2018,Tarif normal,VG-21790,Vivek Gonzalez,Grand public,États-Unis,Seattle,Washington,USCA - Ouest,FUR-BO-10004709,Mobilier,Bibliothèques,"Bush Westfield Collection Bookcases, Medium Cherry Finish",115.96,2,0,25.51
6912,US-2018-168942,8/1/2018,8/5/2018,J+2,EM-13960,Eric Murdock,Grand public,États-Unis,San Francisco,Californie,USCA - Ouest,OFF-ST-10004340,Fournitures de bureau,Stockage,"Fellowes Mobile File Cart, Black",186.54,3,0,50.37
6913,US-2018-128398,5/2/2018,5/5/2018,J+2,EM-13825,Elizabeth Moffitt,Entreprise,États-Unis,Los Angeles,Californie,USCA - Ouest,TEC-AC-10001714,Produits technologiques,Accessoires,Logitech MX Performance Wireless Mouse,159.56,4,0,59.04
6921,US-2018-121706,2/26/2018,3/2/2018,Tarif normal,BM-11140,Becky Martin,Grand public,États-Unis,Santa Barbara,Californie,USCA - Ouest,OFF-AP-10003287,Fournitures de bureau,Électroménager,Tripp Lite TLP810NET Broadband Surge for Modem/Fax,356.79,7,0,99.9
6922,US-2018-109211,4/4/2018,4/10/2018,Tarif normal,PS-19045,Penelope Sewall,Bureau à domicile,États-Unis,New York City,New York,USCA - Est,OFF-EN-10001532,Fournitures de bureau,Enveloppes,Brown Kraft Recycled Envelopes,16.98,1,0,8.49
6936,US-2018-137365,8/22/2018,8/25/2018,J+2,BP-11095,Bart Pistole,Entreprise,États-Unis,El Paso,Texas,USCA - Centre,TEC-AC-10001767,Produits technologiques,Accessoires,SanDisk Ultra 64 GB MicroSDHC Class 10 Memory Card,95.98,3,0.2,-10.8
6940,US-2018-107132,6/26/2018,6/29/2018,Tarif normal,SC-20260,Scott Cohen,Entreprise,États-Unis,New York City,New York,USCA - Est,OFF-BI-10001071,Fournitures de bureau,Classeurs,GBC ProClick Punch Binding System,102.37,2,0.2,37.11
6941,US-2018-107132,6/26/2018,6/29/2018,Tarif normal,SC-20260,Scott Cohen,Entreprise,États-Unis,New York City,New York,USCA - Est,OFF-SU-10002503,Fournitures de bureau,Fournitures,Acme Preferred Stainless Steel Scissors,28.4,5,0,8.24
6942,US-2018-107132,6/26/2018,6/29/2018,Tarif normal,SC-20260,Scott Cohen,Entreprise,États-Unis,New York City,New York,USCA - Est,OFF-ST-10001490,Fournitures de bureau,Stockage,"Hot File 7-Pocket, Floor Stand",713.88,4,0,214.16
6943,US-2018-107132,6/26/2018,6/29/2018,Tarif normal,SC-20260,Scott Cohen,Entreprise,États-Unis,New York City,New York,USCA - Est,OFF-PA-10003790,Fournitures de bureau,Papier,Xerox 1991,68.52,3,0,31.52
6950,US-2018-143021,11/19/2018,11/19/2018,Le même jour,AP-10720,Anne Pryor,Bureau à domicile,États-Unis,New York City,New York,USCA - Est,OFF-BI-10001628,Fournitures de bureau,Classeurs,"Acco Data Flex Cable Posts For Top & Bottom Load Binders, 6"" Capacity",58.41,7,0.2,18.25
6951,US-2018-143021,11/19/2018,11/19/2018,Le même jour,AP-10720,Anne Pryor,Bureau à domicile,États-Unis,New York City,New York,USCA - Est,FUR-TA-10001676,Mobilier,Tables,Hon 61000 Series Interactive Training Tables,79.97,3,0.4,-29.32
6962,US-2018-162096,11/10/2018,11/10/2018,Le même jour,TB-21190,Thomas Brumley,Bureau à domicile,États-Unis,Riverside,Californie,USCA - Ouest,OFF-AR-10002221,Fournitures de bureau,Art,12 Colored Short Pencils,7.8,3,0,2.11
6971,US-2018-153822,9/19/2018,9/25/2018,Tarif normal,AB-10105,Adrian Barton,Grand public,États-Unis,Phoenix,Arizona,USCA - Ouest,OFF-ST-10000321,Fournitures de bureau,Stockage,Akro Stacking Bins,12.62,2,0.2,-2.52
6972,US-2018-153822,9/19/2018,9/25/2018,Tarif normal,AB-10105,Adrian Barton,Grand public,États-Unis,Phoenix,Arizona,USCA - Ouest,TEC-AC-10000109,Produits technologiques,Accessoires,Sony Micro Vault Click 16 GB USB 2.0 Flash Drive,89.58,2,0.2,4.48
6973,US-2018-153822,9/19/2018,9/25/2018,Tarif normal,AB-10105,Adrian Barton,Grand public,États-Unis,Phoenix,Arizona,USCA - Ouest,TEC-PH-10002415,Produits technologiques,Téléphones,Polycom VoiceStation 500 Conference phone,471.92,2,0.2,29.5
6974,US-2018-153822,9/19/2018,9/25/2018,Tarif normal,AB-10105,Adrian Barton,Grand public,États-Unis,Phoenix,Arizona,USCA - Ouest,OFF-BI-10001460,Fournitures de bureau,Classeurs,Plastic Binding Combs,18.18,4,0.7,-13.94
6975,US-2018-146185,9/15/2018,9/19/2018,Tarif normal,CC-12145,Charles Crestani,Grand public,États-Unis,Houston,Texas,USCA - Centre,OFF-AR-10002987,Fournitures de bureau,Art,Prismacolor Color Pencil Set,31.74,2,0.2,8.33
6979,US-2018-155159,11/25/2018,11/29/2018,J+2,DL-13315,Delfina Latchford,Grand public,États-Unis,Atlanta,Géorgie,USCA - Sud,OFF-PA-10003724,Fournitures de bureau,Papier,"Wirebound Message Book, 4 per Page",48.87,9,0,23.95
6980,US-2018-149076,1/14/2018,1/19/2018,Tarif normal,SO-20335,Sean O'Donnell,Grand public,États-Unis,Los Angeles,Californie,USCA - Ouest,OFF-PA-10000483,Fournitures de bureau,Papier,Xerox 19,154.9,5,0,69.71
6989,US-2018-158561,11/11/2018,11/16/2018,J+2,BB-11545,Brenda Bowman,Entreprise,États-Unis,Fort Lauderdale,Floride,USCA - Sud,OFF-AP-10002651,Fournitures de bureau,Électroménager,Hoover Upright Vacuum With Dirt Cup,1158.12,5,0.2,130.29
6990,US-2018-165099,12/11/2018,12/13/2018,Prioritaire,DK-13375,Dennis Kane,Grand public,États-Unis,Abilene,Texas,USCA - Centre,OFF-AP-10001634,Fournitures de bureau,Électroménager,Hoover Commercial Lightweight Upright Vacuum,1.39,2,0.8,-3.76
6997,US-2018-117443,12/23/2018,12/25/2018,J+2,JB-15400,Jennifer Braxton,Entreprise,États-Unis,Rockford,Illinois,USCA - Centre,OFF-BI-10004002,Fournitures de bureau,Classeurs,Wilson Jones International Size A4 Ring Binders,13.84,4,0.8,-22.14
6998,US-2018-117443,12/23/2018,12/25/2018,J+2,JB-15400,Jennifer Braxton,Entreprise,États-Unis,Rockford,Illinois,USCA - Centre,OFF-PA-10004475,Fournitures de bureau,Papier,Xerox 1940,175.87,4,0.2,63.75
7000,US-2018-123687,5/26/2018,5/29/2018,Prioritaire,KC-16675,Kimberly Carter,Entreprise,États-Unis,Louisville,Kentucky,USCA - Sud,OFF-AP-10002670,Fournitures de bureau,Électroménager,Belkin 8-Outlet Premiere SurgeMaster II Surge Protectors,208.44,3,0,62.53
7001,US-2018-123687,5/26/2018,5/29/2018,Prioritaire,KC-16675,Kimberly Carter,Entreprise,États-Unis,Louisville,Kentucky,USCA - Sud,OFF-SU-10004498,Fournitures de bureau,Fournitures,Martin-Yale Premier Letter Opener,25.76,2,0,0.77
7014,US-2018-141201,12/9/2018,12/11/2018,J+2,DB-12910,Daniel Byrd,Bureau à domicile,États-Unis,Salinas,Californie,USCA - Ouest,FUR-BO-10001519,Mobilier,Bibliothèques,O'Sullivan 3-Shelf Heavy-Duty Bookcases,148.26,3,0.2,15.7
7026,US-2018-101840,2/6/2018,2/12/2018,Tarif normal,SP-20545,Sibella Parks,Entreprise,États-Unis,New York City,New York,USCA - Est,TEC-PH-10002538,Produits technologiques,Téléphones,Grandstream GXP1160 VoIP phone,227.46,6,0,65.96
7027,US-2018-101840,2/6/2018,2/12/2018,Tarif normal,SP-20545,Sibella Parks,Entreprise,États-Unis,New York City,New York,USCA - Est,OFF-BI-10000279,Fournitures de bureau,Classeurs,"Acco Recycled 2"" Capacity Laser Printer Hanging Data Binders",46.24,4,0.2,15.61
7028,US-2018-131653,1/29/2018,2/5/2018,Tarif normal,RD-19585,Rob Dowd,Grand public,États-Unis,New York City,New York,USCA - Est,OFF-LA-10001045,Fournitures de bureau,Étiquettes,Permanent Self-Adhesive File Folder Labels for Typewriters by Universal,5.22,2,0,2.4
7036,US-2018-119494,11/9/2018,11/13/2018,Tarif normal,JE-15610,Jim Epp,Entreprise,États-Unis,San Diego,Californie,USCA - Ouest,FUR-CH-10004675,Mobilier,Chaises,"Lifetime Advantage Folding Chairs, 4/Carton",523.39,3,0.2,52.34
7038,US-2018-161970,9/22/2018,9/27/2018,Tarif normal,PB-19105,Peter Bühler,Grand public,États-Unis,Smyrna,Géorgie,USCA - Sud,OFF-PA-10004255,Fournitures de bureau,Papier,Xerox 219,12.96,2,0,6.22
7039,US-2018-161970,9/22/2018,9/27/2018,Tarif normal,PB-19105,Peter Bühler,Grand public,États-Unis,Smyrna,Géorgie,USCA - Sud,OFF-AR-10003896,Fournitures de bureau,Art,"Stride Job 150 Highlighters, Chisel Tip, Assorted Colors",17.94,3,0,6.46
7040,US-2018-103443,12/17/2018,12/23/2018,Tarif normal,AT-10735,Annie Thurman,Grand public,États-Unis,New York City,New York,USCA - Est,OFF-ST-10002276,Fournitures de bureau,Stockage,Safco Steel Mobile File Cart,166.72,2,0,41.68
7041,US-2018-103443,12/17/2018,12/23/2018,Tarif normal,AT-10735,Annie Thurman,Grand public,États-Unis,New York City,New York,USCA - Est,OFF-BI-10001617,Fournitures de bureau,Classeurs,GBC Wire Binding Combs,24.82,3,0.2,8.38
7042,US-2018-103443,12/17/2018,12/23/2018,Tarif normal,AT-10735,Annie Thurman,Grand public,États-Unis,New York City,New York,USCA - Est,FUR-FU-10000308,Mobilier,Meubles,Deflect-o Glass Clear Studded Chair Mats,124.36,2,0,27.36
7043,US-2018-165358,7/18/2018,7/23/2018,Tarif normal,SV-20365,Seth Vernon,Grand public,États-Unis,Philadelphia,Pennsylvanie,USCA - Est,TEC-CO-10001943,Produits technologiques,Photocopieurs,Canon PC-428 Personal Copier,599.97,5,0.4,70
7044,US-2018-165358,7/18/2018,7/23/2018,Tarif normal,SV-20365,Seth Vernon,Grand public,États-Unis,Philadelphia,Pennsylvanie,USCA - Est,FUR-CH-10002647,Mobilier,Chaises,"Situations Contoured Folding Chairs, 4/Set",198.74,4,0.3,-14.2
7045,US-2018-165358,7/18/2018,7/23/2018,Tarif normal,SV-20365,Seth Vernon,Grand public,États-Unis,Philadelphia,Pennsylvanie,USCA - Est,OFF-SU-10004768,Fournitures de bureau,Fournitures,Acme Kleencut Forged Steel Scissors,9.18,2,0.2,1.15
7064,US-2018-127712,5/23/2018,5/25/2018,Tarif normal,MG-17890,Michael Granlund,Bureau à domicile,États-Unis,Salem,Oregon,USCA - Ouest,OFF-SU-10002522,Fournitures de bureau,Fournitures,Acme Kleen Earth Office Shears,6.21,2,0.2,0.7
7065,US-2018-169474,2/4/2018,2/9/2018,Tarif normal,JF-15355,Jay Fein,Grand public,États-Unis,Rochester,New York,USCA - Est,OFF-AP-10003971,Fournitures de bureau,Électroménager,Belkin 6 Outlet Metallic Surge Strip,32.67,3,0,8.49
7084,US-2018-118724,7/21/2018,7/25/2018,J+2,AR-10825,Anthony Rawles,Entreprise,États-Unis,Concord,Californie,USCA - Ouest,OFF-AR-10003469,Fournitures de bureau,Art,Nontoxic Chalk,3.52,2,0,1.69
7085,US-2018-118724,7/21/2018,7/25/2018,J+2,AR-10825,Anthony Rawles,Entreprise,États-Unis,Concord,Californie,USCA - Ouest,TEC-PH-10002549,Produits technologiques,Téléphones,Polycom SoundPoint IP 450 VoIP phone,1626.19,9,0.2,121.96
7086,US-2018-112004,9/25/2018,9/28/2018,Prioritaire,AH-10075,Adam Hart,Entreprise,États-Unis,Chester,Pennsylvanie,USCA - Est,OFF-BI-10003476,Fournitures de bureau,Classeurs,Avery Metallic Poly Binders,8.6,5,0.7,-6.3
7087,US-2018-112004,9/25/2018,9/28/2018,Prioritaire,AH-10075,Adam Hart,Entreprise,États-Unis,Chester,Pennsylvanie,USCA - Est,OFF-SU-10000157,Fournitures de bureau,Fournitures,Compact Automatic Electric Letter Opener,190.9,2,0.2,-42.95
7088,US-2018-143175,8/3/2018,8/6/2018,J+2,GA-14515,George Ashbrook,Grand public,États-Unis,Los Angeles,Californie,USCA - Ouest,OFF-ST-10003123,Fournitures de bureau,Stockage,Fellowes Bases and Tops For Staxonsteel/High-Stak Systems,99.87,3,0,23.97
7090,US-2018-118864,6/15/2018,6/19/2018,J+2,KH-16690,Kristen Hastings,Entreprise,États-Unis,Los Angeles,Californie,USCA - Ouest,TEC-PH-10001809,Produits technologiques,Téléphones,Panasonic KX T7736-B Digital phone,119.96,1,0.2,7.5
7099,US-2018-144596,11/6/2018,11/10/2018,Tarif normal,CD-11980,Carol Darley,Grand public,États-Unis,New York City,New York,USCA - Est,OFF-PA-10003302,Fournitures de bureau,Papier,Xerox 1906,318.96,9,0,149.91
7104,US-2018-147410,9/4/2018,9/8/2018,Tarif normal,EJ-14155,Eva Jacobs,Grand public,États-Unis,Santa Ana,Californie,USCA - Ouest,OFF-ST-10003805,Fournitures de bureau,Stockage,"24 Capacity Maxi Data Binder Racks, Pearl",421.1,2,0,105.28
7105,US-2018-128944,6/19/2018,6/21/2018,J+2,KH-16330,Katharine Harms,Entreprise,États-Unis,Newark,Ohio,USCA - Est,FUR-CH-10000785,Mobilier,Chaises,Global Ergonomic Managers Chair,760.12,6,0.3,-43.44
7106,US-2018-128944,6/19/2018,6/21/2018,J+2,KH-16330,Katharine Harms,Entreprise,États-Unis,Newark,Ohio,USCA - Est,FUR-FU-10004909,Mobilier,Meubles,Contemporary Wood/Metal Frame,38.78,3,0.2,7.27
7107,US-2018-128944,6/19/2018,6/21/2018,J+2,KH-16330,Katharine Harms,Entreprise,États-Unis,Newark,Ohio,USCA - Est,TEC-AC-10001553,Produits technologiques,Accessoires,"Memorex 25GB 6X Branded Blu-Ray Recordable Disc, 15/Pack",122.33,9,0.2,1.53
7119,US-2018-104906,2/13/2018,2/17/2018,Tarif normal,JP-15460,Jennifer Patt,Entreprise,États-Unis,New York City,New York,USCA - Est,OFF-PA-10001184,Fournitures de bureau,Papier,Xerox 1903,17.94,3,0,8.79
7120,US-2018-118122,11/17/2018,11/24/2018,Tarif normal,GG-14650,Greg Guthrie,Entreprise,États-Unis,Seattle,Washington,USCA - Ouest,OFF-BI-10002103,Fournitures de bureau,Classeurs,"Cardinal Slant-D Ring Binder, Heavy Gauge Vinyl",13.9,2,0.2,4.52
7122,US-2018-166926,12/1/2018,12/8/2018,Tarif normal,SO-20335,Sean O'Donnell,Grand public,États-Unis,Seattle,Washington,USCA - Ouest,OFF-PA-10001593,Fournitures de bureau,Papier,Xerox 1947,41.86,7,0,18.84
7123,US-2018-166926,12/1/2018,12/8/2018,Tarif normal,SO-20335,Sean O'Donnell,Grand public,États-Unis,Seattle,Washington,USCA - Ouest,FUR-BO-10002598,Mobilier,Bibliothèques,"Hon Metal Bookcases, Putty",141.96,2,0,41.17
7132,US-2018-141439,11/26/2018,12/1/2018,Tarif normal,TT-21460,Tonja Turnell,Bureau à domicile,États-Unis,Richmond,Indiana,USCA - Centre,FUR-TA-10001039,Mobilier,Tables,KI Adjustable-Height Table,257.94,3,0,67.06
7133,US-2018-141439,11/26/2018,12/1/2018,Tarif normal,TT-21460,Tonja Turnell,Bureau à domicile,États-Unis,Richmond,Indiana,USCA - Centre,TEC-PH-10002624,Produits technologiques,Téléphones,Samsung Galaxy S4 Mini,1879.96,4,0,545.19
7134,US-2018-141439,11/26/2018,12/1/2018,Tarif normal,TT-21460,Tonja Turnell,Bureau à domicile,États-Unis,Richmond,Indiana,USCA - Centre,FUR-FU-10001473,Mobilier,Meubles,DAX Wood Document Frame,27.46,2,0,9.89
7135,US-2018-141439,11/26/2018,12/1/2018,Tarif normal,TT-21460,Tonja Turnell,Bureau à domicile,États-Unis,Richmond,Indiana,USCA - Centre,TEC-PH-10001819,Produits technologiques,Téléphones,Innergie mMini Combo Duo USB Travel Charging Kit,89.98,2,0,43.19
7136,US-2018-141439,11/26/2018,12/1/2018,Tarif normal,TT-21460,Tonja Turnell,Bureau à domicile,États-Unis,Richmond,Indiana,USCA - Centre,FUR-CH-10004287,Mobilier,Chaises,SAFCO Arco Folding Chair,828.6,3,0,240.29
7141,US-2018-128783,9/7/2018,9/7/2018,Le même jour,TG-21640,Trudy Glocke,Grand public,États-Unis,Saint Charles,Missouri,USCA - Centre,TEC-AC-10002473,Produits technologiques,Accessoires,Maxell 4.7GB DVD-R,113.52,4,0,46.54
7142,US-2018-128783,9/7/2018,9/7/2018,Le même jour,TG-21640,Trudy Glocke,Grand public,États-Unis,Saint Charles,Missouri,USCA - Centre,FUR-FU-10003623,Mobilier,Meubles,"DataProducts Ampli Magnifier Task Lamp, Black,",135.3,5,0,37.88
7144,US-2018-141558,3/11/2018,3/16/2018,Tarif normal,MH-17290,Marc Harrigan,Bureau à domicile,États-Unis,Philadelphia,Pennsylvanie,USCA - Est,TEC-PH-10002555,Produits technologiques,Téléphones,Nortel Meridian M5316 Digital phone,776.85,5,0.4,-181.27
7145,US-2018-141558,3/11/2018,3/16/2018,Tarif normal,MH-17290,Marc Harrigan,Bureau à domicile,États-Unis,Philadelphia,Pennsylvanie,USCA - Est,OFF-BI-10002794,Fournitures de bureau,Classeurs,"Avery Trapezoid Ring Binder, 3"" Capacity, Black, 1040 sheets",12.29,1,0.7,-8.61
7146,US-2018-141558,3/11/2018,3/16/2018,Tarif normal,MH-17290,Marc Harrigan,Bureau à domicile,États-Unis,Philadelphia,Pennsylvanie,USCA - Est,FUR-TA-10004086,Mobilier,Tables,KI Adjustable-Height Table,154.76,3,0.4,-46.43
7147,US-2018-141558,3/11/2018,3/16/2018,Tarif normal,MH-17290,Marc Harrigan,Bureau à domicile,États-Unis,Philadelphia,Pennsylvanie,USCA - Est,OFF-ST-10004946,Fournitures de bureau,Stockage,Desktop 3-Pocket Hot File,43.28,1,0.2,3.25
7151,US-2018-100412,12/22/2018,12/26/2018,Tarif normal,SR-20425,Sharelle Roach,Bureau à domicile,États-Unis,Tuscaloosa,Alabama,USCA - Sud,FUR-CH-10002647,Mobilier,Chaises,"Situations Contoured Folding Chairs, 4/Set",141.96,2,0,35.49
7152,US-2018-142909,12/22/2018,12/25/2018,J+2,AG-10330,Alex Grayson,Grand public,États-Unis,Mesa,Arizona,USCA - Ouest,FUR-TA-10003008,Mobilier,Tables,"Lesro Round Back Collection Coffee Table, End Table",182.55,2,0.5,-135.09
7157,US-2018-126718,4/29/2018,5/4/2018,Tarif normal,KT-16480,Kean Thornton,Grand public,États-Unis,Orange,New Jersey,USCA - Est,OFF-LA-10004055,Fournitures de bureau,Étiquettes,Color-Coded Legal Exhibit Labels,4.91,1,0,2.41
7171,US-2018-168613,10/8/2018,10/14/2018,Tarif normal,GM-14440,Gary McGarr,Grand public,États-Unis,New York City,New York,USCA - Est,FUR-CH-10002372,Mobilier,Chaises,Office Star - Ergonomically Designed Knee Chair,145.76,2,0.1,3.24
7172,US-2018-125381,4/25/2018,4/27/2018,J+2,SG-20605,Speros Goranitis,Grand public,États-Unis,San Francisco,Californie,USCA - Ouest,TEC-AC-10000158,Produits technologiques,Accessoires,Sony 64GB Class 10 Micro SDHC R40 Memory Card,107.97,3,0,22.67
7173,US-2018-141677,3/26/2018,3/28/2018,Tarif normal,HK-14890,Heather Kirkland,Entreprise,États-Unis,Houston,Texas,USCA - Centre,TEC-AC-10000158,Produits technologiques,Accessoires,Sony 64GB Class 10 Micro SDHC R40 Memory Card,143.96,5,0.2,1.8
7174,US-2018-141677,3/26/2018,3/28/2018,Tarif normal,HK-14890,Heather Kirkland,Entreprise,États-Unis,Houston,Texas,USCA - Centre,TEC-CO-10002313,Produits technologiques,Photocopieurs,Canon PC1080F Personal Copier,2399.96,5,0.2,569.99
7175,US-2018-141677,3/26/2018,3/28/2018,Tarif normal,HK-14890,Heather Kirkland,Entreprise,États-Unis,Houston,Texas,USCA - Centre,OFF-PA-10002581,Fournitures de bureau,Papier,Xerox 1951,74.35,3,0.2,23.24
7176,US-2018-141677,3/26/2018,3/28/2018,Tarif normal,HK-14890,Heather Kirkland,Entreprise,États-Unis,Houston,Texas,USCA - Centre,OFF-AP-10001205,Fournitures de bureau,Électroménager,Belkin 5 Outlet SurgeMaster Power Centers,87.17,8,0.8,-226.64
7177,US-2018-141677,3/26/2018,3/28/2018,Tarif normal,HK-14890,Heather Kirkland,Entreprise,États-Unis,Houston,Texas,USCA - Centre,OFF-ST-10000344,Fournitures de bureau,Stockage,"Neat Ideas Personal Hanging Folder Files, Black",32.23,3,0.2,2.42
7178,US-2018-133067,5/4/2018,5/10/2018,Tarif normal,MY-18295,Muhammed Yedwab,Entreprise,États-Unis,Philadelphia,Pennsylvanie,USCA - Est,OFF-BI-10002897,Fournitures de bureau,Classeurs,"Black Avery Memo-Size 3-Ring Binder, 5 1/2"" x 8 1/2""",2.2,2,0.7,-1.54
7179,US-2018-133067,5/4/2018,5/10/2018,Tarif normal,MY-18295,Muhammed Yedwab,Entreprise,États-Unis,Philadelphia,Pennsylvanie,USCA - Est,OFF-BI-10003694,Fournitures de bureau,Classeurs,"Avery 3 1/2"" Diskette Storage Pages, 10/Pack",9.4,3,0.7,-7.52
7183,US-2018-150609,1/20/2018,1/22/2018,Tarif normal,NZ-18565,Nick Zandusky,Bureau à domicile,États-Unis,Los Angeles,Californie,USCA - Ouest,OFF-BI-10002071,Fournitures de bureau,Classeurs,Fellowes Black Plastic Comb Bindings,23.24,5,0.2,7.55
7184,US-2018-128853,4/21/2018,4/23/2018,Prioritaire,JM-15250,Janet Martin,Grand public,États-Unis,Baltimore,Maryland,USCA - Est,FUR-CH-10004218,Mobilier,Chaises,"Global Fabric Manager's Chair, Dark Gray",908.82,9,0,227.21
7185,US-2018-133102,8/17/2018,8/24/2018,Tarif normal,ED-13885,Emily Ducich,Bureau à domicile,États-Unis,Houston,Texas,USCA - Centre,OFF-SU-10000432,Fournitures de bureau,Fournitures,Acco Side-Punched Conventional Columnar Pads,5.55,2,0.2,-1.04
7186,US-2018-133102,8/17/2018,8/24/2018,Tarif normal,ED-13885,Emily Ducich,Bureau à domicile,États-Unis,Houston,Texas,USCA - Centre,OFF-AR-10003183,Fournitures de bureau,Art,Avery Fluorescent Highlighter Four-Color Set,8.02,3,0.2,1
7187,US-2018-133102,8/17/2018,8/24/2018,Tarif normal,ED-13885,Emily Ducich,Bureau à domicile,États-Unis,Houston,Texas,USCA - Centre,FUR-CH-10002017,Mobilier,Chaises,SAFCO Optional Arm Kit for Workspace Cribbage Stacking Chair,74.59,4,0.3,-2.13
7188,US-2018-133102,8/17/2018,8/24/2018,Tarif normal,ED-13885,Emily Ducich,Bureau à domicile,États-Unis,Houston,Texas,USCA - Centre,FUR-FU-10003247,Mobilier,Meubles,36X48 HARDFLOOR CHAIRMAT,16.78,2,0.6,-22.24
7189,US-2018-133102,8/17/2018,8/24/2018,Tarif normal,ED-13885,Emily Ducich,Bureau à domicile,États-Unis,Houston,Texas,USCA - Centre,OFF-AP-10001563,Fournitures de bureau,Électroménager,Belkin Premiere Surge Master II 8-outlet surge protector,38.86,4,0.8,-99.1
7206,US-2018-137414,10/2/2018,10/6/2018,Tarif normal,CM-12115,Chad McGuire,Grand public,États-Unis,San Francisco,Californie,USCA - Ouest,FUR-FU-10001424,Mobilier,Meubles,Dax Clear Box Frame,17.46,2,0,5.94
7207,US-2018-137414,10/2/2018,10/6/2018,Tarif normal,CM-12115,Chad McGuire,Grand public,États-Unis,San Francisco,Californie,USCA - Ouest,TEC-MA-10002930,Produits technologiques,Machines,Ricoh - Ink Collector Unit for GX3000 Series Printers,369.16,11,0.2,32.3
7214,US-2018-154949,10/15/2018,10/19/2018,Tarif normal,MC-17275,Marc Crier,Grand public,États-Unis,Camarillo,Californie,USCA - Ouest,OFF-LA-10002034,Fournitures de bureau,Étiquettes,Avery 478,14.73,3,0,7.22
7221,US-2018-154760,1/9/2018,1/13/2018,Tarif normal,BP-11290,Beth Paige,Grand public,États-Unis,Philadelphia,Pennsylvanie,USCA - Est,OFF-BI-10004632,Fournitures de bureau,Classeurs,Ibico Hi-Tech Manual Binding System,274.49,3,0.7,-228.74
7222,US-2018-104437,1/27/2018,1/29/2018,Tarif normal,TG-21310,Toby Gnade,Grand public,États-Unis,New York City,New York,USCA - Est,TEC-PH-10000193,Produits technologiques,Téléphones,Jensen SMPS-640 - speaker phone,137.94,3,0,35.86
7223,US-2018-113075,9/2/2018,9/6/2018,Tarif normal,MC-18100,Mick Crebagga,Grand public,États-Unis,Chicago,Illinois,USCA - Centre,TEC-AC-10003441,Produits technologiques,Accessoires,Kingston Digital DataTraveler 32GB USB 2.0,40.68,3,0.2,-7.12
7227,US-2018-127397,2/24/2018,2/28/2018,Tarif normal,ES-14080,Erin Smith,Entreprise,États-Unis,Philadelphia,Pennsylvanie,USCA - Est,OFF-PA-10001125,Fournitures de bureau,Papier,Xerox 1988,123.92,5,0.2,38.73
7228,US-2018-127397,2/24/2018,2/28/2018,Tarif normal,ES-14080,Erin Smith,Entreprise,États-Unis,Philadelphia,Pennsylvanie,USCA - Est,TEC-AC-10003033,Produits technologiques,Accessoires,Plantronics CS510 - Over-the-Head monaural Wireless Headset System,1319.8,5,0.2,214.47
7231,US-2018-153843,3/13/2018,3/15/2018,Prioritaire,SC-20380,Shahid Collister,Grand public,États-Unis,Fairfield,Connecticut,USCA - Est,OFF-BI-10002353,Fournitures de bureau,Classeurs,GBC VeloBind Cover Sets,30.88,2,0,15.44
7232,US-2018-153843,3/13/2018,3/15/2018,Prioritaire,SC-20380,Shahid Collister,Grand public,États-Unis,Fairfield,Connecticut,USCA - Est,OFF-AP-10001564,Fournitures de bureau,Électroménager,Hoover Commercial Lightweight Upright Vacuum with E-Z Empty Dirt Cup,465.16,2,0,120.94
7233,US-2018-153843,3/13/2018,3/15/2018,Prioritaire,SC-20380,Shahid Collister,Grand public,États-Unis,Fairfield,Connecticut,USCA - Est,OFF-PA-10003673,Fournitures de bureau,Papier,Strathmore Photo Mount Cards,27.12,4,0,12.48
7241,US-2018-136651,4/23/2018,4/25/2018,J+2,JF-15355,Jay Fein,Grand public,États-Unis,Pasadena,Californie,USCA - Ouest,FUR-FU-10002445,Mobilier,Meubles,"DAX Two-Tone Rosewood/Black Document Frame, Desktop, 5 x 7",66.36,7,0,26.54
7242,US-2018-136651,4/23/2018,4/25/2018,J+2,JF-15355,Jay Fein,Grand public,États-Unis,Pasadena,Californie,USCA - Ouest,OFF-BI-10003638,Fournitures de bureau,Classeurs,GBC Durable Plastic Covers,92.88,6,0.2,30.19
7243,US-2018-136651,4/23/2018,4/25/2018,J+2,JF-15355,Jay Fein,Grand public,États-Unis,Pasadena,Californie,USCA - Ouest,FUR-FU-10004864,Mobilier,Meubles,Eldon 500 Class Desk Accessories,24.14,2,0,7.97
7244,US-2018-118892,8/17/2018,8/22/2018,J+2,TP-21415,Tom Prescott,Grand public,États-Unis,Philadelphia,Pennsylvanie,USCA - Est,FUR-CH-10002024,Mobilier,Chaises,HON 5400 Series Task Chairs for Big and Tall,4416.17,9,0.3,-630.88
7245,US-2018-151127,5/22/2018,5/25/2018,Prioritaire,RL-19615,Rob Lucas,Grand public,États-Unis,Los Angeles,Californie,USCA - Ouest,OFF-AR-10002445,Fournitures de bureau,Art,SANFORD Major Accent Highlighters,49.56,7,0,18.83
7246,US-2018-145807,2/9/2018,2/13/2018,Tarif normal,SB-20170,Sarah Bern,Grand public,États-Unis,Los Angeles,Californie,USCA - Ouest,OFF-ST-10001370,Fournitures de bureau,Stockage,Sensible Storage WireTech Storage Systems,354.9,5,0,17.75
7262,US-2018-137001,6/10/2018,6/13/2018,J+2,GZ-14545,George Zrebassa,Entreprise,États-Unis,Thousand Oaks,Californie,USCA - Ouest,OFF-AR-10001231,Fournitures de bureau,Art,"Sanford EarthWrite Recycled Pencils, Medium Soft, #2",14.7,7,0,4.12
7263,US-2018-156363,10/22/2018,10/28/2018,Tarif normal,ML-17395,Marina Lichtenstein,Entreprise,États-Unis,Philadelphia,Pennsylvanie,USCA - Est,TEC-PH-10003988,Produits technologiques,Téléphones,"LF Elite 3D Dazzle Designer Hard Case Cover, Lf Stylus Pen and Wiper For Apple Iphone 5c Mini Lite",32.7,5,0.4,-6.54
7264,US-2018-156363,10/22/2018,10/28/2018,Tarif normal,ML-17395,Marina Lichtenstein,Entreprise,États-Unis,Philadelphia,Pennsylvanie,USCA - Est,OFF-EN-10003068,Fournitures de bureau,Enveloppes,#6 3/4 Gummed Flap White Envelopes,31.68,4,0.2,11.09
7265,US-2018-122056,6/13/2018,6/17/2018,Tarif normal,PG-18895,Paul Gonzalez,Grand public,États-Unis,Springfield,Virginie,USCA - Sud,OFF-AR-10004260,Fournitures de bureau,Art,Boston 1799 Powerhouse Electric Pencil Sharpener,181.86,7,0,50.92
7267,US-2018-122987,8/16/2018,8/16/2018,Le même jour,SJ-20215,Sarah Jordon,Grand public,États-Unis,Columbia,Tennessee,USCA - Sud,OFF-BI-10002824,Fournitures de bureau,Classeurs,Recycled Easel Ring Binders,13.43,3,0.7,-11.19
7268,US-2018-122987,8/16/2018,8/16/2018,Le même jour,SJ-20215,Sarah Jordon,Grand public,États-Unis,Columbia,Tennessee,USCA - Sud,OFF-ST-10004950,Fournitures de bureau,Stockage,Acco Perma 3000 Stacking Storage Drawers,67.14,4,0.2,-0.84
7282,US-2018-159282,10/16/2018,10/21/2018,Tarif normal,GH-14410,Gary Hansen,Bureau à domicile,États-Unis,Yuma,Arizona,USCA - Ouest,TEC-MA-10001148,Produits technologiques,Machines,Swingline SM12-08 MicroCut Jam Free Shredder,599.99,5,0.7,-479.99
7283,US-2018-155936,6/22/2018,6/29/2018,Tarif normal,JK-15730,Joe Kamberova,Grand public,États-Unis,Chicago,Illinois,USCA - Centre,OFF-BI-10002432,Fournitures de bureau,Classeurs,Wilson Jones Standard D-Ring Binders,3.04,3,0.8,-5.01
7284,US-2018-169439,9/9/2018,9/13/2018,Tarif normal,LC-17140,Logan Currie,Grand public,États-Unis,Cleveland,Ohio,USCA - Est,OFF-AR-10001374,Fournitures de bureau,Art,"BIC Brite Liner Highlighters, Chisel Tip",25.92,5,0.2,3.89
7285,US-2018-169439,9/9/2018,9/13/2018,Tarif normal,LC-17140,Logan Currie,Grand public,États-Unis,Cleveland,Ohio,USCA - Est,FUR-FU-10000723,Mobilier,Meubles,"Deflect-o EconoMat Studded, No Bevel Mat for Low Pile Carpeting",66.11,2,0.2,-9.09
7286,US-2018-151183,10/14/2018,10/19/2018,Tarif normal,BK-11260,Berenike Kampe,Grand public,États-Unis,San Francisco,Californie,USCA - Ouest,TEC-AC-10003614,Produits technologiques,Accessoires,"Verbatim 25 GB 6x Blu-ray Single Layer Recordable Disc, 10/Pack",46.36,4,0,15.3
7293,US-2018-109183,12/4/2018,12/9/2018,Tarif normal,LR-16915,Lena Radford,Grand public,États-Unis,Nashville,Tennessee,USCA - Sud,TEC-MA-10001856,Produits technologiques,Machines,Okidata C610n Printer,649,2,0.5,-272.58
7304,US-2018-117450,9/4/2018,9/8/2018,Tarif normal,DO-13645,Doug O'Connell,Grand public,États-Unis,Boynton Beach,Floride,USCA - Sud,FUR-CH-10003817,Mobilier,Chaises,"Global Value Steno Chair, Gray",97.18,2,0.2,6.07
7305,US-2018-117450,9/4/2018,9/8/2018,Tarif normal,DO-13645,Doug O'Connell,Grand public,États-Unis,Boynton Beach,Floride,USCA - Sud,OFF-PA-10000289,Fournitures de bureau,Papier,Xerox 213,10.37,2,0.2,3.63
7310,US-2018-112172,6/10/2018,6/14/2018,J+2,MM-18280,Muhammed MacIntyre,Entreprise,États-Unis,New York City,New York,USCA - Est,OFF-FA-10004395,Fournitures de bureau,Éléments de fixation,Plymouth Boxed Rubber Bands by Plymouth,14.13,3,0,0.71
7316,US-2018-115322,5/11/2018,5/16/2018,J+2,ZC-21910,Zuschuss Carroll,Grand public,États-Unis,New York City,New York,USCA - Est,OFF-AR-10004456,Fournitures de bureau,Art,Panasonic KP-4ABK Battery-Operated Pencil Sharpener,43.92,3,0,12.74
7318,US-2018-158120,11/17/2018,11/21/2018,Tarif normal,KH-16330,Katharine Harms,Entreprise,États-Unis,Hillsboro,Oregon,USCA - Ouest,OFF-PA-10003205,Fournitures de bureau,Papier,"Wirebound Message Forms, Four 2 3/4 x 5 Forms per Page, Pink Paper",19.61,3,0.2,6.62
7319,US-2018-158120,11/17/2018,11/21/2018,Tarif normal,KH-16330,Katharine Harms,Entreprise,États-Unis,Hillsboro,Oregon,USCA - Ouest,OFF-BI-10002813,Fournitures de bureau,Classeurs,Avery Reinforcements for Hole-Punch Pages,4.16,7,0.7,-3.47
7320,US-2018-100097,11/26/2018,11/29/2018,J+2,MN-17935,Michael Nguyen,Grand public,États-Unis,New York City,New York,USCA - Est,TEC-PH-10002310,Produits technologiques,Téléphones,Plantronics Calisto P620-M USB Wireless Speakerphone System,979.95,5,0,264.59
7321,US-2018-100097,11/26/2018,11/29/2018,J+2,MN-17935,Michael Nguyen,Grand public,États-Unis,New York City,New York,USCA - Est,FUR-FU-10003623,Mobilier,Meubles,"DataProducts Ampli Magnifier Task Lamp, Black,",135.3,5,0,37.88
7322,US-2018-167626,9/3/2018,9/7/2018,Tarif normal,MY-18295,Muhammed Yedwab,Entreprise,États-Unis,Chicago,Illinois,USCA - Centre,OFF-PA-10003424,Fournitures de bureau,Papier,"""While you Were Out"" Message Book, One Form per Page",8.9,3,0.2,3.34
7323,US-2018-167626,9/3/2018,9/7/2018,Tarif normal,MY-18295,Muhammed Yedwab,Entreprise,États-Unis,Chicago,Illinois,USCA - Centre,TEC-AC-10004353,Produits technologiques,Accessoires,Hypercom P1300 Pinpad,100.8,2,0.2,21.42
7324,US-2018-126053,12/5/2018,12/8/2018,Prioritaire,CS-11950,Carlos Soltero,Grand public,États-Unis,New York City,New York,USCA - Est,FUR-FU-10001934,Mobilier,Meubles,Magnifier Swing Arm Lamp,41.96,2,0,10.91
7325,US-2018-126053,12/5/2018,12/8/2018,Prioritaire,CS-11950,Carlos Soltero,Grand public,États-Unis,New York City,New York,USCA - Est,OFF-LA-10003766,Fournitures de bureau,Étiquettes,Self-Adhesive Removable Labels,9.45,3,0,4.54
7326,US-2018-128447,11/10/2018,11/17/2018,Tarif normal,MC-17845,Michael Chen,Grand public,États-Unis,Pasco,Washington,USCA - Ouest,OFF-AP-10004540,Fournitures de bureau,Électroménager,"Eureka The Boss Lite 10-Amp Upright Vacuum, Blue",400.8,5,0,112.22
7327,US-2018-128447,11/10/2018,11/17/2018,Tarif normal,MC-17845,Michael Chen,Grand public,États-Unis,Pasco,Washington,USCA - Ouest,OFF-BI-10001543,Fournitures de bureau,Classeurs,GBC VeloBinder Manual Binding System,28.79,1,0.2,10.08
7332,US-2018-115119,10/26/2018,10/28/2018,Tarif normal,SC-20440,Shaun Chance,Entreprise,États-Unis,Lancaster,Pennsylvanie,USCA - Est,TEC-PH-10001433,Produits technologiques,Téléphones,Cisco Small Business SPA 502G VoIP phone,61.54,1,0.4,-13.33
7333,US-2018-115119,10/26/2018,10/28/2018,Tarif normal,SC-20440,Shaun Chance,Entreprise,États-Unis,Lancaster,Pennsylvanie,USCA - Est,OFF-BI-10003007,Fournitures de bureau,Classeurs,"Premium Transparent Presentation Covers, No Pattern/Clear, 8 1/2"" x 11""",81.44,7,0.7,-65.15
7338,US-2018-165155,9/21/2018,9/23/2018,Prioritaire,BM-11575,Brendan Murry,Entreprise,États-Unis,Los Angeles,Californie,USCA - Ouest,OFF-ST-10004950,Fournitures de bureau,Stockage,"Tenex Personal Filing Tote With Secure Closure Lid, Black/Frost",15.51,1,0,3.88
7345,US-2018-168389,12/11/2018,12/17/2018,Tarif normal,DV-13045,Darrin Van Huff,Entreprise,États-Unis,Jacksonville,Floride,USCA - Sud,FUR-TA-10004289,Mobilier,Tables,BoxOffice By Design Rectangular and Half-Moon Meeting Room Tables,721.88,6,0.5,-420
7346,US-2018-168389,12/11/2018,12/17/2018,Tarif normal,DV-13045,Darrin Van Huff,Entreprise,États-Unis,Jacksonville,Floride,USCA - Sud,TEC-PH-10003555,Produits technologiques,Téléphones,Motorola HK250 Universal Bluetooth Headset,73.57,4,0.2,-16.55
7347,US-2018-168389,12/11/2018,12/17/2018,Tarif normal,DV-13045,Darrin Van Huff,Entreprise,États-Unis,Jacksonville,Floride,USCA - Sud,OFF-AR-10001958,Fournitures de bureau,Art,Stanley Bostitch Contemporary Electric Pencil Sharpeners,13.58,1,0.2,1.36
7348,US-2018-168389,12/11/2018,12/17/2018,Tarif normal,DV-13045,Darrin Van Huff,Entreprise,États-Unis,Jacksonville,Floride,USCA - Sud,FUR-CH-10000225,Mobilier,Chaises,"Global Geo Office Task Chair, Gray",64.78,1,0.2,-12.15
7350,US-2018-142125,10/21/2018,10/27/2018,Tarif normal,JB-15400,Jennifer Braxton,Entreprise,États-Unis,Milwaukee,Wisconsin,USCA - Centre,OFF-BI-10000301,Fournitures de bureau,Classeurs,GBC Instant Report Kit,38.82,6,0,19.41
7351,US-2018-142125,10/21/2018,10/27/2018,Tarif normal,JB-15400,Jennifer Braxton,Entreprise,États-Unis,Milwaukee,Wisconsin,USCA - Centre,OFF-BI-10003460,Fournitures de bureau,Classeurs,Acco 3-Hole Punch,21.9,5,0,10.51
7352,US-2018-141138,11/10/2018,11/16/2018,Tarif normal,GH-14425,Gary Hwang,Grand public,États-Unis,Modesto,Californie,USCA - Ouest,TEC-AC-10001772,Produits technologiques,Accessoires,Memorex Mini Travel Drive 16 GB USB 2.0 Flash Drive,111.79,7,0,43.6
7353,US-2018-152135,3/16/2018,3/18/2018,J+2,MG-17650,Matthew Grinstein,Bureau à domicile,États-Unis,Lakewood,Ohio,USCA - Est,TEC-PH-10003505,Produits technologiques,Téléphones,Geemarc AmpliPOWER60,445.44,8,0.4,-81.66
7355,US-2018-154102,2/6/2018,2/13/2018,Tarif normal,SN-20560,Skye Norling,Bureau à domicile,États-Unis,San Francisco,Californie,USCA - Ouest,OFF-PA-10001593,Fournitures de bureau,Papier,Xerox 1947,29.9,5,0,13.46
7369,US-2018-161851,4/15/2018,4/17/2018,Prioritaire,BP-11095,Bart Pistole,Entreprise,États-Unis,Miami,Floride,USCA - Sud,OFF-BI-10004654,Fournitures de bureau,Classeurs,VariCap6 Expandable Binder,15.57,3,0.7,-11.94
7372,US-2018-123862,1/7/2018,1/9/2018,J+2,JF-15190,Jamie Frazer,Grand public,États-Unis,Long Beach,Californie,USCA - Ouest,OFF-ST-10000760,Fournitures de bureau,Stockage,Eldon Fold 'N Roll Cart System,153.78,11,0,44.6
7373,US-2018-123862,1/7/2018,1/9/2018,J+2,JF-15190,Jamie Frazer,Grand public,États-Unis,Long Beach,Californie,USCA - Ouest,OFF-ST-10002301,Fournitures de bureau,Stockage,Tennsco Commercial Shelving,61.02,3,0,0.61
7374,US-2018-123862,1/7/2018,1/9/2018,J+2,JF-15190,Jamie Frazer,Grand public,États-Unis,Long Beach,Californie,USCA - Ouest,OFF-SU-10004884,Fournitures de bureau,Fournitures,Acme Galleria Hot Forged Steel Scissors with Colored Handles,110.11,7,0,31.93
7375,US-2018-123862,1/7/2018,1/9/2018,J+2,JF-15190,Jamie Frazer,Grand public,États-Unis,Long Beach,Californie,USCA - Ouest,OFF-FA-10003112,Fournitures de bureau,Éléments de fixation,Staples,7.89,1,0,3.55
7376,US-2018-100580,8/13/2018,8/20/2018,Tarif normal,MK-17905,Michael Kennedy,Entreprise,États-Unis,San Diego,Californie,USCA - Ouest,OFF-BI-10000069,Fournitures de bureau,Classeurs,"GBC Prepunched Paper, 19-Hole, for Binding Systems, 24-lb",36.02,3,0.2,11.71
7377,US-2018-145597,11/2/2018,11/5/2018,Prioritaire,GG-14650,Greg Guthrie,Entreprise,États-Unis,Bloomington,Illinois,USCA - Centre,OFF-AR-10001958,Fournitures de bureau,Art,Stanley Bostitch Contemporary Electric Pencil Sharpeners,54.34,4,0.2,5.43
7390,US-2018-108035,11/29/2018,12/3/2018,Tarif normal,TT-21070,Ted Trevino,Grand public,États-Unis,Chattanooga,Tennessee,USCA - Sud,FUR-CH-10000454,Mobilier,Chaises,"Hon Deluxe Fabric Upholstered Stacking Chairs, Rounded Back",390.37,2,0.2,48.8
7391,US-2018-108035,11/29/2018,12/3/2018,Tarif normal,TT-21070,Ted Trevino,Grand public,États-Unis,Chattanooga,Tennessee,USCA - Sud,FUR-FU-10004017,Mobilier,Meubles,"Executive Impressions 13"" Chairman Wall Clock",101.52,5,0.2,19.04
7392,US-2018-160031,12/4/2018,12/7/2018,J+2,LT-16765,Larry Tron,Grand public,États-Unis,Fairfield,Ohio,USCA - Est,OFF-PA-10000241,Fournitures de bureau,Papier,"IBM Multi-Purpose Copy Paper, 8 1/2 x 11"", Case",74.35,3,0.2,23.24
7393,US-2018-147844,5/2/2018,5/6/2018,Tarif normal,DD-13570,Dorothy Dickinson,Grand public,États-Unis,Los Angeles,Californie,USCA - Ouest,OFF-PA-10003016,Fournitures de bureau,Papier,"Adams ""While You Were Out"" Message Pads",15.7,5,0,7.07
7394,US-2018-147844,5/2/2018,5/6/2018,Tarif normal,DD-13570,Dorothy Dickinson,Grand public,États-Unis,Los Angeles,Californie,USCA - Ouest,OFF-AR-10001615,Fournitures de bureau,Art,Newell 34,59.52,3,0,15.48
7395,US-2018-147844,5/2/2018,5/6/2018,Tarif normal,DD-13570,Dorothy Dickinson,Grand public,États-Unis,Los Angeles,Californie,USCA - Ouest,OFF-PA-10002713,Fournitures de bureau,Papier,"Adams Phone Message Book, 200 Message Capacity, 8 1/16” x 11”",34.4,5,0,15.82
7403,US-2018-168172,8/6/2018,8/10/2018,Tarif normal,SH-20395,Shahid Hopkins,Grand public,États-Unis,New York City,New York,USCA - Est,OFF-SU-10002573,Fournitures de bureau,Fournitures,"Acme 10"" Easy Grip Assistive Scissors",70.12,4,0,21.04
7408,US-2018-152079,1/20/2018,1/21/2018,Prioritaire,ML-17410,Maris LaWare,Grand public,États-Unis,Chicago,Illinois,USCA - Centre,OFF-LA-10001613,Fournitures de bureau,Étiquettes,Avery File Folder Labels,11.52,5,0.2,4.18
7412,US-2018-121125,2/19/2018,2/21/2018,Tarif normal,MG-17890,Michael Granlund,Bureau à domicile,États-Unis,Tigard,Oregon,USCA - Ouest,TEC-PH-10001619,Produits technologiques,Téléphones,LG G3,156.79,1,0.2,17.64
7413,US-2018-121125,2/19/2018,2/21/2018,Tarif normal,MG-17890,Michael Granlund,Bureau à domicile,États-Unis,Tigard,Oregon,USCA - Ouest,TEC-AC-10002323,Produits technologiques,Accessoires,SanDisk Ultra 32 GB MicroSDHC Class 10 Memory Card,35.36,2,0.2,-3.09
7414,US-2018-121125,2/19/2018,2/21/2018,Tarif normal,MG-17890,Michael Granlund,Bureau à domicile,États-Unis,Tigard,Oregon,USCA - Ouest,FUR-FU-10000820,Mobilier,Meubles,Tensor Brushed Steel Torchiere Floor Lamp,13.59,1,0.2,-0.34
7424,US-2018-135069,4/10/2018,4/14/2018,Tarif normal,BS-11755,Bruce Stewart,Grand public,États-Unis,Philadelphia,Pennsylvanie,USCA - Est,OFF-AP-10000026,Fournitures de bureau,Électroménager,Tripp Lite Isotel 6 Outlet Surge Protector with Fax/Modem Protection,195.1,4,0.2,21.95
7425,US-2018-135069,4/10/2018,4/14/2018,Tarif normal,BS-11755,Bruce Stewart,Grand public,États-Unis,Philadelphia,Pennsylvanie,USCA - Est,FUR-FU-10003878,Mobilier,Meubles,"Linden 10"" Round Wall Clock, Black",36.67,3,0.2,6.42
7440,US-2018-163657,9/2/2018,9/6/2018,Tarif normal,JL-15235,Janet Lee,Grand public,États-Unis,Los Angeles,Californie,USCA - Ouest,OFF-BI-10000138,Fournitures de bureau,Classeurs,Acco Translucent Poly Ring Binders,18.72,5,0.2,6.55
7441,US-2018-163657,9/2/2018,9/6/2018,Tarif normal,JL-15235,Janet Lee,Grand public,États-Unis,Los Angeles,Californie,USCA - Ouest,FUR-TA-10004607,Mobilier,Tables,Hon 2111 Invitation Series Straight Table,236.53,2,0.2,-2.96
7445,US-2018-127474,2/3/2018,2/7/2018,J+2,RD-19810,Ross DeVincentis,Bureau à domicile,États-Unis,Chicago,Illinois,USCA - Centre,OFF-PA-10001166,Fournitures de bureau,Papier,Xerox 2,5.18,1,0.2,1.81
7446,US-2018-127474,2/3/2018,2/7/2018,J+2,RD-19810,Ross DeVincentis,Bureau à domicile,États-Unis,Chicago,Illinois,USCA - Centre,OFF-PA-10001033,Fournitures de bureau,Papier,Xerox 1893,65.58,2,0.2,23.77
7447,US-2018-127474,2/3/2018,2/7/2018,J+2,RD-19810,Ross DeVincentis,Bureau à domicile,États-Unis,Chicago,Illinois,USCA - Centre,FUR-FU-10004597,Mobilier,Meubles,Eldon Cleatmat Chair Mats for Medium Pile Carpets,22.2,1,0.6,-26.09
7448,US-2018-127474,2/3/2018,2/7/2018,J+2,RD-19810,Ross DeVincentis,Bureau à domicile,États-Unis,Chicago,Illinois,USCA - Centre,OFF-PA-10000418,Fournitures de bureau,Papier,Xerox 189,419.4,5,0.2,146.79
7449,US-2018-115448,11/11/2018,11/14/2018,Prioritaire,MH-18025,Michelle Huthwaite,Grand public,États-Unis,Knoxville,Tennessee,USCA - Sud,FUR-FU-10004090,Mobilier,Meubles,"Executive Impressions 14"" Contract Wall Clock",88.92,5,0.2,14.45
7450,US-2018-105669,9/17/2018,9/22/2018,J+2,SJ-20125,Sanjit Jacobs,Bureau à domicile,États-Unis,Houston,Texas,USCA - Centre,OFF-AR-10000390,Fournitures de bureau,Art,Newell Chalk Holder,9.91,3,0.2,3.22
7451,US-2018-105669,9/17/2018,9/22/2018,J+2,SJ-20125,Sanjit Jacobs,Bureau à domicile,États-Unis,Houston,Texas,USCA - Centre,FUR-CH-10003774,Mobilier,Chaises,"Global Wood Trimmed Manager's Task Chair, Khaki",318.43,5,0.3,-77.33
7452,US-2018-105669,9/17/2018,9/22/2018,J+2,SJ-20125,Sanjit Jacobs,Bureau à domicile,États-Unis,Houston,Texas,USCA - Centre,OFF-BI-10002412,Fournitures de bureau,Classeurs,Wilson Jones “Snap” Scratch Pad Binder Tool for Ring Binders,5.8,5,0.8,-10.15
7453,US-2018-105669,9/17/2018,9/22/2018,J+2,SJ-20125,Sanjit Jacobs,Bureau à domicile,États-Unis,Houston,Texas,USCA - Centre,TEC-PH-10002415,Produits technologiques,Téléphones,Polycom VoiceStation 500 Conference phone,1415.76,6,0.2,88.49
7454,US-2018-134796,6/25/2018,7/1/2018,Tarif normal,FM-14380,Fred McMath,Grand public,États-Unis,Bolingbrook,Illinois,USCA - Centre,TEC-PH-10003505,Produits technologiques,Téléphones,Geemarc AmpliPOWER60,148.48,2,0.2,16.7
7468,US-2018-148985,11/11/2018,11/15/2018,J+2,TB-21190,Thomas Brumley,Bureau à domicile,États-Unis,Los Angeles,Californie,USCA - Ouest,FUR-FU-10001424,Mobilier,Meubles,Dax Clear Box Frame,34.92,4,0,11.87
7485,US-2018-135111,12/28/2018,1/2/2019,Tarif normal,CS-12400,Christopher Schild,Bureau à domicile,États-Unis,Fargo,Dakota du Nord,USCA - Centre,OFF-AR-10004707,Fournitures de bureau,Art,Staples in misc. colors,2.48,1,0,0.87
7486,US-2018-135111,12/28/2018,1/2/2019,Tarif normal,CS-12400,Christopher Schild,Bureau à domicile,États-Unis,Fargo,Dakota du Nord,USCA - Centre,OFF-BI-10004040,Fournitures de bureau,Classeurs,Wilson Jones Impact Binders,25.9,5,0,12.69
7490,US-2018-157196,11/5/2018,11/9/2018,Tarif normal,AA-10645,Anna Andreadi,Grand public,États-Unis,San Diego,Californie,USCA - Ouest,OFF-PA-10003172,Fournitures de bureau,Papier,Xerox 1996,12.96,2,0,6.22
7492,US-2018-118598,11/16/2018,11/16/2018,Le même jour,CM-12190,Charlotte Melton,Grand public,États-Unis,Utica,New York,USCA - Est,TEC-PH-10002583,Produits technologiques,Téléphones,iOttie HLCRIO102 Car Mount,119.94,6,0,6
7493,US-2018-160836,9/11/2018,9/16/2018,Tarif normal,CC-12475,Cindy Chapman,Grand public,États-Unis,Houston,Texas,USCA - Centre,OFF-PA-10004239,Fournitures de bureau,Papier,Xerox 1953,10.27,3,0.2,3.21
7494,US-2018-160836,9/11/2018,9/16/2018,Tarif normal,CC-12475,Cindy Chapman,Grand public,États-Unis,Houston,Texas,USCA - Centre,FUR-TA-10002855,Mobilier,Tables,Bevis Round Conference Table Top & Single Column Base,512.19,5,0.3,-65.85
7495,US-2018-160836,9/11/2018,9/16/2018,Tarif normal,CC-12475,Cindy Chapman,Grand public,États-Unis,Houston,Texas,USCA - Centre,OFF-AP-10001626,Fournitures de bureau,Électroménager,"Commercial WindTunnel Clean Air Upright Vacuum, Replacement Belts, Filtration Bags",1.56,2,0.8,-4.2
7496,US-2018-121048,7/14/2018,7/18/2018,Tarif normal,TC-21295,Toby Carlisle,Grand public,États-Unis,Westminster,Californie,USCA - Ouest,OFF-BI-10004022,Fournitures de bureau,Classeurs,Acco Suede Grain Vinyl Round Ring Binder,4.45,2,0.2,1.45
7497,US-2018-121048,7/14/2018,7/18/2018,Tarif normal,TC-21295,Toby Carlisle,Grand public,États-Unis,Westminster,Californie,USCA - Ouest,FUR-FU-10003601,Mobilier,Meubles,"Deflect-o RollaMat Studded, Beveled Mat for Medium Pile Carpeting",276.69,3,0,49.8
7498,US-2018-121048,7/14/2018,7/18/2018,Tarif normal,TC-21295,Toby Carlisle,Grand public,États-Unis,Westminster,Californie,USCA - Ouest,OFF-FA-10000490,Fournitures de bureau,Éléments de fixation,"OIC Binder Clips, Mini, 1/4"" Capacity, Black",4.96,4,0,2.33
7499,US-2018-121048,7/14/2018,7/18/2018,Tarif normal,TC-21295,Toby Carlisle,Grand public,États-Unis,Westminster,Californie,USCA - Ouest,OFF-AR-10004042,Fournitures de bureau,Art,"BOSTON Model 1800 Electric Pencil Sharpeners, Putty/Woodgrain",71.92,4,0,20.86
7500,US-2018-121048,7/14/2018,7/18/2018,Tarif normal,TC-21295,Toby Carlisle,Grand public,États-Unis,Westminster,Californie,USCA - Ouest,FUR-FU-10002960,Mobilier,Meubles,"Eldon 200 Class Desk Accessories, Burgundy",18.84,3,0,7.91
7501,US-2018-121048,7/14/2018,7/18/2018,Tarif normal,TC-21295,Toby Carlisle,Grand public,États-Unis,Westminster,Californie,USCA - Ouest,TEC-AC-10000991,Produits technologiques,Accessoires,Sony Micro Vault Click 8 GB USB 2.0 Flash Drive,140.97,3,0,19.74
7502,US-2018-121048,7/14/2018,7/18/2018,Tarif normal,TC-21295,Toby Carlisle,Grand public,États-Unis,Westminster,Californie,USCA - Ouest,TEC-PH-10004977,Produits technologiques,Téléphones,GE 30524EE4,470.38,3,0.2,52.92
7503,US-2018-120147,12/20/2018,12/22/2018,Le même jour,TB-21400,Tom Boeckenhauer,Grand public,États-Unis,Los Angeles,Californie,USCA - Ouest,OFF-AR-10000817,Fournitures de bureau,Art,Manco Dry-Lighter Erasable Highlighter,6.08,2,0,2.07
7504,US-2018-120147,12/20/2018,12/22/2018,Le même jour,TB-21400,Tom Boeckenhauer,Grand public,États-Unis,Los Angeles,Californie,USCA - Ouest,TEC-PH-10002447,Produits technologiques,Téléphones,AT&T CL83451 4-Handset Telephone,164.79,1,0.2,18.54
7506,US-2018-106579,6/8/2018,6/13/2018,Tarif normal,BW-11200,Ben Wallace,Grand public,États-Unis,Skokie,Illinois,USCA - Centre,OFF-BI-10000309,Fournitures de bureau,Classeurs,"GBC Twin Loop Wire Binding Elements, 9/16"" Spine, Black",12.18,4,0.8,-18.87
7509,US-2018-161935,7/14/2018,7/18/2018,Tarif normal,JL-15835,John Lee,Grand public,États-Unis,Columbus,Ohio,USCA - Est,OFF-PA-10000605,Fournitures de bureau,Papier,Xerox 1950,9.25,2,0.2,3.35
7510,US-2018-161935,7/14/2018,7/18/2018,Tarif normal,JL-15835,John Lee,Grand public,États-Unis,Columbus,Ohio,USCA - Est,TEC-PH-10000560,Produits technologiques,Téléphones,Samsung Galaxy S III - 16GB - pebble blue (T-Mobile),1889.95,9,0.4,-377.99
7511,US-2018-161935,7/14/2018,7/18/2018,Tarif normal,JL-15835,John Lee,Grand public,États-Unis,Columbus,Ohio,USCA - Est,OFF-ST-10003455,Fournitures de bureau,Stockage,"Tenex File Box, Personal Filing Tote with Lid, Black",62.04,5,0.2,4.65
7512,US-2018-161935,7/14/2018,7/18/2018,Tarif normal,JL-15835,John Lee,Grand public,États-Unis,Columbus,Ohio,USCA - Est,FUR-FU-10002937,Mobilier,Meubles,"GE 48"" Fluorescent Tube, Cool White Energy Saver, 34 Watts, 30/Box",396.92,5,0.2,148.85
7513,US-2018-161935,7/14/2018,7/18/2018,Tarif normal,JL-15835,John Lee,Grand public,États-Unis,Columbus,Ohio,USCA - Est,OFF-ST-10001837,Fournitures de bureau,Stockage,"SAFCO Mobile Desk Side File, Wire Frame",239.46,7,0.2,17.96
7514,US-2018-161935,7/14/2018,7/18/2018,Tarif normal,JL-15835,John Lee,Grand public,États-Unis,Columbus,Ohio,USCA - Est,OFF-AR-10004757,Fournitures de bureau,Art,Crayola Colored Pencils,13.12,5,0.2,2.13
7515,US-2018-167920,12/9/2018,12/12/2018,J+2,JL-15835,John Lee,Grand public,États-Unis,Richmond,Kentucky,USCA - Sud,OFF-BI-10004236,Fournitures de bureau,Classeurs,"XtraLife ClearVue Slant-D Ring Binder, White, 3""",29.36,2,0,13.51
7516,US-2018-167920,12/9/2018,12/12/2018,J+2,JL-15835,John Lee,Grand public,États-Unis,Richmond,Kentucky,USCA - Sud,OFF-AP-10000159,Fournitures de bureau,Électroménager,Belkin F9M820V08 8 Outlet Surge,214.9,5,0,62.32
7517,US-2018-167920,12/9/2018,12/12/2018,J+2,JL-15835,John Lee,Grand public,États-Unis,Richmond,Kentucky,USCA - Sud,OFF-BI-10003274,Fournitures de bureau,Classeurs,"Avery Durable Slant Ring Binders, No Labels",15.92,4,0,7.48
7518,US-2018-167920,12/9/2018,12/12/2018,J+2,JL-15835,John Lee,Grand public,États-Unis,Richmond,Kentucky,USCA - Sud,TEC-AC-10001013,Produits technologiques,Accessoires,Logitech ClearChat Comfort/USB Headset H390,146.45,5,0,48.33
7519,US-2018-167920,12/9/2018,12/12/2018,J+2,JL-15835,John Lee,Grand public,États-Unis,Richmond,Kentucky,USCA - Sud,OFF-ST-10004963,Fournitures de bureau,Stockage,Eldon Gobal File Keepers,15.14,1,0,0.61
7520,US-2018-167920,12/9/2018,12/12/2018,J+2,JL-15835,John Lee,Grand public,États-Unis,Richmond,Kentucky,USCA - Sud,OFF-LA-10004409,Fournitures de bureau,Étiquettes,Avery 492,5.76,2,0,2.65
7521,US-2018-167920,12/9/2018,12/12/2018,J+2,JL-15835,John Lee,Grand public,États-Unis,Richmond,Kentucky,USCA - Sud,TEC-CO-10001046,Produits technologiques,Photocopieurs,Canon Imageclass D680 Copier / Fax,1399.98,2,0,629.99
7527,US-2018-106145,9/26/2018,9/26/2018,Le même jour,RA-19885,Ruben Ausman,Entreprise,États-Unis,San Francisco,Californie,USCA - Ouest,OFF-EN-10001028,Fournitures de bureau,Enveloppes,Staple envelope,71.88,6,0,33.06
7528,US-2018-106145,9/26/2018,9/26/2018,Le même jour,RA-19885,Ruben Ausman,Entreprise,États-Unis,San Francisco,Californie,USCA - Ouest,FUR-FU-10003829,Mobilier,Meubles,Stackable Trays,9.24,3,0,2.96
7529,US-2018-106145,9/26/2018,9/26/2018,Le même jour,RA-19885,Ruben Ausman,Entreprise,États-Unis,San Francisco,Californie,USCA - Ouest,OFF-PA-10002245,Fournitures de bureau,Papier,Xerox 1895,35.88,6,0,16.15
7530,US-2018-106145,9/26/2018,9/26/2018,Le même jour,RA-19885,Ruben Ausman,Entreprise,États-Unis,San Francisco,Californie,USCA - Ouest,OFF-BI-10002215,Fournitures de bureau,Classeurs,"Wilson Jones Hanging View Binder, White, 1""",17.04,3,0.2,5.54
7531,US-2018-106145,9/26/2018,9/26/2018,Le même jour,RA-19885,Ruben Ausman,Entreprise,États-Unis,San Francisco,Californie,USCA - Ouest,OFF-BI-10003925,Fournitures de bureau,Classeurs,Fellowes PB300 Plastic Comb Binding Machine,931.18,3,0.2,314.27
7534,US-2018-134642,2/25/2018,3/1/2018,Tarif normal,SW-20245,Scot Wooten,Grand public,États-Unis,Greenville,Caroline du Nord,USCA - Sud,FUR-CH-10002880,Mobilier,Chaises,"Global High-Back Leather Tilter, Burgundy",196.78,2,0.2,-22.14
7535,US-2018-134642,2/25/2018,3/1/2018,Tarif normal,SW-20245,Scot Wooten,Grand public,États-Unis,Greenville,Caroline du Nord,USCA - Sud,FUR-BO-10004709,Mobilier,Bibliothèques,"Bush Westfield Collection Bookcases, Medium Cherry Finish",231.92,5,0.2,5.8
7536,US-2018-160143,12/21/2018,12/23/2018,Tarif normal,HG-14965,Henry Goldwyn,Entreprise,États-Unis,Los Angeles,Californie,USCA - Ouest,OFF-SU-10004231,Fournitures de bureau,Fournitures,Acme Tagit Stainless Steel Antibacterial Scissors,29.7,3,0,8.02
7537,US-2018-103415,12/3/2018,12/8/2018,Tarif normal,MV-17485,Mark Van Huff,Grand public,États-Unis,Houston,Texas,USCA - Centre,FUR-FU-10000820,Mobilier,Meubles,Tensor Brushed Steel Torchiere Floor Lamp,13.59,2,0.6,-14.27
7539,US-2018-112347,12/2/2018,12/6/2018,Tarif normal,BS-11380,Bill Stewart,Entreprise,États-Unis,Denver,Colorado,USCA - Ouest,OFF-ST-10003306,Fournitures de bureau,Stockage,Letter Size Cart,114.29,1,0.2,12.86
7540,US-2018-112347,12/2/2018,12/6/2018,Tarif normal,BS-11380,Bill Stewart,Entreprise,États-Unis,Denver,Colorado,USCA - Ouest,OFF-BI-10003707,Fournitures de bureau,Classeurs,Aluminum Screw Posts,36.62,8,0.7,-24.42
7541,US-2018-112347,12/2/2018,12/6/2018,Tarif normal,BS-11380,Bill Stewart,Entreprise,États-Unis,Denver,Colorado,USCA - Ouest,FUR-BO-10003546,Mobilier,Bibliothèques,Hon 4-Shelf Metal Bookcases,242.35,8,0.7,-363.53
7542,US-2018-112347,12/2/2018,12/6/2018,Tarif normal,BS-11380,Bill Stewart,Entreprise,États-Unis,Denver,Colorado,USCA - Ouest,TEC-PH-10000213,Produits technologiques,Téléphones,Seidio BD2-HK3IPH5-BK DILEX Case and Holster Combo for Apple iPhone 5/5s - Black,49.62,2,0.2,4.96
7543,US-2018-112347,12/2/2018,12/6/2018,Tarif normal,BS-11380,Bill Stewart,Entreprise,États-Unis,Denver,Colorado,USCA - Ouest,FUR-FU-10001488,Mobilier,Meubles,"Tenex 46"" x 60"" Computer Anti-Static Chairmat, Rectangular Shaped",508.7,6,0.2,0
7544,US-2018-112347,12/2/2018,12/6/2018,Tarif normal,BS-11380,Bill Stewart,Entreprise,États-Unis,Denver,Colorado,USCA - Ouest,TEC-PH-10004833,Produits technologiques,Téléphones,Macally Suction Cup Mount,57.36,6,0.2,-14.34
7545,US-2018-112347,12/2/2018,12/6/2018,Tarif normal,BS-11380,Bill Stewart,Entreprise,États-Unis,Denver,Colorado,USCA - Ouest,FUR-CH-10002335,Mobilier,Chaises,Hon GuestStacker Chair,906.68,5,0.2,68
7557,US-2018-159506,11/27/2018,12/2/2018,Tarif normal,JR-16210,Justin Ritter,Entreprise,États-Unis,Columbus,Indiana,USCA - Centre,OFF-PA-10003641,Fournitures de bureau,Papier,Xerox 1909,158.28,6,0,72.81
7558,US-2018-159506,11/27/2018,12/2/2018,Tarif normal,JR-16210,Justin Ritter,Entreprise,États-Unis,Columbus,Indiana,USCA - Centre,OFF-BI-10004519,Fournitures de bureau,Classeurs,GBC DocuBind P100 Manual Binding Machine,497.94,3,0,224.07
7564,US-2018-157672,10/5/2018,10/7/2018,Prioritaire,RB-19795,Ross Baird,Bureau à domicile,États-Unis,Denver,Colorado,USCA - Ouest,TEC-AC-10001714,Produits technologiques,Accessoires,Logitech MX Performance Wireless Mouse,63.82,2,0.2,13.56
7567,US-2018-140802,4/21/2018,4/23/2018,Prioritaire,KN-16390,Katherine Nockton,Entreprise,États-Unis,Houston,Texas,USCA - Centre,TEC-AC-10001998,Produits technologiques,Accessoires,Logitech LS21 Speaker System - PC Multimedia - 2.1-CH - Wired,47.98,3,0.2,8.4
7568,US-2018-140802,4/21/2018,4/23/2018,Prioritaire,KN-16390,Katherine Nockton,Entreprise,États-Unis,Houston,Texas,USCA - Centre,OFF-PA-10001534,Fournitures de bureau,Papier,Xerox 230,20.74,4,0.2,7.26
7589,US-2018-122945,11/16/2018,11/22/2018,Tarif normal,MB-18085,Mick Brown,Grand public,États-Unis,Roseville,Californie,USCA - Ouest,FUR-FU-10001196,Mobilier,Meubles,DAX Cubicle Frames - 8x10,17.31,3,0,5.19
7595,US-2018-119655,4/20/2018,4/24/2018,Tarif normal,CV-12295,Christina VanderZanden,Grand public,États-Unis,Detroit,Michigan,USCA - Centre,OFF-BI-10001989,Fournitures de bureau,Classeurs,Premium Transparent Presentation Covers by GBC,146.86,7,0,70.49
7596,US-2018-119655,4/20/2018,4/24/2018,Tarif normal,CV-12295,Christina VanderZanden,Grand public,États-Unis,Detroit,Michigan,USCA - Centre,OFF-BI-10001036,Fournitures de bureau,Classeurs,Cardinal EasyOpen D-Ring Binders,36.56,4,0,18.28
7608,US-2018-121195,12/24/2018,12/27/2018,Prioritaire,NS-18505,Neola Schneider,Grand public,États-Unis,Dallas,Texas,USCA - Centre,OFF-ST-10000585,Fournitures de bureau,Stockage,Economy Rollaway Files,264.32,2,0.2,19.82
7609,US-2018-163209,5/3/2018,5/7/2018,Tarif normal,MK-18160,Mike Kennedy,Grand public,États-Unis,San Francisco,Californie,USCA - Ouest,OFF-PA-10001166,Fournitures de bureau,Papier,Xerox 2,25.92,4,0,12.44
7610,US-2018-163209,5/3/2018,5/7/2018,Tarif normal,MK-18160,Mike Kennedy,Grand public,États-Unis,San Francisco,Californie,USCA - Ouest,OFF-AR-10003651,Fournitures de bureau,Art,Newell 350,22.96,7,0,6.66
7619,US-2018-151225,10/27/2018,10/29/2018,Prioritaire,JM-15655,Jim Mitchum,Entreprise,États-Unis,Los Angeles,Californie,USCA - Ouest,FUR-TA-10001539,Mobilier,Tables,Chromcraft Rectangular Conference Tables,189.58,1,0.2,9.48
7620,US-2018-151225,10/27/2018,10/29/2018,Prioritaire,JM-15655,Jim Mitchum,Entreprise,États-Unis,Los Angeles,Californie,USCA - Ouest,TEC-PH-10004100,Produits technologiques,Téléphones,Griffin GC17055 Auxiliary Audio Cable,71.96,5,0.2,7.2
7633,US-2018-158526,12/29/2018,1/1/2019,J+2,KH-16360,Katherine Hughes,Grand public,États-Unis,Louisville,Kentucky,USCA - Sud,FUR-CH-10002602,Mobilier,Chaises,DMI Arturo Collection Mission-style Design Wood Chair,1207.84,8,0,314.04
7634,US-2018-158526,12/29/2018,1/1/2019,J+2,KH-16360,Katherine Hughes,Grand public,États-Unis,Louisville,Kentucky,USCA - Sud,OFF-BI-10002414,Fournitures de bureau,Classeurs,GBC ProClick Spines for 32-Hole Punch,12.53,1,0,5.89
7635,US-2018-158526,12/29/2018,1/1/2019,J+2,KH-16360,Katherine Hughes,Grand public,États-Unis,Louisville,Kentucky,USCA - Sud,OFF-AR-10003696,Fournitures de bureau,Art,Panasonic KP-350BK Electric Pencil Sharpener with Auto Stop,34.58,1,0,10.03
7636,US-2018-158526,12/29/2018,1/1/2019,J+2,KH-16360,Katherine Hughes,Grand public,États-Unis,Louisville,Kentucky,USCA - Sud,FUR-CH-10004495,Mobilier,Chaises,"Global Leather and Oak Executive Chair, Black",300.98,1,0,87.28
7637,US-2018-158526,12/29/2018,1/1/2019,J+2,KH-16360,Katherine Hughes,Grand public,États-Unis,Louisville,Kentucky,USCA - Sud,FUR-CH-10001270,Mobilier,Chaises,Harbour Creations Steel Folding Chair,258.75,3,0,77.63
7638,US-2018-104885,3/2/2018,3/8/2018,Tarif normal,DB-13555,Dorothy Badders,Entreprise,États-Unis,Newark,Delaware,USCA - Est,OFF-AR-10001615,Fournitures de bureau,Art,Newell 34,59.52,3,0,15.48
7639,US-2018-104885,3/2/2018,3/8/2018,Tarif normal,DB-13555,Dorothy Badders,Entreprise,États-Unis,Newark,Delaware,USCA - Est,OFF-EN-10003286,Fournitures de bureau,Enveloppes,Staple envelope,57.96,7,0,27.24
7640,US-2018-104885,3/2/2018,3/8/2018,Tarif normal,DB-13555,Dorothy Badders,Entreprise,États-Unis,Newark,Delaware,USCA - Est,FUR-BO-10003660,Mobilier,Bibliothèques,"Bush Cubix Collection Bookcases, Fully Assembled",441.96,2,0,101.65
7641,US-2018-104885,3/2/2018,3/8/2018,Tarif normal,DB-13555,Dorothy Badders,Entreprise,États-Unis,Newark,Delaware,USCA - Est,OFF-PA-10002764,Fournitures de bureau,Papier,Easy-staple paper,68.04,6,0,33.34
7652,US-2018-110821,8/7/2018,8/8/2018,Prioritaire,CK-12205,Chloris Kastensmidt,Grand public,États-Unis,Dallas,Texas,USCA - Centre,TEC-AC-10001552,Produits technologiques,Accessoires,Logitech K350 2.4Ghz Wireless Keyboard,119.45,3,0.2,-13.44
7653,US-2018-110821,8/7/2018,8/8/2018,Prioritaire,CK-12205,Chloris Kastensmidt,Grand public,États-Unis,Dallas,Texas,USCA - Centre,OFF-ST-10002790,Fournitures de bureau,Stockage,Safco Industrial Shelving,118.16,2,0.2,-25.11
7659,US-2018-155740,4/21/2018,4/23/2018,Prioritaire,TC-21475,Tony Chapman,Bureau à domicile,États-Unis,Lakewood,Ohio,USCA - Est,OFF-BI-10001071,Fournitures de bureau,Classeurs,GBC ProClick Punch Binding System,76.78,4,0.7,-53.74
7660,US-2018-146493,6/1/2018,6/5/2018,Tarif normal,CV-12805,Cynthia Voltz,Entreprise,États-Unis,Fremont,Nebraska,USCA - Centre,OFF-BI-10003676,Fournitures de bureau,Classeurs,"GBC Standard Recycled Report Covers, Clear Plastic Sheets",53.9,5,0,25.87
7663,US-2018-141509,9/29/2018,10/1/2018,Prioritaire,SC-20575,Sonia Cooley,Grand public,États-Unis,Los Angeles,Californie,USCA - Ouest,OFF-AR-10002067,Fournitures de bureau,Art,Newell 334,99.2,5,0,25.79
7664,US-2018-139493,9/13/2018,9/19/2018,Tarif normal,SG-20605,Speros Goranitis,Grand public,États-Unis,Asheville,Caroline du Nord,USCA - Sud,OFF-AR-10003158,Fournitures de bureau,Art,Fluorescent Highlighters by Dixon,15.92,5,0.2,2.79
7676,US-2018-133487,5/6/2018,5/9/2018,J+2,TS-21655,Trudy Schmidt,Grand public,États-Unis,Rancho Cucamonga,Californie,USCA - Ouest,OFF-AP-10001271,Fournitures de bureau,Électroménager,Eureka The Boss Cordless Rechargeable Stick Vac,152.94,3,0,41.29
7690,US-2018-128951,7/15/2018,7/17/2018,Prioritaire,RS-19420,Ricardo Sperren,Entreprise,États-Unis,Suffolk,Virginie,USCA - Sud,OFF-AP-10002191,Fournitures de bureau,Électroménager,Belkin 8 Outlet SurgeMaster II Gold Surge Protector,179.94,3,0,50.38
7691,US-2018-128951,7/15/2018,7/17/2018,Prioritaire,RS-19420,Ricardo Sperren,Entreprise,États-Unis,Suffolk,Virginie,USCA - Sud,FUR-TA-10004575,Mobilier,Tables,Hon 5100 Series Wood Tables,872.94,3,0,157.13
7692,US-2018-128951,7/15/2018,7/17/2018,Prioritaire,RS-19420,Ricardo Sperren,Entreprise,États-Unis,Suffolk,Virginie,USCA - Sud,OFF-PA-10003177,Fournitures de bureau,Papier,Xerox 1999,12.96,2,0,6.22
7696,US-2018-107958,7/2/2018,7/5/2018,Prioritaire,AH-10120,Adrian Hane,Bureau à domicile,États-Unis,Houston,Texas,USCA - Centre,OFF-PA-10000357,Fournitures de bureau,Papier,"White Dual Perf Computer Printout Paper, 2700 Sheets, 1 Part, Heavyweight, 20 lbs., 14 7/8 x 11",163.96,5,0.2,59.44
7697,US-2018-107958,7/2/2018,7/5/2018,Prioritaire,AH-10120,Adrian Hane,Bureau à domicile,États-Unis,Houston,Texas,USCA - Centre,OFF-BI-10001787,Fournitures de bureau,Classeurs,Wilson Jones Four-Pocket Poly Binders,5.23,4,0.8,-8.11
7698,CA-2018-151799,12/14/2018,12/18/2018,Tarif normal,BF-11170,Ben Ferrer,Bureau à domicile,Canada,Toronto,Ontario,USCA - Est,TEC-CO-10002313,Produits technologiques,Photocopieurs,Canon PC1080F Personal Copier,1199.98,2,0,467.99
7699,CA-2018-151799,12/14/2018,12/18/2018,Tarif normal,BF-11170,Ben Ferrer,Bureau à domicile,Canada,Toronto,Ontario,USCA - Est,OFF-ST-10002790,Fournitures de bureau,Stockage,Safco Industrial Shelving,73.85,1,0,2.22
7700,CA-2018-151799,12/14/2018,12/18/2018,Tarif normal,BF-11170,Ben Ferrer,Bureau à domicile,Canada,Toronto,Ontario,USCA - Est,OFF-SU-10001664,Fournitures de bureau,Fournitures,Acme Office Executive Series Stainless Steel Trimmers,25.71,3,0,6.68
7701,CA-2018-151799,12/14/2018,12/18/2018,Tarif normal,BF-11170,Ben Ferrer,Bureau à domicile,Canada,Toronto,Ontario,USCA - Est,OFF-FA-10001332,Fournitures de bureau,Éléments de fixation,"Acco Banker's Clasps, 5 3/4""-Long",17.28,6,0,8.12
7702,CA-2018-151799,12/14/2018,12/18/2018,Tarif normal,BF-11170,Ben Ferrer,Bureau à domicile,Canada,Toronto,Ontario,USCA - Est,FUR-TA-10003473,Mobilier,Tables,Bretford Rectangular Conference Table Tops,526.58,2,0.3,-52.66
7708,US-2018-100237,10/15/2018,10/19/2018,Tarif normal,SV-20815,Stuart Van,Entreprise,États-Unis,Orem,Utah,USCA - Ouest,OFF-AR-10001761,Fournitures de bureau,Art,Avery Hi-Liter Smear-Safe Highlighters,11.68,2,0,4.2
7712,US-2018-139353,10/28/2018,10/30/2018,J+2,JM-15250,Janet Martin,Grand public,États-Unis,Fayetteville,Caroline du Nord,USCA - Sud,FUR-FU-10001876,Mobilier,Meubles,"Computer Room Manger, 14""",77.95,3,0.2,15.59
7713,US-2018-139353,10/28/2018,10/30/2018,J+2,JM-15250,Janet Martin,Grand public,États-Unis,Fayetteville,Caroline du Nord,USCA - Sud,OFF-ST-10001522,Fournitures de bureau,Stockage,"Gould Plastics 18-Pocket Panel Bin, 34w x 5-1/4d x 20-1/2h",147.18,2,0.2,-29.44
7714,US-2018-139353,10/28/2018,10/30/2018,J+2,JM-15250,Janet Martin,Grand public,États-Unis,Fayetteville,Caroline du Nord,USCA - Sud,OFF-PA-10000300,Fournitures de bureau,Papier,Xerox 1936,47.95,3,0.2,16.18
7716,US-2018-101518,11/3/2018,11/8/2018,Tarif normal,PB-19105,Peter Bühler,Grand public,États-Unis,Philadelphia,Pennsylvanie,USCA - Est,TEC-AC-10001553,Produits technologiques,Accessoires,"Memorex 25GB 6X Branded Blu-Ray Recordable Disc, 15/Pack",40.78,3,0.2,0.51
7719,US-2018-146213,9/9/2018,9/14/2018,Tarif normal,MC-17605,Matt Connell,Entreprise,États-Unis,Los Angeles,Californie,USCA - Ouest,TEC-AC-10001114,Produits technologiques,Accessoires,Microsoft Wireless Mobile Mouse 4000,159.96,4,0,51.19
7723,US-2018-138086,4/16/2018,4/20/2018,Tarif normal,JO-15550,Jesus Ocampo,Bureau à domicile,États-Unis,San Francisco,Californie,USCA - Ouest,OFF-AP-10000027,Fournitures de bureau,Électroménager,Hoover Commercial SteamVac,40.74,3,0,12.22
7731,US-2018-104850,6/13/2018,6/19/2018,Tarif normal,TW-21025,Tamara Willingham,Bureau à domicile,États-Unis,Seattle,Washington,USCA - Ouest,FUR-CH-10003774,Mobilier,Chaises,"Global Wood Trimmed Manager's Task Chair, Khaki",291.14,4,0.2,-25.47
7732,US-2018-140508,9/18/2018,9/21/2018,Prioritaire,PA-19060,Pete Armstrong,Bureau à domicile,États-Unis,Dallas,Texas,USCA - Centre,OFF-EN-10000927,Fournitures de bureau,Enveloppes,Jet-Pak Recycled Peel 'N' Seal Padded Mailers,114.85,4,0.2,35.89
7733,US-2018-143294,6/2/2018,6/8/2018,Tarif normal,JD-15790,John Dryer,Grand public,États-Unis,Houston,Texas,USCA - Centre,OFF-PA-10000743,Fournitures de bureau,Papier,Xerox 1977,10.69,2,0.2,3.74
7735,US-2018-134418,9/15/2018,9/20/2018,Tarif normal,GM-14500,Gene McClure,Grand public,États-Unis,Seattle,Washington,USCA - Ouest,OFF-AR-10004441,Fournitures de bureau,Art,BIC Brite Liner Highlighters,12.42,3,0,5.22
7738,US-2018-108287,12/18/2018,12/20/2018,Prioritaire,AG-10330,Alex Grayson,Grand public,États-Unis,Charlotte,Caroline du Nord,USCA - Sud,OFF-AR-10001315,Fournitures de bureau,Art,Newell 310,12.67,9,0.2,1.43
7739,US-2018-141103,4/21/2018,4/23/2018,Tarif normal,JF-15355,Jay Fein,Grand public,États-Unis,Baltimore,Maryland,USCA - Est,TEC-PH-10003589,Produits technologiques,Téléphones,invisibleSHIELD by ZAGG Smudge-Free Screen Protector,89.95,5,0,43.18
7743,US-2018-105326,8/20/2018,8/27/2018,Tarif normal,KT-16480,Kean Thornton,Grand public,États-Unis,Los Angeles,Californie,USCA - Ouest,OFF-PA-10001639,Fournitures de bureau,Papier,Xerox 203,25.92,4,0,12.44
7756,US-2018-100902,11/17/2018,11/21/2018,Tarif normal,CK-12595,Clytie Kelty,Grand public,États-Unis,Charlotte,Caroline du Nord,USCA - Sud,OFF-PA-10002558,Fournitures de bureau,Papier,Xerox 1938,268.24,7,0.2,93.88
7757,US-2018-100902,11/17/2018,11/21/2018,Tarif normal,CK-12595,Clytie Kelty,Grand public,États-Unis,Charlotte,Caroline du Nord,USCA - Sud,TEC-AC-10003174,Produits technologiques,Accessoires,Plantronics S12 Corded Telephone Headset System,431.16,5,0.2,107.79
7758,US-2018-112844,11/13/2018,11/16/2018,J+2,SP-20620,Stefania Perrino,Entreprise,États-Unis,Buffalo,New York,USCA - Est,TEC-PH-10003988,Produits technologiques,Téléphones,"LF Elite 3D Dazzle Designer Hard Case Cover, Lf Stylus Pen and Wiper For Apple Iphone 5c Mini Lite",43.6,4,0,12.21
7759,US-2018-112844,11/13/2018,11/16/2018,J+2,SP-20620,Stefania Perrino,Entreprise,États-Unis,Buffalo,New York,USCA - Est,FUR-FU-10004845,Mobilier,Meubles,"Deflect-o EconoMat Nonstudded, No Bevel Mat",154.95,3,0,30.99
7762,US-2018-123071,12/3/2018,12/6/2018,Prioritaire,CC-12550,Clay Cheatham,Grand public,États-Unis,Plano,Texas,USCA - Centre,OFF-PA-10003729,Fournitures de bureau,Papier,Xerox 1998,10.37,2,0.2,3.63
7763,US-2018-156391,9/26/2018,9/28/2018,Prioritaire,SL-20155,Sara Luxemburg,Bureau à domicile,États-Unis,Salem,Oregon,USCA - Ouest,OFF-AR-10003251,Fournitures de bureau,Art,Prang Drawing Pencil Set,2.22,1,0.2,0.56
7765,US-2018-118941,8/12/2018,8/12/2018,Le même jour,BB-11545,Brenda Bowman,Entreprise,États-Unis,Columbia,Maryland,USCA - Est,OFF-AR-10004078,Fournitures de bureau,Art,Newell 312,17.52,3,0,5.26
7766,US-2018-118941,8/12/2018,8/12/2018,Le même jour,BB-11545,Brenda Bowman,Entreprise,États-Unis,Columbia,Maryland,USCA - Est,FUR-CH-10002331,Mobilier,Chaises,Hon 4700 Series Mobuis Mid-Back Task Chairs with Adjustable Arms,1779.9,5,0,373.78
7767,US-2018-118941,8/12/2018,8/12/2018,Le même jour,BB-11545,Brenda Bowman,Entreprise,États-Unis,Columbia,Maryland,USCA - Est,OFF-AR-10001953,Fournitures de bureau,Art,Boston 1645 Deluxe Heavier-Duty Electric Pencil Sharpener,219.9,5,0,59.37
7769,US-2018-154088,11/12/2018,11/17/2018,Tarif normal,LB-16735,Larry Blacks,Grand public,États-Unis,Tallahassee,Floride,USCA - Sud,OFF-PA-10003651,Fournitures de bureau,Papier,Xerox 1968,26.72,5,0.2,9.35
7791,US-2018-160801,9/19/2018,9/19/2018,Le même jour,FG-14260,Frank Gastineau,Bureau à domicile,États-Unis,Philadelphia,Pennsylvanie,USCA - Est,OFF-BI-10001132,Fournitures de bureau,Classeurs,"Acco PRESSTEX Data Binder with Storage Hooks, Dark Blue, 9 1/2"" X 11""",4.84,3,0.7,-3.39
7793,US-2018-169362,10/12/2018,10/15/2018,Prioritaire,SP-20860,Sung Pak,Entreprise,États-Unis,Dallas,Texas,USCA - Centre,TEC-AC-10001383,Produits technologiques,Accessoires,Logitech Wireless Touch Keyboard K400,39.98,2,0.2,-1.5
7798,US-2018-166184,3/24/2018,3/27/2018,Prioritaire,HR-14830,Harold Ryan,Entreprise,États-Unis,New York City,New York,USCA - Est,OFF-EN-10004483,Fournitures de bureau,Enveloppes,"#10 White Business Envelopes,4 1/8 x 9 1/2",47.01,3,0,22.09
7799,US-2018-166184,3/24/2018,3/27/2018,Prioritaire,HR-14830,Harold Ryan,Entreprise,États-Unis,New York City,New York,USCA - Est,TEC-PH-10002624,Produits technologiques,Téléphones,Samsung Galaxy S4 Mini,469.99,1,0,136.3
7800,US-2018-166184,3/24/2018,3/27/2018,Prioritaire,HR-14830,Harold Ryan,Entreprise,États-Unis,New York City,New York,USCA - Est,FUR-CH-10003396,Mobilier,Chaises,Global Deluxe Steno Chair,207.85,3,0.1,2.31
7801,US-2018-157413,6/1/2018,6/6/2018,Tarif normal,BW-11065,Barry Weirich,Grand public,États-Unis,Philadelphia,Pennsylvanie,USCA - Est,OFF-ST-10002756,Fournitures de bureau,Stockage,"Tennsco Stur-D-Stor Boltless Shelving, 5 Shelves, 24"" Deep, Sand",324.74,3,0.2,-77.13
7815,US-2018-109316,6/8/2018,6/10/2018,Prioritaire,MG-17680,Maureen Gastineau,Bureau à domicile,États-Unis,Los Angeles,Californie,USCA - Ouest,FUR-BO-10004834,Mobilier,Bibliothèques,"Riverside Palais Royal Lawyers Bookcase, Royale Cherry Finish",1497.67,2,0.2,140.96
7816,US-2018-109316,6/8/2018,6/10/2018,Prioritaire,MG-17680,Maureen Gastineau,Bureau à domicile,États-Unis,Los Angeles,Californie,USCA - Ouest,TEC-PH-10000307,Produits technologiques,Téléphones,Shocksock Galaxy S4 Armband,17.52,2,0.2,-3.5
7820,US-2018-150469,1/26/2018,1/28/2018,Tarif normal,CJ-12010,Caroline Jumper,Grand public,États-Unis,San Francisco,Californie,USCA - Ouest,OFF-FA-10000611,Fournitures de bureau,Éléments de fixation,Binder Clips by OIC,11.84,8,0,5.68
7821,US-2018-152436,12/8/2018,12/10/2018,J+2,CW-11905,Carl Weiss,Bureau à domicile,États-Unis,Cranston,Rhode Island,USCA - Est,OFF-ST-10000036,Fournitures de bureau,Stockage,"Recycled Data-Pak for Archival Bound Computer Printouts, 12-1/2 x 12-1/2 x 16",592.74,6,0,160.04
7827,US-2018-117114,7/23/2018,7/25/2018,Tarif normal,CY-12745,Craig Yedwab,Entreprise,États-Unis,Chicago,Illinois,USCA - Centre,TEC-PH-10004042,Produits technologiques,Téléphones,ClearOne Communications CHAT 70 OC Speaker Phone,508.77,4,0.2,38.16
7828,US-2018-117114,7/23/2018,7/25/2018,Tarif normal,CY-12745,Craig Yedwab,Entreprise,États-Unis,Chicago,Illinois,USCA - Centre,OFF-EN-10001137,Fournitures de bureau,Enveloppes,"#10 Gummed Flap White Envelopes, 100/Box",9.91,3,0.2,3.22
7845,US-2018-123834,7/21/2018,7/25/2018,Tarif normal,GM-14500,Gene McClure,Grand public,États-Unis,Pharr,Texas,USCA - Centre,FUR-TA-10001676,Mobilier,Tables,Hon 61000 Series Interactive Training Tables,124.4,4,0.3,-21.33
7855,US-2018-135587,12/7/2018,12/12/2018,Tarif normal,BH-11710,Brosina Hoffman,Grand public,États-Unis,Hattiesburg,Mississippi,USCA - Sud,OFF-AP-10004540,Fournitures de bureau,Électroménager,"Eureka The Boss Lite 10-Amp Upright Vacuum, Blue",320.64,4,0,89.78
7856,US-2018-135587,12/7/2018,12/12/2018,Tarif normal,BH-11710,Brosina Hoffman,Grand public,États-Unis,Hattiesburg,Mississippi,USCA - Sud,TEC-AC-10001266,Produits technologiques,Accessoires,Memorex Micro Travel Drive 8 GB,52,4,0,23.4
7861,US-2018-152261,3/2/2018,3/6/2018,Tarif normal,JA-15970,Joseph Airdo,Grand public,États-Unis,Cuyahoga Falls,Ohio,USCA - Est,OFF-BI-10002353,Fournitures de bureau,Classeurs,GBC VeloBind Cover Sets,18.53,4,0.7,-12.35
7870,US-2018-166233,7/3/2018,7/9/2018,Tarif normal,MO-17950,Michael Oakman,Grand public,États-Unis,Jacksonville,Caroline du Nord,USCA - Sud,TEC-AC-10002167,Produits technologiques,Accessoires,Imation 8gb Micro Traveldrive Usb 2.0 Flash Drive,24,2,0.2,-2.7
7871,US-2018-122112,9/25/2018,9/29/2018,Tarif normal,CA-11965,Carol Adams,Entreprise,États-Unis,Lakewood,Ohio,USCA - Est,OFF-EN-10004459,Fournitures de bureau,Enveloppes,Security-Tint Envelopes,24.45,4,0.2,8.86
7876,US-2018-168403,9/9/2018,9/15/2018,Tarif normal,DK-12835,Damala Kotsonis,Entreprise,États-Unis,Portland,Oregon,USCA - Ouest,OFF-PA-10002036,Fournitures de bureau,Papier,Xerox 1930,31.1,6,0.2,11.28
7877,US-2018-168403,9/9/2018,9/15/2018,Tarif normal,DK-12835,Damala Kotsonis,Entreprise,États-Unis,Portland,Oregon,USCA - Ouest,OFF-AP-10003278,Fournitures de bureau,Électroménager,Belkin 7-Outlet SurgeMaster Home Series,11.18,1,0.2,0.84
7881,US-2018-118017,12/3/2018,12/6/2018,J+2,LC-16870,Lena Cacioppo,Grand public,États-Unis,Thornton,Colorado,USCA - Ouest,OFF-AR-10003856,Fournitures de bureau,Art,Newell 344,13.34,6,0.2,1
7882,US-2018-118017,12/3/2018,12/6/2018,J+2,LC-16870,Lena Cacioppo,Grand public,États-Unis,Thornton,Colorado,USCA - Ouest,TEC-AC-10002006,Produits technologiques,Accessoires,Memorex Micro Travel Drive 16 GB,76.75,6,0.2,10.55
7883,US-2018-118017,12/3/2018,12/6/2018,J+2,LC-16870,Lena Cacioppo,Grand public,États-Unis,Thornton,Colorado,USCA - Ouest,TEC-AC-10002006,Produits technologiques,Accessoires,Memorex Micro Travel Drive 16 GB,102.34,8,0.2,14.07
7884,US-2018-118017,12/3/2018,12/6/2018,J+2,LC-16870,Lena Cacioppo,Grand public,États-Unis,Thornton,Colorado,USCA - Ouest,OFF-PA-10002246,Fournitures de bureau,Papier,"Wirebound Four 2-3/4 x 5 Forms per Page, 400 Sets per Book",10.32,2,0.2,3.74
7885,US-2018-118017,12/3/2018,12/6/2018,J+2,LC-16870,Lena Cacioppo,Grand public,États-Unis,Thornton,Colorado,USCA - Ouest,OFF-SU-10004782,Fournitures de bureau,Fournitures,"Elite 5"" Scissors",47.32,7,0.2,5.91
7886,US-2018-118017,12/3/2018,12/6/2018,J+2,LC-16870,Lena Cacioppo,Grand public,États-Unis,Thornton,Colorado,USCA - Ouest,FUR-FU-10004351,Mobilier,Meubles,Staple-based wall hangings,23.38,3,0.2,7.01
7887,US-2018-118017,12/3/2018,12/6/2018,J+2,LC-16870,Lena Cacioppo,Grand public,États-Unis,Thornton,Colorado,USCA - Ouest,FUR-FU-10004270,Mobilier,Meubles,"Eldon Image Series Desk Accessories, Burgundy",16.72,5,0.2,3.34
7888,US-2018-118017,12/3/2018,12/6/2018,J+2,LC-16870,Lena Cacioppo,Grand public,États-Unis,Thornton,Colorado,USCA - Ouest,FUR-FU-10004053,Mobilier,Meubles,DAX Two-Tone Silver Metal Document Frame,16.19,1,0.2,4.66
7894,US-2018-125367,7/23/2018,7/25/2018,Tarif normal,NM-18445,Nathan Mautz,Bureau à domicile,États-Unis,New York City,New York,USCA - Est,OFF-BI-10002412,Fournitures de bureau,Classeurs,Wilson Jones “Snap” Scratch Pad Binder Tool for Ring Binders,13.92,3,0.2,4.35
7895,US-2018-124744,6/21/2018,6/25/2018,Tarif normal,EH-14125,Eugene Hildebrand,Bureau à domicile,États-Unis,Wheeling,Virginie occidentale,USCA - Est,OFF-BI-10002852,Fournitures de bureau,Classeurs,Ibico Standard Transparent Covers,82.4,5,0,40.38
7896,US-2018-124744,6/21/2018,6/25/2018,Tarif normal,EH-14125,Eugene Hildebrand,Bureau à domicile,États-Unis,Wheeling,Virginie occidentale,USCA - Est,OFF-BI-10000145,Fournitures de bureau,Classeurs,Zipper Ring Binder Pockets,6.24,2,0,3.06
7897,US-2018-124744,6/21/2018,6/25/2018,Tarif normal,EH-14125,Eugene Hildebrand,Bureau à domicile,États-Unis,Wheeling,Virginie occidentale,USCA - Est,OFF-PA-10001970,Fournitures de bureau,Papier,Xerox 1908,447.84,8,0,219.44
7898,US-2018-128363,8/13/2018,8/18/2018,Tarif normal,DC-12850,Dan Campbell,Grand public,États-Unis,Memphis,Tennessee,USCA - Sud,OFF-AP-10001563,Fournitures de bureau,Électroménager,Belkin Premiere Surge Master II 8-outlet surge protector,272.05,7,0.2,30.61
7899,US-2018-128363,8/13/2018,8/18/2018,Tarif normal,DC-12850,Dan Campbell,Grand public,États-Unis,Memphis,Tennessee,USCA - Sud,OFF-BI-10001359,Fournitures de bureau,Classeurs,GBC DocuBind TL300 Electric Binding System,1614.58,6,0.7,-1237.85
7900,US-2018-128363,8/13/2018,8/18/2018,Tarif normal,DC-12850,Dan Campbell,Grand public,États-Unis,Memphis,Tennessee,USCA - Sud,OFF-FA-10003495,Fournitures de bureau,Éléments de fixation,Staples,24.32,5,0.2,9.12
7901,US-2018-128363,8/13/2018,8/18/2018,Tarif normal,DC-12850,Dan Campbell,Grand public,États-Unis,Memphis,Tennessee,USCA - Sud,TEC-AC-10003709,Produits technologiques,Accessoires,Maxell 4.7GB DVD-R 5/Pack,1.58,2,0.2,0.48
7902,US-2018-128363,8/13/2018,8/18/2018,Tarif normal,DC-12850,Dan Campbell,Grand public,États-Unis,Memphis,Tennessee,USCA - Sud,FUR-FU-10003268,Mobilier,Meubles,Eldon Radial Chair Mat for Low to Medium Pile Carpets,31.98,1,0.2,0
7903,US-2018-128363,8/13/2018,8/18/2018,Tarif normal,DC-12850,Dan Campbell,Grand public,États-Unis,Memphis,Tennessee,USCA - Sud,OFF-EN-10003845,Fournitures de bureau,Enveloppes,Colored Envelopes,14.76,5,0.2,4.8
7904,US-2018-128363,8/13/2018,8/18/2018,Tarif normal,DC-12850,Dan Campbell,Grand public,États-Unis,Memphis,Tennessee,USCA - Sud,FUR-CH-10002073,Mobilier,Chaises,Hon Olson Stacker Chairs,423.65,2,0.2,47.66
7914,US-2018-105697,8/25/2018,8/27/2018,Prioritaire,JE-15715,Joe Elijah,Grand public,États-Unis,Cleveland,Ohio,USCA - Est,OFF-ST-10003996,Fournitures de bureau,Stockage,"Letter/Legal File Tote with Clear Snap-On Lid, Black Granite",25.7,2,0.2,1.93
7915,US-2018-165323,6/17/2018,6/21/2018,Tarif normal,SR-20740,Steven Roelle,Bureau à domicile,États-Unis,New York City,New York,USCA - Est,TEC-MA-10003673,Produits technologiques,Machines,Hewlett-Packard Desktjet 6988DT Refurbished Printer,3404.5,5,0,1668.21
7916,US-2018-165323,6/17/2018,6/21/2018,Tarif normal,SR-20740,Steven Roelle,Bureau à domicile,États-Unis,New York City,New York,USCA - Est,TEC-AC-10004992,Produits technologiques,Accessoires,Kingston Digital DataTraveler 64GB USB 2.0,101.34,3,0,8.11
7918,US-2018-100783,9/4/2018,9/8/2018,J+2,JK-16120,Julie Kriz,Bureau à domicile,États-Unis,Garland,Texas,USCA - Centre,OFF-AR-10000380,Fournitures de bureau,Art,"Hunt PowerHouse Electric Pencil Sharpener, Blue",30.38,1,0.2,3.8
7920,US-2018-139822,9/15/2018,9/21/2018,Tarif normal,Dp-13240,Dean percer,Bureau à domicile,États-Unis,Waterbury,Connecticut,USCA - Est,OFF-ST-10000943,Fournitures de bureau,Stockage,Eldon ProFile File 'N Store Portable File Tub Letter/Legal Size Black,38.62,2,0,10.81
7921,US-2018-139822,9/15/2018,9/21/2018,Tarif normal,Dp-13240,Dean percer,Bureau à domicile,États-Unis,Waterbury,Connecticut,USCA - Est,TEC-AC-10001090,Produits technologiques,Accessoires,Micro Innovations Wireless Classic Keyboard with Mouse,59.98,2,0,10.8
7922,US-2018-107713,3/13/2018,3/17/2018,Tarif normal,JB-16000,Joy Bell-,Grand public,États-Unis,Columbia,Maryland,USCA - Est,OFF-BI-10002026,Fournitures de bureau,Classeurs,Avery Arch Ring Binders,174.3,3,0,81.92
7923,US-2018-134096,9/24/2018,9/29/2018,Tarif normal,PP-18955,Paul Prost,Bureau à domicile,États-Unis,Hollywood,Floride,USCA - Sud,TEC-PH-10000526,Produits technologiques,Téléphones,Vtech CS6719,383.96,5,0.2,38.4
7924,US-2018-134096,9/24/2018,9/29/2018,Tarif normal,PP-18955,Paul Prost,Bureau à domicile,États-Unis,Hollywood,Floride,USCA - Sud,OFF-BI-10004002,Fournitures de bureau,Classeurs,Wilson Jones International Size A4 Ring Binders,15.57,3,0.7,-11.42
7927,US-2018-120404,11/20/2018,11/24/2018,J+2,KH-16330,Katharine Harms,Entreprise,États-Unis,New York City,New York,USCA - Est,TEC-AC-10003433,Produits technologiques,Accessoires,Maxell 4.7GB DVD+R 5/Pack,2.97,3,0,1.34
7928,US-2018-120404,11/20/2018,11/24/2018,J+2,KH-16330,Katharine Harms,Entreprise,États-Unis,New York City,New York,USCA - Est,TEC-PH-10001363,Produits technologiques,Téléphones,Apple iPhone 5S,569.99,1,0,171
7929,US-2018-120404,11/20/2018,11/24/2018,J+2,KH-16330,Katharine Harms,Entreprise,États-Unis,New York City,New York,USCA - Est,FUR-FU-10000820,Mobilier,Meubles,Tensor Brushed Steel Torchiere Floor Lamp,50.97,3,0,9.17
7930,US-2018-167549,7/25/2018,7/27/2018,Prioritaire,EM-14200,Evan Minnotte,Bureau à domicile,États-Unis,Dallas,Texas,USCA - Centre,FUR-TA-10004767,Mobilier,Tables,Safco Drafting Table,298.12,6,0.3,-4.26
7934,US-2018-166093,8/17/2018,8/24/2018,Tarif normal,RW-19540,Rick Wilson,Entreprise,États-Unis,Brentwood,Californie,USCA - Ouest,OFF-EN-10003134,Fournitures de bureau,Enveloppes,Staple envelope,23.36,2,0,11.68
7935,US-2018-166093,8/17/2018,8/24/2018,Tarif normal,RW-19540,Rick Wilson,Entreprise,États-Unis,Brentwood,Californie,USCA - Ouest,TEC-PH-10002564,Produits technologiques,Téléphones,OtterBox Defender Series Case - Samsung Galaxy S4,71.98,3,0.2,9
7936,US-2018-166093,8/17/2018,8/24/2018,Tarif normal,RW-19540,Rick Wilson,Entreprise,États-Unis,Brentwood,Californie,USCA - Ouest,OFF-PA-10003893,Fournitures de bureau,Papier,Xerox 1962,8.56,2,0,3.85
7937,US-2018-166093,8/17/2018,8/24/2018,Tarif normal,RW-19540,Rick Wilson,Entreprise,États-Unis,Brentwood,Californie,USCA - Ouest,OFF-BI-10000174,Fournitures de bureau,Classeurs,"Wilson Jones Clip & Carry Folder Binder Tool for Ring Binders, Clear",13.92,3,0.2,4.87
7938,US-2018-166093,8/17/2018,8/24/2018,Tarif normal,RW-19540,Rick Wilson,Entreprise,États-Unis,Brentwood,Californie,USCA - Ouest,OFF-AP-10001058,Fournitures de bureau,Électroménager,Sanyo 2.5 Cubic Foot Mid-Size Office Refrigerators,2518.29,9,0,654.76
7939,US-2018-166093,8/17/2018,8/24/2018,Tarif normal,RW-19540,Rick Wilson,Entreprise,États-Unis,Brentwood,Californie,USCA - Ouest,OFF-ST-10001496,Fournitures de bureau,Stockage,Standard Rollaway File with Lock,540.57,3,0,140.55
7940,US-2018-166093,8/17/2018,8/24/2018,Tarif normal,RW-19540,Rick Wilson,Entreprise,États-Unis,Brentwood,Californie,USCA - Ouest,OFF-BI-10004230,Fournitures de bureau,Classeurs,GBC Recycled Grain Textured Covers,221.06,8,0.2,77.37
7943,US-2018-134194,12/25/2018,1/1/2019,Tarif normal,GA-14725,Guy Armstrong,Grand public,États-Unis,Dallas,Texas,USCA - Centre,OFF-BI-10003684,Fournitures de bureau,Classeurs,Wilson Jones Legal Size Ring Binders,39.58,9,0.8,-59.37
7944,US-2018-134194,12/25/2018,1/1/2019,Tarif normal,GA-14725,Guy Armstrong,Grand public,États-Unis,Dallas,Texas,USCA - Centre,OFF-SU-10000946,Fournitures de bureau,Fournitures,Staple remover,44.69,7,0.2,5.03
7945,US-2018-134194,12/25/2018,1/1/2019,Tarif normal,GA-14725,Guy Armstrong,Grand public,États-Unis,Dallas,Texas,USCA - Centre,OFF-AR-10001615,Fournitures de bureau,Art,Newell 34,31.74,2,0.2,2.38
7946,US-2018-134194,12/25/2018,1/1/2019,Tarif normal,GA-14725,Guy Armstrong,Grand public,États-Unis,Dallas,Texas,USCA - Centre,OFF-BI-10001597,Fournitures de bureau,Classeurs,"Wilson Jones Ledger-Size, Piano-Hinge Binder, 2"", Blue",40.98,5,0.8,-65.57
7947,US-2018-134194,12/25/2018,1/1/2019,Tarif normal,GA-14725,Guy Armstrong,Grand public,États-Unis,Dallas,Texas,USCA - Centre,OFF-BI-10001116,Fournitures de bureau,Classeurs,"Wilson Jones 1"" Hanging DublLock Ring Binders",3.17,3,0.8,-5.07
7956,CA-2018-131807,10/5/2018,10/10/2018,Tarif normal,GG-14650,Greg Guthrie,Entreprise,Canada,Calgary,Alberta,USCA - Ouest,FUR-CH-10001190,Mobilier,Chaises,Global Deluxe High-Back Office Chair in Storm,435.17,4,0.2,-59.84
7957,CA-2018-131807,10/5/2018,10/10/2018,Tarif normal,GG-14650,Greg Guthrie,Entreprise,Canada,Calgary,Alberta,USCA - Ouest,OFF-FA-10002780,Fournitures de bureau,Éléments de fixation,Staples,14.9,5,0,6.85
7958,CA-2018-131807,10/5/2018,10/10/2018,Tarif normal,GG-14650,Greg Guthrie,Entreprise,Canada,Edmonton,Alberta,USCA - Ouest,OFF-AP-10004052,Fournitures de bureau,Électroménager,"Hoover Replacement Belts For Soft Guard & Commercial Ltweight Upright Vacs, 2/Pk",15.8,4,0,4.11
7959,CA-2018-131807,10/5/2018,10/10/2018,Tarif normal,GG-14650,Greg Guthrie,Entreprise,Canada,Edmonton,Alberta,USCA - Ouest,FUR-FU-10004666,Mobilier,Meubles,DAX Clear Channel Poster Frame,72.9,5,0,26.97
7960,CA-2018-131807,10/5/2018,10/10/2018,Tarif normal,GG-14650,Greg Guthrie,Entreprise,Canada,Edmonton,Alberta,USCA - Ouest,FUR-TA-10004086,Mobilier,Tables,KI Adjustable-Height Table,206.35,3,0.2,5.16
7961,CA-2018-131807,10/5/2018,10/10/2018,Tarif normal,GG-14650,Greg Guthrie,Entreprise,Canada,Edmonton,Alberta,USCA - Ouest,TEC-PH-10000702,Produits technologiques,Téléphones,"Square Credit Card Reader, 4 1/2"" x 4 1/2"" x 1"", White",7.99,1,0.2,2.7
7962,US-2018-104864,11/18/2018,11/23/2018,J+2,JS-15685,Jim Sink,Entreprise,États-Unis,Miramar,Floride,USCA - Sud,OFF-ST-10002301,Fournitures de bureau,Stockage,Tennsco Commercial Shelving,81.36,5,0.2,-19.32
7963,US-2018-104864,11/18/2018,11/23/2018,J+2,JS-15685,Jim Sink,Entreprise,États-Unis,Miramar,Floride,USCA - Sud,OFF-BI-10001636,Fournitures de bureau,Classeurs,Ibico Plastic and Wire Spiral Binding Combs,20.23,8,0.7,-16.19
7964,US-2018-104864,11/18/2018,11/23/2018,J+2,JS-15685,Jim Sink,Entreprise,États-Unis,Miramar,Floride,USCA - Sud,OFF-AP-10002684,Fournitures de bureau,Électroménager,"Acco 7-Outlet Masterpiece Power Center, Wihtout Fax/Phone Line Protection",389.06,4,0.2,48.63
7965,US-2018-104864,11/18/2018,11/23/2018,J+2,JS-15685,Jim Sink,Entreprise,États-Unis,Miramar,Floride,USCA - Sud,OFF-PA-10004609,Fournitures de bureau,Papier,Xerox 221,20.74,4,0.2,7.26
7966,US-2018-104864,11/18/2018,11/23/2018,J+2,JS-15685,Jim Sink,Entreprise,États-Unis,Miramar,Floride,USCA - Sud,OFF-PA-10003309,Fournitures de bureau,Papier,Xerox 211,41.47,8,0.2,14.52
7984,US-2018-152499,1/22/2018,1/25/2018,J+2,EH-13765,Edward Hooks,Entreprise,États-Unis,Chicago,Illinois,USCA - Centre,OFF-FA-10002975,Fournitures de bureau,Éléments de fixation,Staples,15.12,5,0.2,4.91
7985,US-2018-152499,1/22/2018,1/25/2018,J+2,EH-13765,Edward Hooks,Entreprise,États-Unis,Chicago,Illinois,USCA - Centre,OFF-AR-10003481,Fournitures de bureau,Art,Newell 348,7.87,3,0.2,0.89
7997,US-2018-105998,11/3/2018,11/5/2018,Prioritaire,CR-12580,Clay Rozendal,Bureau à domicile,États-Unis,San Diego,Californie,USCA - Ouest,TEC-AC-10004469,Produits technologiques,Accessoires,Microsoft Sculpt Comfort Mouse,199.75,5,0,87.89
7998,US-2018-105998,11/3/2018,11/5/2018,Prioritaire,CR-12580,Clay Rozendal,Bureau à domicile,États-Unis,San Diego,Californie,USCA - Ouest,FUR-TA-10001095,Mobilier,Tables,Chromcraft Round Conference Tables,1673.18,12,0.2,20.91
8013,US-2018-120168,5/25/2018,5/25/2018,Le même jour,TB-21625,Trudy Brown,Grand public,États-Unis,New York City,New York,USCA - Est,OFF-BI-10004519,Fournitures de bureau,Classeurs,GBC DocuBind P100 Manual Binding Machine,663.92,5,0.2,207.48
8014,US-2018-120168,5/25/2018,5/25/2018,Le même jour,TB-21625,Trudy Brown,Grand public,États-Unis,New York City,New York,USCA - Est,TEC-AC-10002167,Produits technologiques,Accessoires,Imation 8gb Micro Traveldrive Usb 2.0 Flash Drive,120,8,0,13.2
8015,US-2018-120168,5/25/2018,5/25/2018,Le même jour,TB-21625,Trudy Brown,Grand public,États-Unis,New York City,New York,USCA - Est,OFF-FA-10000936,Fournitures de bureau,Éléments de fixation,Acco Hot Clips Clips to Go,3.29,1,0,1.48
8016,US-2018-120168,5/25/2018,5/25/2018,Le même jour,TB-21625,Trudy Brown,Grand public,États-Unis,New York City,New York,USCA - Est,FUR-FU-10000732,Mobilier,Meubles,Eldon 200 Class Desk Accessories,18.84,3,0,6.03
8019,US-2018-114804,10/17/2018,10/19/2018,J+2,BF-11020,Barry Französisch,Entreprise,États-Unis,Modesto,Californie,USCA - Ouest,TEC-PH-10001700,Produits technologiques,Téléphones,Panasonic KX-TG6844B Expandable Digital Cordless Telephone,52.79,1,0.2,4.62
8020,US-2018-167227,11/2/2018,11/5/2018,Prioritaire,NP-18670,Nora Paige,Grand public,États-Unis,Saint Louis,Missouri,USCA - Centre,OFF-AP-10001962,Fournitures de bureau,Électroménager,Black & Decker Filter for Double Action Dustbuster Cordless Vac BLDV7210,83.9,10,0,20.98
8021,US-2018-167227,11/2/2018,11/5/2018,Prioritaire,NP-18670,Nora Paige,Grand public,États-Unis,Saint Louis,Missouri,USCA - Centre,OFF-PA-10001838,Fournitures de bureau,Papier,"Adams Telephone Message Book W/Dividers/Space For Phone Numbers, 5 1/4""X8 1/2"", 300/Messages",11.76,2,0,5.76
8038,US-2018-169012,7/10/2018,7/14/2018,Tarif normal,BF-11275,Beth Fritzler,Entreprise,États-Unis,Columbus,Géorgie,USCA - Sud,OFF-AP-10003278,Fournitures de bureau,Électroménager,Belkin 7-Outlet SurgeMaster Home Series,41.91,3,0,10.9
8039,US-2018-109393,3/22/2018,3/24/2018,J+2,JC-15775,John Castell,Grand public,États-Unis,Los Angeles,Californie,USCA - Ouest,FUR-BO-10003966,Mobilier,Bibliothèques,"Sauder Facets Collection Library, Sky Alder Finish",436,3,0.2,5.13
8040,US-2018-121489,8/21/2018,8/25/2018,J+2,CM-11815,Candace McMahon,Entreprise,États-Unis,Seattle,Washington,USCA - Ouest,FUR-CH-10004698,Mobilier,Chaises,"Padded Folding Chairs, Black, 4/Carton",388.7,6,0.2,38.87
8041,US-2018-121489,8/21/2018,8/25/2018,J+2,CM-11815,Candace McMahon,Entreprise,États-Unis,Seattle,Washington,USCA - Ouest,OFF-ST-10000025,Fournitures de bureau,Stockage,Fellowes Stor/Drawer Steel Plus Storage Drawers,572.58,6,0,34.35
8042,US-2018-121489,8/21/2018,8/25/2018,J+2,CM-11815,Candace McMahon,Entreprise,États-Unis,Seattle,Washington,USCA - Ouest,TEC-AC-10000682,Produits technologiques,Accessoires,Kensington K72356US Mouse-in-a-Box USB Desktop Mouse,33.18,2,0,11.61
8043,US-2018-133081,3/11/2018,3/15/2018,Tarif normal,PV-18985,Paul Van Hugh,Bureau à domicile,États-Unis,Cambridge,Massachusetts,USCA - Est,TEC-AC-10001772,Produits technologiques,Accessoires,Memorex Mini Travel Drive 16 GB USB 2.0 Flash Drive,63.88,4,0,24.91
8044,US-2018-133081,3/11/2018,3/15/2018,Tarif normal,PV-18985,Paul Van Hugh,Bureau à domicile,États-Unis,Cambridge,Massachusetts,USCA - Est,FUR-FU-10001379,Mobilier,Meubles,"Executive Impressions 16-1/2"" Circular Wall Clock",26.72,1,0,11.76
8045,US-2018-165008,9/15/2018,9/17/2018,J+2,DO-13645,Doug O'Connell,Grand public,États-Unis,Salt Lake City,Utah,USCA - Ouest,OFF-BI-10002794,Fournitures de bureau,Classeurs,"Avery Trapezoid Ring Binder, 3"" Capacity, Black, 1040 sheets",295.06,9,0.2,106.96
8048,US-2018-130834,11/3/2018,11/6/2018,J+2,JM-16195,Justin MacKendrick,Grand public,États-Unis,Wilmington,Caroline du Nord,USCA - Sud,OFF-PA-10003673,Fournitures de bureau,Papier,Strathmore Photo Mount Cards,16.27,3,0.2,5.29
8054,US-2018-152205,9/28/2018,10/5/2018,Tarif normal,SF-20965,Sylvia Foulston,Entreprise,États-Unis,Philadelphia,Pennsylvanie,USCA - Est,OFF-BI-10004094,Fournitures de bureau,Classeurs,GBC Standard Plastic Binding Systems Combs,2.66,1,0.7,-1.86
8070,US-2018-151750,1/1/2018,1/5/2018,Tarif normal,JM-15250,Janet Martin,Grand public,États-Unis,Huntsville,Texas,USCA - Centre,OFF-ST-10002743,Fournitures de bureau,Stockage,SAFCO Boltless Steel Shelving,454.56,5,0.2,-107.96
8071,US-2018-151750,1/1/2018,1/5/2018,Tarif normal,JM-15250,Janet Martin,Grand public,États-Unis,Huntsville,Texas,USCA - Centre,FUR-FU-10002116,Mobilier,Meubles,"Tenex Carpeted, Granite-Look or Clear Contemporary Contour Shape Chair Mats",141.42,5,0.6,-187.38
8072,US-2018-151750,1/1/2018,1/5/2018,Tarif normal,JM-15250,Janet Martin,Grand public,États-Unis,Huntsville,Texas,USCA - Centre,FUR-CH-10003199,Mobilier,Chaises,Office Star - Contemporary Task Swivel Chair,310.74,4,0.3,-26.64
8073,US-2018-151750,1/1/2018,1/5/2018,Tarif normal,JM-15250,Janet Martin,Grand public,États-Unis,Huntsville,Texas,USCA - Centre,OFF-AR-10003158,Fournitures de bureau,Art,Fluorescent Highlighters by Dixon,12.74,4,0.2,2.23
8074,US-2018-151750,1/1/2018,1/5/2018,Tarif normal,JM-15250,Janet Martin,Grand public,États-Unis,Huntsville,Texas,USCA - Centre,OFF-BI-10000301,Fournitures de bureau,Classeurs,GBC Instant Report Kit,6.47,5,0.8,-9.71
8075,US-2018-151750,1/1/2018,1/5/2018,Tarif normal,JM-15250,Janet Martin,Grand public,États-Unis,Huntsville,Texas,USCA - Centre,OFF-BI-10000343,Fournitures de bureau,Classeurs,"Pressboard Covers with Storage Hooks, 9 1/2"" x 11"", Light Blue",13.75,14,0.8,-22.68
8076,US-2018-151750,1/1/2018,1/5/2018,Tarif normal,JM-15250,Janet Martin,Grand public,États-Unis,Huntsville,Texas,USCA - Centre,OFF-AP-10004708,Fournitures de bureau,Électroménager,Fellowes Superior 10 Outlet Split Surge Protector,15.22,2,0.8,-38.82
8087,US-2018-120894,4/28/2018,5/2/2018,Tarif normal,JL-15130,Jack Lebron,Grand public,États-Unis,Wilmington,Caroline du Nord,USCA - Sud,OFF-AP-10000252,Fournitures de bureau,Électroménager,Harmony HEPA Quiet Air Purifiers,28.08,3,0.2,5.27
8093,US-2018-143658,11/8/2018,11/13/2018,J+2,SR-20425,Sharelle Roach,Bureau à domicile,États-Unis,New York City,New York,USCA - Est,OFF-AR-10002818,Fournitures de bureau,Art,Panasonic KP-310 Heavy-Duty Electric Pencil Sharpener,109.9,5,0,32.97
8094,US-2018-133046,7/27/2018,8/1/2018,J+2,DK-13375,Dennis Kane,Grand public,États-Unis,Seattle,Washington,USCA - Ouest,FUR-FU-10001940,Mobilier,Meubles,Staple-based wall hangings,23.88,3,0,10.51
8095,US-2018-133046,7/27/2018,8/1/2018,J+2,DK-13375,Dennis Kane,Grand public,États-Unis,Seattle,Washington,USCA - Ouest,OFF-PA-10003883,Fournitures de bureau,Papier,"Message Book, Phone, Wirebound Standard Line Memo, 2 3/4"" X 5""",26.2,4,0,12.05
8096,US-2018-133046,7/27/2018,8/1/2018,J+2,DK-13375,Dennis Kane,Grand public,États-Unis,Seattle,Washington,USCA - Ouest,OFF-PA-10002787,Fournitures de bureau,Papier,Xerox 227,12.96,2,0,6.22
8097,US-2018-133046,7/27/2018,8/1/2018,J+2,DK-13375,Dennis Kane,Grand public,États-Unis,Seattle,Washington,USCA - Ouest,TEC-AC-10000991,Produits technologiques,Accessoires,Sony Micro Vault Click 8 GB USB 2.0 Flash Drive,234.95,5,0,32.89
8098,US-2018-122798,12/28/2018,1/1/2019,Tarif normal,SV-20935,Susan Vittorini,Grand public,États-Unis,Albuquerque,Nouveau-Mexique,USCA - Ouest,OFF-ST-10003058,Fournitures de bureau,Stockage,Eldon Mobile Mega Data Cart  Mega Stackable  Add-On Trays,118.25,5,0,34.29
8099,US-2018-122798,12/28/2018,1/1/2019,Tarif normal,SV-20935,Susan Vittorini,Grand public,États-Unis,Albuquerque,Nouveau-Mexique,USCA - Ouest,OFF-PA-10004239,Fournitures de bureau,Papier,Xerox 1953,4.28,1,0,1.93
8106,US-2018-159149,2/17/2018,2/19/2018,Prioritaire,CR-12820,Cyra Reiten,Bureau à domicile,États-Unis,Houston,Texas,USCA - Centre,FUR-BO-10001601,Mobilier,Bibliothèques,"Sauder Mission Library with Doors, Fruitwood Finish",89.07,1,0.3,-17.03
8107,US-2018-159149,2/17/2018,2/19/2018,Prioritaire,CR-12820,Cyra Reiten,Bureau à domicile,États-Unis,Houston,Texas,USCA - Centre,OFF-AR-10000937,Fournitures de bureau,Art,"Dixon Ticonderoga Core-Lock Colored Pencils, 48-Color Set",175.44,6,0.2,52.63
8108,US-2018-159149,2/17/2018,2/19/2018,Prioritaire,CR-12820,Cyra Reiten,Bureau à domicile,États-Unis,Houston,Texas,USCA - Centre,TEC-PH-10000038,Produits technologiques,Téléphones,Jawbone MINI JAMBOX Wireless Bluetooth Speaker,438.34,4,0.2,-87.67
8109,US-2018-167570,12/8/2018,12/15/2018,Tarif normal,EG-13900,Emily Grady,Grand public,États-Unis,Philadelphia,Pennsylvanie,USCA - Est,FUR-CH-10003396,Mobilier,Chaises,Global Deluxe Steno Chair,215.54,4,0.3,-58.5
8110,US-2018-160122,11/18/2018,11/23/2018,Tarif normal,RD-19930,Russell D'Ascenzo,Grand public,États-Unis,Chicago,Illinois,USCA - Centre,OFF-EN-10002592,Fournitures de bureau,Enveloppes,"Peel & Seel Recycled Catalog Envelopes, Brown",55.58,6,0.2,20.84
8111,US-2018-160122,11/18/2018,11/23/2018,Tarif normal,RD-19930,Russell D'Ascenzo,Grand public,États-Unis,Chicago,Illinois,USCA - Centre,FUR-CH-10000422,Mobilier,Chaises,Global Highback Leather Tilter in Burgundy,127.39,2,0.3,-25.48
8115,US-2018-144820,10/3/2018,10/7/2018,J+2,LW-16825,Laurel Workman,Entreprise,États-Unis,Pasadena,Texas,USCA - Centre,OFF-AR-10004817,Fournitures de bureau,Art,Colorific Watercolor Pencils,20.64,5,0.2,2.32
8116,US-2018-101014,8/29/2018,9/4/2018,Tarif normal,RW-19540,Rick Wilson,Entreprise,États-Unis,Los Angeles,Californie,USCA - Ouest,FUR-FU-10003374,Mobilier,Meubles,Electrix Fluorescent Magnifier Lamps & Weighted Base,148.02,3,0,41.45
8117,US-2018-105543,11/24/2018,11/24/2018,Le même jour,BG-11695,Brooke Gillingham,Entreprise,États-Unis,Garden City,Kansas,USCA - Centre,OFF-ST-10003123,Fournitures de bureau,Stockage,Fellowes Bases and Tops For Staxonsteel/High-Stak Systems,33.29,1,0,7.99
8118,US-2018-113201,3/22/2018,3/24/2018,Tarif normal,TT-21220,Thomas Thornton,Grand public,États-Unis,Los Angeles,Californie,USCA - Ouest,OFF-PA-10000675,Fournitures de bureau,Papier,Xerox 1919,204.95,5,0,100.43
8119,US-2018-106551,7/22/2018,7/27/2018,Tarif normal,EB-13930,Eric Barreto,Grand public,États-Unis,Chicago,Illinois,USCA - Centre,FUR-CH-10004997,Mobilier,Chaises,Hon Every-Day Series Multi-Task Chairs,526.34,4,0.3,-75.19
8125,US-2018-150070,9/7/2018,9/12/2018,Tarif normal,JA-15970,Joseph Airdo,Grand public,États-Unis,Modesto,Californie,USCA - Ouest,FUR-CH-10004860,Mobilier,Chaises,Global Low Back Tilter Chair,161.57,2,0.2,-28.27
8129,US-2018-157350,8/26/2018,9/1/2018,Tarif normal,DP-13000,Darren Powers,Grand public,États-Unis,Chicago,Illinois,USCA - Centre,FUR-FU-10000222,Mobilier,Meubles,"Seth Thomas 16"" Steel Case Clock",64.96,5,0.6,-43.85
8148,US-2018-146822,6/9/2018,6/14/2018,Tarif normal,AG-10675,Anna Gayman,Grand public,États-Unis,Salem,Virginie,USCA - Sud,OFF-PA-10000249,Fournitures de bureau,Papier,Easy-staple paper,49.12,4,0,23.09
8152,US-2018-140151,3/23/2018,3/25/2018,Prioritaire,RB-19360,Raymond Buch,Grand public,États-Unis,Seattle,Washington,USCA - Ouest,OFF-ST-10001558,Fournitures de bureau,Stockage,Acco Perma 4000 Stacking Storage Drawers,32.48,2,0,4.87
8153,US-2018-140151,3/23/2018,3/25/2018,Prioritaire,RB-19360,Raymond Buch,Grand public,États-Unis,Seattle,Washington,USCA - Ouest,OFF-PA-10002986,Fournitures de bureau,Papier,Xerox 1898,20.04,3,0,9.62
8154,US-2018-140151,3/23/2018,3/25/2018,Prioritaire,RB-19360,Raymond Buch,Grand public,États-Unis,Seattle,Washington,USCA - Ouest,TEC-CO-10004722,Produits technologiques,Photocopieurs,Canon imageCLASS 2200 Advanced Copier,13999.96,4,0,6719.98
8155,US-2018-143770,3/20/2018,3/24/2018,Tarif normal,RD-19720,Roger Demir,Grand public,États-Unis,Middletown,Connecticut,USCA - Est,TEC-AC-10002842,Produits technologiques,Accessoires,WD My Passport Ultra 2TB Portable External Hard Drive,238,2,0,38.08
8156,US-2018-143770,3/20/2018,3/24/2018,Tarif normal,RD-19720,Roger Demir,Grand public,États-Unis,Middletown,Connecticut,USCA - Est,OFF-PA-10001125,Fournitures de bureau,Papier,Xerox 1988,61.96,2,0,27.88
8159,US-2018-136238,12/26/2018,1/1/2019,Tarif normal,KB-16240,Karen Bern,Entreprise,États-Unis,Odessa,Texas,USCA - Centre,OFF-PA-10004285,Fournitures de bureau,Papier,Xerox 1959,16.03,3,0.2,5.61
8169,US-2018-107174,11/6/2018,11/13/2018,Tarif normal,AB-10060,Adam Bellavance,Bureau à domicile,États-Unis,Seattle,Washington,USCA - Ouest,FUR-TA-10004575,Mobilier,Tables,Hon 5100 Series Wood Tables,2036.86,7,0,366.63
8170,US-2018-107174,11/6/2018,11/13/2018,Tarif normal,AB-10060,Adam Bellavance,Bureau à domicile,États-Unis,Seattle,Washington,USCA - Ouest,FUR-CH-10003312,Mobilier,Chaises,Hon 2090 “Pillow Soft” Series Mid Back Swivel/Tilt Chairs,449.57,2,0.2,-73.05
8171,US-2018-107174,11/6/2018,11/13/2018,Tarif normal,AB-10060,Adam Bellavance,Bureau à domicile,États-Unis,Seattle,Washington,USCA - Ouest,TEC-AC-10001465,Produits technologiques,Accessoires,SanDisk Cruzer 64 GB USB Flash Drive,108.96,3,0,32.69
8178,US-2018-149699,12/22/2018,12/24/2018,Prioritaire,CM-12115,Chad McGuire,Grand public,États-Unis,Los Angeles,Californie,USCA - Ouest,TEC-AC-10000474,Produits technologiques,Accessoires,Kensington Expert Mouse Optical USB Trackball for PC or Mac,474.95,5,0,142.49
8183,US-2018-155642,5/18/2018,5/22/2018,Tarif normal,BM-11575,Brendan Murry,Entreprise,États-Unis,Chicago,Illinois,USCA - Centre,FUR-FU-10004973,Mobilier,Meubles,Flat Face Poster Frame,22.61,3,0.6,-10.17
8184,US-2018-155642,5/18/2018,5/22/2018,Tarif normal,BM-11575,Brendan Murry,Entreprise,États-Unis,Chicago,Illinois,USCA - Centre,FUR-FU-10001918,Mobilier,Meubles,C-Line Cubicle Keepers Polyproplyene Holder With Velcro Backings,1.89,1,0.6,-0.99
8185,US-2018-101721,7/23/2018,7/27/2018,Tarif normal,MY-17380,Maribeth Yedwab,Entreprise,États-Unis,Chicago,Illinois,USCA - Centre,OFF-PA-10003641,Fournitures de bureau,Papier,Xerox 1909,63.31,3,0.2,20.58
8191,US-2018-155866,11/17/2018,11/21/2018,Tarif normal,CC-12370,Christopher Conant,Grand public,États-Unis,New York City,New York,USCA - Est,OFF-PA-10004735,Fournitures de bureau,Papier,Xerox 1905,38.88,6,0,18.66
8192,US-2018-155866,11/17/2018,11/21/2018,Tarif normal,CC-12370,Christopher Conant,Grand public,États-Unis,New York City,New York,USCA - Est,FUR-FU-10004091,Mobilier,Meubles,"Howard Miller 13"" Diameter Goldtone Round Wall Clock",187.76,4,0,76.98
8197,US-2018-102736,9/5/2018,9/9/2018,Tarif normal,LP-17095,Liz Preis,Grand public,États-Unis,Knoxville,Tennessee,USCA - Sud,TEC-AC-10004568,Produits technologiques,Accessoires,Maxell LTO Ultrium - 800 GB,89.57,4,0.2,-1.12
8198,US-2018-102736,9/5/2018,9/9/2018,Tarif normal,LP-17095,Liz Preis,Grand public,États-Unis,Knoxville,Tennessee,USCA - Sud,OFF-AR-10001897,Fournitures de bureau,Art,Model L Table or Wall-Mount Pencil Sharpener,71.96,5,0.2,7.2
8199,US-2018-102736,9/5/2018,9/9/2018,Tarif normal,LP-17095,Liz Preis,Grand public,États-Unis,Knoxville,Tennessee,USCA - Sud,OFF-PA-10001800,Fournitures de bureau,Papier,Xerox 220,15.55,3,0.2,5.44
8200,US-2018-125269,4/24/2018,4/26/2018,Tarif normal,AF-10870,Art Ferguson,Grand public,États-Unis,Chicago,Illinois,USCA - Centre,OFF-BI-10001628,Fournitures de bureau,Classeurs,"Acco Data Flex Cable Posts For Top & Bottom Load Binders, 6"" Capacity",10.43,5,0.8,-18.25
8201,US-2018-125269,4/24/2018,4/26/2018,Tarif normal,AF-10870,Art Ferguson,Grand public,États-Unis,Chicago,Illinois,USCA - Centre,OFF-ST-10004123,Fournitures de bureau,Stockage,Safco Industrial Wire Shelving System,72.78,1,0.2,-18.2
8211,US-2018-128769,9/7/2018,9/12/2018,Tarif normal,DM-12955,Dario Medina,Entreprise,États-Unis,Nashville,Tennessee,USCA - Sud,OFF-AP-10001271,Fournitures de bureau,Électroménager,Eureka The Boss Cordless Rechargeable Stick Vac,81.57,2,0.2,7.14
8226,US-2018-104136,11/1/2018,11/4/2018,J+2,SF-20065,Sandra Flanagan,Grand public,États-Unis,Everett,Massachusetts,USCA - Est,OFF-PA-10004243,Fournitures de bureau,Papier,Xerox 1939,189.7,10,0,91.06
8227,US-2018-104136,11/1/2018,11/4/2018,J+2,SF-20065,Sandra Flanagan,Grand public,États-Unis,Everett,Massachusetts,USCA - Est,OFF-PA-10001033,Fournitures de bureau,Papier,Xerox 1893,40.99,1,0,20.09
8235,US-2018-102204,5/1/2018,5/6/2018,Tarif normal,CJ-12010,Caroline Jumper,Grand public,États-Unis,Jacksonville,Floride,USCA - Sud,OFF-SU-10001212,Fournitures de bureau,Fournitures,Kleencut Forged Office Shears by Acme United Corporation,3.33,2,0.2,0.42
8236,US-2018-102204,5/1/2018,5/6/2018,Tarif normal,CJ-12010,Caroline Jumper,Grand public,États-Unis,Jacksonville,Floride,USCA - Sud,FUR-TA-10001889,Mobilier,Tables,Bush Advantage Collection Racetrack Conference Table,933.26,4,0.5,-458.15
8237,US-2018-102204,5/1/2018,5/6/2018,Tarif normal,CJ-12010,Caroline Jumper,Grand public,États-Unis,Jacksonville,Floride,USCA - Sud,FUR-CH-10002024,Mobilier,Chaises,HON 5400 Series Task Chairs for Big and Tall,2803.92,5,0.2,0
8238,US-2018-103065,10/20/2018,10/20/2018,Le même jour,PT-19090,Pete Takahito,Grand public,États-Unis,Jacksonville,Floride,USCA - Sud,OFF-ST-10000617,Fournitures de bureau,Stockage,Woodgrain Magazine Files by Perma,4.77,2,0.2,-0.77
8239,US-2018-103065,10/20/2018,10/20/2018,Le même jour,PT-19090,Pete Takahito,Grand public,États-Unis,Jacksonville,Floride,USCA - Sud,OFF-PA-10000380,Fournitures de bureau,Papier,"REDIFORM Incoming/Outgoing Call Register, 11"" X 8 1/2"", 100 Messages",6.67,1,0.2,2.5
8240,US-2018-103065,10/20/2018,10/20/2018,Le même jour,PT-19090,Pete Takahito,Grand public,États-Unis,Jacksonville,Floride,USCA - Sud,OFF-AR-10003251,Fournitures de bureau,Art,Prang Drawing Pencil Set,4.45,2,0.2,1.11
8241,US-2018-103065,10/20/2018,10/20/2018,Le même jour,PT-19090,Pete Takahito,Grand public,États-Unis,Jacksonville,Floride,USCA - Sud,FUR-FU-10000175,Mobilier,Meubles,DAX Wood Document Frame.,43.94,4,0.2,6.04
8254,US-2018-152310,8/12/2018,8/19/2018,Tarif normal,DK-12895,Dana Kaydos,Grand public,États-Unis,Seattle,Washington,USCA - Ouest,TEC-CO-10000971,Produits technologiques,Photocopieurs,Hewlett Packard 310 Color Digital Copier,299.99,1,0,90
8255,US-2018-152310,8/12/2018,8/19/2018,Tarif normal,DK-12895,Dana Kaydos,Grand public,États-Unis,Seattle,Washington,USCA - Ouest,OFF-PA-10003134,Fournitures de bureau,Papier,Xerox 1937,192.16,4,0,92.24
8256,US-2018-152310,8/12/2018,8/19/2018,Tarif normal,DK-12895,Dana Kaydos,Grand public,États-Unis,Seattle,Washington,USCA - Ouest,TEC-PH-10002538,Produits technologiques,Téléphones,Grandstream GXP1160 VoIP phone,242.62,8,0.2,27.3
8257,US-2018-152310,8/12/2018,8/19/2018,Tarif normal,DK-12895,Dana Kaydos,Grand public,États-Unis,Seattle,Washington,USCA - Ouest,OFF-ST-10001228,Fournitures de bureau,Stockage,Personal File Boxes with Fold-Down Carry Handle,46.74,3,0,11.69
8258,US-2018-152310,8/12/2018,8/19/2018,Tarif normal,DK-12895,Dana Kaydos,Grand public,États-Unis,Seattle,Washington,USCA - Ouest,TEC-AC-10000397,Produits technologiques,Accessoires,"Perixx PERIBOARD-512B, Ergonomic Split Keyboard",174.95,5,0,12.25
8259,US-2018-152310,8/12/2018,8/19/2018,Tarif normal,DK-12895,Dana Kaydos,Grand public,États-Unis,Seattle,Washington,USCA - Ouest,OFF-BI-10004308,Fournitures de bureau,Classeurs,Avery Legal 4-Ring Binder,100.7,6,0.2,37.76
8268,US-2018-121790,10/22/2018,10/24/2018,Tarif normal,LP-17095,Liz Preis,Grand public,États-Unis,Aurora,Illinois,USCA - Centre,FUR-TA-10003469,Mobilier,Tables,Balt Split Level Computer Training Table,69.38,1,0.5,-47.18
8269,US-2018-121790,10/22/2018,10/24/2018,Tarif normal,LP-17095,Liz Preis,Grand public,États-Unis,Aurora,Illinois,USCA - Centre,OFF-SU-10004231,Fournitures de bureau,Fournitures,Acme Tagit Stainless Steel Antibacterial Scissors,31.68,4,0.2,2.77
8270,US-2018-121790,10/22/2018,10/24/2018,Tarif normal,LP-17095,Liz Preis,Grand public,États-Unis,Aurora,Illinois,USCA - Centre,TEC-PH-10002584,Produits technologiques,Téléphones,Samsung Galaxy S4,2003.17,4,0.2,250.4
8271,US-2018-121790,10/22/2018,10/24/2018,Tarif normal,LP-17095,Liz Preis,Grand public,États-Unis,Aurora,Illinois,USCA - Centre,OFF-AR-10003602,Fournitures de bureau,Art,"Quartet Omega Colored Chalk, 12/Pack",9.34,2,0.2,3.15
8275,US-2018-164112,3/22/2018,3/24/2018,Tarif normal,ND-18460,Neil Ducich,Entreprise,États-Unis,Mount Vernon,New York,USCA - Est,OFF-ST-10002615,Fournitures de bureau,Stockage,"Dual Level, Single-Width Filing Carts",1085.42,7,0,282.21
8280,US-2018-146192,4/22/2018,4/26/2018,Tarif normal,BD-11725,Bruce Degenhardt,Grand public,États-Unis,Columbus,Géorgie,USCA - Sud,OFF-ST-10003716,Fournitures de bureau,Stockage,Tennsco Double-Tier Lockers,675.06,3,0,87.76
8281,US-2018-134810,5/9/2018,5/10/2018,Prioritaire,MC-17605,Matt Connell,Entreprise,États-Unis,Jacksonville,Caroline du Nord,USCA - Sud,OFF-EN-10002504,Fournitures de bureau,Enveloppes,"Tyvek  Top-Opening Peel & Seel Envelopes, Plain White",65.23,3,0.2,22.02
8282,US-2018-134810,5/9/2018,5/10/2018,Prioritaire,MC-17605,Matt Connell,Entreprise,États-Unis,Jacksonville,Caroline du Nord,USCA - Sud,FUR-CH-10001270,Mobilier,Chaises,Harbour Creations Steel Folding Chair,207,3,0.2,25.88
8294,US-2018-168802,11/3/2018,11/7/2018,Tarif normal,JO-15145,Jack O'Briant,Entreprise,États-Unis,Seattle,Washington,USCA - Ouest,OFF-BI-10002393,Fournitures de bureau,Classeurs,Binder Posts,18.37,4,0.2,5.97
8295,US-2018-146906,3/13/2018,3/17/2018,Tarif normal,MT-17815,Meg Tillman,Grand public,États-Unis,New York City,New York,USCA - Est,TEC-PH-10001809,Produits technologiques,Téléphones,Panasonic KX T7736-B Digital phone,299.9,2,0,74.98
8302,US-2018-167318,7/26/2018,8/1/2018,Tarif normal,GZ-14545,George Zrebassa,Entreprise,États-Unis,Los Angeles,Californie,USCA - Ouest,TEC-AC-10003870,Produits technologiques,Accessoires,Logitech Z-906 Speaker sys - home theater - 5.1-CH,1649.95,5,0,659.98
8303,US-2018-167318,7/26/2018,8/1/2018,Tarif normal,GZ-14545,George Zrebassa,Entreprise,États-Unis,Los Angeles,Californie,USCA - Ouest,FUR-CH-10000665,Mobilier,Chaises,"Global Airflow Leather Mesh Back Chair, Black",362.35,3,0.2,45.29
8305,US-2018-135419,11/3/2018,11/9/2018,Tarif normal,BG-11740,Bruce Geld,Grand public,États-Unis,Bakersfield,Californie,USCA - Ouest,FUR-TA-10001086,Mobilier,Tables,"SAFCO PlanMaster Boards, 60w x 37-1/2d, White Melamine",486.37,4,0.2,36.48
8312,US-2018-105935,1/26/2018,1/28/2018,Tarif normal,BD-11500,Bradley Drucker,Grand public,États-Unis,Columbus,Géorgie,USCA - Sud,FUR-FU-10002157,Mobilier,Meubles,Artistic Insta-Plaque,62.72,4,0,24.46
8313,US-2018-105935,1/26/2018,1/28/2018,Tarif normal,BD-11500,Bradley Drucker,Grand public,États-Unis,Columbus,Géorgie,USCA - Sud,TEC-PH-10001459,Produits technologiques,Téléphones,Samsung Galaxy Mega 6.3,2939.93,7,0,764.38
8318,US-2018-130904,4/11/2018,4/16/2018,Tarif normal,HM-14980,Henry MacAllister,Grand public,États-Unis,Burlington,Caroline du Nord,USCA - Sud,OFF-AR-10000422,Fournitures de bureau,Art,Pencil and Crayon Sharpener,1.75,1,0.2,0.15
8319,US-2018-130904,4/11/2018,4/16/2018,Tarif normal,HM-14980,Henry MacAllister,Grand public,États-Unis,Burlington,Caroline du Nord,USCA - Sud,OFF-AR-10000127,Fournitures de bureau,Art,Newell 321,20.99,8,0.2,2.36
8320,US-2018-133620,11/13/2018,11/18/2018,Tarif normal,EM-14065,Erin Mull,Grand public,États-Unis,New York City,New York,USCA - Est,OFF-ST-10004634,Fournitures de bureau,Stockage,"Personal Folder Holder, Ebony",11.21,1,0,3.36
8325,US-2018-144456,9/8/2018,9/9/2018,Prioritaire,FC-14245,Frank Carlisle,Bureau à domicile,États-Unis,Hialeah,Floride,USCA - Sud,OFF-ST-10001321,Fournitures de bureau,Stockage,"Decoflex Hanging Personal Folder File, Blue",61.68,5,0.2,5.4
8326,US-2018-144456,9/8/2018,9/9/2018,Prioritaire,FC-14245,Frank Carlisle,Bureau à domicile,États-Unis,Hialeah,Floride,USCA - Sud,TEC-PH-10001750,Produits technologiques,Téléphones,Samsung Rugby III,158.38,3,0.2,13.86
8327,US-2018-103478,7/21/2018,7/24/2018,J+2,KL-16555,Kelly Lampkin,Entreprise,États-Unis,Aurora,Illinois,USCA - Centre,OFF-BI-10001890,Fournitures de bureau,Classeurs,Avery Poly Binder Pockets,2.86,4,0.8,-4.58
8328,US-2018-103478,7/21/2018,7/24/2018,J+2,KL-16555,Kelly Lampkin,Entreprise,États-Unis,Aurora,Illinois,USCA - Centre,OFF-BI-10004224,Fournitures de bureau,Classeurs,Catalog Binders with Expanding Posts,94.19,7,0.8,-164.84
8329,US-2018-118577,10/6/2018,10/11/2018,Tarif normal,XP-21865,Xylona Preis,Grand public,États-Unis,Belleville,New Jersey,USCA - Est,OFF-PA-10001357,Fournitures de bureau,Papier,Xerox 1886,143.7,3,0,68.98
8330,US-2018-118577,10/6/2018,10/11/2018,Tarif normal,XP-21865,Xylona Preis,Grand public,États-Unis,Belleville,New Jersey,USCA - Est,OFF-PA-10004888,Fournitures de bureau,Papier,Xerox 217,6.48,1,0,3.11
8331,US-2018-113572,11/7/2018,11/11/2018,Tarif normal,FP-14320,Frank Preis,Grand public,États-Unis,New York City,New York,USCA - Est,TEC-AC-10002370,Produits technologiques,Accessoires,Maxell CD-R Discs,7.88,4,0,2.52
8336,US-2018-161655,5/13/2018,5/18/2018,J+2,CW-11905,Carl Weiss,Bureau à domicile,États-Unis,Newark,Delaware,USCA - Est,OFF-BI-10002082,Fournitures de bureau,Classeurs,GBC Twin Loop Wire Binding Elements,299.52,9,0,149.76
8340,US-2018-135076,4/13/2018,4/17/2018,Tarif normal,YS-21880,Yana Sorensen,Entreprise,États-Unis,Hesperia,Californie,USCA - Ouest,FUR-CH-10003774,Mobilier,Chaises,"Global Wood Trimmed Manager's Task Chair, Khaki",436.7,6,0.2,-38.21
8342,US-2018-141481,6/11/2018,6/14/2018,Prioritaire,ZD-21925,Zuschuss Donatelli,Grand public,États-Unis,Los Angeles,Californie,USCA - Ouest,OFF-AP-10004532,Fournitures de bureau,Électroménager,Kensington 6 Outlet Guardian Standard Surge Protector,61.44,3,0,16.59
8352,US-2018-132199,5/3/2018,5/8/2018,Tarif normal,BO-11350,Bill Overfelt,Entreprise,États-Unis,Philadelphia,Pennsylvanie,USCA - Est,FUR-FU-10004245,Mobilier,Meubles,"Career Cubicle Clock, 8 1/4"", Black",32.45,2,0.2,7.3
8353,US-2018-132199,5/3/2018,5/8/2018,Tarif normal,BO-11350,Bill Overfelt,Entreprise,États-Unis,Philadelphia,Pennsylvanie,USCA - Est,OFF-BI-10003684,Fournitures de bureau,Classeurs,Wilson Jones Legal Size Ring Binders,26.39,4,0.7,-17.59
8354,US-2018-132199,5/3/2018,5/8/2018,Tarif normal,BO-11350,Bill Overfelt,Entreprise,États-Unis,Philadelphia,Pennsylvanie,USCA - Est,FUR-TA-10003748,Mobilier,Tables,Bevis 36 x 72 Conference Tables,373.47,5,0.4,-112.04
8355,US-2018-132199,5/3/2018,5/8/2018,Tarif normal,BO-11350,Bill Overfelt,Entreprise,États-Unis,Philadelphia,Pennsylvanie,USCA - Est,OFF-BI-10002133,Fournitures de bureau,Classeurs,"Wilson Jones Elliptical Ring 3 1/2"" Capacity Binders, 800 sheets",64.2,5,0.7,-44.94
8356,US-2018-132199,5/3/2018,5/8/2018,Tarif normal,BO-11350,Bill Overfelt,Entreprise,États-Unis,Philadelphia,Pennsylvanie,USCA - Est,OFF-FA-10002280,Fournitures de bureau,Éléments de fixation,Advantus Plastic Paper Clips,8,2,0.2,2.8
8361,US-2018-147207,1/2/2018,1/4/2018,J+2,TS-21655,Trudy Schmidt,Grand public,États-Unis,El Paso,Texas,USCA - Centre,OFF-AR-10001955,Fournitures de bureau,Art,Newell 319,31.74,2,0.2,3.97
8362,US-2018-147207,1/2/2018,1/4/2018,J+2,TS-21655,Trudy Schmidt,Grand public,États-Unis,El Paso,Texas,USCA - Centre,OFF-AP-10000027,Fournitures de bureau,Électroménager,Hoover Commercial SteamVac,5.43,2,0.8,-13.58
8363,US-2018-147207,1/2/2018,1/4/2018,J+2,TS-21655,Trudy Schmidt,Grand public,États-Unis,El Paso,Texas,USCA - Centre,FUR-TA-10002958,Mobilier,Tables,"Bevis Oval Conference Table, Walnut",913.43,5,0.3,-169.64
8364,US-2018-147207,1/2/2018,1/4/2018,J+2,TS-21655,Trudy Schmidt,Grand public,États-Unis,El Paso,Texas,USCA - Centre,OFF-ST-10002615,Fournitures de bureau,Stockage,"Dual Level, Single-Width Filing Carts",372.14,3,0.2,27.91
8365,US-2018-137631,4/28/2018,5/2/2018,Tarif normal,JL-15235,Janet Lee,Grand public,États-Unis,Kissimmee,Floride,USCA - Sud,TEC-PH-10002624,Produits technologiques,Téléphones,Samsung Galaxy S4 Mini,751.98,2,0.2,84.6
8366,US-2018-157273,10/22/2018,10/24/2018,Prioritaire,SZ-20035,Sam Zeldin,Bureau à domicile,États-Unis,Seattle,Washington,USCA - Ouest,TEC-PH-10002275,Produits technologiques,Téléphones,Mitel 5320 IP Phone VoIP phone,604.77,4,0.2,60.48
8377,US-2018-156272,3/21/2018,3/27/2018,Tarif normal,PW-19030,Pauline Webber,Entreprise,États-Unis,Pompano Beach,Floride,USCA - Sud,OFF-AP-10001242,Fournitures de bureau,Électroménager,APC 7 Outlet Network SurgeArrest Surge Protector,64.38,1,0.2,8.05
8386,US-2018-137582,9/4/2018,9/8/2018,Tarif normal,CV-12805,Cynthia Voltz,Entreprise,États-Unis,Oakland,Californie,USCA - Ouest,OFF-BI-10001757,Fournitures de bureau,Classeurs,Pressboard Hanging Data Binders for Unburst Sheets,11.81,3,0.2,4.13
8391,US-2018-153227,12/4/2018,12/6/2018,Prioritaire,CS-12250,Chris Selesnick,Entreprise,États-Unis,Los Angeles,Californie,USCA - Ouest,OFF-PA-10001838,Fournitures de bureau,Papier,"Adams Telephone Message Book W/Dividers/Space For Phone Numbers, 5 1/4""X8 1/2"", 300/Messages",11.76,2,0,5.76
8392,US-2018-110625,12/23/2018,12/25/2018,Tarif normal,JB-16045,Julia Barnett,Bureau à domicile,États-Unis,Danbury,Connecticut,USCA - Est,FUR-FU-10001473,Mobilier,Meubles,DAX Wood Document Frame,27.46,2,0,9.89
8399,US-2018-120061,11/2/2018,11/7/2018,J+2,SR-20425,Sharelle Roach,Bureau à domicile,États-Unis,Springfield,Ohio,USCA - Est,FUR-CH-10001973,Mobilier,Chaises,Office Star Flex Back Scooter Chair with White Frame,155.37,2,0.3,-35.51
8405,US-2018-140480,7/8/2018,7/12/2018,Tarif normal,HE-14800,Harold Engle,Entreprise,États-Unis,Newark,Delaware,USCA - Est,FUR-FU-10003247,Mobilier,Meubles,36X48 HARDFLOOR CHAIRMAT,83.92,4,0,5.87
8406,US-2018-140480,7/8/2018,7/12/2018,Tarif normal,HE-14800,Harold Engle,Entreprise,États-Unis,Newark,Delaware,USCA - Est,TEC-AC-10002473,Produits technologiques,Accessoires,Maxell 4.7GB DVD-R,141.9,5,0,58.18
8407,US-2018-140480,7/8/2018,7/12/2018,Tarif normal,HE-14800,Harold Engle,Entreprise,États-Unis,Newark,Delaware,USCA - Est,FUR-FU-10001057,Mobilier,Meubles,Tensor Track Tree Floor Lamp,39.98,2,0,9.2
8408,US-2018-140480,7/8/2018,7/12/2018,Tarif normal,HE-14800,Harold Engle,Entreprise,États-Unis,Newark,Delaware,USCA - Est,OFF-AR-10001419,Fournitures de bureau,Art,Newell 325,28.91,7,0,8.67
8409,US-2018-140480,7/8/2018,7/12/2018,Tarif normal,HE-14800,Harold Engle,Entreprise,États-Unis,Newark,Delaware,USCA - Est,OFF-AR-10004010,Fournitures de bureau,Art,Hunt Boston Vacuum Mount KS Pencil Sharpener,174.95,5,0,45.49
8413,US-2018-132290,3/10/2018,3/14/2018,Tarif normal,MD-17350,Maribeth Dona,Grand public,États-Unis,Dallas,Texas,USCA - Centre,FUR-TA-10002228,Mobilier,Tables,"Bevis Traditional Conference Table Top, Plinth Base",933.41,4,0.3,-173.35
8416,US-2018-107265,4/6/2018,4/12/2018,Tarif normal,ML-17755,Max Ludwig,Bureau à domicile,États-Unis,Marion,Iowa,USCA - Centre,OFF-PA-10000474,Fournitures de bureau,Papier,Easy-staple paper,106.32,3,0,49.97
8417,US-2018-118199,5/9/2018,5/11/2018,Prioritaire,LB-16795,Laurel Beltran,Bureau à domicile,États-Unis,Seattle,Washington,USCA - Ouest,OFF-BI-10004330,Fournitures de bureau,Classeurs,"GBC Velobind Prepunched Cover Sets, Regency Series",147.92,5,0.2,46.23
8418,US-2018-118199,5/9/2018,5/11/2018,Prioritaire,LB-16795,Laurel Beltran,Bureau à domicile,États-Unis,Seattle,Washington,USCA - Ouest,OFF-ST-10000604,Fournitures de bureau,Stockage,Home/Office Personal File Carts,104.28,3,0,26.07
8419,US-2018-118199,5/9/2018,5/11/2018,Prioritaire,LB-16795,Laurel Beltran,Bureau à domicile,États-Unis,Seattle,Washington,USCA - Ouest,FUR-TA-10004154,Mobilier,Tables,"Riverside Furniture Oval Coffee Table, Oval End Table, End Table with Drawer",286.85,1,0,63.11
8420,US-2018-118199,5/9/2018,5/11/2018,Prioritaire,LB-16795,Laurel Beltran,Bureau à domicile,États-Unis,Seattle,Washington,USCA - Ouest,OFF-ST-10000636,Fournitures de bureau,Stockage,Rogers Profile Extra Capacity Storage Tub,66.96,4,0,2.68
8421,US-2018-118199,5/9/2018,5/11/2018,Prioritaire,LB-16795,Laurel Beltran,Bureau à domicile,États-Unis,Seattle,Washington,USCA - Ouest,TEC-AC-10004171,Produits technologiques,Accessoires,Razer Kraken 7.1 Surround Sound Over Ear USB Gaming Headset,199.98,2,0,87.99
8422,US-2018-150091,10/12/2018,10/16/2018,Tarif normal,NP-18670,Nora Paige,Grand public,États-Unis,Lakewood,New Jersey,USCA - Est,TEC-AC-10002167,Produits technologiques,Accessoires,Imation 8gb Micro Traveldrive Usb 2.0 Flash Drive,45,3,0,4.95
8423,US-2018-150091,10/12/2018,10/16/2018,Tarif normal,NP-18670,Nora Paige,Grand public,États-Unis,Lakewood,New Jersey,USCA - Est,OFF-FA-10000621,Fournitures de bureau,Éléments de fixation,"OIC Colored Binder Clips, Assorted Sizes",17.9,5,0,8.77
8424,US-2018-150091,10/12/2018,10/16/2018,Tarif normal,NP-18670,Nora Paige,Grand public,États-Unis,Lakewood,New Jersey,USCA - Est,FUR-FU-10004053,Mobilier,Meubles,DAX Two-Tone Silver Metal Document Frame,40.48,2,0,17.41
8425,US-2018-150091,10/12/2018,10/16/2018,Tarif normal,NP-18670,Nora Paige,Grand public,États-Unis,Lakewood,New Jersey,USCA - Est,FUR-BO-10003404,Mobilier,Bibliothèques,"Global Adaptabilites Bookcase, Cherry/Storm Gray Finish",2154.9,5,0,129.29
8428,US-2018-167017,11/23/2018,11/25/2018,Prioritaire,DC-12850,Dan Campbell,Grand public,États-Unis,Roseville,Michigan,USCA - Centre,OFF-SU-10001935,Fournitures de bureau,Fournitures,Staple remover,4.36,2,0,0.17
8429,US-2018-132220,11/12/2018,11/16/2018,Tarif normal,DJ-13510,Don Jones,Entreprise,États-Unis,Tempe,Arizona,USCA - Ouest,TEC-AC-10004227,Produits technologiques,Accessoires,SanDisk Ultra 16 GB MicroSDHC Class 10 Memory Card,62.35,6,0.2,-10.91
8432,US-2018-155621,11/8/2018,11/13/2018,Tarif normal,KN-16450,Kean Nguyen,Entreprise,États-Unis,Baltimore,Maryland,USCA - Est,FUR-FU-10003535,Mobilier,Meubles,Howard Miller Distant Time Traveler Alarm Clock,274.2,10,0,112.42
8440,US-2018-114370,3/14/2018,3/17/2018,J+2,BN-11470,Brad Norvell,Entreprise,États-Unis,Chicago,Illinois,USCA - Centre,TEC-PH-10000213,Produits technologiques,Téléphones,Seidio BD2-HK3IPH5-BK DILEX Case and Holster Combo for Apple iPhone 5/5s - Black,49.62,2,0.2,4.96
8442,US-2018-145779,5/6/2018,5/10/2018,Tarif normal,DB-13615,Doug Bickford,Grand public,États-Unis,Tucson,Arizona,USCA - Ouest,OFF-PA-10002254,Fournitures de bureau,Papier,Xerox 1883,84.42,4,0.2,27.44
8446,US-2018-125451,10/23/2018,10/24/2018,Prioritaire,AH-10075,Adam Hart,Entreprise,États-Unis,Cranston,Rhode Island,USCA - Est,FUR-TA-10001039,Mobilier,Tables,KI Adjustable-Height Table,240.74,4,0.3,-13.76
8447,US-2018-125451,10/23/2018,10/24/2018,Prioritaire,AH-10075,Adam Hart,Entreprise,États-Unis,Cranston,Rhode Island,USCA - Est,FUR-FU-10004963,Mobilier,Meubles,"Eldon 400 Class Desk Accessories, Black Carbon",35,4,0,14.7
8448,US-2018-125451,10/23/2018,10/24/2018,Prioritaire,AH-10075,Adam Hart,Entreprise,États-Unis,Cranston,Rhode Island,USCA - Est,FUR-FU-10000277,Mobilier,Meubles,Deflect-o DuraMat Antistatic Studded Beveled Mat for Medium Pile Carpeting,210.68,2,0,50.56
8449,US-2018-125451,10/23/2018,10/24/2018,Prioritaire,AH-10075,Adam Hart,Entreprise,États-Unis,Cranston,Rhode Island,USCA - Est,FUR-TA-10004915,Mobilier,Tables,"Office Impressions End Table, 20-1/2""H x 24""W x 20""D",637.9,3,0.3,-127.58
8450,US-2018-125451,10/23/2018,10/24/2018,Prioritaire,AH-10075,Adam Hart,Entreprise,États-Unis,Cranston,Rhode Island,USCA - Est,OFF-PA-10003724,Fournitures de bureau,Papier,"Wirebound Message Book, 4 per Page",43.44,8,0,21.29
8451,US-2018-125451,10/23/2018,10/24/2018,Prioritaire,AH-10075,Adam Hart,Entreprise,États-Unis,Cranston,Rhode Island,USCA - Est,OFF-AP-10002906,Fournitures de bureau,Électroménager,Hoover Replacement Belt for Commercial Guardsman Heavy-Duty Upright Vacuum,2.22,1,0,0.67
8457,US-2018-118556,5/28/2018,6/2/2018,J+2,TH-21235,Tiffany House,Entreprise,États-Unis,Chicago,Illinois,USCA - Centre,FUR-CH-10001146,Mobilier,Chaises,"Global Task Chair, Black",106.87,3,0.3,-29.01
8458,US-2018-118556,5/28/2018,6/2/2018,J+2,TH-21235,Tiffany House,Entreprise,États-Unis,Chicago,Illinois,USCA - Centre,OFF-BI-10004364,Fournitures de bureau,Classeurs,Storex Dura Pro Binders,3.56,3,0.8,-6.24
8470,US-2018-132031,4/23/2018,4/27/2018,Tarif normal,PN-18775,Parhena Norris,Bureau à domicile,États-Unis,Clarksville,Tennessee,USCA - Sud,FUR-BO-10001972,Mobilier,Bibliothèques,O'Sullivan 4-Shelf Bookcase in Odessa Pine,387.14,4,0.2,-14.52
8471,US-2018-132031,4/23/2018,4/27/2018,Tarif normal,PN-18775,Parhena Norris,Bureau à domicile,États-Unis,Clarksville,Tennessee,USCA - Sud,TEC-AC-10002473,Produits technologiques,Accessoires,Maxell 4.7GB DVD-R,45.41,2,0.2,11.92
8472,US-2018-132031,4/23/2018,4/27/2018,Tarif normal,PN-18775,Parhena Norris,Bureau à domicile,États-Unis,Clarksville,Tennessee,USCA - Sud,FUR-FU-10000193,Mobilier,Meubles,Tenex Chairmats For Use with Hard Floors,77.95,3,0.2,-11.69
8473,US-2018-132031,4/23/2018,4/27/2018,Tarif normal,PN-18775,Parhena Norris,Bureau à domicile,États-Unis,Clarksville,Tennessee,USCA - Sud,OFF-LA-10000081,Fournitures de bureau,Étiquettes,Avery 496,3,1,0.2,1.05
8475,US-2018-169404,4/9/2018,4/14/2018,Tarif normal,NC-18625,Noah Childs,Entreprise,États-Unis,York,Pennsylvanie,USCA - Est,OFF-BI-10004492,Fournitures de bureau,Classeurs,Tuf-Vin Binders,37.9,4,0.7,-29.05
8476,US-2018-169404,4/9/2018,4/14/2018,Tarif normal,NC-18625,Noah Childs,Entreprise,États-Unis,York,Pennsylvanie,USCA - Est,OFF-PA-10001033,Fournitures de bureau,Papier,Xerox 1893,65.58,2,0.2,23.77
8477,US-2018-134880,10/27/2018,11/1/2018,Tarif normal,TW-21025,Tamara Willingham,Bureau à domicile,États-Unis,Mesa,Arizona,USCA - Ouest,OFF-PA-10004039,Fournitures de bureau,Papier,Xerox 1882,44.78,1,0.2,16.23
8479,US-2018-158736,12/18/2018,12/24/2018,Tarif normal,TT-21460,Tonja Turnell,Bureau à domicile,États-Unis,San Francisco,Californie,USCA - Ouest,OFF-AR-10002578,Fournitures de bureau,Art,Newell 335,5.76,2,0,1.67
8483,US-2018-118535,2/11/2018,2/15/2018,Tarif normal,DJ-13510,Don Jones,Entreprise,États-Unis,New York City,New York,USCA - Est,OFF-LA-10001297,Fournitures de bureau,Étiquettes,Avery 473,20.7,2,0,9.94
8485,US-2018-142391,9/24/2018,9/24/2018,Le même jour,PB-19150,Philip Brown,Grand public,États-Unis,Seattle,Washington,USCA - Ouest,FUR-FU-10002759,Mobilier,Meubles,12-1/2 Diameter Round Wall Clock,199.8,10,0,71.93
8486,US-2018-124716,3/27/2018,3/29/2018,Tarif normal,BD-11560,Brendan Dodson,Bureau à domicile,États-Unis,Fresno,Californie,USCA - Ouest,OFF-PA-10000740,Fournitures de bureau,Papier,Xerox 1982,45.68,2,0,21.01
8487,US-2018-124716,3/27/2018,3/29/2018,Tarif normal,BD-11560,Brendan Dodson,Bureau à domicile,États-Unis,Fresno,Californie,USCA - Ouest,OFF-PA-10001144,Fournitures de bureau,Papier,Xerox 1913,110.96,2,0,53.26
8488,US-2018-124716,3/27/2018,3/29/2018,Tarif normal,BD-11560,Brendan Dodson,Bureau à domicile,États-Unis,Fresno,Californie,USCA - Ouest,OFF-PA-10000859,Fournitures de bureau,Papier,Unpadded Memo Slips,11.94,3,0,5.97
8492,US-2018-106824,7/7/2018,7/11/2018,Tarif normal,AT-10735,Annie Thurman,Grand public,États-Unis,Los Angeles,Californie,USCA - Ouest,OFF-FA-10001135,Fournitures de bureau,Éléments de fixation,"Brites Rubber Bands, 1 1/2 oz. Box",5.94,3,0,0.12
8514,US-2018-141614,6/5/2018,6/9/2018,Tarif normal,NS-18640,Noel Staavos,Entreprise,États-Unis,Orlando,Floride,USCA - Sud,OFF-PA-10002787,Fournitures de bureau,Papier,Xerox 227,20.74,4,0.2,7.26
8518,US-2018-149720,6/4/2018,6/7/2018,J+2,EM-14065,Erin Mull,Grand public,États-Unis,Frisco,Texas,USCA - Centre,FUR-FU-10002501,Mobilier,Meubles,Nu-Dell Executive Frame,30.34,6,0.6,-17.44
8519,US-2018-118003,12/4/2018,12/10/2018,Tarif normal,DO-13645,Doug O'Connell,Grand public,États-Unis,Paterson,New Jersey,USCA - Est,FUR-FU-10002506,Mobilier,Meubles,"Tensor ""Hersey Kiss"" Styled Floor Lamp",12.99,1,0,1.56
8520,US-2018-118003,12/4/2018,12/10/2018,Tarif normal,DO-13645,Doug O'Connell,Grand public,États-Unis,Paterson,New Jersey,USCA - Est,FUR-CH-10003817,Mobilier,Chaises,"Global Value Steno Chair, Gray",182.22,3,0,45.56
8521,US-2018-118003,12/4/2018,12/10/2018,Tarif normal,DO-13645,Doug O'Connell,Grand public,États-Unis,Paterson,New Jersey,USCA - Est,FUR-CH-10004860,Mobilier,Chaises,Global Low Back Tilter Chair,302.94,3,0,18.18
8524,US-2018-133074,9/21/2018,9/25/2018,Tarif normal,DB-13615,Doug Bickford,Grand public,États-Unis,San Francisco,Californie,USCA - Ouest,OFF-PA-10004082,Fournitures de bureau,Papier,"Adams Telephone Message Book w/Frequently-Called Numbers Space, 400 Messages per Book",55.86,7,0,27.93
8525,US-2018-161172,3/16/2018,3/16/2018,Le même jour,SP-20920,Susan Pistek,Grand public,États-Unis,Columbus,Ohio,USCA - Est,TEC-PH-10004348,Produits technologiques,Téléphones,OtterBox Defender Series Case - iPhone 5c,44.38,2,0.4,-7.4
8526,US-2018-161172,3/16/2018,3/16/2018,Le même jour,SP-20920,Susan Pistek,Grand public,États-Unis,Columbus,Ohio,USCA - Est,FUR-FU-10003424,Mobilier,Meubles,Nu-Dell Oak Frame,51.26,6,0.2,7.69
8527,US-2018-161172,3/16/2018,3/16/2018,Le même jour,SP-20920,Susan Pistek,Grand public,États-Unis,Columbus,Ohio,USCA - Est,OFF-BI-10004654,Fournitures de bureau,Classeurs,Avery Binding System Hidden Tab Executive Style Index Sets,5.19,3,0.7,-3.46
8528,US-2018-161172,3/16/2018,3/16/2018,Le même jour,SP-20920,Susan Pistek,Grand public,États-Unis,Columbus,Ohio,USCA - Est,TEC-AC-10004571,Produits technologiques,Accessoires,Logitech G700s Rechargeable Gaming Mouse,159.98,2,0.2,44
8529,US-2018-161172,3/16/2018,3/16/2018,Le même jour,SP-20920,Susan Pistek,Grand public,États-Unis,Columbus,Ohio,USCA - Est,OFF-ST-10000675,Fournitures de bureau,Stockage,"File Shuttle II and Handi-File, Black",54.22,2,0.2,3.39
8530,US-2018-137624,11/10/2018,11/17/2018,Tarif normal,ME-17320,Maria Etezadi,Bureau à domicile,États-Unis,Los Angeles,Californie,USCA - Ouest,FUR-CH-10001714,Mobilier,Chaises,"Global Leather & Oak Executive Chair, Burgundy",241.42,2,0.2,-36.21
8540,US-2018-147354,3/9/2018,3/13/2018,Tarif normal,KB-16315,Karl Braun,Grand public,États-Unis,Los Angeles,Californie,USCA - Ouest,TEC-CO-10000971,Produits technologiques,Photocopieurs,Hewlett Packard 310 Color Digital Copier,479.98,2,0.2,60
8541,US-2018-147354,3/9/2018,3/13/2018,Tarif normal,KB-16315,Karl Braun,Grand public,États-Unis,Los Angeles,Californie,USCA - Ouest,OFF-BI-10003910,Fournitures de bureau,Classeurs,DXL Angle-View Binders with Locking Rings by Samsill,30.84,5,0.2,9.64
8554,US-2018-102904,11/13/2018,11/20/2018,Tarif normal,CB-12025,Cassandra Brandow,Grand public,États-Unis,Decatur,Alabama,USCA - Sud,TEC-AC-10000927,Produits technologiques,Accessoires,Anker Ultrathin Bluetooth Wireless Keyboard Aluminum Cover with Stand,239.92,8,0,23.99
8564,US-2018-108315,1/20/2018,1/22/2018,Tarif normal,MH-18115,Mick Hernandez,Bureau à domicile,États-Unis,Sanford,Floride,USCA - Sud,OFF-BI-10000822,Fournitures de bureau,Classeurs,"Acco PRESSTEX Data Binder with Storage Hooks, Light Blue, 9 1/2"" X 11""",4.84,3,0.7,-3.55
8565,US-2018-108315,1/20/2018,1/22/2018,Tarif normal,MH-18115,Mick Hernandez,Bureau à domicile,États-Unis,Sanford,Floride,USCA - Sud,FUR-FU-10000747,Mobilier,Meubles,Tenex B1-RE Series Chair Mats for Low Pile Carpets,220.7,6,0.2,-8.28
8576,US-2018-101273,8/27/2018,8/29/2018,J+2,ST-20530,Shui Tom,Grand public,États-Unis,Port Saint Lucie,Floride,USCA - Sud,OFF-AP-10000804,Fournitures de bureau,Électroménager,Hoover Portapower Portable Vacuum,14.34,4,0.2,0.9
8577,US-2018-106747,7/3/2018,7/4/2018,Prioritaire,TS-21505,Tony Sayre,Grand public,États-Unis,Concord,New Hampshire,USCA - Est,FUR-FU-10004188,Mobilier,Meubles,Luxo Professional Combination Clamp-On Lamps,102.3,1,0,26.6
8578,US-2018-146164,12/22/2018,12/26/2018,Tarif normal,CM-12190,Charlotte Melton,Grand public,États-Unis,Rochester,Minnesota,USCA - Centre,FUR-TA-10004915,Mobilier,Tables,"Office Impressions End Table, 20-1/2""H x 24""W x 20""D",607.52,2,0,97.2
8579,US-2018-146164,12/22/2018,12/26/2018,Tarif normal,CM-12190,Charlotte Melton,Grand public,États-Unis,Rochester,Minnesota,USCA - Centre,OFF-ST-10001228,Fournitures de bureau,Stockage,Personal File Boxes with Fold-Down Carry Handle,31.16,2,0,7.79
8586,US-2018-132927,12/9/2018,12/15/2018,Tarif normal,RD-19720,Roger Demir,Grand public,États-Unis,Philadelphia,Pennsylvanie,USCA - Est,OFF-BI-10001116,Fournitures de bureau,Classeurs,"Wilson Jones 1"" Hanging DublLock Ring Binders",11.09,7,0.7,-8.13
8587,US-2018-162015,7/11/2018,7/18/2018,Tarif normal,KB-16240,Karen Bern,Entreprise,États-Unis,Los Angeles,Californie,USCA - Ouest,TEC-AC-10003832,Produits technologiques,Accessoires,Logitech P710e Mobile Speakerphone,1287.45,5,0,244.62
8588,US-2018-162015,7/11/2018,7/18/2018,Tarif normal,KB-16240,Karen Bern,Entreprise,États-Unis,Los Angeles,Californie,USCA - Ouest,OFF-AP-10003040,Fournitures de bureau,Électroménager,Fellowes 8 Outlet Superior Workstation Surge Protector w/o Phone/Fax/Modem Protection,168.1,5,0,43.71
8590,US-2018-145338,1/29/2018,2/1/2018,Prioritaire,BD-11770,Bryan Davis,Grand public,États-Unis,Philadelphia,Pennsylvanie,USCA - Est,OFF-AR-10002053,Fournitures de bureau,Art,"Premium Writing Pencils, Soft, #2 by Central Association for the Blind",4.77,2,0.2,0.48
8591,US-2018-126676,9/29/2018,10/1/2018,Prioritaire,FH-14365,Fred Hopkins,Entreprise,États-Unis,Hempstead,New York,USCA - Est,OFF-EN-10004846,Fournitures de bureau,Enveloppes,Letter or Legal Size Expandable Poly String Tie Envelopes,7.98,3,0,3.91
8592,US-2018-101700,4/23/2018,4/26/2018,Prioritaire,SO-20335,Sean O'Donnell,Grand public,États-Unis,Greeley,Colorado,USCA - Ouest,OFF-EN-10003134,Fournitures de bureau,Enveloppes,Staple envelope,18.69,2,0.2,7.01
8593,US-2018-101700,4/23/2018,4/26/2018,Prioritaire,SO-20335,Sean O'Donnell,Grand public,États-Unis,Greeley,Colorado,USCA - Ouest,FUR-FU-10001025,Mobilier,Meubles,"Eldon Imàge Series Desk Accessories, Clear",11.66,3,0.2,3.35
8594,US-2018-159667,11/9/2018,11/13/2018,Tarif normal,PM-19135,Peter McVee,Bureau à domicile,États-Unis,Jacksonville,Floride,USCA - Sud,TEC-AC-10002567,Produits technologiques,Accessoires,Logitech G602 Wireless Gaming Mouse,191.98,3,0.2,38.4
8595,US-2018-159667,11/9/2018,11/13/2018,Tarif normal,PM-19135,Peter McVee,Bureau à domicile,États-Unis,Jacksonville,Floride,USCA - Sud,TEC-PH-10004094,Produits technologiques,Téléphones,Motorola L703CM,499.17,4,0.2,31.2
8607,US-2018-162936,8/18/2018,8/22/2018,Tarif normal,CM-12160,Charles McCrossin,Grand public,États-Unis,New Bedford,Massachusetts,USCA - Est,TEC-AC-10003614,Produits technologiques,Accessoires,"Verbatim 25 GB 6x Blu-ray Single Layer Recordable Disc, 10/Pack",23.18,2,0,7.65
8612,US-2018-123624,11/13/2018,11/17/2018,J+2,SE-20110,Sanjit Engle,Grand public,États-Unis,Oxnard,Californie,USCA - Ouest,TEC-AC-10000682,Produits technologiques,Accessoires,Kensington K72356US Mouse-in-a-Box USB Desktop Mouse,82.95,5,0,29.03
8619,US-2018-117513,3/3/2018,3/8/2018,Tarif normal,BT-11395,Bill Tyler,Entreprise,États-Unis,Los Angeles,Californie,USCA - Ouest,FUR-TA-10001520,Mobilier,Tables,"Lesro Sheffield Collection Coffee Table, End Table, Center Table, Corner Table",399.67,7,0.2,-14.99
8620,US-2018-132437,9/8/2018,9/13/2018,J+2,EM-14095,Eudokia Martin,Entreprise,États-Unis,New York City,New York,USCA - Est,OFF-ST-10001031,Fournitures de bureau,Stockage,Adjustable Personal File Tote,65.12,4,0,16.93
8621,US-2018-119319,11/6/2018,11/9/2018,J+2,LC-17050,Liz Carlisle,Grand public,États-Unis,Dallas,Texas,USCA - Centre,FUR-FU-10003878,Mobilier,Meubles,"Linden 10"" Round Wall Clock, Black",30.56,5,0.6,-19.86
8622,US-2018-104318,5/13/2018,5/18/2018,Tarif normal,FH-14275,Frank Hawley,Entreprise,États-Unis,Franklin,Tennessee,USCA - Sud,OFF-AP-10000358,Fournitures de bureau,Électroménager,Fellowes Basic Home/Office Series Surge Protectors,20.77,2,0.2,2.34
8635,US-2018-159793,8/25/2018,8/29/2018,Tarif normal,SV-20365,Seth Vernon,Grand public,États-Unis,Philadelphia,Pennsylvanie,USCA - Est,FUR-BO-10001798,Mobilier,Bibliothèques,Bush Somerset Collection Bookcase,130.98,2,0.5,-89.07
8638,US-2018-151281,4/27/2018,5/2/2018,Tarif normal,HM-14980,Henry MacAllister,Grand public,États-Unis,Seattle,Washington,USCA - Ouest,FUR-FU-10000397,Mobilier,Meubles,Luxo Economy Swing Arm Lamp,139.58,7,0,39.08
8639,US-2018-118346,7/23/2018,7/24/2018,Prioritaire,PO-19180,Philisse Overcash,Bureau à domicile,États-Unis,Kenosha,Wisconsin,USCA - Centre,TEC-AC-10000736,Produits technologiques,Accessoires,Logitech G600 MMO Gaming Mouse,399.95,5,0,143.98
8641,US-2018-148551,1/12/2018,1/16/2018,Tarif normal,DB-13120,David Bremer,Entreprise,États-Unis,Dallas,Texas,USCA - Centre,OFF-BI-10000545,Fournitures de bureau,Classeurs,GBC Ibimaster 500 Manual ProClick Binding System,760.98,5,0.8,-1141.47
8642,US-2018-147767,12/2/2018,12/2/2018,Le même jour,SV-20935,Susan Vittorini,Grand public,États-Unis,Peoria,Arizona,USCA - Ouest,OFF-BI-10001670,Fournitures de bureau,Classeurs,Vinyl Sectional Post Binders,67.86,6,0.7,-45.24
8661,US-2018-124765,11/25/2018,11/27/2018,Tarif normal,HZ-14950,Henia Zydlo,Grand public,États-Unis,Fort Lauderdale,Floride,USCA - Sud,FUR-BO-10003965,Mobilier,Bibliothèques,O'Sullivan Manor Hill 2-Door Library in Brianna Oak,723.92,5,0.2,-81.44
8665,CA-2018-126634,12/20/2018,12/22/2018,J+2,AB-10165,Alan Barnes,Grand public,Canada,Vancouver,Colombie-Britannique,USCA - Ouest,FUR-FU-10004973,Mobilier,Meubles,Flat Face Poster Frame,94.2,5,0,39.56
8673,US-2018-163265,2/16/2018,2/21/2018,Tarif normal,JS-16030,Joy Smith,Grand public,États-Unis,Decatur,Illinois,USCA - Centre,OFF-FA-10004854,Fournitures de bureau,Éléments de fixation,"Vinyl Coated Wire Paper Clips in Organizer Box, 800/Box",18.37,2,0.2,6.2
8674,US-2018-163265,2/16/2018,2/21/2018,Tarif normal,JS-16030,Joy Smith,Grand public,États-Unis,Decatur,Illinois,USCA - Centre,FUR-CH-10004063,Mobilier,Chaises,Global Deluxe High-Back Manager's Chair,600.56,3,0.3,-8.58
8675,US-2018-163265,2/16/2018,2/21/2018,Tarif normal,JS-16030,Joy Smith,Grand public,États-Unis,Decatur,Illinois,USCA - Centre,OFF-ST-10000642,Fournitures de bureau,Stockage,"Tennsco Lockers, Gray",50.35,3,0.2,-8.18
8676,US-2018-163265,2/16/2018,2/21/2018,Tarif normal,JS-16030,Joy Smith,Grand public,États-Unis,Decatur,Illinois,USCA - Centre,OFF-AR-10004078,Fournitures de bureau,Art,Newell 312,28.03,6,0.2,3.5
8677,US-2018-163265,2/16/2018,2/21/2018,Tarif normal,JS-16030,Joy Smith,Grand public,États-Unis,Decatur,Illinois,USCA - Centre,FUR-FU-10004270,Mobilier,Meubles,"Executive Impressions 13"" Clairmont Wall Clock",7.69,1,0.6,-3.65
8678,US-2018-141705,10/24/2018,10/26/2018,Prioritaire,PO-18850,Patrick O'Brill,Grand public,États-Unis,Mansfield,Texas,USCA - Centre,FUR-TA-10004607,Mobilier,Tables,Hon 2111 Invitation Series Straight Table,517.41,5,0.3,-81.31
8684,US-2018-101665,11/25/2018,12/1/2018,Tarif normal,TZ-21580,Tracy Zic,Grand public,États-Unis,San Francisco,Californie,USCA - Ouest,OFF-AR-10002335,Fournitures de bureau,Art,DIXON Oriole Pencils,5.16,2,0,1.34
8686,US-2018-137323,11/14/2018,11/18/2018,J+2,PW-19030,Pauline Webber,Entreprise,États-Unis,Watertown,New York,USCA - Est,OFF-ST-10003996,Fournitures de bureau,Stockage,"Letter/Legal File Tote with Clear Snap-On Lid, Black Granite",96.36,6,0,25.05
8696,US-2018-127096,9/15/2018,9/17/2018,J+2,CS-12400,Christopher Schild,Bureau à domicile,États-Unis,San Francisco,Californie,USCA - Ouest,FUR-TA-10003473,Mobilier,Tables,Bretford Rectangular Conference Table Tops,300.9,1,0.2,11.28
8697,US-2018-119284,6/15/2018,6/20/2018,Tarif normal,TS-21205,Thomas Seio,Entreprise,États-Unis,Nashville,Tennessee,USCA - Sud,TEC-PH-10001051,Produits technologiques,Téléphones,HTC One,239.98,3,0.2,27
8698,US-2018-119284,6/15/2018,6/20/2018,Tarif normal,TS-21205,Thomas Seio,Entreprise,États-Unis,Nashville,Tennessee,USCA - Sud,FUR-FU-10004351,Mobilier,Meubles,Staple-based wall hangings,31.17,4,0.2,9.35
8699,US-2018-119284,6/15/2018,6/20/2018,Tarif normal,TS-21205,Thomas Seio,Entreprise,États-Unis,Nashville,Tennessee,USCA - Sud,FUR-TA-10004152,Mobilier,Tables,"Barricks 18"" x 48"" Non-Folding Utility Table with Bottom Storage Shelf",120.96,2,0.4,-28.22
8700,US-2018-119284,6/15/2018,6/20/2018,Tarif normal,TS-21205,Thomas Seio,Entreprise,États-Unis,Nashville,Tennessee,USCA - Sud,TEC-PH-10000560,Produits technologiques,Téléphones,Samsung Galaxy S III - 16GB - pebble blue (T-Mobile),2239.94,8,0.2,223.99
8701,US-2018-119284,6/15/2018,6/20/2018,Tarif normal,TS-21205,Thomas Seio,Entreprise,États-Unis,Nashville,Tennessee,USCA - Sud,OFF-AP-10004249,Fournitures de bureau,Électroménager,Staple holder,76.61,8,0.2,6.7
8702,US-2018-119284,6/15/2018,6/20/2018,Tarif normal,TS-21205,Thomas Seio,Entreprise,États-Unis,Nashville,Tennessee,USCA - Sud,OFF-ST-10001490,Fournitures de bureau,Stockage,"Hot File 7-Pocket, Floor Stand",142.78,1,0.2,17.85
8703,US-2018-119284,6/15/2018,6/20/2018,Tarif normal,TS-21205,Thomas Seio,Entreprise,États-Unis,Nashville,Tennessee,USCA - Sud,OFF-PA-10000312,Fournitures de bureau,Papier,Xerox 1955,91.36,5,0.2,29.69
8714,US-2018-136623,7/11/2018,7/16/2018,Tarif normal,TS-21430,Tom Stivers,Entreprise,États-Unis,San Diego,Californie,USCA - Ouest,TEC-PH-10000004,Produits technologiques,Téléphones,Belkin iPhone and iPad Lightning Cable,71.95,6,0.2,5.4
8715,US-2018-136623,7/11/2018,7/16/2018,Tarif normal,TS-21430,Tom Stivers,Entreprise,États-Unis,San Diego,Californie,USCA - Ouest,OFF-BI-10003708,Fournitures de bureau,Classeurs,"Acco Four Pocket Poly Ring Binder with Label Holder, Smoke, 1""",29.8,5,0.2,9.31
8716,US-2018-121678,11/16/2018,11/20/2018,J+2,BM-11650,Brian Moss,Entreprise,États-Unis,Elyria,Ohio,USCA - Est,OFF-BI-10002949,Fournitures de bureau,Classeurs,Prestige Round Ring Binders,1.82,1,0.7,-1.4
8726,US-2018-148145,3/18/2018,3/23/2018,Tarif normal,SW-20275,Scott Williamson,Grand public,États-Unis,Seattle,Washington,USCA - Ouest,OFF-AR-10003752,Fournitures de bureau,Art,Deluxe Chalkboard Eraser Cleaner,46.2,4,0,21.25
8733,US-2018-116988,6/27/2018,6/29/2018,J+2,PW-19030,Pauline Webber,Entreprise,États-Unis,Seattle,Washington,USCA - Ouest,OFF-PA-10003848,Fournitures de bureau,Papier,Xerox 1997,19.44,3,0,9.33
8734,US-2018-116988,6/27/2018,6/29/2018,J+2,PW-19030,Pauline Webber,Entreprise,États-Unis,Seattle,Washington,USCA - Ouest,FUR-FU-10001290,Mobilier,Meubles,Executive Impressions Supervisor Wall Clock,126.3,3,0,40.42
8735,US-2018-116988,6/27/2018,6/29/2018,J+2,PW-19030,Pauline Webber,Entreprise,États-Unis,Seattle,Washington,USCA - Ouest,TEC-AC-10003832,Produits technologiques,Accessoires,Logitech P710e Mobile Speakerphone,1287.45,5,0,244.62
8738,US-2018-161592,4/6/2018,4/10/2018,Tarif normal,CS-12175,Charles Sheldon,Entreprise,États-Unis,Chattanooga,Tennessee,USCA - Sud,OFF-BI-10003669,Fournitures de bureau,Classeurs,3M Organizer Strips,8.1,5,0.7,-5.94
8739,US-2018-131961,12/8/2018,12/11/2018,Prioritaire,MJ-17740,Max Jones,Grand public,États-Unis,Philadelphia,Pennsylvanie,USCA - Est,OFF-AR-10004441,Fournitures de bureau,Art,BIC Brite Liner Highlighters,13.25,4,0.2,3.64
8740,US-2018-131961,12/8/2018,12/11/2018,Prioritaire,MJ-17740,Max Jones,Grand public,États-Unis,Philadelphia,Pennsylvanie,USCA - Est,TEC-PH-10001924,Produits technologiques,Téléphones,iHome FM Clock Radio with Lightning Dock,83.99,2,0.4,-21
8747,US-2018-128076,2/2/2018,2/7/2018,Tarif normal,BO-11350,Bill Overfelt,Entreprise,États-Unis,San Diego,Californie,USCA - Ouest,FUR-FU-10000293,Mobilier,Meubles,Eldon Antistatic Chair Mats for Low to Medium Pile Carpets,210.58,2,0,12.63
8748,US-2018-128076,2/2/2018,2/7/2018,Tarif normal,BO-11350,Bill Overfelt,Entreprise,États-Unis,San Diego,Californie,USCA - Ouest,OFF-BI-10003638,Fournitures de bureau,Classeurs,GBC Durable Plastic Covers,30.96,2,0.2,10.06
8749,US-2018-128076,2/2/2018,2/7/2018,Tarif normal,BO-11350,Bill Overfelt,Entreprise,États-Unis,San Diego,Californie,USCA - Ouest,TEC-MA-10002109,Produits technologiques,Machines,"HP Officejet Pro 8600 e-All-In-One Printer, Copier, Scanner, Fax",239.98,2,0.2,39
8754,US-2018-152198,9/9/2018,9/10/2018,Prioritaire,JD-16015,Joy Daniels,Grand public,États-Unis,Toledo,Ohio,USCA - Est,OFF-LA-10000443,Fournitures de bureau,Étiquettes,Avery 501,17.71,6,0.2,5.98
8755,US-2018-152198,9/9/2018,9/10/2018,Prioritaire,JD-16015,Joy Daniels,Grand public,États-Unis,Toledo,Ohio,USCA - Est,OFF-BI-10003669,Fournitures de bureau,Classeurs,3M Organizer Strips,4.86,3,0.7,-3.56
8756,US-2018-152198,9/9/2018,9/10/2018,Prioritaire,JD-16015,Joy Daniels,Grand public,États-Unis,Toledo,Ohio,USCA - Est,OFF-BI-10001628,Fournitures de bureau,Classeurs,"Acco Data Flex Cable Posts For Top & Bottom Load Binders, 6"" Capacity",6.26,2,0.7,-5.22
8772,US-2018-115882,9/14/2018,9/17/2018,Prioritaire,DB-13555,Dorothy Badders,Entreprise,États-Unis,Raleigh,Caroline du Nord,USCA - Sud,OFF-AP-10002534,Fournitures de bureau,Électroménager,3.6 Cubic Foot Counter Height Office Refrigerator,942.78,4,0.2,94.28
8773,US-2018-115882,9/14/2018,9/17/2018,Prioritaire,DB-13555,Dorothy Badders,Entreprise,États-Unis,Raleigh,Caroline du Nord,USCA - Sud,OFF-PA-10001125,Fournitures de bureau,Papier,Xerox 1988,74.35,3,0.2,23.24
8779,US-2018-135377,12/13/2018,12/18/2018,Tarif normal,BP-11095,Bart Pistole,Entreprise,États-Unis,New York City,New York,USCA - Est,FUR-BO-10004015,Mobilier,Bibliothèques,"Bush Andora Bookcase, Maple/Graphite Gray Finish",287.98,3,0.2,7.2
8785,US-2018-129224,3/17/2018,3/23/2018,Tarif normal,AS-10630,Ann Steele,Bureau à domicile,États-Unis,Knoxville,Tennessee,USCA - Sud,OFF-LA-10003190,Fournitures de bureau,Étiquettes,Avery 474,4.61,2,0.2,1.67
8786,US-2018-145765,5/28/2018,6/2/2018,Tarif normal,CM-11815,Candace McMahon,Entreprise,États-Unis,Phoenix,Arizona,USCA - Ouest,TEC-PH-10001305,Produits technologiques,Téléphones,Panasonic KX TS208W Corded phone,195.96,5,0.2,19.6
8787,US-2018-145765,5/28/2018,6/2/2018,Tarif normal,CM-11815,Candace McMahon,Entreprise,États-Unis,Phoenix,Arizona,USCA - Ouest,OFF-PA-10001534,Fournitures de bureau,Papier,Xerox 230,15.55,3,0.2,5.44
8788,US-2018-145765,5/28/2018,6/2/2018,Tarif normal,CM-11815,Candace McMahon,Entreprise,États-Unis,Phoenix,Arizona,USCA - Ouest,TEC-AC-10000844,Produits technologiques,Accessoires,Logitech Gaming G510s - Keyboard,271.97,4,0.2,54.39
8789,US-2018-126914,6/15/2018,6/19/2018,Tarif normal,JE-15715,Joe Elijah,Grand public,États-Unis,Monroe,Caroline du Nord,USCA - Sud,FUR-CH-10000847,Mobilier,Chaises,Global Executive Mid-Back Manager's Chair,698.35,3,0.2,52.38
8790,US-2018-126914,6/15/2018,6/19/2018,Tarif normal,JE-15715,Joe Elijah,Grand public,États-Unis,Monroe,Caroline du Nord,USCA - Sud,FUR-BO-10000468,Mobilier,Bibliothèques,O'Sullivan 2-Shelf Heavy-Duty Bookcases,77.73,2,0.2,-3.89
8792,US-2018-162075,3/18/2018,3/24/2018,Tarif normal,TT-21220,Thomas Thornton,Grand public,États-Unis,Houston,Texas,USCA - Centre,TEC-PH-10001557,Produits technologiques,Téléphones,Pyle PMP37LED,537.54,7,0.2,47.04
8801,US-2018-148992,11/23/2018,11/27/2018,Tarif normal,CS-12250,Chris Selesnick,Entreprise,États-Unis,Chicago,Illinois,USCA - Centre,OFF-PA-10004285,Fournitures de bureau,Papier,Xerox 1959,10.69,2,0.2,3.74
8806,US-2018-100398,8/19/2018,8/23/2018,Tarif normal,DO-13435,Denny Ordway,Grand public,États-Unis,Salt Lake City,Utah,USCA - Ouest,OFF-BI-10002133,Fournitures de bureau,Classeurs,"Wilson Jones Elliptical Ring 3 1/2"" Capacity Binders, 800 sheets",102.72,3,0.2,37.24
8808,US-2018-110646,10/26/2018,10/28/2018,Tarif normal,JF-15190,Jamie Frazer,Grand public,États-Unis,Philadelphia,Pennsylvanie,USCA - Est,OFF-BI-10004330,Fournitures de bureau,Classeurs,"GBC Velobind Prepunched Cover Sets, Regency Series",33.28,3,0.7,-27.74
8809,US-2018-110646,10/26/2018,10/28/2018,Tarif normal,JF-15190,Jamie Frazer,Grand public,États-Unis,Philadelphia,Pennsylvanie,USCA - Est,TEC-PH-10002807,Produits technologiques,Téléphones,Motorla HX550 Universal Bluetooth Headset,118.65,5,0.4,19.78
8810,US-2018-110646,10/26/2018,10/28/2018,Tarif normal,JF-15190,Jamie Frazer,Grand public,États-Unis,Philadelphia,Pennsylvanie,USCA - Est,OFF-LA-10001404,Fournitures de bureau,Étiquettes,Avery 517,14.76,5,0.2,4.98
8811,US-2018-120614,2/19/2018,2/21/2018,Tarif normal,SM-20950,Suzanne McNair,Entreprise,États-Unis,Los Angeles,Californie,USCA - Ouest,OFF-PA-10004911,Fournitures de bureau,Papier,"Rediform S.O.S. 1-Up Phone Message Bk, 4-1/4x3-1/16 Bk, 1 Form/Pg, 40 Messages/Bk, 3/Pk",37.52,4,0,18.01
8821,US-2018-100622,11/3/2018,11/7/2018,Tarif normal,DK-13090,Dave Kipp,Grand public,États-Unis,Orlando,Floride,USCA - Sud,TEC-CO-10003236,Produits technologiques,Photocopieurs,Canon Image Class D660 Copier,959.98,2,0.2,311.99
8822,US-2018-100622,11/3/2018,11/7/2018,Tarif normal,DK-13090,Dave Kipp,Grand public,États-Unis,Orlando,Floride,USCA - Sud,OFF-BI-10002982,Fournitures de bureau,Classeurs,Avery Self-Adhesive Photo Pockets for Polaroid Photos,4.09,2,0.7,-3
8823,US-2018-100622,11/3/2018,11/7/2018,Tarif normal,DK-13090,Dave Kipp,Grand public,États-Unis,Orlando,Floride,USCA - Sud,OFF-AR-10004010,Fournitures de bureau,Art,Hunt Boston Vacuum Mount KS Pencil Sharpener,55.98,2,0.2,4.2
8824,US-2018-100622,11/3/2018,11/7/2018,Tarif normal,DK-13090,Dave Kipp,Grand public,États-Unis,Orlando,Floride,USCA - Sud,OFF-PA-10002947,Fournitures de bureau,Papier,Xerox 1923,10.69,2,0.2,3.74
8825,US-2018-117156,3/21/2018,3/23/2018,J+2,TB-21055,Ted Butterfield,Grand public,États-Unis,Reading,Pennsylvanie,USCA - Est,OFF-EN-10003845,Fournitures de bureau,Enveloppes,Colored Envelopes,8.86,3,0.2,2.88
8834,US-2018-132675,9/24/2018,9/28/2018,Tarif normal,KF-16285,Karen Ferguson,Bureau à domicile,États-Unis,Sandy Springs,Géorgie,USCA - Sud,OFF-ST-10004950,Fournitures de bureau,Stockage,"Tenex Personal Filing Tote With Secure Closure Lid, Black/Frost",15.51,1,0,3.88
8835,US-2018-132675,9/24/2018,9/28/2018,Tarif normal,KF-16285,Karen Ferguson,Bureau à domicile,États-Unis,Sandy Springs,Géorgie,USCA - Sud,TEC-PH-10003171,Produits technologiques,Téléphones,Plantronics Encore H101 Dual Earpieces Headset,89.9,2,0,25.17
8836,US-2018-132675,9/24/2018,9/28/2018,Tarif normal,KF-16285,Karen Ferguson,Bureau à domicile,États-Unis,Sandy Springs,Géorgie,USCA - Sud,OFF-AR-10000614,Fournitures de bureau,Art,Barrel Sharpener,14.28,4,0,3.71
8837,US-2018-132675,9/24/2018,9/28/2018,Tarif normal,KF-16285,Karen Ferguson,Bureau à domicile,États-Unis,Sandy Springs,Géorgie,USCA - Sud,OFF-AR-10000034,Fournitures de bureau,Art,"BIC Brite Liner Grip Highlighters, Assorted, 5/Pack",12.72,3,0,4.96
8838,US-2018-132675,9/24/2018,9/28/2018,Tarif normal,KF-16285,Karen Ferguson,Bureau à domicile,États-Unis,Sandy Springs,Géorgie,USCA - Sud,OFF-LA-10003766,Fournitures de bureau,Étiquettes,Self-Adhesive Removable Labels,15.75,5,0,7.56
8845,US-2018-156664,12/18/2018,12/23/2018,Tarif normal,BP-11290,Beth Paige,Grand public,États-Unis,Columbus,Ohio,USCA - Est,OFF-BI-10004209,Fournitures de bureau,Classeurs,"Fellowes Twister Kit, Gray/Clear, 3/pkg",7.24,3,0.7,-6.03
8846,US-2018-156664,12/18/2018,12/23/2018,Tarif normal,BP-11290,Beth Paige,Grand public,États-Unis,Columbus,Ohio,USCA - Est,OFF-FA-10002988,Fournitures de bureau,Éléments de fixation,Ideal Clamps,4.82,3,0.2,1.75
8847,US-2018-156664,12/18/2018,12/23/2018,Tarif normal,BP-11290,Beth Paige,Grand public,États-Unis,Columbus,Ohio,USCA - Est,OFF-PA-10002222,Fournitures de bureau,Papier,"Xerox Color Copier Paper, 11"" x 17"", Ream",91.36,5,0.2,29.69
8848,US-2018-156664,12/18/2018,12/23/2018,Tarif normal,BP-11290,Beth Paige,Grand public,États-Unis,Columbus,Ohio,USCA - Est,OFF-AP-10004487,Fournitures de bureau,Électroménager,Kensington 4 Outlet MasterPiece Compact Power Control Center,130.11,2,0.2,13.01
8856,US-2018-163671,12/24/2018,12/26/2018,Tarif normal,DP-13105,Dave Poirier,Entreprise,États-Unis,Meridian,Idaho,USCA - Ouest,OFF-BI-10001679,Fournitures de bureau,Classeurs,GBC Instant Index System for Binding Systems,21.31,3,0.2,7.99
8857,US-2018-135909,10/13/2018,10/20/2018,Tarif normal,JW-15220,Jane Waco,Entreprise,États-Unis,Sacramento,Californie,USCA - Ouest,TEC-AC-10002335,Produits technologiques,Accessoires,Logitech Media Keyboard K200,209.94,6,0,39.89
8858,US-2018-135909,10/13/2018,10/20/2018,Tarif normal,JW-15220,Jane Waco,Entreprise,États-Unis,Sacramento,Californie,USCA - Ouest,TEC-PH-10003187,Produits technologiques,Téléphones,Anker Astro Mini 3000mAh Ultra-Compact Portable Charger,31.98,2,0.2,-8
8859,US-2018-135909,10/13/2018,10/20/2018,Tarif normal,JW-15220,Jane Waco,Entreprise,États-Unis,Sacramento,Californie,USCA - Ouest,OFF-BI-10003527,Fournitures de bureau,Classeurs,Fellowes PB500 Electric Punch Plastic Comb Binding Machine with Manual Bind,5083.96,5,0.2,1906.49
8860,US-2018-114356,8/20/2018,8/26/2018,Tarif normal,TT-21460,Tonja Turnell,Bureau à domicile,États-Unis,Charlotte,Caroline du Nord,USCA - Sud,TEC-PH-10003171,Produits technologiques,Téléphones,Plantronics Encore H101 Dual Earpieces Headset,35.96,1,0.2,3.6
8870,US-2018-101805,12/1/2018,12/6/2018,Tarif normal,SH-19975,Sally Hughsby,Entreprise,États-Unis,Seattle,Washington,USCA - Ouest,OFF-BI-10002003,Fournitures de bureau,Classeurs,Ibico Presentation Index for Binding Systems,15.92,5,0.2,5.37
8871,US-2018-101805,12/1/2018,12/6/2018,Tarif normal,SH-19975,Sally Hughsby,Entreprise,États-Unis,Seattle,Washington,USCA - Ouest,FUR-FU-10000023,Mobilier,Meubles,Eldon Wave Desk Accessories,70.68,12,0,31.1
8872,US-2018-101805,12/1/2018,12/6/2018,Tarif normal,SH-19975,Sally Hughsby,Entreprise,États-Unis,Seattle,Washington,USCA - Ouest,OFF-ST-10002756,Fournitures de bureau,Stockage,"Tennsco Stur-D-Stor Boltless Shelving, 5 Shelves, 24"" Deep, Sand",541.24,4,0,5.41
8875,US-2018-142489,11/14/2018,11/16/2018,J+2,TC-21295,Toby Carlisle,Grand public,États-Unis,Houston,Texas,USCA - Centre,OFF-BI-10003684,Fournitures de bureau,Classeurs,Wilson Jones Legal Size Ring Binders,21.99,5,0.8,-32.99
8878,US-2018-126928,9/17/2018,9/23/2018,Tarif normal,GZ-14470,Gary Zandusky,Grand public,États-Unis,Morristown,New Jersey,USCA - Est,TEC-MA-10004626,Produits technologiques,Machines,Lexmark 20R1285 X6650 Wireless All-in-One Printer,480,4,0,225.6
8879,US-2018-126928,9/17/2018,9/23/2018,Tarif normal,GZ-14470,Gary Zandusky,Grand public,États-Unis,Morristown,New Jersey,USCA - Est,OFF-ST-10000615,Fournitures de bureau,Stockage,"SimpliFile Personal File, Black Granite, 15w x 6-15/16d x 11-1/4h",34.05,3,0,9.53
8883,US-2018-115252,10/20/2018,10/25/2018,Tarif normal,MY-18295,Muhammed Yedwab,Entreprise,États-Unis,Durham,Caroline du Nord,USCA - Sud,TEC-PH-10004071,Produits technologiques,Téléphones,PayAnywhere Card Reader,15.98,2,0.2,1.4
8884,US-2018-115252,10/20/2018,10/25/2018,Tarif normal,MY-18295,Muhammed Yedwab,Entreprise,États-Unis,Durham,Caroline du Nord,USCA - Sud,OFF-PA-10001667,Fournitures de bureau,Papier,Great White Multi-Use Recycled Paper (20Lb. and 84 Bright),14.35,3,0.2,4.49
8889,US-2018-103968,12/1/2018,12/7/2018,Tarif normal,ML-17755,Max Ludwig,Bureau à domicile,États-Unis,Stockton,Californie,USCA - Ouest,FUR-FU-10003394,Mobilier,Meubles,"Tenex ""The Solids"" Textured Chair Mats",629.64,9,0,107.04
8910,US-2018-160661,10/28/2018,11/1/2018,Tarif normal,SA-20830,Sue Ann Reed,Grand public,États-Unis,Everett,Massachusetts,USCA - Est,OFF-LA-10002475,Fournitures de bureau,Étiquettes,Avery 519,21.93,3,0,10.31
8911,US-2018-102610,11/4/2018,11/8/2018,Tarif normal,CA-12265,Christina Anderson,Grand public,États-Unis,Chattanooga,Tennessee,USCA - Sud,TEC-AC-10000303,Produits technologiques,Accessoires,Logitech M510 Wireless Mouse,95.98,3,0.2,15.6
8912,US-2018-102610,11/4/2018,11/8/2018,Tarif normal,CA-12265,Christina Anderson,Grand public,États-Unis,Chattanooga,Tennessee,USCA - Sud,TEC-PH-10000127,Produits technologiques,Téléphones,iOttie XL Car Mount,143.93,9,0.2,-32.38
8913,US-2018-102610,11/4/2018,11/8/2018,Tarif normal,CA-12265,Christina Anderson,Grand public,États-Unis,Chattanooga,Tennessee,USCA - Sud,OFF-BI-10004364,Fournitures de bureau,Classeurs,Storex Dura Pro Binders,3.56,2,0.7,-2.97
8914,US-2018-102610,11/4/2018,11/8/2018,Tarif normal,CA-12265,Christina Anderson,Grand public,États-Unis,Chattanooga,Tennessee,USCA - Sud,OFF-LA-10002195,Fournitures de bureau,Étiquettes,Avery 481,4.93,2,0.2,1.72
8924,US-2018-133928,6/11/2018,6/17/2018,Tarif normal,ZC-21910,Zuschuss Carroll,Grand public,États-Unis,Hickory,Caroline du Nord,USCA - Sud,OFF-BI-10001525,Fournitures de bureau,Classeurs,"Acco Pressboard Covers with Storage Hooks, 14 7/8"" x 11"", Executive Red",4.57,4,0.7,-3.81
8932,US-2018-143252,12/18/2018,12/24/2018,Tarif normal,HE-14800,Harold Engle,Entreprise,États-Unis,Milwaukee,Wisconsin,USCA - Centre,FUR-FU-10001057,Mobilier,Meubles,Tensor Track Tree Floor Lamp,99.95,5,0,22.99
8933,US-2018-143252,12/18/2018,12/24/2018,Tarif normal,HE-14800,Harold Engle,Entreprise,États-Unis,Milwaukee,Wisconsin,USCA - Centre,TEC-AC-10002331,Produits technologiques,Accessoires,"Maxell 74 Minute CDR, 10/Pack",29.34,3,0,10.86
8935,US-2018-130036,8/27/2018,8/27/2018,Le même jour,BP-11185,Ben Peterman,Entreprise,États-Unis,Philadelphia,Pennsylvanie,USCA - Est,OFF-PA-10000528,Fournitures de bureau,Papier,Xerox 1981,12.67,3,0.2,3.96
8936,US-2018-130036,8/27/2018,8/27/2018,Le même jour,BP-11185,Ben Peterman,Entreprise,États-Unis,Philadelphia,Pennsylvanie,USCA - Est,TEC-AC-10001908,Produits technologiques,Accessoires,Logitech Wireless Headset h800,1119.89,14,0.2,209.98
8944,US-2018-111717,10/10/2018,10/16/2018,Tarif normal,SW-20245,Scot Wooten,Grand public,États-Unis,Aurora,Illinois,USCA - Centre,FUR-CH-10001545,Mobilier,Chaises,Hon Comfortask Task/Swivel Chairs,239.36,3,0.3,-47.87
8947,US-2018-148355,12/24/2018,12/28/2018,Tarif normal,NC-18535,Nick Crebassa,Entreprise,États-Unis,New Bedford,Massachusetts,USCA - Est,OFF-PA-10001972,Fournitures de bureau,Papier,Xerox 214,19.44,3,0,9.33
8948,US-2018-148355,12/24/2018,12/28/2018,Tarif normal,NC-18535,Nick Crebassa,Entreprise,États-Unis,New Bedford,Massachusetts,USCA - Est,OFF-BI-10000201,Fournitures de bureau,Classeurs,"Avery Triangle Shaped Sheet Lifters, Black, 2/Pack",12.3,5,0,6.15
8950,US-2018-150910,12/22/2018,12/28/2018,Tarif normal,JL-15130,Jack Lebron,Grand public,États-Unis,Jackson,Tennessee,USCA - Sud,FUR-TA-10002903,Mobilier,Tables,"Bevis Round Bullnose 29"" High Table Top",934.96,6,0.4,-249.32
8951,US-2018-150910,12/22/2018,12/28/2018,Tarif normal,JL-15130,Jack Lebron,Grand public,États-Unis,Jackson,Tennessee,USCA - Sud,TEC-AC-10001013,Produits technologiques,Accessoires,Logitech ClearChat Comfort/USB Headset H390,46.86,2,0.2,7.62
8952,US-2018-150910,12/22/2018,12/28/2018,Tarif normal,JL-15130,Jack Lebron,Grand public,États-Unis,Jackson,Tennessee,USCA - Sud,OFF-ST-10000918,Fournitures de bureau,Stockage,Crate-A-Files,26.16,3,0.2,1.96
8953,US-2018-150910,12/22/2018,12/28/2018,Tarif normal,JL-15130,Jack Lebron,Grand public,États-Unis,Jackson,Tennessee,USCA - Sud,OFF-AR-10001419,Fournitures de bureau,Art,Newell 325,23.13,7,0.2,2.89
8954,US-2018-150910,12/22/2018,12/28/2018,Tarif normal,JL-15130,Jack Lebron,Grand public,États-Unis,Jackson,Tennessee,USCA - Sud,OFF-AP-10003266,Fournitures de bureau,Électroménager,"Holmes Replacement Filter for HEPA Air Cleaner, Large Room",59.24,5,0.2,16.29
8957,US-2018-105620,12/25/2018,12/28/2018,Prioritaire,JH-15430,Jennifer Halladay,Grand public,États-Unis,Hialeah,Floride,USCA - Sud,FUR-FU-10004963,Mobilier,Meubles,"Eldon 400 Class Desk Accessories, Black Carbon",21,3,0.2,5.78
8958,US-2018-105620,12/25/2018,12/28/2018,Prioritaire,JH-15430,Jennifer Halladay,Grand public,États-Unis,Hialeah,Floride,USCA - Sud,TEC-MA-10004626,Produits technologiques,Machines,Lexmark 20R1285 X6650 Wireless All-in-One Printer,120,2,0.5,-7.2
8959,US-2018-150266,11/25/2018,11/27/2018,Tarif normal,RO-19780,Rose O'Brian,Grand public,États-Unis,Houston,Texas,USCA - Centre,TEC-PH-10003437,Produits technologiques,Téléphones,Blue Parrot B250XT Professional Grade Wireless Bluetooth Headset with,299.96,5,0.2,37.5
8960,US-2018-150266,11/25/2018,11/27/2018,Tarif normal,RO-19780,Rose O'Brian,Grand public,États-Unis,Houston,Texas,USCA - Centre,OFF-AP-10002867,Fournitures de bureau,Électroménager,Fellowes Command Center 5-outlet power strip,67.84,5,0.8,-179.78
8961,US-2018-150266,11/25/2018,11/27/2018,Tarif normal,RO-19780,Rose O'Brian,Grand public,États-Unis,Houston,Texas,USCA - Centre,FUR-CH-10002126,Mobilier,Chaises,Hon Deluxe Fabric Upholstered Stacking Chairs,853.93,5,0.3,-24.4
8962,US-2018-150266,11/25/2018,11/27/2018,Tarif normal,RO-19780,Rose O'Brian,Grand public,États-Unis,Houston,Texas,USCA - Centre,OFF-AR-10001761,Fournitures de bureau,Art,Avery Hi-Liter Smear-Safe Highlighters,18.69,4,0.2,3.74
8966,US-2018-106691,11/6/2018,11/12/2018,Tarif normal,CC-12370,Christopher Conant,Grand public,États-Unis,Houston,Texas,USCA - Centre,OFF-BI-10000145,Fournitures de bureau,Classeurs,Zipper Ring Binder Pockets,1.25,2,0.8,-1.93
8970,US-2018-157469,12/2/2018,12/7/2018,Tarif normal,ES-14080,Erin Smith,Entreprise,États-Unis,Lakewood,Ohio,USCA - Est,OFF-AR-10001662,Fournitures de bureau,Art,Rogers Handheld Barrel Pencil Sharpener,19.73,9,0.2,1.73
8971,US-2018-157469,12/2/2018,12/7/2018,Tarif normal,ES-14080,Erin Smith,Entreprise,États-Unis,Lakewood,Ohio,USCA - Est,TEC-PH-10004531,Produits technologiques,Téléphones,AT&T CL2909,151.19,2,0.4,-25.2
8972,US-2018-122308,3/24/2018,3/28/2018,Tarif normal,MV-17485,Mark Van Huff,Grand public,États-Unis,New York City,New York,USCA - Est,FUR-CH-10000665,Mobilier,Chaises,"Global Airflow Leather Mesh Back Chair, Black",271.76,2,0.1,60.39
8974,US-2018-159226,4/25/2018,4/27/2018,J+2,RL-19615,Rob Lucas,Grand public,États-Unis,Los Angeles,Californie,USCA - Ouest,FUR-BO-10004709,Mobilier,Bibliothèques,"Bush Westfield Collection Bookcases, Medium Cherry Finish",344.98,7,0.2,28.41
8975,US-2018-156622,11/23/2018,11/26/2018,Prioritaire,JP-15460,Jennifer Patt,Entreprise,États-Unis,Dallas,Texas,USCA - Centre,OFF-PA-10000477,Fournitures de bureau,Papier,Xerox 22,36.29,7,0.2,12.7
8976,US-2018-156622,11/23/2018,11/26/2018,Prioritaire,JP-15460,Jennifer Patt,Entreprise,États-Unis,Dallas,Texas,USCA - Centre,OFF-PA-10002923,Fournitures de bureau,Papier,Xerox 1942,78.3,2,0.2,29.36
8977,US-2018-156622,11/23/2018,11/26/2018,Prioritaire,JP-15460,Jennifer Patt,Entreprise,États-Unis,Dallas,Texas,USCA - Centre,FUR-TA-10003008,Mobilier,Tables,"Lesro Round Back Collection Coffee Table, End Table",127.79,1,0.3,-31.03
8978,US-2018-156622,11/23/2018,11/26/2018,Prioritaire,JP-15460,Jennifer Patt,Entreprise,États-Unis,Dallas,Texas,USCA - Centre,OFF-BI-10003707,Fournitures de bureau,Classeurs,Aluminum Screw Posts,6.1,2,0.8,-9.16
8992,US-2018-139577,10/1/2018,10/6/2018,Tarif normal,TN-21040,Tanja Norvell,Bureau à domicile,États-Unis,San Francisco,Californie,USCA - Ouest,TEC-AC-10004708,Produits technologiques,Accessoires,Sony 32GB Class 10 Micro SDHC R40 Memory Card,104.75,5,0,22
8993,US-2018-159100,10/16/2018,10/21/2018,Tarif normal,VP-21760,Victoria Pisteka,Entreprise,États-Unis,Columbia,Tennessee,USCA - Sud,TEC-AC-10003499,Produits technologiques,Accessoires,Memorex Mini Travel Drive 8 GB USB 2.0 Flash Drive,18.53,2,0.2,4.4
8994,US-2018-159100,10/16/2018,10/21/2018,Tarif normal,VP-21760,Victoria Pisteka,Entreprise,États-Unis,Columbia,Tennessee,USCA - Sud,FUR-TA-10001950,Mobilier,Tables,Balt Solid Wood Round Tables,1875.26,7,0.4,-968.88
8997,US-2018-116491,11/11/2018,11/13/2018,Prioritaire,PG-18820,Patrick Gardner,Grand public,États-Unis,Dallas,Texas,USCA - Centre,TEC-PH-10004531,Produits technologiques,Téléphones,OtterBox Commuter Series Case - iPhone 5 & 5s,35.18,2,0.2,12.31
8998,US-2018-122763,3/20/2018,3/20/2018,Le même jour,HG-14845,Harry Greene,Grand public,États-Unis,Houston,Texas,USCA - Centre,OFF-PA-10000474,Fournitures de bureau,Papier,Easy-staple paper,56.7,2,0.2,19.14
8999,US-2018-122763,3/20/2018,3/20/2018,Le même jour,HG-14845,Harry Greene,Grand public,États-Unis,Houston,Texas,USCA - Centre,OFF-PA-10002377,Fournitures de bureau,Papier,Xerox 1916,274.06,7,0.2,102.77
9000,US-2018-137785,5/13/2018,5/17/2018,Tarif normal,MH-18115,Mick Hernandez,Bureau à domicile,États-Unis,Philadelphia,Pennsylvanie,USCA - Est,FUR-CH-10001482,Mobilier,Chaises,Office Star - Mesh Screen back chair with Vinyl seat,458.43,5,0.3,-124.43
9006,US-2018-107825,11/18/2018,11/18/2018,Le même jour,NB-18655,Nona Balk,Entreprise,États-Unis,Milwaukee,Wisconsin,USCA - Centre,OFF-ST-10001321,Fournitures de bureau,Stockage,"Decoflex Hanging Personal Folder File, Blue",92.52,6,0,24.98
9007,US-2018-107825,11/18/2018,11/18/2018,Le même jour,NB-18655,Nona Balk,Entreprise,États-Unis,Milwaukee,Wisconsin,USCA - Centre,OFF-ST-10000777,Fournitures de bureau,Stockage,"Companion Letter/Legal File, Black",37.76,1,0,10.57
9008,US-2018-107825,11/18/2018,11/18/2018,Le même jour,NB-18655,Nona Balk,Entreprise,États-Unis,Milwaukee,Wisconsin,USCA - Centre,OFF-LA-10003720,Fournitures de bureau,Étiquettes,Avery 487,7.38,2,0,3.47
9009,US-2018-107825,11/18/2018,11/18/2018,Le même jour,NB-18655,Nona Balk,Entreprise,États-Unis,Milwaukee,Wisconsin,USCA - Centre,FUR-FU-10000206,Mobilier,Meubles,"GE General Purpose, Extra Long Life, Showcase & Floodlight Incandescent Bulbs",5.82,2,0,2.74
9010,US-2018-106047,7/12/2018,7/18/2018,Tarif normal,CS-11860,Cari Schnelling,Grand public,États-Unis,Fairfield,Ohio,USCA - Est,OFF-PA-10000791,Fournitures de bureau,Papier,"Wirebound Message Books, Four 2 3/4 x 5 Forms per Page, 200 Sets per Book",3.82,1,0.2,1.19
9011,US-2018-127803,5/19/2018,5/23/2018,Tarif normal,ND-18460,Neil Ducich,Entreprise,États-Unis,Huntsville,Alabama,USCA - Sud,OFF-BI-10001787,Fournitures de bureau,Classeurs,Wilson Jones Four-Pocket Poly Binders,26.16,4,0,12.82
9014,US-2018-143084,3/18/2018,3/22/2018,Tarif normal,BP-11050,Barry Pond,Entreprise,États-Unis,Los Angeles,Californie,USCA - Ouest,OFF-AR-10002766,Fournitures de bureau,Art,Prang Drawing Pencil Set,13.9,5,0,3.75
9015,US-2018-143084,3/18/2018,3/22/2018,Tarif normal,BP-11050,Barry Pond,Entreprise,États-Unis,Los Angeles,Californie,USCA - Ouest,OFF-EN-10003072,Fournitures de bureau,Enveloppes,Peel & Seel Envelopes,19.4,5,0,9.31
9031,US-2018-128041,9/1/2018,9/1/2018,Le même jour,RW-19540,Rick Wilson,Entreprise,États-Unis,Seattle,Washington,USCA - Ouest,OFF-AP-10001005,Fournitures de bureau,Électroménager,Honeywell Quietcare HEPA Air Cleaner,314.6,4,0,103.82
9032,US-2018-128041,9/1/2018,9/1/2018,Le même jour,RW-19540,Rick Wilson,Entreprise,États-Unis,Seattle,Washington,USCA - Ouest,FUR-TA-10002607,Mobilier,Tables,KI Conference Tables,283.56,4,0,45.37
9033,US-2018-105823,6/22/2018,6/26/2018,Tarif normal,RB-19465,Rick Bensley,Bureau à domicile,États-Unis,Detroit,Michigan,USCA - Centre,FUR-CH-10000454,Mobilier,Chaises,"Hon Deluxe Fabric Upholstered Stacking Chairs, Rounded Back",487.96,2,0,146.39
9039,US-2018-157420,11/21/2018,11/21/2018,Le même jour,HZ-14950,Henia Zydlo,Grand public,États-Unis,Houston,Texas,USCA - Centre,TEC-PH-10003555,Produits technologiques,Téléphones,Motorola HK250 Universal Bluetooth Headset,55.18,3,0.2,-12.41
9045,US-2018-137463,12/16/2018,12/20/2018,J+2,KM-16225,Kalyca Meade,Entreprise,États-Unis,Sunnyvale,Californie,USCA - Ouest,OFF-BI-10003196,Fournitures de bureau,Classeurs,Accohide Poly Flexible Ring Binders,5.98,2,0.2,2.24
9046,US-2018-137463,12/16/2018,12/20/2018,J+2,KM-16225,Kalyca Meade,Entreprise,États-Unis,Sunnyvale,Californie,USCA - Ouest,TEC-AC-10000358,Produits technologiques,Accessoires,Imation Secure Drive + Hardware Encrypted USB flash drive - 16 GB,189.95,5,0,45.59
9047,US-2018-137463,12/16/2018,12/20/2018,J+2,KM-16225,Kalyca Meade,Entreprise,États-Unis,Sunnyvale,Californie,USCA - Ouest,TEC-AC-10000057,Produits technologiques,Accessoires,Microsoft Natural Ergonomic Keyboard 4000,149.95,5,0,31.49
9048,US-2018-137463,12/16/2018,12/20/2018,J+2,KM-16225,Kalyca Meade,Entreprise,États-Unis,Sunnyvale,Californie,USCA - Ouest,OFF-AR-10001988,Fournitures de bureau,Art,Bulldog Table or Wall-Mount Pencil Sharpener,29.95,5,0,8.69
9049,US-2018-137463,12/16/2018,12/20/2018,J+2,KM-16225,Kalyca Meade,Entreprise,États-Unis,Sunnyvale,Californie,USCA - Ouest,OFF-LA-10003498,Fournitures de bureau,Étiquettes,Avery 475,44.4,3,0,22.2
9055,US-2018-117009,9/22/2018,9/28/2018,Tarif normal,BK-11260,Berenike Kampe,Grand public,États-Unis,Santa Ana,Californie,USCA - Ouest,OFF-SU-10001218,Fournitures de bureau,Fournitures,Fiskars Softgrip Scissors,21.96,2,0,6.15
9067,US-2018-152968,5/26/2018,5/28/2018,Tarif normal,BM-11785,Bryan Mills,Grand public,États-Unis,Harrisonburg,Virginie,USCA - Sud,TEC-AC-10000521,Produits technologiques,Accessoires,"Verbatim Slim CD and DVD Storage Cases, 50/Pack",23.08,2,0,6.92
9071,US-2018-147550,12/4/2018,12/5/2018,Prioritaire,KE-16420,Katrina Edelman,Entreprise,États-Unis,Philadelphia,Pennsylvanie,USCA - Est,FUR-FU-10001918,Mobilier,Meubles,C-Line Cubicle Keepers Polyproplyene Holder With Velcro Backings,11.35,3,0.2,2.7
9081,US-2018-166898,9/11/2018,9/13/2018,J+2,KH-16630,Ken Heidel,Entreprise,États-Unis,Santa Ana,Californie,USCA - Ouest,TEC-PH-10002564,Produits technologiques,Téléphones,OtterBox Defender Series Case - Samsung Galaxy S4,143.95,6,0.2,17.99
9082,US-2018-166898,9/11/2018,9/13/2018,J+2,KH-16630,Ken Heidel,Entreprise,États-Unis,Santa Ana,Californie,USCA - Ouest,OFF-PA-10002262,Fournitures de bureau,Papier,Xerox 192,19.44,3,0,9.33
9083,US-2018-169005,11/2/2018,11/6/2018,Tarif normal,BG-11035,Barry Gonzalez,Grand public,États-Unis,Springfield,Virginie,USCA - Sud,OFF-AR-10000246,Fournitures de bureau,Art,Newell 318,5.56,2,0,1.45
9091,US-2018-148831,10/13/2018,10/15/2018,Prioritaire,AH-10210,Alan Hwang,Grand public,États-Unis,Louisville,Kentucky,USCA - Sud,OFF-ST-10002974,Fournitures de bureau,Stockage,"Trav-L-File Heavy-Duty Shuttle II, Black",348.56,8,0,104.57
9099,US-2018-152933,10/12/2018,10/16/2018,Tarif normal,MG-17650,Matthew Grinstein,Bureau à domicile,États-Unis,Dallas,Texas,USCA - Centre,TEC-PH-10002085,Produits technologiques,Téléphones,Clarity 53712,369.54,7,0.2,27.72
9100,US-2018-152933,10/12/2018,10/16/2018,Tarif normal,MG-17650,Matthew Grinstein,Bureau à domicile,États-Unis,Dallas,Texas,USCA - Centre,OFF-PA-10001934,Fournitures de bureau,Papier,Xerox 1993,10.37,2,0.2,3.76
9101,US-2018-152933,10/12/2018,10/16/2018,Tarif normal,MG-17650,Matthew Grinstein,Bureau à domicile,États-Unis,Dallas,Texas,USCA - Centre,TEC-AC-10003033,Produits technologiques,Accessoires,Plantronics CS510 - Over-the-Head monaural Wireless Headset System,791.88,3,0.2,128.68
9116,US-2018-153045,1/19/2018,1/24/2018,J+2,NS-18505,Neola Schneider,Grand public,États-Unis,Philadelphia,Pennsylvanie,USCA - Est,TEC-PH-10001817,Produits technologiques,Téléphones,Wilson Electronics DB Pro Signal Booster,429.6,2,0.4,-93.08
9117,US-2018-153045,1/19/2018,1/24/2018,J+2,NS-18505,Neola Schneider,Grand public,États-Unis,Philadelphia,Pennsylvanie,USCA - Est,FUR-FU-10002759,Mobilier,Meubles,12-1/2 Diameter Round Wall Clock,31.97,2,0.2,6.39
9118,US-2018-153045,1/19/2018,1/24/2018,J+2,NS-18505,Neola Schneider,Grand public,États-Unis,Philadelphia,Pennsylvanie,USCA - Est,FUR-CH-10000309,Mobilier,Chaises,Global Comet Stacking Arm Chair,887.27,3,0.3,-63.38
9119,US-2018-153045,1/19/2018,1/24/2018,J+2,NS-18505,Neola Schneider,Grand public,États-Unis,Philadelphia,Pennsylvanie,USCA - Est,OFF-PA-10003673,Fournitures de bureau,Papier,Strathmore Photo Mount Cards,21.7,4,0.2,7.05
9122,US-2018-122007,3/18/2018,3/20/2018,J+2,JK-15325,Jason Klamczynski,Entreprise,États-Unis,Los Angeles,Californie,USCA - Ouest,OFF-AP-10000358,Fournitures de bureau,Électroménager,Fellowes Basic Home/Office Series Surge Protectors,90.86,7,0,26.35
9123,US-2018-162250,11/24/2018,11/24/2018,Le même jour,PR-18880,Patrick Ryan,Grand public,États-Unis,San Francisco,Californie,USCA - Ouest,OFF-PA-10002137,Fournitures de bureau,Papier,"Southworth 100% Résumé Paper, 24lb.",7.78,1,0,3.5
9128,US-2018-112473,5/25/2018,6/1/2018,Tarif normal,JL-15505,Jeremy Lonsdale,Grand public,États-Unis,Houston,Texas,USCA - Centre,OFF-ST-10002182,Fournitures de bureau,Stockage,"Iris 3-Drawer Stacking Bin, Black",50.14,3,0.2,-11.28
9129,US-2018-147655,9/4/2018,9/5/2018,Prioritaire,AS-10045,Aaron Smayling,Entreprise,États-Unis,Redmond,Oregon,USCA - Ouest,OFF-BI-10002931,Fournitures de bureau,Classeurs,"Avery Trapezoid Extra Heavy Duty 4"" Binders",88.07,7,0.7,-58.72
9132,US-2018-100055,5/28/2018,6/1/2018,Tarif normal,MD-17860,Michael Dominguez,Entreprise,États-Unis,Laurel,Maryland,USCA - Est,FUR-FU-10001473,Mobilier,Meubles,DAX Wood Document Frame,27.46,2,0,9.89
9133,US-2018-100055,5/28/2018,6/1/2018,Tarif normal,MD-17860,Michael Dominguez,Entreprise,États-Unis,Laurel,Maryland,USCA - Est,OFF-AP-10001469,Fournitures de bureau,Électroménager,Fellowes 8 Outlet Superior Workstation Surge Protector,125.13,3,0,36.29
9141,US-2018-123029,6/22/2018,6/24/2018,J+2,BT-11530,Bradley Talbott,Bureau à domicile,États-Unis,Los Angeles,Californie,USCA - Ouest,TEC-AC-10002402,Produits technologiques,Accessoires,Razer Kraken PRO Over Ear PC and Music Headset,159.98,2,0,47.99
9143,US-2018-166688,5/20/2018,5/26/2018,Tarif normal,RD-19480,Rick Duston,Grand public,États-Unis,Las Vegas,Nevada,USCA - Ouest,OFF-BI-10004040,Fournitures de bureau,Classeurs,Wilson Jones Impact Binders,8.29,2,0.2,3
9144,US-2018-166688,5/20/2018,5/26/2018,Tarif normal,RD-19480,Rick Duston,Grand public,États-Unis,Las Vegas,Nevada,USCA - Ouest,TEC-PH-10004094,Produits technologiques,Téléphones,Motorola L703CM,1123.13,9,0.2,70.2
9145,US-2018-166688,5/20/2018,5/26/2018,Tarif normal,RD-19480,Rick Duston,Grand public,États-Unis,Las Vegas,Nevada,USCA - Ouest,OFF-AP-10000358,Fournitures de bureau,Électroménager,Fellowes Basic Home/Office Series Surge Protectors,64.9,5,0,18.82
9175,US-2018-119424,6/12/2018,6/14/2018,J+2,SB-20185,Sarah Brown,Grand public,États-Unis,Kent,Washington,USCA - Ouest,TEC-PH-10002564,Produits technologiques,Téléphones,OtterBox Defender Series Case - Samsung Galaxy S4,71.98,3,0.2,9
9176,US-2018-119424,6/12/2018,6/14/2018,J+2,SB-20185,Sarah Brown,Grand public,États-Unis,Kent,Washington,USCA - Ouest,OFF-PA-10001639,Fournitures de bureau,Papier,Xerox 203,19.44,3,0,9.33
9180,US-2018-156776,8/7/2018,8/11/2018,Tarif normal,JL-15505,Jeremy Lonsdale,Grand public,États-Unis,Westminster,Californie,USCA - Ouest,TEC-PH-10002415,Produits technologiques,Téléphones,Polycom VoiceStation 500 Conference phone,707.88,3,0.2,44.24
9181,US-2018-156776,8/7/2018,8/11/2018,Tarif normal,JL-15505,Jeremy Lonsdale,Grand public,États-Unis,Westminster,Californie,USCA - Ouest,OFF-BI-10003355,Fournitures de bureau,Classeurs,Cardinal Holdit Business Card Pockets,11.95,3,0.2,4.18
9182,US-2018-156776,8/7/2018,8/11/2018,Tarif normal,JL-15505,Jeremy Lonsdale,Grand public,États-Unis,Westminster,Californie,USCA - Ouest,OFF-BI-10000216,Fournitures de bureau,Classeurs,"Mead 1st Gear 2"" Zipper Binder, Asst. Colors",31.13,3,0.2,11.67
9183,US-2018-156776,8/7/2018,8/11/2018,Tarif normal,JL-15505,Jeremy Lonsdale,Grand public,États-Unis,Westminster,Californie,USCA - Ouest,TEC-AC-10004803,Produits technologiques,Accessoires,Sony Micro Vault Click 4 GB USB 2.0 Flash Drive,55.76,4,0,7.81
9184,US-2018-156776,8/7/2018,8/11/2018,Tarif normal,JL-15505,Jeremy Lonsdale,Grand public,États-Unis,Westminster,Californie,USCA - Ouest,OFF-PA-10001970,Fournitures de bureau,Papier,Xerox 1881,24.56,2,0,11.54
9185,US-2018-156776,8/7/2018,8/11/2018,Tarif normal,JL-15505,Jeremy Lonsdale,Grand public,États-Unis,Westminster,Californie,USCA - Ouest,FUR-FU-10004848,Mobilier,Meubles,"Howard Miller 13-3/4"" Diameter Brushed Chrome Round Wall Clock",51.75,1,0,15.53
9186,US-2018-156776,8/7/2018,8/11/2018,Tarif normal,JL-15505,Jeremy Lonsdale,Grand public,États-Unis,Westminster,Californie,USCA - Ouest,FUR-CH-10002317,Mobilier,Chaises,Global Enterprise Series Seating Low-Back Swivel/Tilt Chairs,207.18,1,0.2,25.9
9187,US-2018-156776,8/7/2018,8/11/2018,Tarif normal,JL-15505,Jeremy Lonsdale,Grand public,États-Unis,Westminster,Californie,USCA - Ouest,OFF-AP-10002534,Fournitures de bureau,Électroménager,3.6 Cubic Foot Counter Height Office Refrigerator,1473.1,5,0,412.47
9208,US-2018-140781,8/3/2018,8/7/2018,Tarif normal,AB-10105,Adrian Barton,Grand public,États-Unis,Bloomington,Illinois,USCA - Centre,TEC-AC-10000682,Produits technologiques,Accessoires,Kensington K72356US Mouse-in-a-Box USB Desktop Mouse,39.82,3,0.2,7.47
9209,US-2018-141747,8/3/2018,8/8/2018,J+2,SC-20230,Scot Coram,Entreprise,États-Unis,Seattle,Washington,USCA - Ouest,OFF-ST-10003996,Fournitures de bureau,Stockage,"Letter/Legal File Tote with Clear Snap-On Lid, Black Granite",16.06,1,0,4.18
9210,US-2018-142776,12/11/2018,12/14/2018,J+2,RS-19870,Roy Skaria,Bureau à domicile,États-Unis,Burlington,Iowa,USCA - Centre,OFF-EN-10003160,Fournitures de bureau,Enveloppes,Pastel Pink Envelopes,7.28,1,0,3.49
9211,US-2018-142776,12/11/2018,12/14/2018,J+2,RS-19870,Roy Skaria,Bureau à domicile,États-Unis,Burlington,Iowa,USCA - Centre,OFF-BI-10002012,Fournitures de bureau,Classeurs,Wilson Jones Easy Flow II Sheet Lifters,5.4,3,0,2.59
9215,US-2018-120908,6/22/2018,6/24/2018,Prioritaire,BF-10975,Barbara Fisher,Entreprise,États-Unis,Philadelphia,Pennsylvanie,USCA - Est,OFF-LA-10004677,Fournitures de bureau,Étiquettes,Self-Adhesive Address Labels for Typewriters with Dispenser Box,20.66,7,0.2,6.97
9217,US-2018-103765,11/24/2018,11/26/2018,Tarif normal,JG-15310,Jason Gross,Entreprise,États-Unis,Odessa,Texas,USCA - Centre,OFF-AP-10002311,Fournitures de bureau,Électroménager,"Holmes Replacement Filter for HEPA Air Cleaner, Very Large Room, HEPA Filter",13.76,1,0.8,-24.77
9218,US-2018-118157,11/14/2018,11/17/2018,Prioritaire,AW-10930,Arthur Wiediger,Bureau à domicile,États-Unis,Minneapolis,Minnesota,USCA - Centre,OFF-EN-10004459,Fournitures de bureau,Enveloppes,Security-Tint Envelopes,15.28,2,0,7.49
9221,US-2018-103212,10/13/2018,10/14/2018,Prioritaire,MH-18025,Michelle Huthwaite,Grand public,États-Unis,Lafayette,Louisiane,USCA - Sud,OFF-LA-10000248,Fournitures de bureau,Étiquettes,Avery 52,11.07,3,0,5.2
9222,US-2018-103212,10/13/2018,10/14/2018,Prioritaire,MH-18025,Michelle Huthwaite,Grand public,États-Unis,Lafayette,Louisiane,USCA - Sud,FUR-TA-10003473,Mobilier,Tables,Bretford Rectangular Conference Table Tops,1504.52,4,0,346.04
9223,US-2018-103212,10/13/2018,10/14/2018,Prioritaire,MH-18025,Michelle Huthwaite,Grand public,États-Unis,Lafayette,Louisiane,USCA - Sud,OFF-PA-10004355,Fournitures de bureau,Papier,Xerox 231,25.92,4,0,12.44
9224,US-2018-121160,11/4/2018,11/4/2018,Le même jour,FM-14290,Frank Merwin,Bureau à domicile,États-Unis,Bryan,Texas,USCA - Centre,OFF-BI-10001308,Fournitures de bureau,Classeurs,GBC Standard Plastic Binding Systems' Combs,7.54,6,0.8,-13.19
9225,US-2018-121160,11/4/2018,11/4/2018,Le même jour,FM-14290,Frank Merwin,Bureau à domicile,États-Unis,Bryan,Texas,USCA - Centre,OFF-BI-10003094,Fournitures de bureau,Classeurs,Self-Adhesive Ring Binder Labels,1.41,2,0.8,-2.32
9226,US-2018-121160,11/4/2018,11/4/2018,Le même jour,FM-14290,Frank Merwin,Bureau à domicile,États-Unis,Bryan,Texas,USCA - Centre,OFF-BI-10004040,Fournitures de bureau,Classeurs,Wilson Jones Impact Binders,4.14,4,0.8,-6.42
9227,US-2018-121160,11/4/2018,11/4/2018,Le même jour,FM-14290,Frank Merwin,Bureau à domicile,États-Unis,Bryan,Texas,USCA - Centre,OFF-ST-10002485,Fournitures de bureau,Stockage,Rogers Deluxe File Chest,52.75,3,0.2,-12.53
9228,US-2018-140515,3/19/2018,3/24/2018,Tarif normal,GZ-14545,George Zrebassa,Entreprise,États-Unis,Los Angeles,Californie,USCA - Ouest,OFF-AP-10001205,Fournitures de bureau,Électroménager,Belkin 5 Outlet SurgeMaster Power Centers,381.36,7,0,106.78
9230,US-2018-133718,7/23/2018,7/26/2018,Prioritaire,TB-21520,Tracy Blumstein,Grand public,États-Unis,Los Angeles,Californie,USCA - Ouest,OFF-BI-10003429,Fournitures de bureau,Classeurs,"Cardinal HOLDit! Binder Insert Strips,Extra Strips",15.19,3,0.2,5.51
9231,US-2018-133718,7/23/2018,7/26/2018,Prioritaire,TB-21520,Tracy Blumstein,Grand public,États-Unis,Los Angeles,Californie,USCA - Ouest,OFF-PA-10002689,Fournitures de bureau,Papier,Weyerhaeuser First Choice Laser/Copy Paper (20Lb. and 88 Bright),58.32,9,0,27.99
9239,US-2018-138156,2/11/2018,2/14/2018,Prioritaire,MM-17260,Magdelene Morse,Grand public,États-Unis,Columbus,Ohio,USCA - Est,FUR-FU-10003601,Mobilier,Meubles,"Deflect-o RollaMat Studded, Beveled Mat for Medium Pile Carpeting",147.57,2,0.2,-3.69
9240,US-2018-110310,10/27/2018,11/2/2018,Tarif normal,NB-18655,Nona Balk,Entreprise,États-Unis,Tallahassee,Floride,USCA - Sud,OFF-PA-10001685,Fournitures de bureau,Papier,Easy-staple paper,56.78,7,0.2,20.58
9241,US-2018-110310,10/27/2018,11/2/2018,Tarif normal,NB-18655,Nona Balk,Entreprise,États-Unis,Tallahassee,Floride,USCA - Sud,OFF-BI-10001097,Fournitures de bureau,Classeurs,Avery Hole Reinforcements,5.61,3,0.7,-3.92
9242,US-2018-110310,10/27/2018,11/2/2018,Tarif normal,NB-18655,Nona Balk,Entreprise,États-Unis,Tallahassee,Floride,USCA - Sud,OFF-AR-10001662,Fournitures de bureau,Art,Rogers Handheld Barrel Pencil Sharpener,6.58,3,0.2,0.58
9247,US-2018-130106,5/22/2018,5/26/2018,Tarif normal,VF-21715,Vicky Freymann,Bureau à domicile,États-Unis,San Francisco,Californie,USCA - Ouest,OFF-AR-10003651,Fournitures de bureau,Art,Newell 350,9.84,3,0,2.85
9248,US-2018-130106,5/22/2018,5/26/2018,Tarif normal,VF-21715,Vicky Freymann,Bureau à domicile,États-Unis,San Francisco,Californie,USCA - Ouest,OFF-AR-10003732,Fournitures de bureau,Art,Newell 333,2.78,1,0,0.72
9252,US-2018-155712,3/2/2018,3/8/2018,Tarif normal,KD-16615,Ken Dana,Entreprise,États-Unis,Los Angeles,Californie,USCA - Ouest,OFF-BI-10004224,Fournitures de bureau,Classeurs,Catalog Binders with Expanding Posts,107.65,2,0.2,33.64
9253,US-2018-102309,9/23/2018,9/25/2018,J+2,DO-13645,Doug O'Connell,Grand public,États-Unis,Pine Bluff,Arkansas,USCA - Sud,TEC-AC-10001114,Produits technologiques,Accessoires,Microsoft Wireless Mobile Mouse 4000,199.95,5,0,63.98
9254,US-2018-102309,9/23/2018,9/25/2018,J+2,DO-13645,Doug O'Connell,Grand public,États-Unis,Pine Bluff,Arkansas,USCA - Sud,OFF-PA-10002005,Fournitures de bureau,Papier,Xerox 225,12.96,2,0,6.22
9261,US-2018-167976,11/11/2018,11/14/2018,J+2,JL-15505,Jeremy Lonsdale,Grand public,États-Unis,Aberdeen,Dakota du Sud,USCA - Centre,OFF-SU-10004661,Fournitures de bureau,Fournitures,Acme Titanium Bonded Scissors,25.5,3,0,6.63
9262,US-2018-111388,9/2/2018,9/2/2018,Le même jour,SU-20665,Stephanie Ulpright,Bureau à domicile,États-Unis,Seattle,Washington,USCA - Ouest,FUR-CH-10003061,Mobilier,Chaises,"Global Leather Task Chair, Black",215.98,3,0.2,-2.7
9265,US-2018-128118,11/24/2018,12/1/2018,Tarif normal,MY-17380,Maribeth Yedwab,Entreprise,États-Unis,Memphis,Tennessee,USCA - Sud,OFF-BI-10000216,Fournitures de bureau,Classeurs,"Mead 1st Gear 2"" Zipper Binder, Asst. Colors",11.67,3,0.7,-7.78
9266,US-2018-128118,11/24/2018,12/1/2018,Tarif normal,MY-17380,Maribeth Yedwab,Entreprise,États-Unis,Memphis,Tennessee,USCA - Sud,OFF-EN-10003448,Fournitures de bureau,Enveloppes,"Peel & Seel Recycled Catalog Envelopes, Brown",64.85,7,0.2,24.32
9270,US-2018-102183,8/21/2018,8/28/2018,Tarif normal,PK-19075,Pete Kriz,Grand public,États-Unis,New York City,New York,USCA - Est,OFF-BI-10003476,Fournitures de bureau,Classeurs,Avery Metallic Poly Binders,32.09,7,0.2,11.23
9271,US-2018-102183,8/21/2018,8/28/2018,Tarif normal,PK-19075,Pete Kriz,Grand public,États-Unis,New York City,New York,USCA - Est,OFF-BI-10001359,Fournitures de bureau,Classeurs,GBC DocuBind TL300 Electric Binding System,4305.55,6,0.2,1453.12
9274,US-2018-146983,9/2/2018,9/6/2018,Tarif normal,AH-10210,Alan Hwang,Grand public,États-Unis,Henderson,Kentucky,USCA - Sud,OFF-BI-10003650,Fournitures de bureau,Classeurs,GBC DocuBind 300 Electric Binding Machine,1577.94,3,0,757.41
9278,US-2018-122539,12/1/2018,12/5/2018,Tarif normal,SC-20305,Sean Christensen,Grand public,États-Unis,Philadelphia,Pennsylvanie,USCA - Est,OFF-LA-10004853,Fournitures de bureau,Étiquettes,Avery 483,15.94,4,0.2,5.18
9279,US-2018-122539,12/1/2018,12/5/2018,Tarif normal,SC-20305,Sean Christensen,Grand public,États-Unis,Philadelphia,Pennsylvanie,USCA - Est,OFF-BI-10001759,Fournitures de bureau,Classeurs,"Acco Pressboard Covers with Storage Hooks, 14 7/8"" x 11"", Dark Blue",8,7,0.7,-5.6
9280,US-2018-122539,12/1/2018,12/5/2018,Tarif normal,SC-20305,Sean Christensen,Grand public,États-Unis,Philadelphia,Pennsylvanie,USCA - Est,FUR-CH-10003379,Mobilier,Chaises,Global Commerce Series High-Back Swivel/Tilt Chairs,398.97,2,0.3,-28.5
9282,US-2018-152898,9/11/2018,9/15/2018,Tarif normal,CB-12025,Cassandra Brandow,Grand public,États-Unis,Richmond,Virginie,USCA - Sud,OFF-AP-10000027,Fournitures de bureau,Électroménager,Hoover Commercial SteamVac,67.9,5,0,20.37
9284,US-2018-102218,9/2/2018,9/4/2018,J+2,LW-17215,Luke Weiss,Grand public,États-Unis,Fort Collins,Colorado,USCA - Ouest,OFF-LA-10002475,Fournitures de bureau,Étiquettes,Avery 519,11.7,2,0.2,3.95
9287,US-2018-154011,6/19/2018,6/26/2018,Tarif normal,DB-13270,Deborah Brumfield,Bureau à domicile,États-Unis,Dallas,Texas,USCA - Centre,OFF-BI-10003166,Fournitures de bureau,Classeurs,GBC Plasticlear Binding Covers,6.89,3,0.8,-11.02
9288,US-2018-154011,6/19/2018,6/26/2018,Tarif normal,DB-13270,Deborah Brumfield,Bureau à domicile,États-Unis,Dallas,Texas,USCA - Centre,FUR-TA-10000688,Mobilier,Tables,"Chromcraft Bull-Nose Wood Round Conference Table Top, Wood Base",457.49,3,0.3,-84.96
9289,US-2018-165456,8/22/2018,8/24/2018,Prioritaire,TB-21625,Trudy Brown,Grand public,États-Unis,Philadelphia,Pennsylvanie,USCA - Est,FUR-CH-10003981,Mobilier,Chaises,Global Commerce Series Low-Back Swivel/Tilt Chairs,1079.32,6,0.3,-15.42
9293,US-2018-124114,3/2/2018,3/2/2018,Le même jour,RS-19765,Roland Schwarz,Entreprise,États-Unis,Waco,Texas,USCA - Centre,OFF-BI-10004022,Fournitures de bureau,Classeurs,Acco Suede Grain Vinyl Round Ring Binder,0.56,1,0.8,-0.95
9294,US-2018-116505,11/17/2018,11/21/2018,J+2,TB-21625,Trudy Brown,Grand public,États-Unis,Hagerstown,Maryland,USCA - Est,OFF-BI-10000050,Fournitures de bureau,Classeurs,"Angle-D Binders with Locking Rings, Label Holders",43.8,6,0,20.59
9295,US-2018-161340,5/28/2018,6/1/2018,Tarif normal,AM-10360,Alice McCarthy,Entreprise,États-Unis,Cleveland,Ohio,USCA - Est,OFF-PA-10002464,Fournitures de bureau,Papier,HP Office Recycled Paper (20Lb. and 87 Bright),13.87,3,0.2,5.03
9296,US-2018-161340,5/28/2018,6/1/2018,Tarif normal,AM-10360,Alice McCarthy,Entreprise,États-Unis,Cleveland,Ohio,USCA - Est,FUR-BO-10004709,Mobilier,Bibliothèques,"Bush Westfield Collection Bookcases, Medium Cherry Finish",115.96,4,0.5,-64.94
9312,US-2018-148642,3/6/2018,3/12/2018,Tarif normal,DW-13540,Don Weiss,Grand public,États-Unis,Dallas,Texas,USCA - Centre,OFF-LA-10000134,Fournitures de bureau,Étiquettes,Avery 511,4.93,2,0.2,1.72
9313,US-2018-148642,3/6/2018,3/12/2018,Tarif normal,DW-13540,Don Weiss,Grand public,États-Unis,Dallas,Texas,USCA - Centre,OFF-AR-10000588,Fournitures de bureau,Art,Newell 345,63.49,4,0.2,4.76
9318,US-2018-124940,2/21/2018,2/26/2018,Tarif normal,DK-13090,Dave Kipp,Grand public,États-Unis,Carrollton,Texas,USCA - Centre,TEC-AC-10002076,Produits technologiques,Accessoires,Microsoft Natural Keyboard Elite,47.9,1,0.2,-2.99
9319,US-2018-108343,7/20/2018,7/25/2018,Tarif normal,AR-10825,Anthony Rawles,Entreprise,États-Unis,New York City,New York,USCA - Est,OFF-PA-10000743,Fournitures de bureau,Papier,Xerox 1977,13.36,2,0,6.41
9320,US-2018-108343,7/20/2018,7/25/2018,Tarif normal,AR-10825,Anthony Rawles,Entreprise,États-Unis,New York City,New York,USCA - Est,FUR-CH-10002780,Mobilier,Chaises,Office Star - Task Chair with Contemporary Loop Arms,163.76,2,0.1,25.47
9321,US-2018-108343,7/20/2018,7/25/2018,Tarif normal,AR-10825,Anthony Rawles,Entreprise,États-Unis,New York City,New York,USCA - Est,FUR-FU-10000747,Mobilier,Meubles,Tenex B1-RE Series Chair Mats for Low Pile Carpets,183.92,4,0,31.27
9324,US-2018-121853,9/23/2018,9/29/2018,Tarif normal,DB-13660,Duane Benoit,Grand public,États-Unis,Los Angeles,Californie,USCA - Ouest,OFF-PA-10003641,Fournitures de bureau,Papier,Xerox 1909,211.04,8,0,97.08
9325,US-2018-121853,9/23/2018,9/29/2018,Tarif normal,DB-13660,Duane Benoit,Grand public,États-Unis,Los Angeles,Californie,USCA - Ouest,FUR-CH-10003973,Mobilier,Chaises,GuestStacker Chair with Chrome Finish Legs,594.82,2,0.2,59.48
9326,US-2018-121853,9/23/2018,9/29/2018,Tarif normal,DB-13660,Duane Benoit,Grand public,États-Unis,Los Angeles,Californie,USCA - Ouest,OFF-BI-10000977,Fournitures de bureau,Classeurs,Ibico Plastic Spiral Binding Combs,72.96,3,0.2,23.71
9327,US-2018-130687,9/7/2018,9/10/2018,Prioritaire,PF-19225,Phillip Flathmann,Grand public,États-Unis,Edmonds,Washington,USCA - Ouest,FUR-FU-10004053,Mobilier,Meubles,DAX Two-Tone Silver Metal Document Frame,80.96,4,0,34.81
9328,US-2018-130687,9/7/2018,9/10/2018,Prioritaire,PF-19225,Phillip Flathmann,Grand public,États-Unis,Edmonds,Washington,USCA - Ouest,TEC-PH-10002033,Produits technologiques,Téléphones,Konftel 250 Conference phone - Charcoal black,455.71,2,0.2,34.18
9329,US-2018-130687,9/7/2018,9/10/2018,Prioritaire,PF-19225,Phillip Flathmann,Grand public,États-Unis,Edmonds,Washington,USCA - Ouest,OFF-AR-10004260,Fournitures de bureau,Art,Boston 1799 Powerhouse Electric Pencil Sharpener,25.98,1,0,7.27
9333,US-2018-127726,9/11/2018,9/13/2018,J+2,SS-20410,Shahid Shariari,Grand public,États-Unis,Georgetown,Kentucky,USCA - Sud,OFF-AP-10002578,Fournitures de bureau,Électroménager,"Fellowes Premier Superior Surge Suppressor, 10-Outlet, With Phone and Remote",195.68,4,0,50.88
9334,US-2018-127726,9/11/2018,9/13/2018,J+2,SS-20410,Shahid Shariari,Grand public,États-Unis,Georgetown,Kentucky,USCA - Sud,OFF-FA-10000992,Fournitures de bureau,Éléments de fixation,"Acco Clips to Go Binder Clips, 24 Clips in Two Sizes",14.2,4,0,6.67
9335,US-2018-110198,5/1/2018,5/2/2018,Prioritaire,AG-10900,Arthur Gainer,Grand public,États-Unis,Coral Springs,Floride,USCA - Sud,FUR-BO-10001798,Mobilier,Bibliothèques,Bush Somerset Collection Bookcase,314.35,3,0.2,-15.72
9336,US-2018-110198,5/1/2018,5/2/2018,Prioritaire,AG-10900,Arthur Gainer,Grand public,États-Unis,Coral Springs,Floride,USCA - Sud,OFF-LA-10004409,Fournitures de bureau,Étiquettes,Avery 492,4.61,2,0.2,1.5
9337,US-2018-130715,9/16/2018,9/20/2018,Tarif normal,CY-12745,Craig Yedwab,Entreprise,États-Unis,San Francisco,Californie,USCA - Ouest,OFF-FA-10000621,Fournitures de bureau,Éléments de fixation,"OIC Colored Binder Clips, Assorted Sizes",17.9,5,0,8.77
9344,US-2018-109085,2/17/2018,2/20/2018,Prioritaire,CK-12325,Christine Kargatis,Bureau à domicile,États-Unis,Troy,Ohio,USCA - Est,FUR-TA-10001086,Mobilier,Tables,"SAFCO PlanMaster Boards, 60w x 37-1/2d, White Melamine",455.97,5,0.4,-106.39
9345,US-2018-109085,2/17/2018,2/20/2018,Prioritaire,CK-12325,Christine Kargatis,Bureau à domicile,États-Unis,Troy,Ohio,USCA - Est,OFF-BI-10001525,Fournitures de bureau,Classeurs,"Acco Pressboard Covers with Storage Hooks, 14 7/8"" x 11"", Executive Red",5.72,5,0.7,-4.76
9346,US-2018-109085,2/17/2018,2/20/2018,Prioritaire,CK-12325,Christine Kargatis,Bureau à domicile,États-Unis,Troy,Ohio,USCA - Est,TEC-PH-10000526,Produits technologiques,Téléphones,Vtech CS6719,57.59,1,0.4,-11.52
9347,US-2018-109085,2/17/2018,2/20/2018,Prioritaire,CK-12325,Christine Kargatis,Bureau à domicile,États-Unis,Troy,Ohio,USCA - Est,FUR-FU-10004973,Mobilier,Meubles,Flat Face Poster Frame,30.14,2,0.2,8.29
9348,US-2018-109085,2/17/2018,2/20/2018,Prioritaire,CK-12325,Christine Kargatis,Bureau à domicile,États-Unis,Troy,Ohio,USCA - Est,FUR-CH-10003981,Mobilier,Chaises,Global Commerce Series Low-Back Swivel/Tilt Chairs,899.43,5,0.3,-12.85
9353,US-2018-148411,9/24/2018,9/26/2018,Prioritaire,RO-19780,Rose O'Brian,Grand public,États-Unis,Chicago,Illinois,USCA - Centre,FUR-CH-10003973,Mobilier,Chaises,GuestStacker Chair with Chrome Finish Legs,520.46,2,0.3,-14.87
9354,US-2018-148411,9/24/2018,9/26/2018,Prioritaire,RO-19780,Rose O'Brian,Grand public,États-Unis,Chicago,Illinois,USCA - Centre,OFF-PA-10002109,Fournitures de bureau,Papier,Wirebound Voice Message Log Book,11.42,3,0.2,3.71
9362,US-2018-111591,3/21/2018,3/25/2018,Tarif normal,PS-18970,Paul Stevenson,Bureau à domicile,États-Unis,Seattle,Washington,USCA - Ouest,OFF-BI-10004410,Fournitures de bureau,Classeurs,"C-Line Peel & Stick Add-On Filing Pockets, 8-3/4 x 5-1/8, 10/Pack",30.58,6,0.2,10.32
9363,US-2018-111591,3/21/2018,3/25/2018,Tarif normal,PS-18970,Paul Stevenson,Bureau à domicile,États-Unis,Seattle,Washington,USCA - Ouest,OFF-FA-10004838,Fournitures de bureau,Éléments de fixation,"Super Bands, 12/Pack",13.02,7,0,0.39
9364,US-2018-111591,3/21/2018,3/25/2018,Tarif normal,PS-18970,Paul Stevenson,Bureau à domicile,États-Unis,Seattle,Washington,USCA - Ouest,FUR-FU-10002364,Mobilier,Meubles,"Eldon Expressions Wood Desk Accessories, Oak",22.14,3,0,6.42
9365,US-2018-111591,3/21/2018,3/25/2018,Tarif normal,PS-18970,Paul Stevenson,Bureau à domicile,États-Unis,Seattle,Washington,USCA - Ouest,OFF-ST-10001809,Fournitures de bureau,Stockage,Fellowes Officeware Wire Shelving,359.32,4,0,7.19
9370,US-2018-113460,11/7/2018,11/9/2018,J+2,KN-16390,Katherine Nockton,Entreprise,États-Unis,Clinton,Maryland,USCA - Est,FUR-CH-10000422,Mobilier,Chaises,Global Highback Leather Tilter in Burgundy,272.97,3,0,43.68
9374,US-2018-102820,5/7/2018,5/11/2018,Tarif normal,CS-11950,Carlos Soltero,Grand public,États-Unis,Pasadena,Californie,USCA - Ouest,TEC-PH-10003437,Produits technologiques,Téléphones,Blue Parrot B250XT Professional Grade Wireless Bluetooth Headset with,419.94,7,0.2,52.49
9377,US-2018-108756,12/25/2018,12/29/2018,Tarif normal,PO-18865,Patrick O'Donnell,Grand public,États-Unis,East Orange,New Jersey,USCA - Est,TEC-AC-10003237,Produits technologiques,Accessoires,Memorex Micro Travel Drive 4 GB,31.8,3,0,13.67
9378,US-2018-155362,12/17/2018,12/21/2018,Tarif normal,DP-13105,Dave Poirier,Entreprise,États-Unis,Eau Claire,Wisconsin,USCA - Centre,OFF-ST-10001031,Fournitures de bureau,Stockage,Adjustable Personal File Tote,32.56,2,0,8.47
9385,US-2018-100433,8/11/2018,8/16/2018,Tarif normal,SJ-20125,Sanjit Jacobs,Bureau à domicile,États-Unis,New York City,New York,USCA - Est,OFF-PA-10003441,Fournitures de bureau,Papier,Xerox 226,25.92,4,0,12.44
9386,US-2018-163097,8/27/2018,8/29/2018,Tarif normal,SF-20200,Sarah Foster,Grand public,États-Unis,Mesa,Arizona,USCA - Ouest,FUR-FU-10004973,Mobilier,Meubles,Flat Face Poster Frame,120.58,8,0.2,33.16
9387,US-2018-127292,1/19/2018,1/23/2018,Tarif normal,RM-19375,Raymond Messe,Grand public,États-Unis,Burlington,Vermont,USCA - Est,OFF-PA-10000157,Fournitures de bureau,Papier,Xerox 191,79.92,4,0,37.56
9388,US-2018-127292,1/19/2018,1/23/2018,Tarif normal,RM-19375,Raymond Messe,Grand public,États-Unis,Burlington,Vermont,USCA - Est,OFF-PA-10001970,Fournitures de bureau,Papier,Xerox 1881,12.28,1,0,5.77
9389,US-2018-127292,1/19/2018,1/23/2018,Tarif normal,RM-19375,Raymond Messe,Grand public,États-Unis,Burlington,Vermont,USCA - Est,OFF-AP-10000828,Fournitures de bureau,Électroménager,Avanti 4.4 Cu. Ft. Refrigerator,542.94,3,0,152.02
9390,US-2018-127292,1/19/2018,1/23/2018,Tarif normal,RM-19375,Raymond Messe,Grand public,États-Unis,Burlington,Vermont,USCA - Est,OFF-EN-10001509,Fournitures de bureau,Enveloppes,Poly String Tie Envelopes,2.04,1,0,0.96
9392,US-2018-162474,3/13/2018,3/16/2018,Prioritaire,FH-14275,Frank Hawley,Entreprise,États-Unis,Aurora,Illinois,USCA - Centre,TEC-PH-10004700,Produits technologiques,Téléphones,PowerGen Dual USB Car Charger,7.99,1,0.2,2.6
9405,US-2018-141663,4/13/2018,4/17/2018,Tarif normal,DP-13105,Dave Poirier,Entreprise,États-Unis,Philadelphia,Pennsylvanie,USCA - Est,OFF-FA-10004076,Fournitures de bureau,Éléments de fixation,Translucent Push Pins by OIC,7.92,5,0.2,1.68
9408,US-2018-162789,9/22/2018,9/24/2018,J+2,LC-17140,Logan Currie,Grand public,États-Unis,New York City,New York,USCA - Est,TEC-AC-10002842,Produits technologiques,Accessoires,WD My Passport Ultra 2TB Portable External Hard Drive,1071,9,0,171.36
9409,US-2018-162789,9/22/2018,9/24/2018,J+2,LC-17140,Logan Currie,Grand public,États-Unis,New York City,New York,USCA - Est,FUR-FU-10004864,Mobilier,Meubles,Eldon 500 Class Desk Accessories,12.07,1,0,3.98
9410,US-2018-110149,12/10/2018,12/13/2018,Prioritaire,WB-21850,William Brown,Grand public,États-Unis,Philadelphia,Pennsylvanie,USCA - Est,OFF-BI-10000014,Fournitures de bureau,Classeurs,Heavy-Duty E-Z-D Binders,3.27,1,0.7,-2.51
9411,US-2018-110149,12/10/2018,12/13/2018,Prioritaire,WB-21850,William Brown,Grand public,États-Unis,Philadelphia,Pennsylvanie,USCA - Est,FUR-FU-10001475,Mobilier,Meubles,"Contract Clock, 14"", Brown",87.92,5,0.2,15.39
9420,US-2018-152926,10/2/2018,10/4/2018,J+2,SC-20695,Steve Chapman,Entreprise,États-Unis,Houston,Texas,USCA - Centre,OFF-AP-10004708,Fournitures de bureau,Électroménager,Fellowes Superior 10 Outlet Split Surge Protector,15.22,2,0.8,-38.82
9421,US-2018-152926,10/2/2018,10/4/2018,J+2,SC-20695,Steve Chapman,Entreprise,États-Unis,Houston,Texas,USCA - Centre,OFF-AP-10001947,Fournitures de bureau,Électroménager,Acco 6 Outlet Guardian Premium Plus Surge Suppressor,21.98,6,0.8,-56.06
9438,US-2018-107853,5/26/2018,5/28/2018,Tarif normal,CD-11920,Carlos Daly,Grand public,États-Unis,Oceanside,Californie,USCA - Ouest,OFF-PA-10000520,Fournitures de bureau,Papier,Xerox 201,12.96,2,0,6.22
9439,US-2018-126144,4/22/2018,4/24/2018,Tarif normal,GM-14680,Greg Matthias,Grand public,États-Unis,Philadelphia,Pennsylvanie,USCA - Est,TEC-PH-10001079,Produits technologiques,Téléphones,Polycom SoundPoint Pro SE-225 Corded phone,285.58,4,0.4,-57.12
9443,US-2018-165904,4/7/2018,4/11/2018,Tarif normal,HR-14770,Hallie Redmond,Bureau à domicile,États-Unis,Jacksonville,Floride,USCA - Sud,OFF-AR-10003156,Fournitures de bureau,Art,50 Colored Long Pencils,16.26,2,0.2,1.22
9444,US-2018-165904,4/7/2018,4/11/2018,Tarif normal,HR-14770,Hallie Redmond,Bureau à domicile,États-Unis,Jacksonville,Floride,USCA - Sud,TEC-PH-10000576,Produits technologiques,Téléphones,AT&T 1080 Corded phone,219.18,2,0.2,19.18
9448,US-2018-136882,5/27/2018,6/3/2018,Tarif normal,DN-13690,Duane Noonan,Grand public,États-Unis,Tulsa,Oklahoma,USCA - Centre,FUR-FU-10003664,Mobilier,Meubles,"Electrix Architect's Clamp-On Swing Arm Lamp, Black",477.3,5,0,138.42
9451,US-2018-145506,6/3/2018,6/7/2018,Tarif normal,MO-17800,Meg O'Connel,Bureau à domicile,États-Unis,Spokane,Washington,USCA - Ouest,OFF-ST-10004963,Fournitures de bureau,Stockage,Eldon Gobal File Keepers,136.26,9,0,5.45
9457,US-2018-151855,5/27/2018,6/3/2018,Tarif normal,BW-11110,Bart Watters,Entreprise,États-Unis,Greensboro,Caroline du Nord,USCA - Sud,TEC-AC-10002380,Produits technologiques,Accessoires,Sony 8GB Class 10 Micro SDHC R40 Memory Card,27.19,3,0.2,0.34
9458,US-2018-151855,5/27/2018,6/3/2018,Tarif normal,BW-11110,Bart Watters,Entreprise,États-Unis,Greensboro,Caroline du Nord,USCA - Sud,OFF-BI-10004209,Fournitures de bureau,Classeurs,"Fellowes Twister Kit, Gray/Clear, 3/pkg",12.06,5,0.7,-10.05
9463,US-2018-109610,11/25/2018,11/27/2018,J+2,BS-11590,Brendan Sweed,Entreprise,États-Unis,Louisville,Kentucky,USCA - Sud,FUR-CH-10001854,Mobilier,Chaises,Office Star - Professional Matrix Back Chair with 2-to-1 Synchro Tilt and Mesh Fabric Seat,701.96,2,0,168.47
9467,US-2018-102925,11/5/2018,11/10/2018,J+2,CD-12280,Christina DeMoss,Grand public,États-Unis,New York City,New York,USCA - Est,OFF-BI-10002735,Fournitures de bureau,Classeurs,GBC Prestige Therm-A-Bind Covers,164.69,6,0.2,55.58
9468,US-2018-102925,11/5/2018,11/10/2018,J+2,CD-12280,Christina DeMoss,Grand public,États-Unis,New York City,New York,USCA - Est,FUR-TA-10003469,Mobilier,Tables,Balt Split Level Computer Training Table,166.5,2,0.4,-66.6
9469,US-2018-102925,11/5/2018,11/10/2018,J+2,CD-12280,Christina DeMoss,Grand public,États-Unis,New York City,New York,USCA - Est,OFF-PA-10001870,Fournitures de bureau,Papier,Xerox 202,12.96,2,0,6.22
9470,US-2018-102925,11/5/2018,11/10/2018,J+2,CD-12280,Christina DeMoss,Grand public,États-Unis,New York City,New York,USCA - Est,OFF-PA-10004071,Fournitures de bureau,Papier,"Eaton Premium Continuous-Feed Paper, 25% Cotton, Letter Size, White, 1000 Shts/Box",110.96,2,0,53.26
9471,US-2018-102925,11/5/2018,11/10/2018,J+2,CD-12280,Christina DeMoss,Grand public,États-Unis,New York City,New York,USCA - Est,TEC-PH-10001448,Produits technologiques,Téléphones,Anker Astro 15000mAh USB Portable Charger,99.98,2,0,4
9472,US-2018-102925,11/5/2018,11/10/2018,J+2,CD-12280,Christina DeMoss,Grand public,États-Unis,New York City,New York,USCA - Est,OFF-BI-10002706,Fournitures de bureau,Classeurs,Avery Premier Heavy-Duty Binder with Round Locking Rings,11.42,1,0.2,3.71
9473,US-2018-102925,11/5/2018,11/10/2018,J+2,CD-12280,Christina DeMoss,Grand public,États-Unis,New York City,New York,USCA - Est,FUR-CH-10004875,Mobilier,Chaises,Harbour Creations 67200 Series Stacking Chairs,128.12,2,0.1,24.2
9474,US-2018-102925,11/5/2018,11/10/2018,J+2,CD-12280,Christina DeMoss,Grand public,États-Unis,New York City,New York,USCA - Est,FUR-FU-10004245,Mobilier,Meubles,"Career Cubicle Clock, 8 1/4"", Black",101.4,5,0,38.53
9482,US-2018-150504,11/6/2018,11/12/2018,Tarif normal,HG-14845,Harry Greene,Grand public,États-Unis,Dallas,Texas,USCA - Centre,OFF-ST-10000615,Fournitures de bureau,Stockage,"SimpliFile Personal File, Black Granite, 15w x 6-15/16d x 11-1/4h",18.16,2,0.2,1.82
9487,US-2018-130505,10/12/2018,10/12/2018,Le même jour,NF-18385,Natalie Fritzler,Grand public,États-Unis,Wheeling,Virginie occidentale,USCA - Est,FUR-TA-10001932,Mobilier,Tables,"Chromcraft 48"" x 96"" Racetrack Double Pedestal Table",673.34,3,0.3,-76.95
9488,US-2018-125213,12/11/2018,12/13/2018,Prioritaire,NB-18655,Nona Balk,Entreprise,États-Unis,Paterson,New Jersey,USCA - Est,OFF-FA-10001561,Fournitures de bureau,Éléments de fixation,Stockwell Push Pins,6.54,3,0,2.16
9491,US-2018-111738,1/3/2018,1/7/2018,Tarif normal,CM-12385,Christopher Martinez,Grand public,États-Unis,San Francisco,Californie,USCA - Ouest,OFF-BI-10004584,Fournitures de bureau,Classeurs,GBC ProClick 150 Presentation Binding System,2022.27,8,0.2,682.52
9492,US-2018-111738,1/3/2018,1/7/2018,Tarif normal,CM-12385,Christopher Martinez,Grand public,États-Unis,San Francisco,Californie,USCA - Ouest,OFF-AR-10000817,Fournitures de bureau,Art,Manco Dry-Lighter Erasable Highlighter,9.12,3,0,3.1
9493,US-2018-163188,11/7/2018,11/7/2018,Le même jour,EC-14050,Erin Creighton,Grand public,États-Unis,Oklahoma City,Oklahoma,USCA - Centre,OFF-BI-10000756,Fournitures de bureau,Classeurs,Storex DuraTech Recycled Plastic Frosted Binders,38.16,9,0,19.08
9498,US-2018-118213,11/5/2018,11/7/2018,Prioritaire,AB-10060,Adam Bellavance,Bureau à domicile,États-Unis,Greenwood,Indiana,USCA - Centre,OFF-PA-10002615,Fournitures de bureau,Papier,"Ampad Gold Fibre Wirebound Steno Books, 6"" x 9"", Gregg Ruled",4.41,1,0,2.03
9499,US-2018-118213,11/5/2018,11/7/2018,Prioritaire,AB-10060,Adam Bellavance,Bureau à domicile,États-Unis,Greenwood,Indiana,USCA - Centre,OFF-PA-10000565,Fournitures de bureau,Papier,Easy-staple paper,167.94,3,0,82.29
9500,US-2018-118213,11/5/2018,11/7/2018,Prioritaire,AB-10060,Adam Bellavance,Bureau à domicile,États-Unis,Greenwood,Indiana,USCA - Centre,OFF-PA-10003673,Fournitures de bureau,Papier,Strathmore Photo Mount Cards,67.8,10,0,31.19
9513,US-2018-142461,2/19/2018,2/21/2018,J+2,KT-16480,Kean Thornton,Grand public,États-Unis,Dallas,Texas,USCA - Centre,FUR-BO-10001811,Mobilier,Bibliothèques,"Atlantic Metals Mobile 5-Shelf Bookcases, Custom Colors",204.67,1,0.3,-6.02
9520,US-2018-104451,5/8/2018,5/12/2018,J+2,MM-18055,Michelle Moray,Grand public,États-Unis,San Francisco,Californie,USCA - Ouest,OFF-AP-10000692,Fournitures de bureau,Électroménager,Fellowes Mighty 8 Compact Surge Protector,81.08,4,0,22.7
9525,US-2018-156958,12/5/2018,12/6/2018,Prioritaire,PB-18805,Patrick Bzostek,Bureau à domicile,États-Unis,Seattle,Washington,USCA - Ouest,OFF-BI-10001524,Fournitures de bureau,Classeurs,GBC Premium Transparent Covers with Diagonal Lined Pattern,83.92,5,0.2,29.37
9526,US-2018-156958,12/5/2018,12/6/2018,Prioritaire,PB-18805,Patrick Bzostek,Bureau à domicile,États-Unis,Seattle,Washington,USCA - Ouest,FUR-FU-10003268,Mobilier,Meubles,Eldon Radial Chair Mat for Low to Medium Pile Carpets,199.9,5,0,39.98
9527,US-2018-156958,12/5/2018,12/6/2018,Prioritaire,PB-18805,Patrick Bzostek,Bureau à domicile,États-Unis,Seattle,Washington,USCA - Ouest,TEC-PH-10000148,Produits technologiques,Téléphones,Cyber Acoustics AC-202b Speech Recognition Stereo Headset,31.18,3,0.2,-7.01
9528,US-2018-156958,12/5/2018,12/6/2018,Prioritaire,PB-18805,Patrick Bzostek,Bureau à domicile,États-Unis,Seattle,Washington,USCA - Ouest,OFF-BI-10001543,Fournitures de bureau,Classeurs,GBC VeloBinder Manual Binding System,172.75,6,0.2,60.46
9529,US-2018-156958,12/5/2018,12/6/2018,Prioritaire,PB-18805,Patrick Bzostek,Bureau à domicile,États-Unis,Seattle,Washington,USCA - Ouest,OFF-BI-10002071,Fournitures de bureau,Classeurs,Fellowes Black Plastic Comb Bindings,9.3,2,0.2,3.02
9530,US-2018-101637,3/24/2018,3/25/2018,Le même jour,AC-10615,Ann Chong,Entreprise,États-Unis,Beaumont,Texas,USCA - Centre,OFF-ST-10002352,Fournitures de bureau,Stockage,Iris Project Case,12.77,2,0.2,0.96
9531,US-2018-111759,7/8/2018,7/12/2018,Tarif normal,MR-17545,Mathew Reese,Bureau à domicile,États-Unis,Seattle,Washington,USCA - Ouest,OFF-PA-10003127,Fournitures de bureau,Papier,Easy-staple paper,52.76,2,0,24.27
9532,US-2018-102729,10/26/2018,10/28/2018,Tarif normal,BF-11215,Benjamin Farhat,Bureau à domicile,États-Unis,Dallas,Texas,USCA - Centre,OFF-ST-10000464,Fournitures de bureau,Stockage,"Multi-Use Personal File Cart and Caster Set, Three Stacking Bins",55.62,2,0.2,5.56
9537,US-2018-124191,6/12/2018,6/14/2018,J+2,TS-21610,Troy Staebel,Grand public,États-Unis,Chicago,Illinois,USCA - Centre,FUR-FU-10002364,Mobilier,Meubles,"Eldon Expressions Wood Desk Accessories, Oak",8.86,3,0.6,-6.86
9539,US-2018-169488,9/7/2018,9/9/2018,Prioritaire,AA-10375,Allen Armold,Grand public,États-Unis,Providence,Rhode Island,USCA - Est,OFF-PA-10002659,Fournitures de bureau,Papier,Avoid Verbal Orders Carbonless Minifold Book,16.9,5,0,7.77
9540,US-2018-169488,9/7/2018,9/9/2018,Prioritaire,AA-10375,Allen Armold,Grand public,États-Unis,Providence,Rhode Island,USCA - Est,OFF-PA-10000157,Fournitures de bureau,Papier,Xerox 191,39.96,2,0,18.78
9569,US-2018-104388,7/5/2018,7/7/2018,Prioritaire,DK-12835,Damala Kotsonis,Entreprise,États-Unis,Fremont,Nebraska,USCA - Centre,TEC-PH-10002293,Produits technologiques,Téléphones,Anker 36W 4-Port USB Wall Charger Travel Power Adapter for iPhone 5s 5c 5,79.96,4,0,22.39
9579,US-2018-152975,9/14/2018,9/16/2018,Prioritaire,RB-19705,Roger Barcio,Bureau à domicile,États-Unis,New York City,New York,USCA - Est,TEC-PH-10004586,Produits technologiques,Téléphones,Wilson SignalBoost 841262 DB PRO Amplifier Kit,1079.85,3,0,323.96
9580,US-2018-152975,9/14/2018,9/16/2018,Prioritaire,RB-19705,Roger Barcio,Bureau à domicile,États-Unis,New York City,New York,USCA - Est,OFF-ST-10001370,Fournitures de bureau,Stockage,Sensible Storage WireTech Storage Systems,70.98,1,0,3.55
9581,US-2018-152975,9/14/2018,9/16/2018,Prioritaire,RB-19705,Roger Barcio,Bureau à domicile,États-Unis,New York City,New York,USCA - Est,OFF-AR-10001988,Fournitures de bureau,Art,Bulldog Table or Wall-Mount Pencil Sharpener,29.95,5,0,8.69
9582,US-2018-152975,9/14/2018,9/16/2018,Prioritaire,RB-19705,Roger Barcio,Bureau à domicile,États-Unis,New York City,New York,USCA - Est,FUR-CH-10003298,Mobilier,Chaises,"Office Star - Contemporary Task Swivel chair with Loop Arms, Charcoal",589.41,5,0.1,-6.55
9584,US-2018-116127,6/25/2018,6/27/2018,J+2,SB-20185,Sarah Brown,Grand public,États-Unis,New York City,New York,USCA - Est,FUR-BO-10002213,Mobilier,Bibliothèques,DMI Eclipse Executive Suite Bookcases,400.78,1,0.2,-5.01
9585,US-2018-132584,8/26/2018,8/27/2018,Prioritaire,HJ-14875,Heather Jas,Bureau à domicile,États-Unis,Detroit,Michigan,USCA - Centre,OFF-ST-10000344,Fournitures de bureau,Stockage,"Neat Ideas Personal Hanging Folder Files, Black",53.72,4,0,13.97
9588,US-2018-129203,4/17/2018,4/22/2018,Tarif normal,BM-11575,Brendan Murry,Entreprise,États-Unis,Chicago,Illinois,USCA - Centre,OFF-ST-10001418,Fournitures de bureau,Stockage,Carina Media Storage Towers in Natural & Black,195.14,4,0.2,-43.91
9589,US-2018-110940,7/23/2018,7/28/2018,Tarif normal,AZ-10750,Annie Zypern,Grand public,États-Unis,Wheeling,Illinois,USCA - Centre,OFF-AR-10000380,Fournitures de bureau,Art,"Hunt PowerHouse Electric Pencil Sharpener, Blue",121.54,4,0.2,15.19
9594,US-2018-108931,9/14/2018,9/19/2018,Tarif normal,HZ-14950,Henia Zydlo,Grand public,États-Unis,New York City,New York,USCA - Est,OFF-PA-10002741,Fournitures de bureau,Papier,Xerox 1980,8.56,2,0,3.85
9595,US-2018-108931,9/14/2018,9/19/2018,Tarif normal,HZ-14950,Henia Zydlo,Grand public,États-Unis,New York City,New York,USCA - Est,OFF-PA-10003845,Fournitures de bureau,Papier,Xerox 1987,11.56,2,0,5.66
9596,US-2018-104619,1/24/2018,1/29/2018,Tarif normal,KD-16495,Keith Dawkins,Entreprise,États-Unis,San Jose,Californie,USCA - Ouest,OFF-AP-10001492,Fournitures de bureau,Électroménager,"Acco Six-Outlet Power Strip, 4' Cord Length",25.86,3,0,6.72
9597,US-2018-104619,1/24/2018,1/29/2018,Tarif normal,KD-16495,Keith Dawkins,Entreprise,États-Unis,San Jose,Californie,USCA - Ouest,OFF-BI-10004318,Fournitures de bureau,Classeurs,Ibico EB-19 Dual Function Manual Binding System,276.78,2,0.2,89.95
9598,US-2018-104619,1/24/2018,1/29/2018,Tarif normal,KD-16495,Keith Dawkins,Entreprise,États-Unis,San Jose,Californie,USCA - Ouest,TEC-PH-10000193,Produits technologiques,Téléphones,Jensen SMPS-640 - speaker phone,110.35,3,0.2,8.28
9601,US-2018-107797,5/8/2018,5/11/2018,J+2,EB-13705,Ed Braxton,Entreprise,États-Unis,Mansfield,Texas,USCA - Centre,OFF-PA-10003848,Fournitures de bureau,Papier,Xerox 1997,41.47,8,0.2,14.52
9606,US-2018-122672,11/4/2018,11/9/2018,Tarif normal,HG-14965,Henry Goldwyn,Entreprise,États-Unis,Lancaster,Ohio,USCA - Est,TEC-AC-10002323,Produits technologiques,Accessoires,SanDisk Ultra 32 GB MicroSDHC Class 10 Memory Card,70.72,4,0.2,-6.19
9607,US-2018-122672,11/4/2018,11/9/2018,Tarif normal,HG-14965,Henry Goldwyn,Entreprise,États-Unis,Lancaster,Ohio,USCA - Est,OFF-ST-10002344,Fournitures de bureau,Stockage,"Carina 42""Hx23 3/4""W Media Storage Unit",194.35,3,0.2,-43.73
9608,US-2018-117128,12/5/2018,12/8/2018,J+2,BF-11080,Bart Folk,Grand public,États-Unis,New York City,New York,USCA - Est,OFF-PA-10000007,Fournitures de bureau,Papier,"Telephone Message Books with Fax/Mobile Section, 4 1/4"" x 6""",21.6,6,0,9.94
9609,US-2018-117128,12/5/2018,12/8/2018,J+2,BF-11080,Bart Folk,Grand public,États-Unis,New York City,New York,USCA - Est,OFF-LA-10000248,Fournitures de bureau,Étiquettes,Avery 52,11.07,3,0,5.2
9612,US-2018-144365,10/24/2018,10/26/2018,Tarif normal,CS-11950,Carlos Soltero,Grand public,États-Unis,Jackson,Mississippi,USCA - Sud,OFF-FA-10000735,Fournitures de bureau,Éléments de fixation,Staples,11.68,4,0,5.26
9618,US-2018-160633,11/16/2018,11/21/2018,Tarif normal,BS-11380,Bill Stewart,Entreprise,États-Unis,Bowling Green,Ohio,USCA - Est,TEC-CO-10002095,Produits technologiques,Photocopieurs,Hewlett Packard 610 Color Digital Copier / Printer,899.98,3,0.4,75
9619,US-2018-160633,11/16/2018,11/21/2018,Tarif normal,BS-11380,Bill Stewart,Entreprise,États-Unis,Bowling Green,Ohio,USCA - Est,OFF-AR-10004022,Fournitures de bureau,Art,Panasonic KP-380BK Classic Electric Pencil Sharpener,86.35,3,0.2,5.4
9620,US-2018-160633,11/16/2018,11/21/2018,Tarif normal,BS-11380,Bill Stewart,Entreprise,États-Unis,Bowling Green,Ohio,USCA - Est,TEC-AC-10002335,Produits technologiques,Accessoires,Logitech Media Keyboard K200,139.96,5,0.2,-1.75
9624,US-2018-137449,6/29/2018,7/1/2018,Prioritaire,ME-17725,Max Engle,Grand public,États-Unis,Dallas,Texas,USCA - Centre,OFF-AP-10000240,Fournitures de bureau,Électroménager,Belkin F9G930V10-GRY 9 Outlet Surge,21.39,2,0.8,-54.55
9625,US-2018-137449,6/29/2018,7/1/2018,Prioritaire,ME-17725,Max Engle,Grand public,États-Unis,Dallas,Texas,USCA - Centre,FUR-TA-10002855,Mobilier,Tables,Bevis Round Conference Table Top & Single Column Base,307.31,3,0.3,-39.51
9626,US-2018-137449,6/29/2018,7/1/2018,Prioritaire,ME-17725,Max Engle,Grand public,États-Unis,Dallas,Texas,USCA - Centre,FUR-BO-10000780,Mobilier,Bibliothèques,O'Sullivan Plantations 2-Door Library in Landvery Oak,410,3,0.3,-96.47
9627,US-2018-103520,9/23/2018,9/25/2018,Prioritaire,MH-17785,Maya Herman,Entreprise,États-Unis,Lubbock,Texas,USCA - Centre,OFF-PA-10001846,Fournitures de bureau,Papier,Xerox 1899,9.25,2,0.2,3.35
9633,US-2018-154809,2/13/2018,2/17/2018,Tarif normal,MH-17455,Mark Hamilton,Grand public,États-Unis,Minneapolis,Minnesota,USCA - Centre,OFF-AP-10004785,Fournitures de bureau,Électroménager,"Holmes Replacement Filter for HEPA Air Cleaner, Medium Room",90.64,8,0,38.98
9639,US-2018-125808,11/12/2018,11/15/2018,J+2,EP-13915,Emily Phan,Grand public,États-Unis,Los Angeles,Californie,USCA - Ouest,OFF-PA-10001846,Fournitures de bureau,Papier,Xerox 1899,11.56,2,0,5.66
9645,US-2018-107979,6/8/2018,6/13/2018,Tarif normal,FO-14305,Frank Olsen,Grand public,États-Unis,Glendale,Arizona,USCA - Ouest,TEC-AC-10002006,Produits technologiques,Accessoires,Memorex Micro Travel Drive 16 GB,89.54,7,0.2,12.31
9646,US-2018-107979,6/8/2018,6/13/2018,Tarif normal,FO-14305,Frank Olsen,Grand public,États-Unis,Glendale,Arizona,USCA - Ouest,OFF-ST-10002485,Fournitures de bureau,Stockage,Rogers Deluxe File Chest,35.17,2,0.2,-8.35
9647,US-2018-107979,6/8/2018,6/13/2018,Tarif normal,FO-14305,Frank Olsen,Grand public,États-Unis,Glendale,Arizona,USCA - Ouest,OFF-BI-10000778,Fournitures de bureau,Classeurs,GBC VeloBinder Electric Binding Machine,72.59,2,0.7,-48.39
9654,US-2018-161893,1/23/2018,1/27/2018,Tarif normal,HP-14815,Harold Pawlan,Bureau à domicile,États-Unis,Tucson,Arizona,USCA - Ouest,TEC-AC-10001874,Produits technologiques,Accessoires,Logitech Wireless Anywhere Mouse MX for PC and Mac,95.98,2,0.2,12
9655,US-2018-161893,1/23/2018,1/27/2018,Tarif normal,HP-14815,Harold Pawlan,Bureau à domicile,États-Unis,Tucson,Arizona,USCA - Ouest,OFF-BI-10004506,Fournitures de bureau,Classeurs,Wilson Jones data.warehouse D-Ring Binders with DublLock,4.94,2,0.7,-3.62
9664,US-2018-132619,5/23/2018,5/25/2018,Tarif normal,MS-17770,Maxwell Schwartz,Grand public,États-Unis,San Francisco,Californie,USCA - Ouest,OFF-ST-10001511,Fournitures de bureau,Stockage,Space Solutions Commercial Steel Shelving,193.95,3,0,9.7
9666,US-2018-157448,11/16/2018,11/20/2018,Tarif normal,LC-16885,Lena Creighton,Grand public,États-Unis,Los Angeles,Californie,USCA - Ouest,FUR-FU-10003268,Mobilier,Meubles,Eldon Radial Chair Mat for Low to Medium Pile Carpets,119.94,3,0,23.99
9667,US-2018-157448,11/16/2018,11/20/2018,Tarif normal,LC-16885,Lena Creighton,Grand public,États-Unis,Los Angeles,Californie,USCA - Ouest,FUR-FU-10001847,Mobilier,Meubles,Eldon Image Series Black Desk Accessories,12.42,3,0,4.47
9670,US-2018-145275,4/2/2018,4/6/2018,Tarif normal,AH-10465,Amy Hunt,Grand public,États-Unis,Decatur,Alabama,USCA - Sud,OFF-LA-10001569,Fournitures de bureau,Étiquettes,Avery 499,14.94,3,0,6.87
9672,US-2018-140312,11/13/2018,11/19/2018,Tarif normal,KL-16645,Ken Lonsdale,Grand public,États-Unis,Dublin,Californie,USCA - Ouest,TEC-PH-10003442,Produits technologiques,Téléphones,Samsung Replacement EH64AVFWE Premium Headset,22,5,0.2,1.38
9682,US-2018-122770,12/13/2018,12/18/2018,Tarif normal,EP-13915,Emily Phan,Grand public,États-Unis,San Francisco,Californie,USCA - Ouest,OFF-LA-10004559,Fournitures de bureau,Étiquettes,Avery 49,8.64,3,0,4.23
9683,US-2018-122770,12/13/2018,12/18/2018,Tarif normal,EP-13915,Emily Phan,Grand public,États-Unis,San Francisco,Californie,USCA - Ouest,OFF-PA-10003172,Fournitures de bureau,Papier,Xerox 1996,38.88,6,0,18.66
9684,US-2018-122770,12/13/2018,12/18/2018,Tarif normal,EP-13915,Emily Phan,Grand public,États-Unis,San Francisco,Californie,USCA - Ouest,FUR-FU-10001473,Mobilier,Meubles,"Eldon Executive Woodline II Desk Accessories, Mahogany",201.04,8,0,54.28
9685,US-2018-122770,12/13/2018,12/18/2018,Tarif normal,EP-13915,Emily Phan,Grand public,États-Unis,San Francisco,Californie,USCA - Ouest,OFF-PA-10000232,Fournitures de bureau,Papier,Xerox 1975,12.96,2,0,6.35
9686,US-2018-118668,1/2/2018,1/4/2018,J+2,FW-14395,Fred Wasserman,Entreprise,États-Unis,Los Angeles,Californie,USCA - Ouest,TEC-AC-10000682,Produits technologiques,Accessoires,Kensington K72356US Mouse-in-a-Box USB Desktop Mouse,16.59,1,0,5.81
9687,US-2018-116498,2/19/2018,2/21/2018,Tarif normal,KA-16525,Kelly Andreada,Grand public,États-Unis,San Diego,Californie,USCA - Ouest,OFF-AR-10003405,Fournitures de bureau,Art,"Dixon My First Ticonderoga Pencil, #2",35.1,6,0,10.18
9688,US-2018-130603,6/22/2018,6/24/2018,Tarif normal,SC-20050,Sample Company A,Bureau à domicile,États-Unis,Arlington,Texas,USCA - Centre,OFF-BI-10000301,Fournitures de bureau,Classeurs,GBC Instant Report Kit,11.65,9,0.8,-17.47
9689,US-2018-135986,6/20/2018,6/27/2018,Tarif normal,PG-18895,Paul Gonzalez,Grand public,États-Unis,Richmond,Virginie,USCA - Sud,OFF-PA-10001534,Fournitures de bureau,Papier,Xerox 230,32.4,5,0,15.55
9690,US-2018-135986,6/20/2018,6/27/2018,Tarif normal,PG-18895,Paul Gonzalez,Grand public,États-Unis,Richmond,Virginie,USCA - Sud,TEC-PH-10003691,Produits technologiques,Téléphones,BlackBerry Q10,503.96,4,0,125.99
9691,US-2018-140536,4/4/2018,4/5/2018,Prioritaire,TA-21385,Tom Ashbrook,Bureau à domicile,États-Unis,New York City,New York,USCA - Est,OFF-AR-10001545,Fournitures de bureau,Art,Newell 326,7.04,4,0,2.04
9694,US-2018-130148,9/24/2018,9/28/2018,J+2,NK-18490,Neil Knudson,Bureau à domicile,États-Unis,San Francisco,Californie,USCA - Ouest,OFF-PA-10000551,Fournitures de bureau,Papier,Array Memo Cubes,31.08,6,0,15.23
9695,US-2018-130148,9/24/2018,9/28/2018,J+2,NK-18490,Neil Knudson,Bureau à domicile,États-Unis,San Francisco,Californie,USCA - Ouest,OFF-SU-10001574,Fournitures de bureau,Fournitures,Acme Value Line Scissors,7.3,2,0,2.19
9699,US-2018-154116,12/15/2018,12/19/2018,Tarif normal,KM-16660,Khloe Miller,Grand public,États-Unis,Inglewood,Californie,USCA - Ouest,OFF-PA-10004569,Fournitures de bureau,Papier,"Wirebound Message Books, Two 4 1/4"" x 5"" Forms per Page",22.83,3,0,10.73
9700,US-2018-154116,12/15/2018,12/19/2018,Tarif normal,KM-16660,Khloe Miller,Grand public,États-Unis,Inglewood,Californie,USCA - Ouest,OFF-AP-10000027,Fournitures de bureau,Électroménager,Hoover Commercial SteamVac,54.32,4,0,16.3
9701,US-2018-154116,12/15/2018,12/19/2018,Tarif normal,KM-16660,Khloe Miller,Grand public,États-Unis,Inglewood,Californie,USCA - Ouest,TEC-PH-10000675,Produits technologiques,Téléphones,Panasonic KX TS3282B Corded phone,196.78,3,0.2,14.76
9703,US-2018-147032,4/22/2018,4/24/2018,Tarif normal,LB-16795,Laurel Beltran,Bureau à domicile,États-Unis,Wilmington,Delaware,USCA - Est,OFF-PA-10003256,Fournitures de bureau,Papier,Avery Personal Creations Heavyweight Cards,11.54,1,0,5.54
9704,US-2018-147032,4/22/2018,4/24/2018,Tarif normal,LB-16795,Laurel Beltran,Bureau à domicile,États-Unis,Wilmington,Delaware,USCA - Est,OFF-BI-10003656,Fournitures de bureau,Classeurs,Fellowes PB200 Plastic Comb Binding Machine,849.95,5,0,390.98
9705,US-2018-147032,4/22/2018,4/24/2018,Tarif normal,LB-16795,Laurel Beltran,Bureau à domicile,États-Unis,Wilmington,Delaware,USCA - Est,OFF-BI-10002897,Fournitures de bureau,Classeurs,"Black Avery Memo-Size 3-Ring Binder, 5 1/2"" x 8 1/2""",11.01,3,0,5.39
9706,US-2018-125990,10/19/2018,10/23/2018,Tarif normal,JS-16030,Joy Smith,Grand public,États-Unis,San Francisco,Californie,USCA - Ouest,OFF-BI-10004826,Fournitures de bureau,Classeurs,JM Magazine Binder,39.62,3,0.2,13.87
9720,US-2018-166835,11/12/2018,11/14/2018,J+2,DK-13375,Dennis Kane,Grand public,États-Unis,Lancaster,Pennsylvanie,USCA - Est,OFF-ST-10002574,Fournitures de bureau,Stockage,"SAFCO Commercial Wire Shelving, Black",221.02,2,0.2,-55.26
9726,US-2018-142293,9/17/2018,9/20/2018,Prioritaire,SC-20380,Shahid Collister,Grand public,États-Unis,Boise,Idaho,USCA - Ouest,TEC-AC-10001109,Produits technologiques,Accessoires,Logitech Trackman Marble Mouse,89.97,3,0,37.79
9727,US-2018-167395,12/2/2018,12/4/2018,Prioritaire,KM-16720,Kunst Miller,Grand public,États-Unis,Lowell,Massachusetts,USCA - Est,OFF-AP-10001293,Fournitures de bureau,Électroménager,Belkin 8 Outlet Surge Protector,286.86,7,0,80.32
9728,US-2018-167395,12/2/2018,12/4/2018,Prioritaire,KM-16720,Kunst Miller,Grand public,États-Unis,Lowell,Massachusetts,USCA - Est,TEC-PH-10004977,Produits technologiques,Téléphones,GE 30524EE4,979.95,5,0,284.19
9729,US-2018-167395,12/2/2018,12/4/2018,Prioritaire,KM-16720,Kunst Miller,Grand public,États-Unis,Lowell,Massachusetts,USCA - Est,OFF-SU-10001935,Fournitures de bureau,Fournitures,Staple remover,4.36,2,0,0.17
9732,US-2018-124261,11/14/2018,11/19/2018,Tarif normal,JE-15715,Joe Elijah,Grand public,États-Unis,Los Angeles,Californie,USCA - Ouest,OFF-AR-10003504,Fournitures de bureau,Art,Newell 347,34.24,8,0,9.93
9738,US-2018-129294,3/16/2018,3/21/2018,Tarif normal,KD-16615,Ken Dana,Entreprise,États-Unis,Los Angeles,Californie,USCA - Ouest,OFF-ST-10002615,Fournitures de bureau,Stockage,"Dual Level, Single-Width Filing Carts",310.12,2,0,80.63
9739,US-2018-129294,3/16/2018,3/21/2018,Tarif normal,KD-16615,Ken Dana,Entreprise,États-Unis,Los Angeles,Californie,USCA - Ouest,OFF-BI-10004236,Fournitures de bureau,Classeurs,"XtraLife ClearVue Slant-D Ring Binder, White, 3""",70.46,6,0.2,22.9
9740,US-2018-129294,3/16/2018,3/21/2018,Tarif normal,KD-16615,Ken Dana,Entreprise,États-Unis,Los Angeles,Californie,USCA - Ouest,OFF-BI-10001757,Fournitures de bureau,Classeurs,Pressboard Hanging Data Binders for Unburst Sheets,19.68,5,0.2,6.89
9741,US-2018-129294,3/16/2018,3/21/2018,Tarif normal,KD-16615,Ken Dana,Entreprise,États-Unis,Los Angeles,Californie,USCA - Ouest,OFF-AP-10001154,Fournitures de bureau,Électroménager,Bionaire Personal Warm Mist Humidifier/Vaporizer,140.67,3,0,54.86
9743,US-2018-131303,11/28/2018,12/2/2018,Tarif normal,EP-13915,Emily Phan,Grand public,États-Unis,San Diego,Californie,USCA - Ouest,OFF-LA-10001074,Fournitures de bureau,Étiquettes,Round Specialty Laser Printer Labels,62.65,5,0,29.45
9745,US-2018-141782,1/21/2018,1/25/2018,Tarif normal,BE-11410,Bobby Elias,Grand public,États-Unis,Aurora,Illinois,USCA - Centre,OFF-EN-10002230,Fournitures de bureau,Enveloppes,Airmail Envelopes,268.58,4,0.2,90.64
9746,US-2018-137505,11/24/2018,11/24/2018,Le même jour,BP-11290,Beth Paige,Grand public,États-Unis,Los Angeles,Californie,USCA - Ouest,FUR-TA-10000617,Mobilier,Tables,"Hon Practical Foundations 30 x 60 Training Table, Light Gray/Charcoal",364.08,2,0.2,9.1
9747,US-2018-137505,11/24/2018,11/24/2018,Le même jour,BP-11290,Beth Paige,Grand public,États-Unis,Los Angeles,Californie,USCA - Ouest,FUR-TA-10001676,Mobilier,Tables,Hon 61000 Series Interactive Training Tables,71.09,2,0.2,-1.78
9754,US-2018-113705,3/27/2018,3/29/2018,J+2,LC-16870,Lena Cacioppo,Grand public,États-Unis,Richmond,Virginie,USCA - Sud,OFF-LA-10000476,Fournitures de bureau,Étiquettes,"Avery 05222 Permanent Self-Adhesive File Folder Labels for Typewriters, on Rolls, White, 250/Roll",8.26,2,0,3.8
9755,US-2018-113705,3/27/2018,3/29/2018,J+2,LC-16870,Lena Cacioppo,Grand public,États-Unis,Richmond,Virginie,USCA - Sud,OFF-BI-10001679,Fournitures de bureau,Classeurs,GBC Instant Index System for Binding Systems,17.76,2,0,8.88
9756,US-2018-113705,3/27/2018,3/29/2018,J+2,LC-16870,Lena Cacioppo,Grand public,États-Unis,Richmond,Virginie,USCA - Sud,OFF-ST-10001128,Fournitures de bureau,Stockage,"Carina Mini System Audio Rack, Model AR050B",332.94,3,0,9.99
9757,US-2018-113705,3/27/2018,3/29/2018,J+2,LC-16870,Lena Cacioppo,Grand public,États-Unis,Richmond,Virginie,USCA - Sud,FUR-TA-10002533,Mobilier,Tables,BPI Conference Tables,292.1,2,0,58.42
9758,US-2018-113705,3/27/2018,3/29/2018,J+2,LC-16870,Lena Cacioppo,Grand public,États-Unis,Richmond,Virginie,USCA - Sud,TEC-PH-10004006,Produits technologiques,Téléphones,Panasonic KX - TS880B Telephone,206.1,5,0,55.65
9759,US-2018-113705,3/27/2018,3/29/2018,J+2,LC-16870,Lena Cacioppo,Grand public,États-Unis,Richmond,Virginie,USCA - Sud,OFF-PA-10002615,Fournitures de bureau,Papier,"Ampad Gold Fibre Wirebound Steno Books, 6"" x 9"", Gregg Ruled",17.64,4,0,8.11
9761,US-2018-159135,11/4/2018,11/8/2018,Tarif normal,KM-16375,Katherine Murray,Bureau à domicile,États-Unis,Springdale,Arkansas,USCA - Sud,OFF-AR-10000657,Fournitures de bureau,Art,"Binney & Smith inkTank Desk Highlighter, Chisel Tip, Yellow, 12/Box",4.3,2,0,1.42
9766,US-2018-101959,2/28/2018,3/6/2018,Tarif normal,DB-13660,Duane Benoit,Grand public,États-Unis,Middletown,Connecticut,USCA - Est,OFF-BI-10001757,Fournitures de bureau,Classeurs,Pressboard Hanging Data Binders for Unburst Sheets,9.84,2,0,4.72
9767,US-2018-101959,2/28/2018,3/6/2018,Tarif normal,DB-13660,Duane Benoit,Grand public,États-Unis,Middletown,Connecticut,USCA - Est,OFF-PA-10002137,Fournitures de bureau,Papier,"Southworth 100% Résumé Paper, 24lb.",7.78,1,0,3.5
9768,US-2018-102659,12/9/2018,12/15/2018,Tarif normal,LW-17215,Luke Weiss,Grand public,États-Unis,Grand Rapids,Michigan,USCA - Centre,OFF-BI-10000088,Fournitures de bureau,Classeurs,GBC Imprintable Covers,54.9,5,0,26.9
9769,US-2018-142328,12/7/2018,12/14/2018,Tarif normal,TC-21535,Tracy Collins,Bureau à domicile,États-Unis,San Francisco,Californie,USCA - Ouest,OFF-PA-10000380,Fournitures de bureau,Papier,"REDIFORM Incoming/Outgoing Call Register, 11"" X 8 1/2"", 100 Messages",50.04,6,0,25.02
9788,US-2018-144491,3/27/2018,4/1/2018,Tarif normal,CJ-12010,Caroline Jumper,Grand public,États-Unis,Houston,Texas,USCA - Centre,FUR-BO-10001811,Mobilier,Bibliothèques,"Atlantic Metals Mobile 5-Shelf Bookcases, Custom Colors",1023.33,5,0.3,-30.1
9789,US-2018-144491,3/27/2018,4/1/2018,Tarif normal,CJ-12010,Caroline Jumper,Grand public,États-Unis,Houston,Texas,USCA - Centre,FUR-CH-10004063,Mobilier,Chaises,Global Deluxe High-Back Manager's Chair,600.56,3,0.3,-8.58
9790,US-2018-144491,3/27/2018,4/1/2018,Tarif normal,CJ-12010,Caroline Jumper,Grand public,États-Unis,Houston,Texas,USCA - Centre,TEC-AC-10004901,Produits technologiques,Accessoires,Kensington SlimBlade Notebook Wireless Mouse with Nano Receiver,39.99,1,0.2,7
9791,US-2018-144491,3/27/2018,4/1/2018,Tarif normal,CJ-12010,Caroline Jumper,Grand public,États-Unis,Houston,Texas,USCA - Centre,FUR-CH-10001714,Mobilier,Chaises,"Global Leather & Oak Executive Chair, Burgundy",211.25,2,0.3,-66.39
9802,US-2018-137918,9/29/2018,10/6/2018,Tarif normal,JK-15730,Joe Kamberova,Grand public,États-Unis,Lodi,Californie,USCA - Ouest,OFF-SU-10000898,Fournitures de bureau,Fournitures,"Acme Hot Forged Carbon Steel Scissors with Nickel-Plated Handles, 3 7/8"" Cut, 8""L",97.3,7,0,28.22
9808,US-2018-107209,7/27/2018,8/1/2018,J+2,JW-15955,Joni Wasserman,Grand public,États-Unis,Raleigh,Caroline du Nord,USCA - Sud,FUR-CH-10001146,Mobilier,Chaises,"Global Value Mid-Back Manager's Chair, Gray",194.85,4,0.2,12.18
9809,US-2018-145093,7/21/2018,7/26/2018,Tarif normal,PT-19090,Pete Takahito,Grand public,États-Unis,Chicago,Illinois,USCA - Centre,OFF-BI-10001116,Fournitures de bureau,Classeurs,"Wilson Jones 1"" Hanging DublLock Ring Binders",2.11,2,0.8,-3.38
9828,US-2018-169999,6/19/2018,6/26/2018,Tarif normal,JS-15685,Jim Sink,Entreprise,États-Unis,New York City,New York,USCA - Est,OFF-ST-10001511,Fournitures de bureau,Stockage,Space Solutions Commercial Steel Shelving,129.3,2,0,6.46
9829,US-2018-169999,6/19/2018,6/26/2018,Tarif normal,JS-15685,Jim Sink,Entreprise,États-Unis,New York City,New York,USCA - Est,OFF-BI-10004728,Fournitures de bureau,Classeurs,Wilson Jones Turn Tabs Binder Tool for Ring Binders,11.57,3,0.2,3.76
9830,US-2018-152842,7/16/2018,7/23/2018,Tarif normal,NF-18385,Natalie Fritzler,Grand public,États-Unis,Charlotte,Caroline du Nord,USCA - Sud,FUR-CH-10004218,Mobilier,Chaises,"Global Fabric Manager's Chair, Dark Gray",242.35,3,0.2,15.15
9834,US-2018-130302,9/14/2018,9/19/2018,Tarif normal,CY-12745,Craig Yedwab,Entreprise,États-Unis,Springfield,Ohio,USCA - Est,TEC-AC-10002001,Produits technologiques,Accessoires,Logitech Wireless Gaming Headset G930,895.94,7,0.2,190.39
9847,US-2018-169327,9/2/2018,9/4/2018,J+2,MH-17290,Marc Harrigan,Bureau à domicile,États-Unis,Los Angeles,Californie,USCA - Ouest,OFF-AP-10001492,Fournitures de bureau,Électroménager,"Acco Six-Outlet Power Strip, 4' Cord Length",43.1,5,0,11.21
9848,US-2018-169327,9/2/2018,9/4/2018,J+2,MH-17290,Marc Harrigan,Bureau à domicile,États-Unis,Los Angeles,Californie,USCA - Ouest,FUR-FU-10004188,Mobilier,Meubles,Luxo Professional Combination Clamp-On Lamps,511.5,5,0,132.99
9849,US-2018-169327,9/2/2018,9/4/2018,J+2,MH-17290,Marc Harrigan,Bureau à domicile,États-Unis,Los Angeles,Californie,USCA - Ouest,OFF-BI-10004330,Fournitures de bureau,Classeurs,"GBC Velobind Prepunched Cover Sets, Regency Series",147.92,5,0.2,46.23
9855,US-2018-138870,6/19/2018,6/23/2018,Tarif normal,GA-14515,George Ashbrook,Grand public,États-Unis,San Francisco,Californie,USCA - Ouest,FUR-FU-10002396,Mobilier,Meubles,"DAX Copper Panel Document Frame, 5 x 7 Size",50.32,4,0,21.13
9856,US-2018-138870,6/19/2018,6/23/2018,Tarif normal,GA-14515,George Ashbrook,Grand public,États-Unis,San Francisco,Californie,USCA - Ouest,OFF-PA-10004438,Fournitures de bureau,Papier,Xerox 1907,24.56,2,0,11.54
9859,US-2018-113278,1/14/2018,1/20/2018,Tarif normal,HR-14770,Hallie Redmond,Bureau à domicile,États-Unis,Richmond,Indiana,USCA - Centre,OFF-ST-10001590,Fournitures de bureau,Stockage,"Tenex Personal Project File with Scoop Front Design, Black",67.4,5,0,17.52
9860,US-2018-113278,1/14/2018,1/20/2018,Tarif normal,HR-14770,Hallie Redmond,Bureau à domicile,États-Unis,Richmond,Indiana,USCA - Centre,OFF-FA-10003472,Fournitures de bureau,Éléments de fixation,Bagged Rubber Bands,2.52,2,0,0.1
9861,US-2018-113278,1/14/2018,1/20/2018,Tarif normal,HR-14770,Hallie Redmond,Bureau à domicile,États-Unis,Richmond,Indiana,USCA - Centre,TEC-PH-10000169,Produits technologiques,Téléphones,ARKON Windshield Dashboard Air Vent Car Mount Holder,67.8,4,0,1.36
9862,US-2018-113278,1/14/2018,1/20/2018,Tarif normal,HR-14770,Hallie Redmond,Bureau à domicile,États-Unis,Richmond,Indiana,USCA - Centre,OFF-ST-10002562,Fournitures de bureau,Stockage,Staple magnet,18.76,2,0,5.25
9863,US-2018-113278,1/14/2018,1/20/2018,Tarif normal,HR-14770,Hallie Redmond,Bureau à domicile,États-Unis,Richmond,Indiana,USCA - Centre,TEC-AC-10001445,Produits technologiques,Accessoires,Imation USB 2.0 Swivel Flash Drive USB flash drive - 4 GB - Pink,12.12,4,0,2.55
9864,US-2018-113278,1/14/2018,1/20/2018,Tarif normal,HR-14770,Hallie Redmond,Bureau à domicile,États-Unis,Richmond,Indiana,USCA - Centre,OFF-PA-10004156,Fournitures de bureau,Papier,Xerox 188,11.34,1,0,5.56
9865,US-2018-113278,1/14/2018,1/20/2018,Tarif normal,HR-14770,Hallie Redmond,Bureau à domicile,États-Unis,Richmond,Indiana,USCA - Centre,TEC-AC-10004469,Produits technologiques,Accessoires,Microsoft Sculpt Comfort Mouse,159.8,4,0,70.31
9866,US-2018-113278,1/14/2018,1/20/2018,Tarif normal,HR-14770,Hallie Redmond,Bureau à domicile,États-Unis,Richmond,Indiana,USCA - Centre,FUR-FU-10001037,Mobilier,Meubles,"DAX Charcoal/Nickel-Tone Document Frame, 5 x 7",18.96,2,0,8.53
9872,US-2018-146269,10/6/2018,10/6/2018,Le même jour,MH-17455,Mark Hamilton,Grand public,États-Unis,Chicago,Illinois,USCA - Centre,OFF-ST-10003208,Fournitures de bureau,Stockage,Adjustable Depth Letter/Legal Cart,290.34,2,0.2,32.66
9873,US-2018-146269,10/6/2018,10/6/2018,Le même jour,MH-17455,Mark Hamilton,Grand public,États-Unis,Chicago,Illinois,USCA - Centre,OFF-AR-10004790,Fournitures de bureau,Art,Staples in misc. colors,19.15,2,0.2,1.2
9877,US-2018-166324,4/20/2018,4/21/2018,Prioritaire,BE-11455,Brad Eason,Bureau à domicile,États-Unis,Cleveland,Ohio,USCA - Est,OFF-ST-10000078,Fournitures de bureau,Stockage,Tennsco 6- and 18-Compartment Lockers,848.54,4,0.2,-21.21
9878,US-2018-166324,4/20/2018,4/21/2018,Prioritaire,BE-11455,Brad Eason,Bureau à domicile,États-Unis,Cleveland,Ohio,USCA - Est,OFF-BI-10000174,Fournitures de bureau,Classeurs,"Wilson Jones Clip & Carry Folder Binder Tool for Ring Binders, Clear",8.7,5,0.7,-6.38
9879,US-2018-166324,4/20/2018,4/21/2018,Prioritaire,BE-11455,Brad Eason,Bureau à domicile,États-Unis,Cleveland,Ohio,USCA - Est,TEC-PH-10004080,Produits technologiques,Téléphones,Avaya 5410 Digital phone,122.38,3,0.4,-24.48
9888,US-2018-169607,10/12/2018,10/15/2018,Prioritaire,CA-12265,Christina Anderson,Grand public,États-Unis,New York City,New York,USCA - Est,OFF-PA-10000477,Fournitures de bureau,Papier,Xerox 1952,9.96,2,0,4.68
9890,US-2018-166499,3/19/2018,3/20/2018,Prioritaire,VG-21805,Vivek Grady,Entreprise,États-Unis,Lakewood,New Jersey,USCA - Est,OFF-AR-10002467,Fournitures de bureau,Art,Dixon Ticonderoga Pencils,8.94,3,0,2.41
9901,US-2018-117646,8/21/2018,8/25/2018,Tarif normal,SC-20845,Sung Chung,Grand public,États-Unis,Louisville,Colorado,USCA - Ouest,OFF-ST-10000036,Fournitures de bureau,Stockage,"Recycled Data-Pak for Archival Bound Computer Printouts, 12-1/2 x 12-1/2 x 16",237.1,3,0.2,20.75
9902,US-2018-117646,8/21/2018,8/25/2018,Tarif normal,SC-20845,Sung Chung,Grand public,États-Unis,Louisville,Colorado,USCA - Ouest,FUR-FU-10001037,Mobilier,Meubles,"DAX Charcoal/Nickel-Tone Document Frame, 5 x 7",22.75,3,0.2,7.11
9903,US-2018-117646,8/21/2018,8/25/2018,Tarif normal,SC-20845,Sung Chung,Grand public,États-Unis,Louisville,Colorado,USCA - Ouest,OFF-PA-10001950,Fournitures de bureau,Papier,Southworth 25% Cotton Antique Laid Paper & Envelopes,6.67,1,0.2,2.09
9915,US-2018-160927,1/29/2018,1/31/2018,J+2,TM-21010,Tamara Manning,Grand public,États-Unis,Marion,Iowa,USCA - Centre,OFF-PA-10003848,Fournitures de bureau,Papier,Xerox 1997,12.96,2,0,6.22
9916,US-2018-160927,1/29/2018,1/31/2018,J+2,TM-21010,Tamara Manning,Grand public,États-Unis,Marion,Iowa,USCA - Centre,OFF-PA-10000176,Fournitures de bureau,Papier,Xerox 1887,94.85,5,0,45.53
9917,US-2018-160927,1/29/2018,1/31/2018,J+2,TM-21010,Tamara Manning,Grand public,États-Unis,Marion,Iowa,USCA - Centre,OFF-ST-10001590,Fournitures de bureau,Stockage,"Tenex Personal Project File with Scoop Front Design, Black",13.48,1,0,3.5
9918,US-2018-160927,1/29/2018,1/31/2018,J+2,TM-21010,Tamara Manning,Grand public,États-Unis,Marion,Iowa,USCA - Centre,FUR-FU-10000010,Mobilier,Meubles,"DAX Value U-Channel Document Frames, Easel Back",14.91,3,0,4.62
9923,US-2018-162124,5/6/2018,5/10/2018,Tarif normal,JF-15490,Jeremy Farry,Grand public,États-Unis,Chicago,Illinois,USCA - Centre,TEC-AC-10001990,Produits technologiques,Accessoires,Kensington Orbit Wireless Mobile Trackball for PC and Mac,191.97,4,0.2,28.8
9937,US-2018-132955,6/24/2018,6/28/2018,Tarif normal,SC-20575,Sonia Cooley,Grand public,États-Unis,Cranston,Rhode Island,USCA - Est,OFF-BI-10002735,Fournitures de bureau,Classeurs,GBC Prestige Therm-A-Bind Covers,102.93,3,0,48.38
9942,US-2018-164028,11/24/2018,11/26/2018,Tarif normal,JL-15835,John Lee,Grand public,États-Unis,San Francisco,Californie,USCA - Ouest,TEC-AC-10001772,Produits technologiques,Accessoires,Memorex Mini Travel Drive 16 GB USB 2.0 Flash Drive,223.58,14,0,87.2
9948,US-2018-121559,6/1/2018,6/3/2018,J+2,HW-14935,Helen Wasserman,Entreprise,États-Unis,Indianapolis,Indiana,USCA - Centre,FUR-CH-10003746,Mobilier,Chaises,Hon 4070 Series Pagoda Round Back Stacking Chairs,1925.88,6,0,539.25
9949,US-2018-121559,6/1/2018,6/3/2018,J+2,HW-14935,Helen Wasserman,Entreprise,États-Unis,Indianapolis,Indiana,USCA - Centre,OFF-AP-10002945,Fournitures de bureau,Électroménager,Honeywell Enviracaire Portable HEPA Air Cleaner for 17' x 22' Room,2405.2,8,0,793.72
9950,US-2018-121559,6/1/2018,6/3/2018,J+2,HW-14935,Helen Wasserman,Entreprise,États-Unis,Indianapolis,Indiana,USCA - Centre,TEC-AC-10004568,Produits technologiques,Accessoires,Maxell LTO Ultrium - 800 GB,83.97,3,0,15.95
9951,US-2018-121559,6/1/2018,6/3/2018,J+2,HW-14935,Helen Wasserman,Entreprise,États-Unis,Indianapolis,Indiana,USCA - Centre,TEC-AC-10001714,Produits technologiques,Accessoires,Logitech MX Performance Wireless Mouse,39.89,1,0,14.76
9952,US-2018-121559,6/1/2018,6/3/2018,J+2,HW-14935,Helen Wasserman,Entreprise,États-Unis,Indianapolis,Indiana,USCA - Centre,OFF-BI-10002072,Fournitures de bureau,Classeurs,Cardinal Slant-D Ring Binders,17.38,2,0,8.69
9960,US-2018-137421,10/6/2018,10/11/2018,Tarif normal,AJ-10945,Ashley Jarboe,Grand public,États-Unis,Chandler,Arizona,USCA - Ouest,OFF-AR-10001761,Fournitures de bureau,Art,Avery Hi-Liter Smear-Safe Highlighters,9.34,2,0.2,1.87
9961,US-2018-141446,9/16/2018,9/18/2018,J+2,CL-12700,Craig Leslie,Bureau à domicile,États-Unis,Florence,Kentucky,USCA - Sud,TEC-AC-10002305,Produits technologiques,Accessoires,KeyTronic E03601U1 - Keyboard - Beige,18,1,0,3.24
9968,US-2018-153871,12/11/2018,12/17/2018,Tarif normal,RB-19435,Richard Bierner,Grand public,États-Unis,Plainfield,New Jersey,USCA - Est,OFF-BI-10004209,Fournitures de bureau,Classeurs,"Fellowes Twister Kit, Gray/Clear, 3/pkg",40.2,5,0,18.09
9969,US-2018-153871,12/11/2018,12/17/2018,Tarif normal,RB-19435,Richard Bierner,Grand public,États-Unis,Plainfield,New Jersey,USCA - Est,OFF-BI-10004600,Fournitures de bureau,Classeurs,Ibico Ibimaster 300 Manual Binding System,735.98,2,0,331.19
9970,US-2018-153871,12/11/2018,12/17/2018,Tarif normal,RB-19435,Richard Bierner,Grand public,États-Unis,Plainfield,New Jersey,USCA - Est,OFF-AP-10003622,Fournitures de bureau,Électroménager,"Bravo II Megaboss 12-Amp Hard Body Upright, Replacement Belts, 2 Belts per Pack",22.75,7,0,6.6
9982,US-2018-163566,8/3/2018,8/6/2018,Prioritaire,TB-21055,Ted Butterfield,Grand public,États-Unis,Fairfield,Ohio,USCA - Est,OFF-LA-10004484,Fournitures de bureau,Étiquettes,Avery 476,16.52,5,0.2,5.37
9988,US-2018-163629,11/17/2018,11/21/2018,Tarif normal,RA-19885,Ruben Ausman,Entreprise,États-Unis,Athens,Géorgie,USCA - Sud,TEC-AC-10001539,Produits technologiques,Accessoires,Logitech G430 Surround Sound Gaming Headset with Dolby 7.1 Technology,79.99,1,0,28.8
9989,US-2018-163629,11/17/2018,11/21/2018,Tarif normal,RA-19885,Ruben Ausman,Entreprise,États-Unis,Athens,Géorgie,USCA - Sud,TEC-PH-10004006,Produits technologiques,Téléphones,Panasonic KX - TS880B Telephone,206.1,5,0,55.65
9991,US-2018-121258,2/26/2018,3/3/2018,Tarif normal,DB-13060,Dave Brooks,Grand public,États-Unis,Costa Mesa,Californie,USCA - Ouest,FUR-FU-10000747,Mobilier,Meubles,Tenex B1-RE Series Chair Mats for Low Pile Carpets,91.96,2,0,15.63
9992,US-2018-121258,2/26/2018,3/3/2018,Tarif normal,DB-13060,Dave Brooks,Grand public,États-Unis,Costa Mesa,Californie,USCA - Ouest,TEC-PH-10003645,Produits technologiques,Téléphones,Aastra 57i VoIP phone,258.58,2,0.2,19.39
9993,US-2018-121258,2/26/2018,3/3/2018,Tarif normal,DB-13060,Dave Brooks,Grand public,États-Unis,Costa Mesa,Californie,USCA - Ouest,OFF-PA-10004041,Fournitures de bureau,Papier,"It's Hot Message Books with Stickers, 2 3/4"" x 5""",29.6,4,0,13.32
9994,US-2018-119914,5/4/2018,5/9/2018,J+2,CC-12220,Chris Cortes,Grand public,États-Unis,Westminster,Californie,USCA - Ouest,OFF-AP-10002684,Fournitures de bureau,Électroménager,"Acco 7-Outlet Masterpiece Power Center, Wihtout Fax/Phone Line Protection",243.16,2,0,72.95
